Age,Gender,Weight (kg),Daily Water Intake (liters),Physical Activity Level,Weather,Hydration Level
56,Male,96,4.23,Moderate,Hot,Good
60,Male,105,3.95,High,Normal,Good
36,Male,68,2.39,Moderate,Cold,Good
19,Female,74,3.13,Moderate,Hot,Good
38,Male,77,2.11,Low,Normal,Poor
39,Female,93,2.81,Low,Normal,Good
59,Male,104,3.89,Moderate,Hot,Good
64,Female,106,3.78,Moderate,Hot,Good
69,Female,108,2.91,Low,Normal,Poor
54,Female,95,2.93,Moderate,Cold,Good
26,Female,83,2.0,Low,Normal,Poor
42,Female,104,3.88,Low,Hot,Good
26,Female,97,3.84,Moderate,Hot,Good
45,Male,104,2.74,Low,Normal,Poor
25,Female,91,3.6,Moderate,Hot,Good
34,Female,80,3.78,High,Hot,Good
21,Female,46,1.81,Moderate,Normal,Good
59,Male,48,1.5,Moderate,Normal,Good
35,Female,88,4.28,Moderate,Hot,Good
53,Female,58,2.87,Moderate,Hot,Good
32,Male,106,3.21,Moderate,Cold,Good
33,Male,97,4.2,Moderate,Hot,Good
42,Male,104,4.86,High,Hot,Good
58,Female,73,2.19,Low,Normal,Good
18,Female,53,2.06,Moderate,Cold,Good
61,Male,52,1.5,Low,Hot,Poor
28,Female,52,2.99,Moderate,Hot,Good
50,Female,49,3.1,Moderate,Hot,Good
58,Male,72,3.42,Moderate,Hot,Good
25,Male,56,1.71,Moderate,Cold,Good
65,Female,67,2.38,Moderate,Normal,Good
54,Female,88,2.18,Low,Cold,Poor
44,Male,79,2.84,Moderate,Normal,Good
54,Female,91,4.34,High,Hot,Good
18,Male,49,1.53,Low,Normal,Good
31,Female,71,2.85,Low,Hot,Good
32,Male,86,2.52,Low,Normal,Poor
68,Female,107,4.01,Low,Hot,Good
66,Male,96,3.14,Moderate,Normal,Good
21,Male,67,2.11,Low,Normal,Good
32,Male,87,2.31,Low,Normal,Poor
30,Female,76,3.08,Low,Hot,Good
68,Female,72,3.99,High,Hot,Good
62,Male,106,3.51,Moderate,Normal,Good
23,Female,72,2.16,Low,Cold,Good
61,Male,74,3.0,Low,Hot,Good
45,Male,106,3.49,High,Cold,Good
44,Female,106,2.68,Low,Normal,Poor
30,Male,47,1.5,Moderate,Cold,Good
25,Male,71,2.55,Moderate,Normal,Good
54,Female,95,3.32,High,Normal,Good
41,Male,103,3.91,High,Normal,Good
49,Male,96,2.94,Moderate,Cold,Good
66,Female,102,3.22,Low,Normal,Good
56,Female,46,2.99,High,Hot,Good
54,Female,100,2.44,Moderate,Cold,Poor
66,Female,46,2.28,Moderate,Hot,Good
40,Male,45,1.5,Low,Normal,Good
19,Male,97,2.6,Low,Cold,Poor
49,Female,76,3.57,Moderate,Hot,Good
28,Male,100,3.24,Moderate,Normal,Good
55,Female,68,2.21,Moderate,Normal,Good
51,Female,55,3.37,High,Hot,Good
33,Male,103,3.98,Moderate,Hot,Good
46,Male,47,2.7,Moderate,Hot,Good
53,Male,63,3.5,High,Hot,Good
36,Male,64,3.07,High,Normal,Good
69,Female,77,2.61,High,Cold,Good
56,Female,45,2.93,High,Hot,Good
42,Female,94,4.94,High,Hot,Good
47,Male,86,3.04,High,Cold,Good
33,Male,104,4.08,Moderate,Hot,Good
18,Male,92,3.93,Low,Hot,Good
22,Female,81,3.01,Moderate,Cold,Good
26,Male,63,3.12,High,Normal,Good
20,Male,64,3.01,High,Cold,Good
50,Female,68,3.39,High,Normal,Good
66,Female,80,2.2,Low,Cold,Poor
37,Male,69,2.78,Moderate,Hot,Good
63,Female,98,3.79,Moderate,Hot,Good
58,Male,77,1.73,Moderate,Cold,Poor
31,Female,65,1.63,Low,Normal,Poor
25,Male,51,1.75,Low,Normal,Good
50,Male,92,4.05,High,Hot,Good
68,Male,66,2.42,High,Normal,Good
55,Male,95,4.64,High,Hot,Good
44,Male,71,3.42,High,Normal,Good
47,Female,72,2.83,Moderate,Normal,Good
50,Female,105,4.15,High,Normal,Good
21,Male,79,4.34,High,Hot,Good
34,Male,88,3.58,Moderate,Normal,Good
46,Male,90,3.81,High,Cold,Good
52,Female,81,3.26,Low,Hot,Good
66,Female,90,3.57,High,Cold,Good
52,Female,104,4.17,High,Normal,Good
38,Female,76,2.83,Moderate,Cold,Good
20,Male,62,2.62,High,Cold,Good
48,Male,98,3.64,Moderate,Normal,Good
57,Female,90,3.7,High,Hot,Good
49,Male,91,3.42,Moderate,Cold,Good
19,Female,71,2.43,Moderate,Normal,Good
43,Male,61,1.88,Low,Cold,Good
26,Female,87,4.02,Moderate,Hot,Good
56,Male,86,3.09,Moderate,Normal,Good
52,Female,94,4.09,Moderate,Hot,Good
30,Female,104,4.33,Moderate,Hot,Good
53,Male,89,2.26,Moderate,Cold,Poor
25,Male,60,2.35,High,Normal,Good
68,Male,59,3.05,High,Hot,Good
19,Male,76,3.06,High,Cold,Good
39,Male,95,4.52,High,Hot,Good
39,Male,102,4.42,High,Normal,Good
66,Female,96,2.32,Moderate,Cold,Poor
32,Male,98,3.18,Moderate,Cold,Good
54,Male,52,1.5,Low,Cold,Poor
61,Male,49,1.5,Low,Cold,Good
23,Female,91,3.43,Moderate,Normal,Good
57,Female,96,2.91,High,Cold,Good
67,Male,74,1.66,Moderate,Cold,Poor
36,Male,102,3.84,Moderate,Hot,Good
54,Female,106,4.22,High,Normal,Good
26,Female,56,2.59,High,Normal,Good
18,Female,78,3.78,High,Hot,Good
65,Female,45,2.5,High,Normal,Good
56,Female,108,2.69,Low,Cold,Poor
39,Male,70,2.16,Moderate,Cold,Good
54,Male,101,3.27,Low,Hot,Good
45,Male,91,2.47,Moderate,Cold,Poor
63,Female,106,3.28,Moderate,Cold,Good
29,Male,60,1.6,Moderate,Cold,Poor
65,Male,83,2.74,Low,Hot,Good
47,Male,67,3.26,High,Hot,Good
22,Female,78,2.6,Moderate,Normal,Good
27,Male,63,3.59,High,Hot,Good
18,Male,48,2.56,High,Normal,Good
33,Female,46,1.5,Moderate,Cold,Good
49,Male,68,2.92,High,Cold,Good
52,Male,77,2.47,Moderate,Normal,Good
68,Male,87,3.45,High,Cold,Good
20,Female,109,5.43,High,Hot,Good
27,Male,87,4.01,High,Hot,Good
30,Male,56,1.98,High,Cold,Good
19,Male,79,3.41,Moderate,Hot,Good
43,Female,52,2.15,High,Cold,Good
27,Male,78,2.6,Moderate,Normal,Good
24,Female,102,4.26,High,Normal,Good
62,Female,73,2.13,High,Cold,Poor
42,Male,65,4.12,High,Hot,Good
53,Male,54,1.5,Low,Normal,Poor
41,Male,108,3.82,Moderate,Normal,Good
52,Female,80,2.47,Moderate,Normal,Good
56,Male,68,1.81,Low,Cold,Poor
49,Female,81,3.37,Moderate,Hot,Good
30,Female,67,2.26,Low,Normal,Good
58,Female,74,2.82,Moderate,Normal,Good
37,Male,57,1.81,Low,Cold,Good
66,Male,56,2.54,Low,Hot,Good
36,Male,53,2.61,Moderate,Hot,Good
31,Female,96,3.65,Low,Hot,Good
64,Female,60,2.45,High,Normal,Good
52,Male,56,1.5,Low,Normal,Poor
38,Male,97,4.2,High,Normal,Good
56,Male,97,3.3,High,Cold,Good
56,Female,58,1.5,Low,Normal,Poor
22,Female,79,3.46,Low,Hot,Good
60,Female,62,2.73,Low,Hot,Good
26,Male,102,4.18,High,Normal,Good
55,Female,51,1.5,Moderate,Cold,Poor
57,Female,86,2.88,Low,Hot,Good
44,Female,49,1.98,Moderate,Normal,Good
55,Male,52,1.83,High,Cold,Good
18,Female,61,2.98,High,Cold,Good
42,Female,89,4.62,High,Hot,Good
23,Female,75,2.23,Low,Normal,Poor
61,Male,98,4.55,High,Hot,Good
27,Female,63,2.7,Moderate,Hot,Good
20,Female,89,2.88,Low,Hot,Good
45,Female,102,4.5,Moderate,Hot,Good
25,Male,105,4.17,High,Cold,Good
56,Male,45,2.93,High,Hot,Good
45,Male,106,4.28,Moderate,Hot,Good
66,Male,69,2.34,Moderate,Cold,Good
55,Female,50,2.2,High,Cold,Good
62,Female,76,2.24,Moderate,Cold,Poor
64,Female,65,1.5,Low,Normal,Poor
38,Male,80,3.45,High,Normal,Good
37,Female,101,3.55,Moderate,Normal,Good
58,Female,93,3.89,Moderate,Hot,Good
48,Male,45,3.18,High,Hot,Good
20,Male,60,3.24,Moderate,Hot,Good
28,Male,56,3.14,High,Normal,Good
33,Female,68,3.36,Moderate,Hot,Good
25,Male,80,3.56,Moderate,Hot,Good
67,Male,72,2.64,Moderate,Hot,Good
58,Female,108,3.39,Moderate,Normal,Good
34,Female,77,2.42,Moderate,Cold,Good
30,Male,73,1.52,Low,Cold,Poor
52,Female,50,1.85,Moderate,Cold,Good
22,Female,91,3.85,Low,Hot,Good
27,Male,100,3.08,Low,Cold,Good
62,Female,49,1.5,Low,Hot,Good
50,Female,109,2.95,Low,Cold,Poor
64,Male,93,2.37,Low,Normal,Poor
43,Male,107,4.8,High,Hot,Good
44,Male,93,2.83,Low,Cold,Good
51,Male,45,1.5,Low,Cold,Good
23,Female,49,2.67,High,Cold,Good
40,Male,97,3.85,Moderate,Normal,Good
27,Male,61,3.27,High,Hot,Good
26,Male,45,2.0,Moderate,Cold,Good
30,Male,48,1.67,Moderate,Normal,Good
66,Female,76,3.23,High,Hot,Good
48,Female,83,3.36,Low,Hot,Good
51,Male,98,3.91,High,Normal,Good
67,Female,56,2.2,Moderate,Normal,Good
61,Male,49,1.5,Low,Normal,Good
34,Female,91,3.15,Moderate,Normal,Good
54,Female,58,2.34,High,Cold,Good
68,Male,82,2.48,Moderate,Cold,Good
51,Male,82,3.27,High,Normal,Good
35,Female,74,3.27,High,Normal,Good
68,Male,107,4.84,High,Hot,Good
55,Female,74,2.74,Low,Hot,Good
68,Male,49,1.5,Low,Cold,Good
27,Female,100,4.54,Moderate,Hot,Good
34,Male,78,2.66,Moderate,Cold,Good
19,Male,87,3.05,High,Cold,Good
68,Male,67,2.04,High,Cold,Good
48,Male,60,2.64,Low,Hot,Good
57,Female,48,1.69,High,Cold,Good
20,Male,71,3.5,Moderate,Hot,Good
67,Male,105,2.54,Low,Normal,Poor
36,Female,65,2.12,Moderate,Normal,Good
45,Female,86,2.96,High,Cold,Good
38,Male,45,1.5,Low,Normal,Good
29,Female,90,4.26,High,Hot,Good
31,Male,89,2.19,Low,Cold,Poor
43,Female,91,3.56,Low,Hot,Good
64,Female,100,4.27,Moderate,Hot,Good
65,Female,105,2.85,Moderate,Normal,Poor
53,Female,45,1.5,Low,Cold,Good
52,Male,96,3.29,High,Normal,Good
39,Male,58,2.86,High,Normal,Good
40,Female,46,1.83,Moderate,Cold,Good
31,Male,103,3.34,Moderate,Normal,Good
24,Female,47,2.51,High,Cold,Good
63,Female,62,1.51,Low,Normal,Poor
52,Female,59,1.5,Moderate,Cold,Poor
54,Female,72,3.08,High,Hot,Good
34,Female,88,2.87,Moderate,Normal,Good
30,Female,69,2.25,Low,Normal,Good
20,Female,62,1.5,Low,Cold,Poor
64,Female,78,2.8,High,Cold,Good
57,Male,86,2.56,Moderate,Normal,Poor
23,Female,96,4.03,High,Normal,Good
51,Female,103,3.35,Low,Hot,Good
62,Male,77,1.52,Low,Normal,Poor
38,Male,48,2.99,Moderate,Hot,Good
47,Male,68,2.44,Low,Normal,Good
20,Female,75,2.16,Low,Normal,Poor
53,Female,68,3.05,High,Hot,Good
19,Female,48,2.65,High,Hot,Good
66,Female,95,3.57,Low,Hot,Good
19,Female,52,2.24,High,Cold,Good
62,Male,88,2.75,High,Cold,Good
43,Female,63,2.59,High,Normal,Good
37,Male,56,2.49,Moderate,Hot,Good
43,Male,58,2.73,Moderate,Hot,Good
54,Female,55,2.98,Moderate,Hot,Good
30,Female,47,1.66,Low,Hot,Good
67,Male,54,1.57,Moderate,Cold,Poor
27,Male,88,3.04,High,Cold,Good
57,Female,46,1.5,Low,Cold,Good
54,Male,61,1.85,Low,Hot,Good
32,Male,68,3.35,Moderate,Hot,Good
52,Male,93,3.04,Moderate,Cold,Good
61,Female,94,2.34,Moderate,Cold,Poor
28,Female,53,1.5,Moderate,Cold,Poor
52,Male,79,2.5,Low,Normal,Good
39,Male,104,3.16,Low,Cold,Good
25,Male,55,2.65,High,Cold,Good
31,Male,104,2.48,Low,Cold,Poor
38,Female,81,3.24,Moderate,Normal,Good
31,Female,70,2.21,Low,Cold,Good
42,Female,86,2.47,Low,Normal,Poor
57,Male,83,2.1,Low,Cold,Poor
49,Male,95,2.97,Low,Normal,Good
50,Male,67,2.65,High,Cold,Good
50,Male,69,1.93,Low,Normal,Poor
64,Female,97,4.02,High,Normal,Good
68,Female,83,2.01,Moderate,Cold,Poor
23,Male,51,1.96,Moderate,Cold,Good
59,Female,108,3.61,High,Normal,Good
64,Female,73,1.59,Low,Cold,Poor
47,Female,71,2.12,Low,Cold,Poor
55,Female,101,3.04,Moderate,Normal,Good
54,Female,71,2.27,Moderate,Cold,Good
21,Male,54,1.81,Moderate,Cold,Good
27,Male,82,4.2,High,Hot,Good
64,Female,96,3.18,High,Cold,Good
46,Female,52,1.91,Low,Hot,Good
64,Female,89,3.29,High,Cold,Good
48,Female,80,3.14,Low,Hot,Good
60,Female,71,2.68,High,Normal,Good
28,Female,82,2.89,Low,Hot,Good
40,Female,91,3.52,High,Normal,Good
60,Female,56,2.29,Moderate,Normal,Good
57,Female,106,3.18,Low,Hot,Good
50,Male,104,4.91,High,Hot,Good
61,Female,49,2.79,Moderate,Hot,Good
25,Male,75,2.06,Low,Cold,Poor
68,Male,73,2.19,Low,Hot,Good
58,Male,55,1.8,Moderate,Normal,Good
63,Female,65,2.32,High,Normal,Good
53,Male,98,4.18,Moderate,Hot,Good
18,Male,107,3.72,High,Cold,Good
68,Female,84,3.33,High,Normal,Good
64,Male,97,4.15,High,Hot,Good
69,Male,101,2.73,Moderate,Normal,Poor
58,Male,79,2.67,High,Cold,Good
42,Female,82,3.31,High,Normal,Good
35,Male,78,2.76,Low,Normal,Good
60,Female,103,3.24,Moderate,Normal,Good
68,Female,98,2.02,Low,Cold,Poor
24,Male,96,3.5,Low,Hot,Good
41,Male,77,2.37,Moderate,Cold,Good
60,Female,66,1.9,Moderate,Normal,Poor
67,Male,93,3.87,High,Hot,Good
37,Male,93,3.85,High,Normal,Good
39,Male,107,4.41,Low,Hot,Good
66,Female,45,1.86,High,Normal,Good
47,Female,95,2.76,Moderate,Cold,Poor
36,Male,106,3.39,Moderate,Normal,Good
46,Male,93,2.03,Low,Cold,Poor
47,Male,60,2.86,High,Normal,Good
35,Male,45,2.63,High,Normal,Good
64,Male,82,3.13,High,Cold,Good
21,Female,45,1.5,Low,Cold,Good
56,Male,47,2.18,Moderate,Hot,Good
27,Female,78,3.95,High,Hot,Good
40,Male,99,2.63,Low,Normal,Poor
67,Male,51,2.09,High,Cold,Good
18,Male,101,2.95,Moderate,Cold,Poor
41,Female,103,4.8,High,Hot,Good
25,Female,98,3.48,High,Cold,Good
54,Female,95,3.7,High,Normal,Good
64,Female,52,1.56,Low,Hot,Good
49,Male,76,2.64,Low,Normal,Good
60,Male,60,1.6,Moderate,Cold,Poor
54,Male,98,3.04,High,Cold,Good
48,Female,99,3.57,Moderate,Cold,Good
24,Female,51,1.5,Low,Cold,Poor
38,Female,63,2.01,Moderate,Normal,Good
36,Male,80,3.24,Low,Hot,Good
35,Male,46,1.5,Low,Cold,Good
22,Female,64,3.46,High,Hot,Good
19,Male,56,3.01,High,Normal,Good
54,Male,82,3.63,Moderate,Hot,Good
26,Female,97,2.9,Moderate,Cold,Poor
69,Female,68,2.55,Moderate,Hot,Good
47,Female,103,4.68,Moderate,Hot,Good
49,Female,58,2.98,High,Normal,Good
19,Female,69,2.53,Low,Hot,Good
39,Male,48,1.5,Moderate,Cold,Good
46,Male,81,2.65,Low,Hot,Good
35,Female,86,2.36,Low,Cold,Poor
55,Male,78,2.29,Moderate,Cold,Poor
42,Male,71,3.23,High,Cold,Good
23,Male,84,2.77,Moderate,Normal,Good
62,Male,97,2.99,High,Cold,Good
62,Male,61,1.65,Moderate,Cold,Poor
45,Male,106,4.4,Moderate,Hot,Good
19,Female,98,3.88,Low,Hot,Good
68,Male,97,2.41,Low,Cold,Poor
43,Female,73,3.78,High,Hot,Good
57,Male,55,1.91,High,Cold,Good
66,Male,103,2.29,Low,Cold,Poor
52,Female,98,2.62,Low,Normal,Poor
64,Male,68,2.88,High,Cold,Good
22,Male,100,3.41,High,Cold,Good
53,Male,64,1.5,Low,Cold,Poor
69,Male,106,4.04,High,Cold,Good
60,Female,70,2.77,High,Normal,Good
26,Female,84,3.45,High,Cold,Good
42,Female,105,3.84,Moderate,Normal,Good
59,Male,69,2.02,Moderate,Normal,Poor
20,Male,88,2.81,Low,Cold,Good
55,Female,56,2.24,High,Normal,Good
61,Male,103,3.41,Moderate,Cold,Good
34,Male,101,2.68,Low,Cold,Poor
64,Female,56,1.62,Moderate,Cold,Poor
41,Male,52,3.4,High,Hot,Good
34,Male,69,4.17,High,Hot,Good
29,Male,59,2.96,High,Normal,Good
58,Male,70,2.34,High,Normal,Good
27,Male,60,3.23,High,Normal,Good
40,Female,70,2.67,Moderate,Normal,Good
24,Female,58,1.86,Moderate,Normal,Good
24,Female,53,1.98,Low,Hot,Good
25,Male,103,4.03,Moderate,Normal,Good
35,Male,83,2.15,Low,Cold,Poor
59,Male,61,1.5,Low,Cold,Poor
41,Male,104,3.1,Low,Normal,Poor
20,Female,81,3.16,High,Cold,Good
43,Female,99,3.57,Low,Hot,Good
56,Female,59,2.47,High,Cold,Good
21,Female,69,2.51,Moderate,Cold,Good
50,Female,60,2.43,Low,Hot,Good
61,Female,99,3.63,High,Normal,Good
51,Female,74,1.5,Low,Cold,Poor
30,Female,57,2.29,High,Cold,Good
49,Female,83,2.7,Low,Hot,Good
46,Male,106,4.47,High,Hot,Good
61,Female,101,3.31,Moderate,Normal,Good
61,Female,54,2.61,High,Hot,Good
56,Male,49,3.1,High,Hot,Good
66,Male,47,1.5,Low,Cold,Good
47,Male,62,2.29,High,Cold,Good
42,Male,92,2.98,High,Cold,Good
63,Female,59,2.55,Moderate,Hot,Good
41,Female,56,3.84,High,Hot,Good
54,Female,105,3.31,High,Cold,Good
23,Male,83,4.57,High,Hot,Good
63,Male,55,2.25,Moderate,Normal,Good
51,Male,69,2.71,Low,Hot,Good
21,Female,103,3.99,High,Normal,Good
46,Female,107,3.94,High,Normal,Good
68,Female,101,2.65,Moderate,Cold,Poor
66,Male,47,1.64,Moderate,Cold,Good
22,Female,49,1.5,Low,Cold,Good
40,Female,93,3.81,High,Normal,Good
37,Male,105,3.61,High,Cold,Good
52,Female,94,4.21,High,Hot,Good
34,Male,47,2.43,Low,Hot,Good
55,Male,57,1.63,Moderate,Normal,Poor
64,Male,58,3.5,High,Hot,Good
28,Female,100,3.77,High,Normal,Good
45,Male,73,2.58,Low,Normal,Good
42,Male,86,2.89,Low,Normal,Good
57,Male,69,2.82,High,Normal,Good
51,Male,82,2.62,Low,Hot,Good
22,Male,92,4.46,High,Hot,Good
23,Male,81,2.35,Moderate,Cold,Poor
30,Male,72,2.44,High,Cold,Good
34,Male,84,2.6,Low,Cold,Good
46,Male,102,3.63,Moderate,Normal,Good
57,Female,84,2.99,Low,Hot,Good
62,Female,77,4.09,High,Hot,Good
36,Male,84,1.97,Low,Cold,Poor
65,Female,85,2.58,Moderate,Normal,Good
62,Female,97,3.49,High,Cold,Good
44,Female,82,1.85,Low,Cold,Poor
22,Male,89,3.24,Moderate,Cold,Good
68,Female,75,2.98,High,Cold,Good
27,Female,76,2.62,Moderate,Normal,Good
47,Female,83,3.85,High,Hot,Good
53,Female,46,2.61,Moderate,Hot,Good
46,Female,56,1.89,Low,Hot,Good
49,Male,57,2.03,Moderate,Cold,Good
66,Male,61,1.85,Low,Hot,Good
51,Male,104,2.03,Low,Cold,Poor
62,Male,79,1.5,Low,Cold,Poor
36,Male,74,1.74,Low,Normal,Poor
58,Female,107,2.5,Low,Cold,Poor
32,Female,81,2.53,Moderate,Normal,Good
21,Female,64,3.31,Moderate,Hot,Good
67,Male,108,3.65,Moderate,Normal,Good
39,Male,61,2.91,High,Normal,Good
18,Female,66,2.8,Low,Hot,Good
35,Female,94,3.01,Low,Cold,Good
64,Female,73,2.54,High,Cold,Good
52,Male,96,2.84,Low,Normal,Poor
24,Female,73,3.41,High,Hot,Good
23,Male,76,3.25,Low,Hot,Good
40,Male,70,2.76,High,Normal,Good
51,Female,73,3.33,High,Normal,Good
52,Female,57,3.46,High,Hot,Good
32,Female,73,3.08,Low,Hot,Good
69,Female,76,2.26,Low,Hot,Poor
31,Male,66,2.31,Low,Hot,Good
20,Male,100,3.43,Moderate,Normal,Good
38,Male,91,2.85,Moderate,Cold,Good
37,Male,50,3.46,High,Hot,Good
22,Male,47,2.42,Moderate,Hot,Good
55,Female,59,2.42,Low,Hot,Good
52,Male,108,4.31,High,Normal,Good
41,Male,56,2.94,Moderate,Hot,Good
61,Male,71,2.5,Moderate,Cold,Good
63,Female,61,1.5,Moderate,Cold,Poor
25,Male,71,3.67,Moderate,Hot,Good
69,Male,47,1.5,Low,Normal,Good
61,Male,97,3.72,Low,Hot,Good
20,Male,64,3.22,High,Normal,Good
42,Female,61,3.14,Moderate,Hot,Good
37,Female,53,1.99,Low,Hot,Good
39,Male,46,2.68,High,Normal,Good
28,Male,108,4.4,Moderate,Hot,Good
25,Female,65,2.02,Moderate,Normal,Good
35,Female,82,1.95,Low,Cold,Poor
62,Female,77,2.96,Moderate,Normal,Good
58,Male,52,1.68,Moderate,Cold,Good
68,Female,85,2.49,Moderate,Normal,Poor
63,Female,76,2.2,High,Cold,Poor
39,Female,64,2.47,High,Cold,Good
57,Female,76,3.42,High,Normal,Good
50,Male,46,1.5,Low,Cold,Good
58,Female,74,2.15,High,Cold,Poor
69,Male,70,2.9,Moderate,Hot,Good
19,Male,82,3.23,Low,Hot,Good
63,Male,59,2.87,High,Hot,Good
61,Female,93,2.64,Low,Cold,Poor
20,Female,50,2.09,Moderate,Normal,Good
26,Female,76,2.28,Moderate,Cold,Good
29,Male,52,2.21,Moderate,Cold,Good
45,Female,106,3.46,Low,Normal,Good
64,Female,51,2.09,High,Cold,Good
33,Female,48,2.54,High,Normal,Good
39,Male,70,2.58,Moderate,Normal,Good
58,Male,104,4.25,Moderate,Hot,Good
28,Female,56,1.5,Low,Normal,Poor
30,Female,69,2.44,Low,Normal,Good
36,Male,99,4.14,Moderate,Hot,Good
62,Female,52,1.83,Moderate,Cold,Good
49,Male,95,3.01,Moderate,Normal,Good
23,Female,62,3.01,High,Normal,Good
54,Male,100,3.37,Moderate,Cold,Good
20,Female,72,3.06,Moderate,Hot,Good
52,Male,105,4.12,High,Hot,Good
32,Male,51,1.5,Low,Cold,Poor
47,Female,75,2.87,Low,Hot,Good
41,Female,64,2.05,Low,Normal,Good
45,Female,64,2.92,High,Normal,Good
67,Male,93,2.5,Low,Normal,Poor
58,Female,80,2.33,Low,Hot,Poor
51,Male,78,2.83,Moderate,Normal,Good
56,Male,86,2.47,Low,Cold,Poor
29,Male,47,1.53,Low,Normal,Good
57,Male,65,2.38,Moderate,Normal,Good
52,Male,70,2.72,High,Cold,Good
65,Female,86,2.52,Moderate,Normal,Poor
31,Male,46,1.76,Low,Hot,Good
22,Male,82,2.45,Low,Normal,Poor
64,Female,58,1.5,Low,Normal,Poor
42,Male,46,1.5,Low,Cold,Good
34,Female,72,3.12,Moderate,Hot,Good
54,Female,49,2.7,High,Hot,Good
57,Male,100,2.3,Low,Cold,Poor
40,Female,91,4.16,High,Hot,Good
27,Male,58,1.57,Low,Normal,Poor
46,Male,54,2.99,Moderate,Hot,Good
58,Male,45,1.5,Moderate,Normal,Good
25,Female,87,3.76,Low,Hot,Good
37,Female,72,1.7,Low,Normal,Poor
54,Female,91,3.79,Moderate,Hot,Good
54,Male,93,3.83,High,Normal,Good
61,Male,100,2.49,Low,Cold,Poor
32,Male,50,2.41,Moderate,Hot,Good
37,Male,46,1.5,Low,Normal,Good
54,Female,64,1.67,Moderate,Normal,Poor
18,Female,79,3.02,Low,Hot,Good
22,Female,77,2.32,Low,Normal,Good
31,Female,56,1.83,Moderate,Normal,Good
67,Male,87,2.83,High,Normal,Good
42,Female,94,4.99,High,Hot,Good
56,Male,100,3.42,Low,Hot,Good
67,Male,67,2.88,High,Normal,Good
37,Male,67,1.54,Low,Normal,Poor
62,Male,96,3.98,Moderate,Hot,Good
59,Female,52,1.73,Low,Normal,Good
18,Female,52,2.92,High,Hot,Good
55,Male,49,2.63,High,Normal,Good
64,Male,78,2.7,Moderate,Normal,Good
43,Male,87,3.49,Low,Hot,Good
67,Male,61,1.86,Low,Normal,Good
64,Female,90,3.52,Low,Hot,Good
18,Male,63,2.53,Moderate,Cold,Good
31,Male,97,4.28,Moderate,Hot,Good
58,Female,106,3.04,Low,Normal,Poor
67,Female,108,3.19,Low,Hot,Poor
26,Female,77,2.92,Low,Hot,Good
65,Male,57,2.39,Low,Hot,Good
30,Female,75,2.19,Low,Cold,Poor
21,Male,48,3.31,High,Hot,Good
23,Female,57,3.21,Moderate,Hot,Good
36,Male,45,1.5,Moderate,Normal,Good
24,Female,59,3.1,Moderate,Hot,Good
24,Male,59,2.67,Low,Hot,Good
46,Female,77,2.05,Low,Normal,Poor
66,Female,79,1.8,Low,Normal,Poor
43,Male,55,2.45,High,Cold,Good
63,Male,90,3.1,High,Cold,Good
38,Male,70,2.75,Moderate,Cold,Good
19,Female,72,2.89,Moderate,Hot,Good
43,Female,69,1.95,Low,Normal,Poor
51,Male,92,3.24,Low,Hot,Good
61,Female,59,1.56,Moderate,Cold,Poor
40,Male,90,3.62,High,Cold,Good
60,Female,65,1.85,Moderate,Normal,Poor
33,Male,91,2.0,Low,Cold,Poor
32,Female,69,3.42,Moderate,Hot,Good
68,Male,59,1.5,Low,Normal,Poor
30,Female,63,1.99,Moderate,Normal,Good
21,Male,96,3.25,Moderate,Cold,Good
46,Female,72,1.9,Low,Cold,Poor
33,Male,80,3.32,High,Cold,Good
19,Male,93,3.27,Low,Normal,Good
43,Female,51,2.91,Moderate,Hot,Good
27,Male,83,2.22,Low,Cold,Poor
24,Male,107,3.32,Moderate,Normal,Good
59,Female,105,2.31,Low,Cold,Poor
53,Male,51,3.25,High,Hot,Good
61,Female,89,3.2,High,Cold,Good
30,Male,66,4.0,High,Hot,Good
39,Male,53,2.38,Moderate,Normal,Good
32,Female,54,1.99,Low,Hot,Good
59,Female,68,1.5,Low,Cold,Poor
43,Male,81,2.73,Moderate,Normal,Good
41,Female,63,2.24,Low,Normal,Good
56,Male,62,3.03,Moderate,Hot,Good
27,Male,99,4.76,High,Hot,Good
64,Female,93,2.43,Low,Cold,Poor
51,Male,77,2.43,High,Cold,Good
34,Male,66,2.2,Low,Hot,Good
32,Male,79,3.18,Low,Hot,Good
49,Male,55,2.08,Low,Hot,Good
31,Female,101,4.03,High,Normal,Good
19,Female,108,2.58,Low,Cold,Poor
38,Male,62,3.46,High,Hot,Good
56,Male,85,2.64,Moderate,Cold,Good
56,Female,68,2.07,High,Cold,Good
36,Female,86,3.69,Low,Hot,Good
62,Female,80,2.69,High,Normal,Good
50,Male,80,3.29,Moderate,Hot,Good
25,Male,85,3.17,Moderate,Normal,Good
30,Male,93,4.82,High,Hot,Good
22,Female,88,2.37,Low,Normal,Poor
38,Male,52,2.94,High,Normal,Good
67,Male,88,2.36,Moderate,Cold,Poor
20,Male,46,2.57,High,Cold,Good
19,Male,79,3.8,Moderate,Hot,Good
47,Female,52,2.34,Low,Hot,Good
53,Female,75,2.4,Moderate,Cold,Good
33,Female,106,3.3,Moderate,Cold,Good
33,Male,56,2.53,High,Normal,Good
29,Male,52,2.06,Moderate,Cold,Good
33,Male,74,3.65,High,Hot,Good
45,Male,49,1.71,Low,Normal,Good
61,Male,109,4.01,Low,Hot,Good
38,Male,66,1.77,Moderate,Cold,Poor
56,Male,76,1.61,Low,Normal,Poor
33,Female,82,3.82,High,Hot,Good
31,Male,80,3.4,Moderate,Hot,Good
67,Female,46,2.22,High,Cold,Good
26,Male,109,2.78,Low,Cold,Poor
69,Male,106,3.33,Moderate,Normal,Good
21,Female,99,3.63,High,Normal,Good
39,Male,87,2.68,Low,Normal,Good
54,Female,56,2.31,Moderate,Normal,Good
59,Male,82,2.68,Moderate,Cold,Good
52,Female,74,3.0,High,Cold,Good
47,Female,50,1.84,Low,Hot,Good
24,Female,96,4.9,High,Hot,Good
32,Male,65,1.5,Low,Cold,Poor
44,Male,46,1.6,Moderate,Normal,Good
31,Female,64,2.19,Moderate,Cold,Good
27,Female,69,2.35,Moderate,Cold,Good
50,Female,80,2.51,Low,Normal,Good
18,Female,98,3.97,Low,Hot,Good
69,Male,47,3.26,High,Hot,Good
23,Female,69,3.94,High,Hot,Good
51,Male,52,2.24,High,Normal,Good
21,Female,69,1.8,Low,Normal,Poor
62,Male,104,4.8,High,Hot,Good
49,Male,57,2.15,Low,Normal,Good
37,Male,62,1.64,Low,Normal,Poor
23,Female,76,2.0,Low,Normal,Poor
19,Female,104,4.68,High,Hot,Good
48,Male,49,2.95,Moderate,Hot,Good
27,Male,46,1.5,Low,Normal,Good
67,Male,75,2.35,Moderate,Cold,Good
26,Female,53,1.5,Moderate,Cold,Poor
26,Male,72,1.96,Low,Normal,Poor
68,Female,51,2.12,Low,Hot,Good
50,Male,48,1.77,Moderate,Cold,Good
57,Female,61,1.5,Low,Cold,Poor
69,Female,96,3.74,High,Normal,Good
55,Female,94,2.65,Moderate,Normal,Poor
69,Female,107,2.86,Low,Normal,Poor
52,Male,51,1.5,Low,Cold,Poor
39,Male,58,1.5,Low,Normal,Poor
39,Male,49,2.68,High,Hot,Good
19,Male,106,3.86,Low,Hot,Good
55,Female,65,2.11,Moderate,Cold,Good
56,Female,49,1.59,High,Cold,Good
38,Male,97,2.91,Low,Cold,Good
62,Male,76,2.47,Moderate,Normal,Good
52,Female,104,3.17,Moderate,Cold,Good
38,Male,96,3.35,High,Cold,Good
43,Female,78,2.86,Low,Hot,Good
35,Female,96,2.94,Low,Cold,Good
59,Female,65,1.81,Low,Cold,Poor
66,Male,108,3.93,Low,Hot,Good
26,Male,85,3.74,High,Normal,Good
65,Male,73,2.67,High,Normal,Good
67,Female,102,3.21,High,Cold,Good
57,Male,65,1.68,Low,Cold,Poor
51,Male,52,2.86,Moderate,Hot,Good
25,Female,93,3.6,Low,Hot,Good
40,Female,89,3.02,Low,Hot,Good
49,Male,88,3.35,High,Cold,Good
54,Female,52,2.5,High,Hot,Good
40,Male,87,4.47,High,Hot,Good
68,Female,68,2.35,High,Normal,Good
34,Male,49,2.68,Moderate,Hot,Good
57,Female,102,4.42,High,Hot,Good
53,Male,55,2.82,High,Normal,Good
36,Male,51,3.51,High,Hot,Good
68,Female,102,3.06,Low,Hot,Good
47,Female,52,2.33,High,Normal,Good
55,Female,52,1.73,Moderate,Cold,Good
42,Male,94,2.53,Moderate,Cold,Poor
53,Female,85,3.41,Low,Hot,Good
67,Female,54,2.62,High,Normal,Good
29,Male,46,2.18,High,Cold,Good
49,Male,60,2.61,Moderate,Normal,Good
51,Female,55,1.59,Low,Hot,Poor
34,Male,84,3.32,Low,Hot,Good
26,Male,69,3.15,Moderate,Hot,Good
31,Male,66,2.95,Moderate,Hot,Good
37,Male,88,2.34,Low,Normal,Poor
63,Male,65,1.94,Moderate,Normal,Poor
49,Female,83,3.34,Moderate,Normal,Good
58,Male,91,2.68,Moderate,Normal,Poor
30,Male,65,3.13,Low,Hot,Good
63,Female,51,2.61,High,Hot,Good
49,Female,66,2.96,Moderate,Normal,Good
39,Male,73,2.12,Low,Cold,Poor
19,Male,73,2.58,Moderate,Cold,Good
69,Female,71,3.0,Low,Hot,Good
32,Male,67,3.55,Moderate,Hot,Good
30,Male,66,2.72,High,Cold,Good
50,Female,100,3.61,Moderate,Normal,Good
36,Female,67,2.7,Moderate,Normal,Good
56,Female,69,3.23,Moderate,Hot,Good
64,Female,52,1.5,Low,Cold,Poor
33,Female,45,2.29,High,Cold,Good
20,Female,109,4.25,Moderate,Hot,Good
52,Male,108,3.94,Low,Hot,Good
60,Male,54,2.56,High,Normal,Good
63,Female,71,1.72,Low,Cold,Poor
65,Male,57,2.45,High,Normal,Good
53,Female,102,3.3,High,Normal,Good
34,Female,58,1.69,Low,Cold,Poor
37,Female,60,1.5,Low,Cold,Poor
23,Female,100,4.0,High,Normal,Good
21,Female,48,2.16,Moderate,Normal,Good
41,Female,70,2.49,Moderate,Normal,Good
38,Female,98,4.14,High,Normal,Good
38,Male,82,3.13,High,Normal,Good
62,Male,64,3.22,High,Hot,Good
24,Female,48,1.5,Low,Cold,Good
20,Male,102,3.82,High,Cold,Good
21,Male,68,2.92,High,Cold,Good
35,Female,63,2.86,Moderate,Hot,Good
36,Male,93,3.43,Moderate,Normal,Good
36,Female,66,1.88,Low,Cold,Poor
29,Male,74,2.9,Moderate,Cold,Good
48,Male,108,3.26,Low,Normal,Good
62,Male,99,3.41,Moderate,Normal,Good
50,Female,62,2.93,Moderate,Hot,Good
66,Female,91,2.63,Low,Cold,Poor
62,Female,77,2.13,Moderate,Cold,Poor
21,Male,64,2.71,Moderate,Normal,Good
44,Male,59,2.38,High,Cold,Good
31,Male,53,2.74,Low,Hot,Good
22,Male,105,4.63,High,Normal,Good
20,Male,95,4.99,High,Hot,Good
59,Female,79,2.0,Low,Normal,Poor
68,Female,108,3.13,Moderate,Normal,Poor
66,Female,65,1.5,Low,Cold,Poor
22,Female,48,1.5,Moderate,Cold,Good
56,Female,79,3.21,Moderate,Hot,Good
53,Male,85,3.11,Moderate,Hot,Good
61,Male,104,2.42,Low,Cold,Poor
37,Male,68,2.71,High,Cold,Good
38,Male,74,2.7,High,Cold,Good
59,Female,74,3.16,High,Hot,Good
24,Female,79,2.15,Low,Normal,Poor
31,Male,54,3.09,High,Hot,Good
48,Female,88,2.0,Low,Cold,Poor
53,Female,100,3.45,Moderate,Hot,Good
35,Male,101,3.58,High,Cold,Good
67,Male,77,1.98,Low,Cold,Poor
23,Male,59,1.99,High,Cold,Good
28,Female,64,2.25,Low,Hot,Good
65,Female,65,1.5,Moderate,Cold,Poor
61,Female,58,3.37,High,Hot,Good
38,Male,47,1.64,Low,Normal,Good
54,Female,93,2.45,Low,Normal,Poor
42,Male,56,3.23,High,Hot,Good
58,Male,77,2.86,Moderate,Hot,Good
21,Female,77,2.33,Low,Normal,Good
51,Male,72,2.08,Low,Normal,Poor
58,Male,83,2.1,Low,Cold,Poor
34,Female,109,3.7,Moderate,Normal,Good
22,Female,46,1.74,Moderate,Cold,Good
19,Female,60,1.5,Low,Cold,Poor
56,Female,84,3.53,High,Hot,Good
27,Female,108,4.53,High,Normal,Good
66,Male,108,4.48,High,Hot,Good
38,Male,64,1.96,Low,Normal,Good
21,Female,59,1.67,Moderate,Cold,Poor
38,Male,58,2.18,Low,Hot,Good
58,Male,84,3.4,Low,Hot,Good
43,Male,107,4.46,Moderate,Hot,Good
20,Male,88,4.38,High,Hot,Good
69,Female,50,2.77,High,Hot,Good
40,Female,94,2.41,Low,Normal,Poor
22,Female,95,3.75,Moderate,Hot,Good
29,Male,52,1.5,Low,Cold,Poor
45,Female,85,3.63,High,Normal,Good
38,Female,99,4.11,High,Normal,Good
32,Female,92,3.86,Low,Hot,Good
35,Female,86,2.23,Low,Cold,Poor
23,Male,56,1.85,Moderate,Normal,Good
33,Male,47,2.97,High,Hot,Good
44,Female,84,3.23,Low,Hot,Good
45,Male,45,1.5,Low,Cold,Good
25,Male,76,2.13,Low,Cold,Poor
60,Male,48,2.64,Moderate,Hot,Good
63,Male,63,2.67,Low,Hot,Good
29,Female,55,2.36,High,Cold,Good
33,Male,45,2.27,High,Normal,Good
38,Female,74,3.05,Low,Hot,Good
21,Female,72,3.24,High,Cold,Good
48,Male,103,2.95,Moderate,Cold,Poor
44,Male,69,1.66,Low,Normal,Poor
21,Male,69,3.59,Moderate,Hot,Good
43,Male,49,1.94,Low,Normal,Good
45,Male,53,2.91,High,Normal,Good
67,Female,50,1.5,Low,Cold,Good
61,Female,55,1.5,Low,Cold,Poor
61,Female,47,1.99,Moderate,Normal,Good
47,Male,65,2.56,High,Normal,Good
43,Female,106,5.1,High,Hot,Good
52,Male,96,3.69,High,Cold,Good
68,Female,91,3.32,Moderate,Hot,Good
28,Male,101,2.97,Low,Normal,Poor
39,Male,61,1.87,Low,Cold,Good
28,Female,59,1.5,Low,Cold,Poor
50,Male,60,1.5,Low,Cold,Poor
52,Female,84,2.42,High,Cold,Poor
64,Male,83,2.56,High,Cold,Good
37,Female,45,3.39,High,Hot,Good
40,Female,107,4.05,High,Normal,Good
42,Female,91,3.54,High,Normal,Good
38,Male,101,2.53,Low,Cold,Poor
63,Female,58,1.54,Low,Cold,Poor
34,Female,83,4.0,Moderate,Hot,Good
30,Male,50,1.67,Low,Normal,Good
40,Male,103,3.7,High,Normal,Good
63,Male,82,1.59,Low,Cold,Poor
25,Female,106,3.76,High,Cold,Good
47,Female,69,2.49,Moderate,Normal,Good
31,Male,70,2.27,Low,Cold,Good
39,Female,92,3.17,Moderate,Cold,Good
63,Female,95,2.88,Low,Normal,Good
36,Female,72,3.38,High,Hot,Good
24,Male,107,2.97,Low,Cold,Poor
36,Male,91,2.68,Low,Normal,Poor
55,Female,97,2.35,Low,Cold,Poor
57,Male,74,3.17,High,Hot,Good
50,Male,96,3.38,High,Cold,Good
28,Female,97,2.41,Low,Cold,Poor
31,Female,85,3.3,Moderate,Hot,Good
21,Female,52,2.64,High,Cold,Good
63,Male,85,3.24,Moderate,Normal,Good
33,Male,106,3.47,Low,Normal,Good
47,Male,56,2.46,Low,Hot,Good
63,Male,94,2.29,Low,Cold,Poor
38,Male,92,3.79,High,Cold,Good
20,Male,88,2.45,Moderate,Cold,Poor
26,Male,105,3.88,Moderate,Hot,Good
52,Female,109,3.2,Low,Hot,Poor
40,Female,91,2.31,Low,Normal,Poor
29,Female,90,3.97,High,Normal,Good
58,Female,63,2.18,Moderate,Cold,Good
46,Male,66,2.79,Low,Hot,Good
68,Female,82,3.45,Moderate,Hot,Good
46,Female,95,3.29,High,Cold,Good
24,Male,72,1.89,Low,Normal,Poor
29,Female,89,3.84,Low,Hot,Good
61,Male,78,2.51,Moderate,Normal,Good
58,Female,45,1.5,Low,Normal,Good
55,Female,50,3.29,High,Hot,Good
35,Male,61,3.07,High,Hot,Good
23,Female,71,2.47,Low,Hot,Good
59,Female,109,3.12,Moderate,Cold,Poor
62,Male,84,3.89,High,Hot,Good
65,Male,100,4.49,High,Hot,Good
55,Female,93,2.0,Low,Normal,Poor
25,Female,87,3.65,High,Cold,Good
50,Female,83,2.79,Low,Normal,Good
66,Male,108,2.65,Low,Cold,Poor
60,Male,98,4.27,Moderate,Hot,Good
26,Female,81,3.91,High,Hot,Good
34,Male,65,2.5,Low,Hot,Good
56,Male,99,3.74,High,Cold,Good
30,Male,108,3.94,Moderate,Normal,Good
36,Female,55,2.28,High,Normal,Good
63,Female,89,2.96,Low,Hot,Good
61,Male,63,1.5,Low,Cold,Poor
25,Male,105,5.06,High,Hot,Good
29,Female,105,4.16,Moderate,Hot,Good
62,Female,52,1.82,Moderate,Cold,Good
63,Male,74,1.88,Moderate,Cold,Poor
40,Female,93,3.59,High,Cold,Good
35,Male,62,2.17,High,Cold,Good
47,Female,77,2.47,Moderate,Cold,Good
35,Female,63,2.49,Moderate,Normal,Good
57,Male,59,2.22,Moderate,Normal,Good
19,Female,107,5.06,High,Hot,Good
27,Male,95,3.64,High,Cold,Good
27,Male,58,3.08,Moderate,Hot,Good
26,Female,83,2.86,Low,Normal,Good
37,Male,71,3.07,Low,Hot,Good
46,Female,82,3.49,High,Cold,Good
47,Male,84,3.54,Low,Hot,Good
58,Female,56,1.88,High,Cold,Good
18,Female,99,4.25,Moderate,Hot,Good
43,Male,106,3.24,Low,Normal,Good
48,Female,69,2.5,Moderate,Cold,Good
55,Female,72,2.45,Low,Hot,Good
60,Male,62,2.66,Moderate,Hot,Good
62,Male,97,3.67,High,Cold,Good
47,Male,104,2.55,Low,Cold,Poor
49,Male,72,3.24,High,Normal,Good
58,Female,107,3.51,High,Normal,Good
28,Male,92,2.47,Moderate,Cold,Poor
53,Male,77,2.54,Moderate,Normal,Good
51,Male,100,3.57,Moderate,Hot,Good
24,Female,81,3.32,Moderate,Normal,Good
18,Female,91,3.08,High,Cold,Good
46,Female,104,4.0,High,Normal,Good
52,Male,87,2.7,Moderate,Normal,Good
44,Female,55,2.46,High,Normal,Good
55,Female,108,3.55,Moderate,Normal,Good
51,Male,92,2.18,Low,Normal,Poor
29,Male,109,4.08,Moderate,Hot,Good
66,Male,94,2.51,Low,Normal,Poor
41,Male,103,3.82,Low,Hot,Good
62,Female,48,1.74,High,Normal,Good
63,Female,108,3.55,High,Cold,Good
68,Male,94,3.03,Low,Hot,Good
32,Male,74,1.85,Low,Normal,Poor
54,Male,86,2.35,Moderate,Cold,Poor
52,Male,50,1.5,Low,Normal,Good
26,Female,73,1.68,Low,Cold,Poor
64,Male,61,1.92,Moderate,Normal,Good
65,Male,66,2.72,High,Normal,Good
54,Female,93,3.72,Moderate,Hot,Good
62,Female,97,4.64,High,Hot,Good
68,Female,47,2.61,High,Hot,Good
49,Male,95,2.73,Moderate,Cold,Poor
38,Female,90,3.08,Moderate,Cold,Good
38,Male,88,4.17,Moderate,Hot,Good
21,Male,45,2.13,Low,Hot,Good
41,Female,57,2.54,High,Cold,Good
28,Female,95,3.83,High,Cold,Good
52,Female,68,3.06,Moderate,Hot,Good
54,Female,52,1.8,High,Normal,Good
34,Male,80,3.81,High,Normal,Good
44,Male,55,2.2,High,Cold,Good
64,Female,56,2.62,High,Hot,Good
28,Female,49,2.96,Moderate,Hot,Good
37,Female,85,4.63,High,Hot,Good
29,Female,61,2.78,Moderate,Normal,Good
43,Female,92,2.85,Moderate,Normal,Good
69,Female,99,2.75,Moderate,Cold,Poor
55,Male,77,1.77,Low,Cold,Poor
40,Female,59,2.58,Low,Hot,Good
68,Male,95,3.94,High,Normal,Good
44,Female,95,3.95,High,Normal,Good
64,Female,48,1.95,Moderate,Normal,Good
52,Female,92,2.66,Low,Cold,Poor
25,Female,89,3.81,Moderate,Hot,Good
66,Female,63,1.5,Low,Normal,Poor
20,Female,103,3.32,High,Cold,Good
64,Male,105,3.98,High,Cold,Good
33,Male,66,2.67,Moderate,Normal,Good
60,Male,98,3.87,Moderate,Hot,Good
38,Female,85,2.83,Moderate,Normal,Good
47,Male,101,3.82,Moderate,Normal,Good
52,Female,63,1.5,Moderate,Cold,Poor
43,Male,74,2.43,Low,Hot,Good
18,Female,80,3.43,High,Cold,Good
18,Female,59,2.11,Low,Hot,Good
57,Female,52,2.23,Low,Hot,Good
26,Male,45,1.7,Low,Normal,Good
19,Female,107,2.8,Low,Normal,Poor
26,Female,78,1.62,Low,Cold,Poor
21,Male,74,1.74,Low,Normal,Poor
28,Male,47,1.74,Moderate,Cold,Good
30,Female,89,4.07,Moderate,Hot,Good
62,Male,105,2.95,Moderate,Normal,Poor
55,Male,60,3.38,High,Hot,Good
34,Female,78,2.63,Low,Normal,Good
33,Female,104,3.47,Low,Hot,Good
43,Female,57,3.08,Moderate,Hot,Good
48,Female,78,3.82,High,Hot,Good
25,Male,99,4.08,High,Cold,Good
46,Female,97,3.45,Moderate,Cold,Good
34,Male,74,2.9,Moderate,Cold,Good
38,Female,63,3.45,High,Hot,Good
42,Female,75,2.34,Low,Cold,Good
40,Male,76,2.93,High,Cold,Good
27,Female,98,3.21,Low,Hot,Good
49,Female,58,2.2,Moderate,Normal,Good
63,Male,97,3.41,Moderate,Normal,Good
39,Female,74,1.94,Low,Cold,Poor
30,Female,103,4.07,Low,Hot,Good
35,Male,56,2.38,Low,Hot,Good
31,Female,78,2.97,High,Normal,Good
51,Female,93,2.31,Low,Normal,Poor
48,Female,70,4.02,High,Hot,Good
39,Female,82,3.56,Low,Hot,Good
41,Female,94,4.49,High,Hot,Good
23,Male,88,4.08,Moderate,Hot,Good
46,Male,72,3.46,High,Hot,Good
18,Male,63,3.15,Moderate,Hot,Good
51,Female,88,3.41,High,Normal,Good
35,Male,59,2.91,Low,Hot,Good
36,Male,93,2.67,Low,Normal,Poor
29,Male,95,3.14,Low,Hot,Good
40,Female,73,2.28,Moderate,Cold,Good
44,Female,99,3.47,High,Normal,Good
40,Female,65,3.53,Moderate,Hot,Good
54,Male,77,2.49,High,Cold,Good
28,Female,61,3.71,High,Hot,Good
42,Female,65,3.63,High,Hot,Good
36,Female,56,2.88,High,Cold,Good
34,Female,92,4.35,High,Hot,Good
58,Male,91,2.74,High,Cold,Good
31,Male,57,2.33,High,Cold,Good
30,Female,75,2.67,Moderate,Cold,Good
26,Male,82,3.63,Moderate,Hot,Good
39,Male,89,1.91,Low,Cold,Poor
26,Male,52,2.41,Low,Hot,Good
35,Male,47,2.23,High,Normal,Good
61,Female,88,2.74,Moderate,Normal,Good
57,Male,98,4.04,High,Hot,Good
53,Male,65,3.14,High,Hot,Good
52,Female,57,1.5,Low,Cold,Poor
27,Male,97,2.38,Low,Cold,Poor
27,Female,90,3.64,Moderate,Hot,Good
55,Male,68,2.78,Low,Hot,Good
34,Male,58,2.15,Moderate,Normal,Good
42,Male,47,2.01,High,Cold,Good
34,Male,56,2.48,High,Cold,Good
41,Male,73,2.65,Moderate,Normal,Good
53,Female,104,4.42,High,Hot,Good
18,Female,72,1.63,Low,Cold,Poor
34,Female,102,3.12,Low,Cold,Good
59,Female,103,4.37,High,Hot,Good
58,Male,78,1.5,Low,Cold,Poor
24,Female,69,2.34,Low,Normal,Good
24,Female,101,3.1,Moderate,Cold,Good
33,Male,87,3.27,Moderate,Normal,Good
30,Female,51,2.61,Low,Hot,Good
68,Male,76,2.58,Moderate,Cold,Good
50,Female,89,2.57,Low,Normal,Poor
21,Male,73,1.62,Low,Cold,Poor
51,Male,72,2.53,High,Cold,Good
40,Male,88,3.9,High,Hot,Good
43,Female,53,2.33,High,Normal,Good
49,Male,94,3.16,Moderate,Cold,Good
49,Female,72,2.14,Low,Cold,Poor
34,Male,103,4.02,High,Cold,Good
24,Male,101,3.15,Low,Normal,Good
27,Female,89,3.15,Low,Hot,Good
30,Male,97,2.64,Low,Cold,Poor
21,Male,72,2.3,Low,Normal,Good
18,Female,93,4.24,High,Normal,Good
55,Male,98,4.31,High,Hot,Good
64,Female,75,3.16,High,Normal,Good
67,Female,70,2.15,High,Cold,Good
22,Female,96,3.31,Low,Hot,Good
50,Male,94,3.32,High,Cold,Good
51,Female,59,1.82,Moderate,Normal,Good
38,Female,90,3.48,Moderate,Hot,Good
55,Male,106,3.89,Low,Hot,Good
35,Female,90,3.63,High,Normal,Good
47,Female,47,2.78,High,Hot,Good
46,Female,52,1.97,Low,Hot,Good
60,Male,77,3.35,High,Hot,Good
28,Female,94,3.87,Low,Hot,Good
45,Female,85,2.95,High,Cold,Good
52,Male,92,2.87,Moderate,Normal,Good
43,Male,106,4.25,High,Normal,Good
28,Female,62,2.15,Moderate,Cold,Good
55,Male,70,1.81,Moderate,Normal,Poor
61,Female,73,3.5,Moderate,Hot,Good
51,Male,61,2.99,High,Normal,Good
33,Male,78,3.3,Low,Hot,Good
30,Female,52,2.03,Moderate,Cold,Good
53,Male,109,2.63,Low,Cold,Poor
34,Female,103,3.55,Low,Normal,Good
67,Male,88,3.05,Moderate,Hot,Good
27,Male,80,2.26,Low,Normal,Poor
45,Female,86,3.58,Low,Hot,Good
38,Male,86,3.4,High,Normal,Good
19,Female,99,3.4,Moderate,Cold,Good
44,Male,66,1.91,Low,Normal,Poor
46,Male,57,1.91,Low,Hot,Good
53,Male,53,1.5,Moderate,Normal,Poor
44,Male,78,4.03,Moderate,Hot,Good
49,Male,64,3.17,High,Normal,Good
52,Female,61,3.52,High,Hot,Good
69,Female,97,3.17,High,Cold,Good
21,Female,109,3.71,High,Cold,Good
43,Female,64,2.22,Low,Hot,Good
27,Female,103,3.81,High,Normal,Good
58,Female,49,1.5,Moderate,Cold,Good
34,Male,66,3.05,High,Cold,Good
62,Female,85,2.4,Low,Cold,Poor
22,Female,55,2.91,Moderate,Hot,Good
38,Male,70,3.14,Low,Hot,Good
62,Female,104,4.45,High,Hot,Good
24,Male,70,2.49,Low,Normal,Good
38,Male,48,2.96,Moderate,Hot,Good
37,Male,59,1.51,Low,Cold,Poor
62,Female,52,1.65,Low,Hot,Good
36,Female,90,3.41,High,Normal,Good
44,Male,59,1.85,Low,Cold,Good
18,Male,68,2.37,Low,Normal,Good
53,Male,68,1.79,Moderate,Cold,Poor
21,Male,78,4.42,High,Hot,Good
40,Male,97,2.39,Low,Cold,Poor
40,Male,97,4.18,High,Normal,Good
23,Female,101,3.5,Low,Normal,Good
24,Male,82,3.17,Moderate,Hot,Good
37,Female,47,1.99,Moderate,Cold,Good
39,Male,91,4.12,High,Hot,Good
29,Female,82,3.39,Low,Hot,Good
53,Male,85,3.1,Moderate,Normal,Good
40,Female,102,3.06,Moderate,Cold,Good
54,Male,69,2.72,Moderate,Hot,Good
68,Female,101,2.8,Moderate,Cold,Poor
64,Male,83,2.11,Moderate,Cold,Poor
39,Female,98,3.53,Moderate,Normal,Good
66,Male,60,2.28,Moderate,Hot,Good
48,Female,86,3.49,Low,Hot,Good
51,Female,53,1.76,High,Cold,Good
49,Female,54,2.6,High,Normal,Good
34,Female,92,3.26,Low,Hot,Good
42,Male,65,3.01,High,Normal,Good
66,Male,109,3.88,High,Cold,Good
68,Male,80,3.57,High,Normal,Good
41,Male,59,2.68,Low,Hot,Good
23,Female,45,1.5,Low,Cold,Good
56,Female,101,3.7,Moderate,Hot,Good
58,Male,57,1.82,Low,Hot,Good
37,Female,96,2.74,Moderate,Cold,Poor
34,Female,107,5.17,High,Hot,Good
65,Male,91,2.87,Moderate,Normal,Good
18,Female,59,2.78,High,Normal,Good
49,Male,62,1.5,Low,Cold,Poor
60,Female,79,3.28,High,Hot,Good
50,Male,58,3.08,High,Normal,Good
21,Male,103,3.79,High,Cold,Good
23,Male,93,4.53,High,Hot,Good
18,Female,71,1.81,Low,Cold,Poor
57,Female,57,2.87,High,Normal,Good
52,Female,63,1.69,Moderate,Cold,Poor
60,Male,64,3.5,High,Hot,Good
61,Female,67,2.23,High,Cold,Good
39,Male,101,3.83,Moderate,Normal,Good
24,Male,100,4.14,High,Cold,Good
67,Female,60,2.68,Low,Hot,Good
68,Male,56,2.87,High,Hot,Good
28,Female,49,1.5,Low,Normal,Good
34,Female,50,3.03,High,Hot,Good
45,Male,103,2.65,Low,Cold,Poor
67,Female,63,2.97,Moderate,Hot,Good
19,Female,91,2.81,Moderate,Cold,Good
50,Female,57,2.99,High,Normal,Good
24,Female,58,2.52,Moderate,Normal,Good
46,Female,64,3.4,High,Hot,Good
35,Male,107,4.14,High,Normal,Good
25,Female,106,4.9,High,Hot,Good
34,Female,50,2.25,Low,Hot,Good
45,Male,106,3.74,Moderate,Normal,Good
35,Male,85,3.25,High,Normal,Good
66,Male,47,1.5,Low,Normal,Good
42,Female,79,3.84,High,Hot,Good
41,Female,82,4.63,High,Hot,Good
60,Male,99,3.45,Moderate,Hot,Good
46,Male,64,2.92,Moderate,Hot,Good
37,Male,63,2.21,Moderate,Cold,Good
64,Female,74,2.56,Moderate,Normal,Good
39,Female,50,2.45,Moderate,Hot,Good
27,Male,92,3.84,High,Normal,Good
53,Male,103,3.89,High,Normal,Good
46,Male,109,3.39,Moderate,Normal,Good
42,Male,54,1.73,Low,Normal,Good
39,Female,95,3.43,Moderate,Cold,Good
39,Male,74,3.1,High,Cold,Good
45,Female,109,3.29,Moderate,Normal,Good
21,Male,51,2.48,Moderate,Hot,Good
53,Female,45,1.77,High,Normal,Good
26,Female,90,2.09,Low,Cold,Poor
49,Male,50,1.68,Low,Cold,Good
34,Female,71,2.76,High,Cold,Good
52,Male,69,2.7,High,Normal,Good
32,Male,48,1.87,Moderate,Normal,Good
26,Male,71,1.5,Low,Cold,Poor
45,Male,61,1.58,Low,Cold,Poor
58,Female,86,2.48,Low,Normal,Poor
62,Male,84,3.07,High,Cold,Good
40,Male,96,2.59,Moderate,Cold,Poor
50,Male,87,2.06,Low,Cold,Poor
57,Female,105,2.47,Low,Cold,Poor
50,Female,60,3.08,High,Hot,Good
65,Male,54,2.4,Low,Hot,Good
36,Male,80,3.53,Low,Hot,Good
30,Female,90,4.3,High,Hot,Good
55,Male,109,4.42,High,Hot,Good
44,Male,52,1.83,Low,Hot,Good
59,Female,50,1.5,Low,Cold,Good
56,Female,104,3.89,Moderate,Hot,Good
54,Female,53,1.5,Moderate,Cold,Poor
38,Female,46,1.51,Low,Normal,Good
60,Female,104,4.15,High,Normal,Good
57,Male,80,1.84,Low,Cold,Poor
60,Female,81,3.41,High,Normal,Good
35,Female,107,3.7,Low,Hot,Good
28,Female,102,3.78,Moderate,Hot,Good
21,Male,51,1.5,Low,Normal,Poor
41,Male,45,3.31,High,Hot,Good
31,Male,82,2.62,Low,Normal,Good
18,Female,82,2.77,High,Cold,Good
46,Male,49,3.46,High,Hot,Good
45,Male,65,2.9,High,Cold,Good
20,Male,91,2.92,Low,Normal,Good
52,Male,45,1.5,Low,Normal,Good
44,Male,100,3.05,Low,Normal,Good
42,Male,65,1.89,Low,Cold,Poor
69,Female,69,3.3,Moderate,Hot,Good
63,Female,76,1.99,Low,Cold,Poor
22,Female,80,3.53,High,Normal,Good
66,Female,102,4.9,High,Hot,Good
50,Male,105,4.04,High,Normal,Good
68,Female,79,2.92,High,Normal,Good
58,Male,49,1.5,Low,Normal,Good
34,Female,74,2.66,Moderate,Normal,Good
39,Female,73,2.15,Low,Normal,Poor
40,Female,57,2.93,High,Normal,Good
69,Male,67,2.14,Moderate,Normal,Good
57,Male,50,1.5,Low,Normal,Good
47,Male,66,3.02,High,Normal,Good
47,Female,76,3.37,Low,Hot,Good
31,Male,54,3.45,High,Hot,Good
68,Male,80,1.92,Moderate,Cold,Poor
59,Female,72,1.67,Low,Normal,Poor
56,Female,91,2.52,Moderate,Cold,Poor
36,Male,59,3.72,High,Hot,Good
41,Female,53,3.21,High,Hot,Good
50,Male,63,3.77,High,Hot,Good
57,Female,91,2.38,Low,Cold,Poor
46,Female,94,2.85,Moderate,Cold,Good
30,Female,45,2.68,Moderate,Hot,Good
65,Male,92,3.57,High,Normal,Good
46,Male,83,2.13,Low,Normal,Poor
43,Female,61,2.74,Moderate,Hot,Good
22,Female,70,3.2,High,Cold,Good
24,Female,102,3.27,Moderate,Cold,Good
18,Female,106,4.47,High,Normal,Good
42,Male,47,3.17,High,Hot,Good
60,Male,76,1.89,Low,Cold,Poor
33,Male,69,4.0,High,Hot,Good
26,Male,100,3.34,Low,Normal,Good
39,Male,85,2.24,Low,Cold,Poor
68,Female,73,1.5,Low,Cold,Poor
19,Male,85,3.63,Low,Hot,Good
20,Male,55,2.43,Moderate,Hot,Good
47,Male,101,3.03,Low,Cold,Good
68,Male,92,2.17,Low,Normal,Poor
25,Male,66,2.16,Moderate,Cold,Good
64,Female,101,2.97,Low,Normal,Poor
32,Male,101,4.71,Moderate,Hot,Good
35,Female,89,4.86,High,Hot,Good
37,Female,108,3.38,Low,Cold,Good
59,Male,47,1.96,High,Normal,Good
57,Female,103,3.7,High,Cold,Good
21,Male,104,3.54,Moderate,Cold,Good
48,Male,74,2.64,High,Cold,Good
66,Male,53,2.0,Moderate,Hot,Good
51,Male,105,2.15,Low,Cold,Poor
65,Male,69,1.55,Low,Cold,Poor
26,Male,102,3.04,Low,Cold,Poor
62,Female,106,3.88,Low,Hot,Good
69,Female,108,3.15,Low,Normal,Poor
24,Female,53,1.94,Moderate,Normal,Good
23,Male,73,2.85,High,Normal,Good
33,Female,47,2.54,Moderate,Hot,Good
43,Female,80,2.45,Low,Cold,Good
39,Female,106,3.04,Moderate,Cold,Poor
59,Female,105,3.07,Low,Normal,Poor
33,Female,52,1.85,Moderate,Cold,Good
57,Male,103,3.65,Moderate,Normal,Good
47,Male,54,1.83,Moderate,Cold,Good
32,Female,46,1.5,Low,Cold,Good
68,Female,67,1.87,Low,Normal,Poor
49,Female,106,3.87,Moderate,Normal,Good
64,Female,82,2.91,Moderate,Normal,Good
18,Male,89,3.2,Moderate,Cold,Good
38,Female,57,1.86,Low,Normal,Good
24,Male,66,2.24,Low,Hot,Good
32,Female,48,1.5,Low,Normal,Good
23,Male,77,2.44,Moderate,Cold,Good
18,Male,81,2.89,Low,Hot,Good
23,Male,65,2.34,Low,Normal,Good
32,Male,49,2.3,High,Cold,Good
63,Female,94,3.5,High,Cold,Good
42,Male,100,3.4,High,Cold,Good
57,Female,73,2.53,High,Cold,Good
30,Female,62,2.9,High,Cold,Good
28,Female,98,4.15,High,Normal,Good
55,Female,92,3.99,Moderate,Hot,Good
29,Male,87,4.04,High,Normal,Good
44,Male,105,4.21,High,Cold,Good
62,Male,79,2.14,Low,Normal,Poor
33,Female,57,1.5,Low,Cold,Poor
69,Female,103,3.64,Moderate,Normal,Good
28,Male,74,2.73,High,Cold,Good
65,Female,79,2.09,Moderate,Normal,Poor
48,Male,68,2.36,Moderate,Cold,Good
49,Female,76,1.91,Low,Normal,Poor
60,Female,102,3.52,High,Cold,Good
33,Female,54,2.51,High,Normal,Good
21,Female,105,3.29,Low,Normal,Good
36,Female,87,3.99,Moderate,Hot,Good
60,Male,69,1.5,Low,Cold,Poor
36,Male,68,2.42,Moderate,Normal,Good
51,Male,99,3.79,High,Normal,Good
22,Male,95,3.79,High,Normal,Good
67,Male,48,2.0,Moderate,Normal,Good
59,Female,82,1.95,Low,Cold,Poor
28,Female,76,2.93,High,Cold,Good
35,Male,71,3.01,Low,Hot,Good
35,Female,65,2.78,Low,Hot,Good
40,Female,85,2.89,Moderate,Cold,Good
42,Female,98,3.42,High,Cold,Good
36,Female,109,4.61,Moderate,Hot,Good
21,Female,109,2.95,Low,Normal,Poor
29,Male,66,2.64,Low,Hot,Good
64,Female,90,3.77,High,Hot,Good
37,Female,94,3.1,Low,Normal,Good
60,Female,56,1.53,Moderate,Cold,Poor
37,Male,82,4.2,High,Hot,Good
43,Male,57,1.5,Low,Cold,Poor
54,Female,93,2.27,Low,Normal,Poor
53,Female,98,4.42,High,Hot,Good
25,Female,84,3.81,Moderate,Hot,Good
37,Female,52,1.83,Low,Hot,Good
43,Male,74,3.14,Moderate,Normal,Good
37,Female,99,4.05,Low,Hot,Good
60,Female,51,2.23,High,Normal,Good
64,Male,100,3.6,Moderate,Hot,Good
40,Male,79,2.57,Moderate,Normal,Good
54,Male,101,2.7,Low,Normal,Poor
48,Male,64,2.27,Moderate,Normal,Good
29,Male,93,2.66,Low,Cold,Poor
59,Male,73,1.98,Moderate,Normal,Poor
28,Female,94,3.24,Moderate,Normal,Good
51,Female,64,2.38,Moderate,Hot,Good
41,Male,54,2.19,High,Normal,Good
32,Female,47,1.6,Low,Cold,Good
57,Male,84,3.43,High,Hot,Good
40,Female,55,2.48,High,Normal,Good
25,Male,100,2.33,Low,Cold,Poor
56,Female,72,2.72,High,Normal,Good
30,Male,80,2.31,Moderate,Cold,Poor
39,Female,48,1.5,Low,Cold,Good
55,Female,66,2.36,Low,Hot,Good
28,Female,90,4.2,Moderate,Hot,Good
22,Male,108,4.32,High,Normal,Good
57,Female,68,2.36,Moderate,Normal,Good
65,Female,104,4.01,Moderate,Hot,Good
34,Female,109,4.43,Moderate,Hot,Good
48,Female,101,3.95,Low,Hot,Good
51,Male,53,1.5,Moderate,Cold,Poor
42,Male,92,3.01,Moderate,Cold,Good
29,Male,84,2.38,Low,Cold,Poor
59,Female,59,1.71,Low,Hot,Poor
56,Female,57,2.1,Moderate,Cold,Good
26,Male,84,2.09,Low,Cold,Poor
44,Female,107,4.27,High,Normal,Good
55,Male,104,3.18,Moderate,Normal,Good
52,Male,92,3.07,High,Cold,Good
56,Female,103,2.75,Low,Cold,Poor
57,Female,57,2.0,Moderate,Cold,Good
66,Female,50,1.77,Moderate,Normal,Good
43,Male,58,1.58,Low,Cold,Poor
21,Female,83,2.92,Low,Normal,Good
30,Female,76,3.76,High,Hot,Good
55,Female,97,3.59,Moderate,Hot,Good
45,Male,47,1.79,High,Cold,Good
51,Male,66,3.48,High,Hot,Good
55,Female,106,2.72,Moderate,Cold,Poor
31,Male,76,3.08,Moderate,Normal,Good
20,Male,103,4.63,High,Hot,Good
48,Female,106,3.37,Low,Cold,Good
58,Male,75,2.37,High,Cold,Good
37,Male,66,1.93,Low,Cold,Poor
62,Male,86,3.57,High,Normal,Good
37,Male,98,4.41,High,Hot,Good
18,Female,59,1.67,Moderate,Cold,Poor
41,Female,102,3.5,Low,Hot,Good
44,Female,67,2.5,High,Cold,Good
25,Male,103,4.03,Moderate,Hot,Good
30,Male,83,3.2,Moderate,Hot,Good
45,Male,105,4.5,High,Hot,Good
19,Male,61,1.73,Low,Cold,Poor
30,Male,57,2.38,Moderate,Normal,Good
47,Female,65,2.2,Low,Hot,Good
34,Female,84,2.45,Moderate,Cold,Poor
32,Male,96,4.59,High,Hot,Good
48,Male,97,2.46,Low,Normal,Poor
69,Female,74,2.67,High,Cold,Good
69,Male,53,2.13,Moderate,Normal,Good
18,Male,88,2.86,High,Cold,Good
51,Female,53,1.83,High,Cold,Good
29,Female,101,4.42,High,Hot,Good
44,Male,106,5.08,High,Hot,Good
60,Female,86,3.37,Moderate,Hot,Good
28,Male,87,2.76,Low,Normal,Good
50,Female,76,2.54,Moderate,Cold,Good
38,Female,84,3.95,High,Normal,Good
23,Male,94,3.14,Moderate,Normal,Good
62,Male,108,3.07,Moderate,Cold,Poor
25,Female,93,2.22,Low,Cold,Poor
28,Male,93,2.82,Moderate,Cold,Good
19,Male,107,2.95,Moderate,Cold,Poor
56,Male,72,2.96,High,Normal,Good
23,Male,63,2.08,Moderate,Normal,Good
45,Female,82,3.41,Moderate,Normal,Good
68,Male,93,2.27,Low,Normal,Poor
30,Female,96,3.26,Moderate,Cold,Good
34,Female,104,3.81,Moderate,Cold,Good
52,Male,100,3.14,Moderate,Normal,Good
18,Female,86,3.12,Low,Hot,Good
57,Male,107,4.59,Moderate,Hot,Good
41,Female,48,1.84,High,Cold,Good
44,Female,53,2.03,Low,Hot,Good
29,Male,75,2.6,High,Cold,Good
31,Female,69,2.68,Moderate,Cold,Good
20,Female,68,2.51,Moderate,Normal,Good
59,Male,70,3.15,Moderate,Hot,Good
57,Male,54,1.5,Moderate,Cold,Poor
41,Male,49,1.78,Low,Hot,Good
44,Male,59,2.43,Low,Hot,Good
58,Male,97,2.56,Moderate,Cold,Poor
64,Male,78,3.1,Low,Hot,Good
67,Female,56,2.29,Moderate,Normal,Good
40,Male,92,4.15,Moderate,Hot,Good
18,Male,74,4.36,High,Hot,Good
38,Female,93,2.81,Low,Cold,Good
38,Female,106,3.87,High,Cold,Good
69,Male,82,4.04,High,Hot,Good
63,Male,96,4.51,High,Hot,Good
42,Female,65,3.03,High,Normal,Good
22,Male,91,2.95,Low,Hot,Good
44,Male,62,1.5,Low,Normal,Poor
52,Female,67,1.91,Low,Normal,Poor
57,Male,54,1.5,Low,Cold,Poor
66,Female,105,3.33,Moderate,Cold,Good
62,Male,97,3.57,High,Normal,Good
62,Female,103,3.08,Moderate,Cold,Poor
18,Male,104,3.94,High,Cold,Good
28,Male,83,2.86,High,Cold,Good
25,Female,107,4.97,High,Hot,Good
45,Female,102,3.49,Moderate,Normal,Good
64,Female,78,2.29,Low,Hot,Poor
69,Male,45,1.71,High,Cold,Good
57,Male,45,1.5,Low,Normal,Good
59,Male,98,3.74,High,Cold,Good
32,Male,66,2.66,Low,Hot,Good
62,Male,52,1.5,Low,Cold,Poor
34,Male,61,2.59,Low,Hot,Good
30,Female,61,2.66,Moderate,Normal,Good
65,Female,89,3.41,Low,Hot,Good
63,Male,58,3.02,High,Hot,Good
32,Female,98,4.4,Moderate,Hot,Good
30,Female,75,2.05,Low,Normal,Poor
52,Male,104,2.64,Moderate,Cold,Poor
39,Female,102,3.94,High,Cold,Good
42,Female,78,2.37,Moderate,Normal,Good
22,Male,64,2.17,Moderate,Normal,Good
67,Male,62,3.09,High,Hot,Good
31,Female,57,2.63,Moderate,Hot,Good
61,Female,59,2.28,Low,Hot,Good
60,Male,79,2.85,Moderate,Hot,Good
36,Female,64,1.67,Low,Cold,Poor
49,Female,92,3.01,Low,Hot,Good
41,Female,105,4.09,High,Normal,Good
24,Female,94,2.43,Low,Normal,Poor
49,Male,80,2.51,Moderate,Cold,Good
31,Female,81,2.7,Low,Hot,Good
64,Male,84,2.38,Moderate,Normal,Poor
45,Male,60,2.04,High,Cold,Good
62,Female,72,3.08,Moderate,Hot,Good
19,Male,75,2.55,High,Cold,Good
25,Male,68,3.51,High,Normal,Good
48,Female,89,3.51,Moderate,Normal,Good
24,Female,101,3.02,Moderate,Cold,Poor
47,Female,62,1.5,Low,Cold,Poor
46,Female,83,4.42,High,Hot,Good
60,Male,89,3.03,Moderate,Normal,Good
47,Male,50,3.14,Moderate,Hot,Good
63,Female,48,1.5,Low,Cold,Good
23,Male,76,2.41,Moderate,Cold,Good
32,Male,84,3.07,Moderate,Normal,Good
26,Male,50,2.33,High,Normal,Good
20,Female,55,2.56,High,Cold,Good
49,Male,48,1.5,Moderate,Cold,Good
34,Female,85,2.96,Low,Hot,Good
49,Female,79,2.82,Low,Normal,Good
37,Male,66,2.76,Moderate,Normal,Good
28,Male,47,2.11,Moderate,Cold,Good
29,Male,58,2.63,High,Cold,Good
66,Female,67,1.5,Low,Normal,Poor
64,Female,91,4.13,High,Hot,Good
40,Female,74,3.2,High,Cold,Good
51,Male,69,2.57,Moderate,Normal,Good
59,Male,102,3.6,High,Normal,Good
58,Male,69,3.13,Moderate,Hot,Good
69,Female,92,3.12,High,Normal,Good
52,Female,55,3.38,High,Hot,Good
39,Male,89,3.47,High,Normal,Good
34,Male,108,4.22,Moderate,Hot,Good
19,Female,86,3.71,High,Cold,Good
28,Female,60,1.57,Low,Cold,Poor
35,Female,103,3.67,Moderate,Normal,Good
23,Female,101,5.02,High,Hot,Good
64,Male,92,3.36,Low,Hot,Good
30,Male,48,2.61,Low,Hot,Good
19,Male,103,3.63,Moderate,Normal,Good
32,Female,51,1.86,Low,Hot,Good
63,Male,107,3.66,Moderate,Hot,Good
29,Male,57,1.74,Low,Cold,Good
34,Male,107,3.43,Moderate,Normal,Good
53,Female,52,2.39,High,Cold,Good
33,Female,80,3.05,High,Cold,Good
46,Male,91,3.8,Low,Hot,Good
47,Male,67,3.42,High,Hot,Good
27,Female,96,3.07,Moderate,Cold,Good
54,Male,73,2.22,Moderate,Normal,Good
53,Male,91,3.16,High,Cold,Good
36,Female,65,2.96,High,Cold,Good
44,Male,99,3.12,Moderate,Normal,Good
37,Female,69,2.54,High,Cold,Good
53,Female,46,1.5,Low,Cold,Good
33,Male,62,2.62,Moderate,Hot,Good
53,Female,74,3.51,High,Hot,Good
40,Female,78,1.73,Low,Cold,Poor
46,Male,66,2.32,Moderate,Normal,Good
64,Female,80,2.22,Moderate,Normal,Poor
68,Male,63,1.74,Low,Normal,Poor
69,Male,101,3.07,Low,Hot,Good
49,Male,48,1.5,Low,Cold,Good
22,Male,64,1.78,Low,Cold,Poor
28,Male,81,3.01,High,Normal,Good
21,Male,88,3.92,High,Hot,Good
59,Male,53,1.65,High,Cold,Good
24,Female,63,1.56,Low,Normal,Poor
48,Male,79,4.15,High,Hot,Good
48,Female,97,3.88,Low,Hot,Good
69,Male,54,1.75,Moderate,Normal,Good
41,Male,61,2.03,Moderate,Cold,Good
33,Female,90,2.92,Low,Hot,Good
48,Male,45,1.5,Moderate,Cold,Good
38,Female,48,1.74,Moderate,Cold,Good
64,Male,94,2.47,Moderate,Cold,Poor
34,Male,109,3.92,Moderate,Normal,Good
59,Female,46,1.5,Low,Normal,Good
21,Male,63,1.5,Low,Cold,Poor
57,Female,94,2.39,Low,Cold,Poor
62,Female,56,1.73,High,Cold,Good
44,Female,98,4.74,High,Hot,Good
33,Female,46,1.96,Moderate,Normal,Good
47,Male,82,2.6,Moderate,Normal,Good
49,Male,54,3.51,High,Hot,Good
57,Female,86,1.73,Low,Cold,Poor
33,Male,66,2.3,High,Cold,Good
67,Female,71,3.26,Moderate,Hot,Good
51,Female,76,1.66,Low,Cold,Poor
19,Female,56,2.51,High,Normal,Good
29,Female,54,1.9,Low,Hot,Good
51,Male,92,2.69,High,Cold,Poor
19,Male,109,3.64,Moderate,Cold,Good
53,Male,68,2.43,High,Cold,Good
19,Female,75,3.26,High,Cold,Good
19,Female,73,3.2,Low,Hot,Good
54,Male,72,1.73,Moderate,Cold,Poor
56,Male,68,1.5,Low,Cold,Poor
63,Female,62,1.5,Low,Normal,Poor
51,Female,102,3.67,High,Normal,Good
23,Male,80,4.59,High,Hot,Good
39,Female,105,3.75,Moderate,Cold,Good
42,Male,77,3.65,High,Normal,Good
37,Female,62,1.64,Low,Cold,Poor
40,Male,60,2.22,Low,Hot,Good
21,Female,65,2.78,High,Cold,Good
31,Male,56,2.2,Low,Hot,Good
62,Female,58,1.5,Low,Cold,Poor
63,Male,76,2.49,Moderate,Cold,Good
34,Female,85,2.21,Low,Cold,Poor
61,Female,49,1.5,Low,Hot,Good
69,Male,87,3.51,High,Hot,Good
48,Female,61,2.58,High,Cold,Good
63,Female,98,2.23,Low,Normal,Poor
49,Male,84,4.61,High,Hot,Good
37,Male,79,3.97,Moderate,Hot,Good
46,Female,69,2.95,High,Normal,Good
19,Male,89,3.86,Low,Hot,Good
44,Female,45,1.5,Low,Cold,Good
40,Female,83,3.18,Moderate,Cold,Good
41,Male,73,2.98,Moderate,Hot,Good
33,Male,64,3.7,High,Hot,Good
18,Female,102,4.74,High,Hot,Good
18,Male,73,4.25,High,Hot,Good
25,Female,73,2.88,Moderate,Normal,Good
50,Female,47,2.85,Moderate,Hot,Good
22,Male,64,2.67,Moderate,Normal,Good
21,Male,63,2.82,Low,Hot,Good
62,Male,87,1.7,Low,Cold,Poor
39,Female,96,3.57,Low,Hot,Good
62,Male,87,2.01,Low,Normal,Poor
69,Female,86,2.0,Low,Cold,Poor
68,Male,70,1.5,Low,Cold,Poor
30,Female,72,2.63,Moderate,Cold,Good
36,Female,83,3.17,Moderate,Cold,Good
32,Male,99,3.4,Low,Hot,Good
43,Male,86,3.9,High,Normal,Good
55,Female,87,2.58,Moderate,Normal,Poor
23,Female,90,2.5,Low,Cold,Poor
66,Male,86,2.63,Low,Hot,Good
52,Male,103,2.63,Moderate,Cold,Poor
64,Male,51,2.37,High,Normal,Good
21,Female,69,2.47,Moderate,Cold,Good
55,Male,56,1.94,Low,Hot,Good
54,Male,90,3.33,High,Cold,Good
33,Male,57,2.98,High,Normal,Good
69,Female,48,2.74,High,Hot,Good
66,Male,51,2.18,High,Normal,Good
28,Female,98,2.99,Low,Normal,Good
62,Male,67,2.53,High,Normal,Good
60,Female,101,2.61,Low,Normal,Poor
46,Female,80,1.77,Low,Cold,Poor
52,Male,74,2.62,Low,Hot,Good
20,Male,74,3.36,Low,Hot,Good
62,Male,95,2.75,High,Cold,Poor
64,Male,97,3.55,High,Normal,Good
69,Male,82,2.82,Low,Hot,Good
42,Male,51,2.88,Moderate,Hot,Good
35,Male,85,3.43,Moderate,Hot,Good
24,Male,94,3.42,High,Cold,Good
69,Female,77,1.84,Moderate,Cold,Poor
51,Female,48,2.57,Moderate,Hot,Good
60,Male,48,1.89,High,Cold,Good
47,Male,94,4.39,Moderate,Hot,Good
52,Male,52,2.81,High,Hot,Good
36,Male,80,2.94,Moderate,Normal,Good
60,Female,71,3.62,High,Hot,Good
35,Male,72,3.16,Moderate,Hot,Good
33,Male,91,4.3,Moderate,Hot,Good
48,Male,48,2.05,Moderate,Normal,Good
56,Male,92,3.48,Moderate,Hot,Good
65,Female,83,2.19,Low,Normal,Poor
47,Male,74,3.24,Moderate,Hot,Good
19,Female,56,2.71,High,Cold,Good
35,Female,97,3.61,High,Normal,Good
18,Male,102,3.75,Moderate,Cold,Good
43,Male,50,1.5,Low,Cold,Good
25,Male,68,1.95,Low,Normal,Poor
54,Male,62,2.34,High,Cold,Good
54,Female,74,3.79,High,Hot,Good
50,Male,56,2.83,Low,Hot,Good
44,Female,83,3.97,High,Normal,Good
38,Male,73,2.97,High,Normal,Good
32,Female,46,1.5,Low,Cold,Good
61,Female,98,1.97,Low,Cold,Poor
24,Male,87,3.57,High,Normal,Good
55,Male,81,3.74,Moderate,Hot,Good
61,Male,103,2.99,Moderate,Normal,Poor
28,Male,66,1.9,Moderate,Cold,Poor
23,Male,86,4.06,Moderate,Hot,Good
38,Female,99,4.42,High,Hot,Good
48,Male,58,1.6,Moderate,Cold,Poor
49,Female,95,2.68,Low,Cold,Poor
26,Female,102,2.94,Moderate,Cold,Poor
49,Male,86,4.06,High,Hot,Good
27,Female,83,2.86,Moderate,Normal,Good
24,Female,73,2.2,Moderate,Normal,Good
20,Female,54,2.32,High,Normal,Good
32,Male,79,2.42,Moderate,Normal,Good
64,Female,82,3.87,High,Hot,Good
36,Male,52,3.03,High,Hot,Good
37,Female,91,4.44,High,Hot,Good
38,Male,89,3.42,Low,Hot,Good
33,Female,53,2.35,High,Cold,Good
30,Female,59,3.05,High,Normal,Good
51,Male,85,3.85,Moderate,Hot,Good
66,Male,88,2.89,High,Normal,Good
60,Female,100,3.65,High,Normal,Good
67,Male,56,3.56,High,Hot,Good
43,Male,85,2.42,Moderate,Cold,Poor
40,Male,87,3.5,Low,Hot,Good
22,Male,87,3.16,High,Normal,Good
30,Male,87,3.36,High,Cold,Good
35,Female,103,3.79,Moderate,Hot,Good
45,Male,95,2.38,Low,Cold,Poor
49,Male,53,2.21,High,Cold,Good
37,Female,90,3.39,Moderate,Cold,Good
65,Male,70,2.4,Moderate,Normal,Good
33,Female,68,2.56,Low,Hot,Good
47,Female,89,3.11,Low,Hot,Good
42,Female,64,2.1,Moderate,Normal,Good
64,Male,89,3.55,Moderate,Hot,Good
29,Female,99,3.95,High,Cold,Good
52,Female,97,3.8,High,Normal,Good
31,Female,89,2.39,Low,Normal,Poor
58,Male,109,4.58,High,Hot,Good
39,Female,67,2.03,Moderate,Normal,Good
36,Female,99,3.44,High,Cold,Good
50,Male,63,2.61,High,Cold,Good
69,Male,93,2.95,Low,Normal,Good
52,Female,84,3.27,High,Normal,Good
30,Female,98,3.0,Moderate,Normal,Good
45,Female,79,2.97,Low,Hot,Good
63,Female,99,3.32,Moderate,Cold,Good
38,Female,70,3.51,High,Normal,Good
42,Female,109,3.32,Moderate,Cold,Good
68,Female,108,4.17,High,Normal,Good
60,Male,67,2.8,High,Normal,Good
30,Male,62,2.64,High,Cold,Good
50,Female,65,3.12,Moderate,Hot,Good
40,Male,89,3.09,Low,Hot,Good
41,Male,91,2.26,Low,Normal,Poor
59,Female,51,2.01,Moderate,Normal,Good
37,Male,50,1.83,Moderate,Normal,Good
62,Male,101,4.23,Moderate,Hot,Good
43,Female,84,3.63,High,Normal,Good
30,Male,93,3.12,Low,Hot,Good
54,Male,61,1.72,Low,Normal,Poor
19,Female,69,2.09,Moderate,Cold,Good
58,Male,50,3.31,High,Hot,Good
55,Male,50,1.5,Moderate,Normal,Good
31,Female,84,3.35,Moderate,Hot,Good
52,Male,68,1.77,Moderate,Normal,Poor
66,Female,79,3.17,Low,Hot,Good
53,Female,69,2.99,High,Hot,Good
60,Female,60,1.6,Low,Normal,Poor
36,Female,67,3.14,Moderate,Hot,Good
33,Male,98,5.05,High,Hot,Good
18,Female,86,3.96,High,Hot,Good
51,Male,99,3.25,High,Cold,Good
42,Female,89,4.46,High,Hot,Good
23,Female,92,3.44,High,Normal,Good
48,Female,54,2.14,Moderate,Normal,Good
69,Female,62,3.04,High,Hot,Good
69,Male,59,2.36,High,Normal,Good
57,Male,53,1.5,Low,Cold,Poor
43,Male,48,1.71,Moderate,Normal,Good
32,Male,96,3.09,Low,Normal,Good
22,Male,64,2.23,Low,Normal,Good
64,Male,46,2.1,High,Cold,Good
21,Male,86,4.52,High,Hot,Good
48,Male,52,1.9,Moderate,Cold,Good
63,Male,53,1.5,Moderate,Normal,Poor
28,Female,86,2.94,Low,Normal,Good
30,Female,56,2.24,High,Cold,Good
26,Female,96,2.59,Low,Cold,Poor
40,Female,84,2.52,Low,Cold,Good
38,Male,67,1.9,Low,Normal,Poor
43,Male,95,2.94,Low,Cold,Good
48,Male,75,4.42,High,Hot,Good
61,Male,99,3.5,Moderate,Hot,Good
19,Male,69,2.5,Moderate,Cold,Good
56,Male,102,3.11,High,Cold,Good
28,Male,108,3.58,Moderate,Cold,Good
39,Female,103,4.3,High,Hot,Good
64,Male,106,4.36,Moderate,Hot,Good
41,Female,59,3.22,Moderate,Hot,Good
52,Female,99,4.01,High,Hot,Good
36,Male,51,2.06,High,Normal,Good
66,Male,60,1.5,Low,Cold,Poor
57,Male,95,2.5,Moderate,Cold,Poor
45,Female,86,3.63,High,Normal,Good
62,Male,51,2.29,High,Cold,Good
51,Male,80,2.45,High,Cold,Good
41,Male,62,3.51,Moderate,Hot,Good
46,Male,69,3.32,High,Hot,Good
63,Male,68,1.5,Low,Normal,Poor
68,Female,72,2.86,High,Cold,Good
55,Male,105,3.49,High,Normal,Good
43,Male,92,2.59,Low,Normal,Poor
56,Female,103,3.1,Low,Normal,Good
37,Male,103,4.39,High,Normal,Good
62,Female,45,1.5,Low,Cold,Good
25,Female,100,4.85,High,Hot,Good
52,Female,47,1.5,Low,Cold,Good
57,Female,51,2.15,High,Cold,Good
44,Female,88,3.03,High,Cold,Good
28,Male,86,3.33,Low,Hot,Good
67,Female,107,3.83,Low,Hot,Good
58,Male,103,3.59,High,Cold,Good
52,Female,92,3.49,Low,Hot,Good
49,Female,47,1.5,Low,Cold,Good
52,Female,58,1.5,Low,Cold,Poor
48,Male,61,1.63,Low,Normal,Poor
69,Female,67,3.02,Moderate,Hot,Good
31,Male,71,4.01,High,Hot,Good
53,Male,52,1.5,Low,Cold,Poor
64,Male,105,3.49,High,Normal,Good
47,Female,57,2.69,Moderate,Normal,Good
32,Female,75,2.37,Moderate,Normal,Good
42,Male,82,3.02,High,Normal,Good
44,Female,98,4.11,Moderate,Hot,Good
54,Male,100,3.43,High,Cold,Good
37,Female,105,4.14,High,Cold,Good
52,Female,60,2.55,High,Cold,Good
66,Female,87,3.27,High,Normal,Good
19,Female,48,2.15,Low,Hot,Good
51,Female,50,1.5,Moderate,Cold,Good
42,Male,64,1.5,Low,Normal,Poor
68,Female,81,2.53,High,Cold,Good
22,Female,86,3.5,Moderate,Hot,Good
26,Male,108,4.72,High,Hot,Good
51,Female,99,3.62,High,Cold,Good
63,Male,62,2.78,High,Normal,Good
50,Female,45,1.97,High,Normal,Good
21,Female,71,2.0,Low,Normal,Poor
49,Male,77,2.53,Low,Normal,Good
58,Male,99,3.21,High,Normal,Good
23,Female,106,3.11,Moderate,Cold,Poor
40,Male,100,3.12,Low,Normal,Good
35,Male,98,3.48,High,Cold,Good
54,Male,87,3.69,Moderate,Hot,Good
59,Female,62,2.93,High,Normal,Good
68,Female,74,1.9,Low,Cold,Poor
21,Male,62,2.35,Low,Normal,Good
57,Female,109,4.56,Moderate,Hot,Good
66,Female,96,3.94,High,Normal,Good
46,Male,65,2.48,Moderate,Normal,Good
26,Male,91,2.83,Moderate,Cold,Good
68,Female,100,4.02,High,Normal,Good
37,Male,71,3.33,High,Hot,Good
18,Female,98,3.38,High,Cold,Good
41,Male,91,3.41,High,Normal,Good
39,Female,107,2.47,Low,Cold,Poor
52,Male,106,2.76,Low,Normal,Poor
39,Female,73,4.13,High,Hot,Good
59,Male,109,4.12,High,Cold,Good
65,Male,62,2.06,High,Cold,Good
34,Female,82,3.28,High,Normal,Good
42,Male,100,2.82,Moderate,Cold,Poor
36,Female,101,2.6,Low,Normal,Poor
52,Female,45,2.57,Moderate,Hot,Good
46,Male,81,1.8,Low,Cold,Poor
18,Female,65,2.51,Moderate,Cold,Good
61,Female,105,4.03,Moderate,Hot,Good
43,Male,109,3.31,Low,Cold,Good
60,Female,61,2.35,Moderate,Normal,Good
40,Male,51,1.93,Low,Hot,Good
24,Male,78,2.92,Low,Hot,Good
21,Female,60,1.5,Low,Cold,Poor
36,Male,46,1.75,Low,Hot,Good
34,Male,56,1.98,Low,Normal,Good
49,Male,45,1.51,Moderate,Normal,Good
23,Male,62,3.28,High,Hot,Good
50,Female,67,2.96,Moderate,Normal,Good
30,Male,51,1.79,Moderate,Normal,Good
44,Female,70,3.33,High,Normal,Good
53,Female,99,2.76,Moderate,Cold,Poor
22,Female,105,4.15,High,Normal,Good
50,Male,82,2.54,Moderate,Cold,Good
31,Female,73,3.73,High,Hot,Good
32,Female,73,1.84,Low,Normal,Poor
58,Male,85,4.37,High,Hot,Good
20,Female,102,3.69,Moderate,Normal,Good
35,Female,87,1.88,Low,Cold,Poor
18,Female,105,3.16,Moderate,Cold,Good
49,Female,50,1.5,Low,Normal,Good
24,Female,74,3.03,Moderate,Normal,Good
34,Male,107,4.07,High,Cold,Good
68,Female,108,3.37,Low,Normal,Good
33,Female,85,3.28,Low,Hot,Good
44,Male,72,2.56,High,Cold,Good
63,Female,103,4.09,High,Normal,Good
19,Male,80,3.42,High,Normal,Good
30,Female,59,1.67,Moderate,Cold,Poor
39,Male,107,4.29,High,Normal,Good
28,Female,69,2.38,Moderate,Cold,Good
60,Male,82,2.56,High,Cold,Good
41,Male,84,2.23,Low,Normal,Poor
50,Female,61,3.26,High,Hot,Good
19,Female,106,3.99,Moderate,Normal,Good
21,Female,61,1.99,Moderate,Normal,Good
65,Female,84,3.63,Moderate,Hot,Good
38,Female,65,2.89,High,Normal,Good
46,Male,68,2.32,High,Cold,Good
34,Female,62,1.79,Low,Cold,Poor
37,Male,89,3.2,Low,Hot,Good
26,Male,58,2.2,Moderate,Cold,Good
48,Female,48,2.39,Moderate,Normal,Good
37,Female,91,2.81,Low,Cold,Good
26,Female,71,3.3,Moderate,Hot,Good
54,Female,63,2.38,Moderate,Hot,Good
43,Female,70,2.14,Moderate,Cold,Good
45,Female,93,3.43,Low,Hot,Good
20,Female,86,3.33,Low,Hot,Good
61,Female,77,1.64,Low,Cold,Poor
20,Female,93,4.34,Moderate,Hot,Good
52,Male,96,3.57,Low,Hot,Good
24,Female,90,3.64,High,Cold,Good
33,Female,68,3.09,Low,Hot,Good
18,Female,93,3.31,High,Normal,Good
33,Female,60,3.45,High,Hot,Good
46,Male,50,2.33,High,Cold,Good
33,Male,87,2.22,Low,Normal,Poor
31,Female,77,4.26,High,Hot,Good
62,Male,107,2.22,Low,Cold,Poor
21,Female,70,2.26,Low,Cold,Good
31,Male,74,3.22,Moderate,Hot,Good
43,Female,88,3.88,Moderate,Hot,Good
31,Female,70,2.81,High,Cold,Good
65,Female,84,2.46,High,Cold,Poor
26,Male,67,2.6,High,Cold,Good
65,Female,46,1.73,High,Normal,Good
63,Male,47,1.6,Moderate,Normal,Good
57,Female,60,1.51,Moderate,Cold,Poor
61,Female,50,2.2,High,Normal,Good
53,Male,66,2.99,High,Hot,Good
69,Female,95,3.24,High,Normal,Good
49,Female,92,3.54,Low,Hot,Good
37,Male,71,3.18,High,Cold,Good
54,Female,92,3.02,Low,Hot,Good
22,Female,55,2.12,Low,Hot,Good
20,Male,67,2.5,Moderate,Cold,Good
26,Male,59,3.11,High,Hot,Good
23,Male,61,1.85,Low,Normal,Good
25,Female,65,1.99,Low,Cold,Good
55,Male,79,3.08,Moderate,Hot,Good
31,Male,54,1.75,Low,Cold,Good
61,Male,78,2.29,High,Cold,Poor
34,Male,61,3.12,High,Normal,Good
48,Male,45,1.61,Moderate,Cold,Good
21,Female,86,1.95,Low,Cold,Poor
59,Female,48,2.22,High,Normal,Good
36,Male,46,2.0,High,Normal,Good
27,Female,50,1.69,Moderate,Normal,Good
68,Male,55,2.67,Moderate,Hot,Good
29,Male,46,2.11,Low,Hot,Good
28,Male,97,4.34,Moderate,Hot,Good
38,Female,52,2.83,High,Normal,Good
59,Male,58,1.5,Low,Cold,Poor
67,Female,65,1.5,Low,Normal,Poor
47,Female,83,3.58,High,Cold,Good
40,Male,51,1.82,Moderate,Normal,Good
43,Female,82,4.5,High,Hot,Good
61,Female,88,3.69,High,Normal,Good
23,Female,61,2.95,High,Normal,Good
55,Male,68,1.5,Low,Cold,Poor
25,Female,65,2.67,High,Cold,Good
38,Male,101,3.27,Moderate,Normal,Good
41,Female,77,2.94,High,Cold,Good
45,Female,101,4.69,High,Hot,Good
29,Male,92,2.37,Low,Normal,Poor
27,Female,96,2.96,Moderate,Cold,Good
59,Female,70,2.77,High,Normal,Good
40,Female,101,3.58,High,Normal,Good
40,Male,75,1.5,Low,Cold,Poor
57,Female,77,2.35,Low,Normal,Good
35,Male,91,3.35,Low,Hot,Good
51,Female,79,3.13,Low,Hot,Good
35,Female,74,3.29,Moderate,Hot,Good
27,Female,96,3.37,Low,Normal,Good
19,Female,102,3.62,Moderate,Normal,Good
50,Male,91,3.01,Moderate,Normal,Good
42,Female,86,4.41,High,Hot,Good
54,Female,63,2.29,High,Normal,Good
33,Male,109,2.57,Low,Cold,Poor
51,Female,97,2.42,Moderate,Cold,Poor
35,Male,101,3.28,Moderate,Cold,Good
43,Female,74,2.48,High,Cold,Good
36,Female,73,2.91,High,Normal,Good
57,Female,102,4.47,High,Hot,Good
29,Male,46,1.5,Low,Cold,Good
45,Male,46,1.89,High,Normal,Good
24,Male,70,2.95,Moderate,Normal,Good
29,Male,60,1.5,Low,Cold,Poor
26,Female,76,2.94,High,Normal,Good
30,Male,49,2.36,Moderate,Hot,Good
69,Male,85,1.88,Low,Normal,Poor
67,Male,59,1.5,Low,Cold,Poor
24,Male,84,4.12,High,Hot,Good
52,Female,59,1.5,Low,Normal,Poor
38,Male,109,3.18,Moderate,Cold,Poor
61,Female,70,2.74,Moderate,Normal,Good
40,Female,84,2.23,Low,Normal,Poor
33,Male,105,5.34,High,Hot,Good
57,Female,75,3.17,High,Hot,Good
42,Male,88,3.29,Low,Hot,Good
54,Male,53,2.33,High,Normal,Good
69,Female,98,4.46,High,Hot,Good
52,Female,102,3.32,Low,Hot,Good
59,Female,82,2.94,High,Normal,Good
50,Male,100,4.83,High,Hot,Good
54,Female,95,1.95,Low,Cold,Poor
32,Male,82,1.97,Low,Cold,Poor
46,Male,98,3.42,Low,Hot,Good
29,Female,48,2.56,High,Cold,Good
33,Female,80,4.08,Moderate,Hot,Good
29,Male,80,2.23,Low,Cold,Poor
26,Male,105,4.2,Low,Hot,Good
60,Male,79,1.81,Low,Cold,Poor
51,Female,48,1.5,Low,Cold,Good
62,Female,94,2.76,Low,Normal,Poor
59,Male,45,1.72,High,Normal,Good
43,Male,61,2.43,High,Cold,Good
44,Female,79,3.15,Low,Hot,Good
56,Male,93,3.03,Low,Hot,Good
40,Female,66,3.26,High,Hot,Good
26,Female,46,2.51,High,Cold,Good
57,Male,75,2.7,Moderate,Normal,Good
65,Male,95,2.26,Low,Cold,Poor
41,Female,93,3.01,Low,Normal,Good
33,Male,101,3.33,Low,Normal,Good
32,Male,71,3.29,Moderate,Hot,Good
47,Female,74,2.69,Low,Normal,Good
39,Female,93,2.4,Low,Normal,Poor
38,Male,100,4.43,Moderate,Hot,Good
61,Female,75,2.37,High,Cold,Good
37,Female,67,2.68,Moderate,Cold,Good
54,Female,65,2.44,High,Normal,Good
67,Female,81,4.19,High,Hot,Good
47,Male,89,2.56,Moderate,Cold,Poor
53,Female,96,3.75,Low,Hot,Good
61,Male,51,1.5,Moderate,Normal,Poor
21,Female,78,3.16,Moderate,Normal,Good
27,Male,86,3.11,High,Cold,Good
56,Male,54,1.5,Moderate,Cold,Poor
44,Female,104,4.03,Low,Hot,Good
38,Female,52,2.38,Moderate,Hot,Good
66,Male,74,1.96,Moderate,Normal,Poor
26,Male,61,2.3,Moderate,Cold,Good
48,Female,96,3.49,Moderate,Normal,Good
55,Female,87,3.54,High,Hot,Good
53,Male,94,1.73,Low,Cold,Poor
31,Male,106,3.61,Moderate,Normal,Good
66,Male,80,1.78,Low,Cold,Poor
27,Male,50,2.61,Low,Hot,Good
24,Female,102,3.25,Moderate,Cold,Good
45,Female,100,4.13,Low,Hot,Good
69,Female,64,1.67,Low,Normal,Poor
42,Male,72,2.42,Moderate,Normal,Good
38,Male,62,2.38,High,Cold,Good
46,Female,63,1.5,Low,Cold,Poor
18,Male,47,1.93,Moderate,Cold,Good
52,Male,84,1.87,Low,Normal,Poor
62,Male,99,2.44,Moderate,Cold,Poor
61,Male,100,4.87,High,Hot,Good
40,Male,63,3.34,High,Normal,Good
24,Male,107,3.52,Moderate,Cold,Good
37,Male,61,1.5,Low,Cold,Poor
19,Female,107,5.1,High,Hot,Good
36,Male,61,1.74,Moderate,Cold,Poor
35,Female,83,2.6,Moderate,Cold,Good
62,Male,48,1.5,Low,Cold,Good
22,Female,74,2.42,Moderate,Cold,Good
41,Male,73,2.12,Moderate,Cold,Poor
68,Female,68,2.63,High,Cold,Good
35,Female,86,2.77,Low,Cold,Good
29,Male,61,1.88,Low,Cold,Good
28,Male,67,3.59,High,Hot,Good
32,Female,76,3.21,High,Normal,Good
32,Male,72,2.84,High,Cold,Good
52,Female,71,2.37,Low,Hot,Good
29,Female,64,3.36,High,Hot,Good
66,Male,45,1.99,Moderate,Hot,Good
49,Female,106,3.86,High,Normal,Good
39,Male,62,2.4,Moderate,Cold,Good
49,Female,71,2.04,Low,Cold,Poor
56,Female,93,3.06,Moderate,Normal,Good
61,Male,98,3.77,Low,Hot,Good
51,Female,80,3.39,High,Hot,Good
55,Male,103,2.68,Low,Normal,Poor
26,Female,95,3.01,Low,Cold,Good
22,Male,58,1.59,Low,Normal,Poor
21,Female,83,2.66,Low,Cold,Good
42,Female,72,1.68,Low,Cold,Poor
60,Male,66,1.5,Low,Normal,Poor
65,Male,64,3.05,High,Hot,Good
21,Female,45,2.6,High,Normal,Good
48,Female,56,3.33,Moderate,Hot,Good
61,Male,94,3.23,Moderate,Hot,Good
29,Male,62,3.84,High,Hot,Good
32,Male,61,2.77,Moderate,Hot,Good
58,Male,78,1.6,Low,Normal,Poor
55,Male,89,3.81,Moderate,Hot,Good
51,Female,88,3.73,Moderate,Hot,Good
23,Female,94,2.74,Low,Normal,Poor
49,Male,47,1.5,Low,Normal,Good
27,Female,95,2.62,Moderate,Cold,Poor
29,Female,92,2.98,Moderate,Normal,Good
30,Male,48,2.73,High,Hot,Good
41,Male,61,2.8,Moderate,Hot,Good
36,Female,53,1.81,Moderate,Normal,Good
36,Male,65,1.84,Low,Normal,Poor
21,Female,68,3.69,Moderate,Hot,Good
20,Female,84,2.94,Moderate,Cold,Good
52,Male,100,4.41,High,Hot,Good
57,Female,90,3.94,Moderate,Hot,Good
44,Male,50,1.69,Low,Normal,Good
57,Male,46,2.29,High,Hot,Good
69,Male,96,1.96,Low,Cold,Poor
43,Male,66,1.98,Moderate,Cold,Good
20,Male,104,3.07,Low,Normal,Poor
41,Male,83,2.04,Low,Normal,Poor
62,Male,56,1.5,Low,Normal,Poor
27,Female,101,3.78,Moderate,Normal,Good
33,Male,89,3.87,High,Hot,Good
22,Male,55,2.07,Moderate,Cold,Good
27,Male,78,3.48,Moderate,Hot,Good
48,Female,85,2.37,Moderate,Cold,Poor
37,Female,101,2.78,Moderate,Cold,Poor
33,Male,69,2.82,Low,Hot,Good
56,Female,61,1.99,Moderate,Normal,Good
23,Female,67,1.62,Low,Normal,Poor
23,Male,82,2.97,Moderate,Cold,Good
39,Female,81,2.89,Moderate,Cold,Good
50,Male,66,3.29,High,Normal,Good
22,Female,62,2.7,High,Cold,Good
54,Female,108,4.19,Moderate,Hot,Good
59,Female,92,3.66,Low,Hot,Good
40,Female,60,1.6,Moderate,Cold,Poor
52,Female,72,3.58,High,Hot,Good
30,Male,85,3.02,High,Cold,Good
22,Female,97,3.54,High,Normal,Good
37,Female,68,2.38,Moderate,Cold,Good
47,Male,102,3.88,High,Cold,Good
43,Female,51,1.67,Moderate,Normal,Good
55,Female,97,4.64,High,Hot,Good
43,Female,92,3.57,Moderate,Hot,Good
26,Female,108,4.02,High,Normal,Good
68,Male,83,3.19,Moderate,Normal,Good
20,Female,108,5.04,High,Hot,Good
28,Female,102,3.13,Moderate,Normal,Good
50,Female,65,3.56,High,Hot,Good
55,Male,90,1.62,Low,Cold,Poor
53,Female,109,2.68,Low,Cold,Poor
52,Female,75,2.21,Moderate,Normal,Poor
18,Female,69,2.82,Moderate,Normal,Good
37,Female,107,3.77,High,Cold,Good
35,Male,108,4.27,High,Cold,Good
26,Male,46,2.54,Moderate,Hot,Good
55,Male,105,5.0,High,Hot,Good
67,Female,80,2.83,High,Cold,Good
66,Female,93,4.17,Moderate,Hot,Good
22,Female,105,3.4,Low,Normal,Good
43,Female,70,2.42,Moderate,Normal,Good
32,Male,60,3.04,High,Hot,Good
54,Male,47,1.5,Low,Normal,Good
48,Male,57,1.66,Low,Normal,Poor
60,Female,65,3.02,High,Normal,Good
44,Female,82,4.16,High,Hot,Good
55,Male,90,2.84,Low,Normal,Good
25,Male,52,1.51,Low,Normal,Poor
24,Female,108,2.77,Low,Cold,Poor
25,Female,107,3.73,High,Normal,Good
37,Female,52,1.6,Low,Cold,Good
48,Male,53,1.5,Low,Cold,Poor
43,Female,54,2.4,Low,Hot,Good
33,Female,80,3.79,High,Hot,Good
54,Female,67,2.31,High,Cold,Good
46,Male,72,2.47,High,Cold,Good
48,Male,58,2.24,Low,Normal,Good
26,Female,73,4.13,High,Hot,Good
60,Female,49,3.26,High,Hot,Good
59,Female,80,1.88,Low,Normal,Poor
63,Male,69,3.03,High,Normal,Good
44,Male,45,1.63,High,Cold,Good
59,Female,96,2.62,Moderate,Cold,Poor
20,Female,50,1.5,Low,Cold,Good
23,Female,97,3.39,Moderate,Cold,Good
35,Male,46,1.5,Low,Normal,Good
54,Female,64,2.17,Moderate,Cold,Good
65,Male,109,3.49,High,Normal,Good
18,Male,47,1.82,Moderate,Cold,Good
28,Female,108,2.93,Low,Cold,Poor
43,Female,109,3.48,High,Cold,Good
27,Female,79,3.55,Low,Hot,Good
53,Male,60,2.95,Moderate,Hot,Good
68,Male,98,3.54,Moderate,Normal,Good
32,Female,55,2.98,High,Normal,Good
43,Male,87,3.54,Moderate,Normal,Good
30,Male,54,2.32,Moderate,Hot,Good
51,Female,85,3.1,High,Normal,Good
40,Male,103,3.05,Low,Normal,Poor
29,Male,51,2.61,Low,Hot,Good
50,Male,92,4.62,High,Hot,Good
58,Male,76,2.15,Low,Cold,Poor
67,Male,80,1.5,Low,Cold,Poor
30,Female,45,3.02,High,Hot,Good
52,Female,74,2.01,Moderate,Normal,Poor
42,Male,102,2.77,Low,Cold,Poor
22,Male,95,3.18,High,Cold,Good
60,Male,97,4.35,High,Hot,Good
21,Male,80,2.64,Moderate,Normal,Good
35,Male,94,3.14,Low,Hot,Good
35,Female,66,2.41,Low,Hot,Good
53,Male,88,3.67,Moderate,Hot,Good
56,Female,73,2.43,High,Normal,Good
38,Female,61,3.92,High,Hot,Good
48,Male,93,3.15,Low,Hot,Good
69,Female,92,3.13,Moderate,Normal,Good
50,Male,102,2.95,Low,Cold,Poor
64,Male,95,4.55,High,Hot,Good
68,Male,85,3.03,Moderate,Normal,Good
54,Male,60,2.15,High,Cold,Good
46,Male,51,1.5,Low,Cold,Poor
29,Male,49,2.23,Moderate,Normal,Good
59,Male,76,4.12,High,Hot,Good
34,Female,89,3.61,Moderate,Hot,Good
66,Male,77,2.68,High,Cold,Good
35,Male,53,1.86,Moderate,Normal,Good
46,Male,69,1.83,Low,Normal,Poor
59,Male,73,2.77,High,Cold,Good
21,Female,101,3.83,Moderate,Hot,Good
56,Female,58,3.62,High,Hot,Good
67,Female,106,2.55,Low,Normal,Poor
55,Female,89,2.65,Moderate,Cold,Poor
37,Female,102,3.07,Moderate,Normal,Good
55,Female,96,4.2,Moderate,Hot,Good
61,Male,49,2.51,High,Hot,Good
48,Male,89,4.13,High,Normal,Good
49,Male,77,2.81,High,Cold,Good
47,Male,73,3.21,Low,Hot,Good
47,Female,53,1.5,Low,Normal,Poor
20,Male,90,3.71,High,Normal,Good
68,Male,57,2.82,High,Normal,Good
52,Male,99,2.42,Moderate,Cold,Poor
19,Male,105,3.49,Low,Hot,Good
61,Male,108,3.37,Moderate,Cold,Good
64,Female,46,2.52,High,Hot,Good
30,Male,102,2.82,Moderate,Cold,Poor
27,Female,100,4.37,High,Hot,Good
42,Male,78,3.68,Moderate,Hot,Good
24,Male,99,3.77,High,Normal,Good
20,Female,70,2.93,High,Cold,Good
41,Female,97,2.95,Moderate,Cold,Good
66,Female,86,3.29,High,Cold,Good
53,Female,55,1.68,Moderate,Cold,Good
43,Male,62,2.5,High,Normal,Good
57,Female,96,3.1,High,Normal,Good
39,Male,97,2.35,Low,Cold,Poor
67,Female,74,3.13,Moderate,Hot,Good
64,Male,64,2.54,High,Cold,Good
36,Male,49,2.51,Moderate,Hot,Good
25,Female,71,2.35,High,Cold,Good
43,Male,71,2.59,Moderate,Normal,Good
67,Female,86,3.73,Moderate,Hot,Good
58,Female,77,2.15,Moderate,Cold,Poor
36,Male,60,3.81,High,Hot,Good
43,Female,56,1.73,Moderate,Cold,Good
59,Female,93,2.11,Low,Cold,Poor
39,Female,57,1.74,Moderate,Normal,Good
60,Female,67,2.26,High,Normal,Good
35,Male,74,4.33,High,Hot,Good
30,Male,83,2.7,Moderate,Cold,Good
65,Male,109,2.8,Moderate,Cold,Poor
19,Female,50,2.5,High,Cold,Good
55,Female,62,2.35,High,Cold,Good
25,Male,61,1.99,Moderate,Cold,Good
46,Female,102,4.67,Moderate,Hot,Good
39,Male,50,1.5,Low,Cold,Good
29,Male,58,1.78,Low,Normal,Good
40,Male,92,3.84,Moderate,Hot,Good
67,Male,57,1.57,Moderate,Cold,Poor
27,Male,99,2.69,Low,Normal,Poor
32,Female,96,2.99,Moderate,Cold,Good
30,Female,95,3.98,High,Cold,Good
52,Female,47,1.89,Moderate,Hot,Good
23,Male,92,3.39,Moderate,Normal,Good
36,Female,49,2.43,Moderate,Normal,Good
47,Female,45,2.22,High,Cold,Good
46,Male,56,1.96,Low,Hot,Good
19,Female,81,2.88,Low,Hot,Good
65,Female,68,3.33,High,Hot,Good
53,Female,55,2.23,High,Cold,Good
63,Male,73,1.5,Low,Cold,Poor
32,Female,104,3.83,High,Normal,Good
58,Male,87,2.88,High,Cold,Good
66,Female,108,2.84,Low,Cold,Poor
68,Female,46,2.55,High,Hot,Good
19,Male,82,4.02,Moderate,Hot,Good
57,Male,70,2.48,Moderate,Cold,Good
31,Female,69,3.3,High,Hot,Good
20,Male,62,2.93,Moderate,Hot,Good
40,Female,65,2.96,Low,Hot,Good
38,Female,71,3.78,Moderate,Hot,Good
23,Male,88,3.32,Low,Hot,Good
62,Male,61,2.44,Moderate,Normal,Good
57,Male,47,2.14,High,Cold,Good
29,Male,90,3.21,Moderate,Cold,Good
47,Female,53,3.73,High,Hot,Good
22,Female,75,4.03,High,Hot,Good
47,Male,90,3.22,High,Normal,Good
45,Male,104,3.16,Moderate,Normal,Good
40,Male,46,2.08,Moderate,Normal,Good
44,Male,46,2.25,High,Cold,Good
38,Female,102,2.57,Low,Normal,Poor
62,Female,64,2.32,High,Cold,Good
55,Male,64,2.8,High,Normal,Good
19,Male,76,2.19,Moderate,Cold,Poor
58,Female,45,1.5,Moderate,Cold,Good
30,Female,63,3.7,High,Hot,Good
42,Female,101,3.69,Moderate,Cold,Good
29,Female,49,2.05,Moderate,Normal,Good
56,Female,101,3.73,High,Cold,Good
20,Male,97,4.04,Low,Hot,Good
22,Male,77,2.14,Moderate,Cold,Poor
67,Female,60,1.59,Moderate,Normal,Poor
29,Male,83,2.65,Low,Cold,Good
49,Male,91,3.38,Low,Hot,Good
57,Female,94,4.34,High,Hot,Good
49,Male,59,2.0,Moderate,Normal,Good
22,Male,85,3.01,Moderate,Cold,Good
35,Male,93,3.88,Moderate,Hot,Good
21,Female,104,3.11,Moderate,Cold,Poor
52,Male,73,3.35,Moderate,Hot,Good
31,Male,93,3.57,Moderate,Hot,Good
38,Male,61,3.5,High,Hot,Good
60,Female,102,3.8,High,Normal,Good
37,Male,74,3.77,Moderate,Hot,Good
56,Male,100,2.67,Low,Normal,Poor
40,Female,106,4.23,Low,Hot,Good
56,Female,62,2.15,Moderate,Normal,Good
49,Female,105,4.08,Low,Hot,Good
36,Male,78,1.87,Low,Cold,Poor
21,Male,55,2.66,Moderate,Hot,Good
43,Female,105,3.61,Moderate,Normal,Good
66,Male,51,1.55,Moderate,Normal,Good
33,Male,84,3.8,High,Hot,Good
52,Male,65,1.82,Low,Cold,Poor
53,Female,61,1.91,Low,Hot,Good
23,Female,71,3.09,High,Cold,Good
19,Female,53,1.8,Low,Normal,Good
55,Male,47,1.8,High,Cold,Good
56,Male,99,3.23,Moderate,Normal,Good
23,Female,89,3.61,High,Cold,Good
32,Female,70,2.62,Moderate,Cold,Good
24,Male,90,2.72,Low,Cold,Good
48,Female,103,5.2,High,Hot,Good
59,Female,61,1.5,Low,Cold,Poor
53,Male,102,2.96,Moderate,Normal,Poor
62,Female,107,3.09,Low,Cold,Poor
42,Male,103,4.21,High,Cold,Good
35,Female,62,2.27,Low,Normal,Good
26,Female,108,2.48,Low,Cold,Poor
59,Female,74,3.23,High,Hot,Good
52,Female,107,4.45,Moderate,Hot,Good
66,Male,63,1.74,Moderate,Normal,Poor
48,Female,87,3.49,High,Normal,Good
32,Female,73,2.43,Moderate,Cold,Good
43,Female,46,2.2,Low,Hot,Good
69,Male,48,1.54,Moderate,Cold,Good
55,Male,67,3.26,Moderate,Hot,Good
68,Female,72,2.92,Moderate,Hot,Good
25,Female,73,3.51,High,Hot,Good
35,Male,99,2.77,Moderate,Cold,Poor
31,Male,53,3.74,High,Hot,Good
61,Male,97,3.53,Low,Hot,Good
45,Male,83,2.19,Low,Normal,Poor
27,Female,87,3.81,High,Cold,Good
65,Female,65,3.0,High,Hot,Good
61,Female,94,3.95,Moderate,Hot,Good
22,Male,48,1.5,Low,Cold,Good
25,Male,53,1.99,High,Cold,Good
52,Female,65,1.5,Low,Normal,Poor
50,Male,87,3.47,Moderate,Hot,Good
23,Female,56,3.05,High,Hot,Good
62,Male,46,3.0,High,Hot,Good
46,Female,51,1.84,High,Cold,Good
31,Male,88,3.08,High,Cold,Good
49,Male,50,1.5,Moderate,Cold,Good
41,Male,68,1.74,Low,Normal,Poor
57,Female,91,2.63,Low,Hot,Poor
39,Female,68,2.48,High,Cold,Good
61,Female,101,3.89,Low,Hot,Good
57,Female,67,2.3,Moderate,Cold,Good
28,Male,79,2.64,Low,Normal,Good
59,Female,72,1.84,Low,Normal,Poor
31,Female,68,2.22,Low,Normal,Good
62,Male,97,3.51,High,Normal,Good
44,Male,49,1.57,Moderate,Normal,Good
51,Male,74,3.64,High,Hot,Good
64,Female,70,1.95,Moderate,Normal,Poor
51,Male,51,2.64,Moderate,Hot,Good
45,Male,83,2.86,Moderate,Normal,Good
45,Male,97,2.73,Moderate,Cold,Poor
21,Female,69,2.35,Moderate,Cold,Good
45,Female,64,1.78,Moderate,Cold,Poor
28,Female,51,2.4,Low,Hot,Good
24,Female,78,2.88,Moderate,Normal,Good
26,Male,92,3.68,High,Normal,Good
58,Female,92,2.65,Moderate,Normal,Poor
42,Female,69,2.73,Low,Hot,Good
32,Female,71,2.35,Low,Hot,Good
21,Male,63,3.01,High,Normal,Good
38,Female,77,3.39,High,Cold,Good
36,Female,74,2.44,Moderate,Cold,Good
54,Female,92,3.66,Moderate,Hot,Good
23,Female,84,3.42,Moderate,Normal,Good
47,Male,46,2.01,Moderate,Cold,Good
19,Female,99,3.95,High,Cold,Good
50,Male,50,1.89,High,Cold,Good
57,Female,63,2.3,Low,Hot,Good
18,Male,77,2.95,Low,Hot,Good
49,Female,61,2.26,Moderate,Normal,Good
59,Female,53,2.63,High,Hot,Good
52,Female,97,3.1,Low,Normal,Good
67,Female,69,2.06,Moderate,Normal,Poor
63,Male,68,1.61,Low,Normal,Poor
39,Male,55,2.05,Moderate,Cold,Good
56,Female,79,3.55,Moderate,Hot,Good
55,Female,52,1.5,Low,Cold,Poor
44,Male,84,2.88,Moderate,Normal,Good
32,Female,61,2.42,Moderate,Cold,Good
63,Male,96,3.01,Moderate,Cold,Good
46,Female,53,1.5,Low,Cold,Poor
66,Male,65,2.46,High,Normal,Good
22,Male,54,3.51,High,Hot,Good
68,Female,57,2.16,High,Cold,Good
64,Female,90,3.04,High,Cold,Good
26,Female,55,3.32,High,Hot,Good
42,Male,93,2.03,Low,Cold,Poor
28,Male,106,3.22,Low,Normal,Good
56,Female,97,4.05,High,Hot,Good
56,Male,100,3.37,High,Normal,Good
21,Male,74,2.88,Moderate,Normal,Good
52,Male,96,3.93,Moderate,Hot,Good
60,Female,96,3.35,Moderate,Hot,Good
39,Female,100,2.8,Low,Cold,Poor
46,Female,108,4.45,High,Hot,Good
29,Male,51,1.5,Low,Cold,Poor
56,Male,106,4.35,High,Normal,Good
57,Male,99,2.38,Low,Normal,Poor
42,Male,68,2.95,Moderate,Normal,Good
19,Male,57,3.54,High,Hot,Good
67,Female,72,3.36,Moderate,Hot,Good
32,Male,77,2.34,Low,Cold,Good
29,Male,67,2.45,Low,Normal,Good
65,Female,58,2.15,High,Normal,Good
30,Female,75,2.4,Low,Cold,Good
60,Male,98,2.44,Low,Cold,Poor
45,Female,87,2.34,Moderate,Cold,Poor
52,Male,91,3.09,Low,Hot,Good
55,Male,106,3.62,Moderate,Normal,Good
54,Female,52,2.87,High,Hot,Good
44,Female,77,3.2,Low,Hot,Good
59,Male,71,1.86,Moderate,Cold,Poor
40,Male,108,3.62,Low,Normal,Good
46,Male,64,3.38,High,Normal,Good
33,Male,63,2.91,High,Normal,Good
25,Male,82,3.07,Low,Hot,Good
46,Female,75,2.6,Moderate,Normal,Good
29,Male,61,2.16,High,Cold,Good
56,Male,86,3.87,Moderate,Hot,Good
49,Female,62,3.86,High,Hot,Good
23,Male,87,3.45,Moderate,Hot,Good
51,Male,98,2.74,Moderate,Normal,Poor
22,Male,60,1.77,Low,Cold,Poor
49,Female,75,3.89,Moderate,Hot,Good
29,Male,64,3.67,High,Hot,Good
26,Male,102,2.69,Low,Normal,Poor
33,Male,98,3.91,Moderate,Hot,Good
25,Male,64,1.65,Moderate,Cold,Poor
56,Male,81,3.17,High,Normal,Good
28,Male,77,1.87,Low,Normal,Poor
61,Female,78,2.59,High,Normal,Good
66,Female,106,3.08,Moderate,Cold,Poor
24,Female,105,3.26,Moderate,Cold,Good
55,Male,78,2.22,Low,Cold,Poor
61,Male,74,3.07,Low,Hot,Good
27,Male,62,2.41,Moderate,Cold,Good
44,Male,103,4.55,High,Hot,Good
66,Female,107,3.77,Low,Hot,Good
27,Male,55,2.5,Low,Hot,Good
58,Male,106,3.23,Moderate,Cold,Good
53,Male,61,1.5,Low,Cold,Poor
29,Male,84,3.11,Moderate,Normal,Good
35,Female,97,4.23,Moderate,Hot,Good
36,Female,91,3.62,Moderate,Hot,Good
25,Female,62,2.85,High,Normal,Good
60,Male,83,1.85,Low,Normal,Poor
66,Female,56,1.5,Moderate,Normal,Poor
24,Female,99,4.39,High,Hot,Good
53,Female,65,1.98,High,Cold,Good
41,Male,99,3.2,High,Cold,Good
59,Male,68,1.5,Moderate,Cold,Poor
29,Female,79,4.38,High,Hot,Good
53,Male,101,2.51,Low,Normal,Poor
36,Male,83,3.2,High,Normal,Good
50,Female,56,1.5,Low,Cold,Poor
28,Female,75,2.6,Low,Normal,Good
30,Female,75,3.18,Low,Hot,Good
32,Male,101,3.39,High,Cold,Good
56,Male,73,1.88,Low,Cold,Poor
33,Female,83,3.26,Moderate,Hot,Good
34,Male,65,2.47,High,Normal,Good
36,Female,52,2.1,Moderate,Cold,Good
19,Female,85,4.15,Moderate,Hot,Good
41,Male,105,4.57,High,Hot,Good
56,Female,73,2.15,High,Cold,Poor
19,Male,63,2.71,High,Cold,Good
23,Male,101,4.5,High,Normal,Good
45,Female,74,2.21,Low,Normal,Poor
42,Female,109,3.27,Low,Normal,Good
35,Male,54,1.56,Low,Normal,Poor
50,Male,109,3.79,Moderate,Normal,Good
37,Female,109,3.28,Moderate,Normal,Good
35,Male,75,2.82,Low,Hot,Good
63,Male,80,3.26,High,Cold,Good
34,Male,69,1.67,Low,Cold,Poor
39,Male,49,1.86,High,Cold,Good
23,Male,65,3.21,Moderate,Hot,Good
54,Male,70,2.36,Moderate,Normal,Good
37,Female,77,2.89,High,Normal,Good
53,Male,65,2.62,Moderate,Normal,Good
63,Female,60,1.76,High,Cold,Poor
46,Male,52,2.33,Low,Hot,Good
42,Male,63,3.53,Moderate,Hot,Good
32,Male,66,3.09,Moderate,Hot,Good
44,Female,57,1.5,Low,Normal,Poor
43,Female,71,3.19,Moderate,Hot,Good
31,Male,68,2.74,Moderate,Normal,Good
68,Male,107,3.59,Low,Hot,Good
52,Female,92,2.57,Low,Cold,Poor
29,Male,72,3.13,Low,Hot,Good
60,Female,61,2.18,Low,Hot,Good
38,Male,101,3.17,Low,Cold,Good
28,Female,101,3.75,Low,Hot,Good
27,Male,87,3.01,High,Cold,Good
44,Female,102,3.67,Moderate,Normal,Good
54,Male,50,2.07,Low,Hot,Good
67,Male,66,1.54,Low,Cold,Poor
42,Female,95,4.36,High,Hot,Good
55,Female,109,2.99,Low,Cold,Poor
53,Female,102,3.07,Low,Normal,Good
28,Male,56,1.74,Low,Normal,Good
56,Male,55,1.87,Moderate,Cold,Good
48,Male,77,3.44,High,Cold,Good
58,Female,102,2.33,Low,Normal,Poor
26,Male,75,2.34,Low,Normal,Good
58,Female,54,1.5,Low,Normal,Poor
55,Male,59,2.46,Low,Hot,Good
48,Male,100,2.97,Moderate,Cold,Poor
32,Female,54,1.81,Moderate,Normal,Good
67,Female,59,1.83,Low,Normal,Good
69,Female,46,1.5,Low,Cold,Good
51,Male,87,2.26,Moderate,Cold,Poor
55,Female,86,2.71,Moderate,Cold,Good
18,Male,78,1.9,Low,Cold,Poor
36,Female,46,1.77,Moderate,Normal,Good
40,Female,65,2.91,Low,Hot,Good
29,Male,66,2.37,Moderate,Normal,Good
18,Male,74,3.0,High,Normal,Good
41,Female,58,1.81,Low,Cold,Good
28,Male,68,2.37,Low,Normal,Good
30,Female,68,3.26,Moderate,Hot,Good
43,Female,82,3.62,High,Normal,Good
66,Male,95,2.77,Low,Hot,Poor
46,Male,81,4.16,High,Hot,Good
56,Female,86,3.13,High,Normal,Good
60,Female,47,1.5,Moderate,Cold,Good
59,Male,58,1.86,Moderate,Normal,Good
59,Female,76,1.74,Low,Cold,Poor
49,Male,70,2.76,Moderate,Normal,Good
59,Male,46,1.58,Low,Hot,Good
56,Female,96,3.01,High,Cold,Good
39,Male,78,2.39,Low,Cold,Good
18,Male,97,2.65,Low,Normal,Poor
57,Male,89,2.97,High,Normal,Good
58,Female,66,2.6,Moderate,Hot,Good
59,Female,87,1.82,Low,Normal,Poor
23,Male,92,3.2,Moderate,Normal,Good
24,Female,60,2.27,Moderate,Cold,Good
54,Female,81,2.87,Moderate,Hot,Good
43,Female,106,3.4,High,Cold,Good
50,Female,74,2.19,Low,Normal,Poor
35,Female,68,3.4,High,Hot,Good
54,Male,48,2.05,Low,Hot,Good
30,Male,62,2.25,Low,Normal,Good
41,Male,92,3.63,Moderate,Hot,Good
36,Male,72,2.8,Moderate,Normal,Good
56,Female,54,3.51,High,Hot,Good
38,Male,53,1.5,Moderate,Cold,Poor
32,Male,101,3.95,High,Cold,Good
39,Male,108,3.54,Moderate,Normal,Good
24,Female,100,4.2,High,Hot,Good
42,Female,50,2.27,Low,Hot,Good
26,Female,104,3.88,Moderate,Hot,Good
50,Female,95,2.95,Low,Normal,Good
54,Male,75,4.12,High,Hot,Good
46,Male,102,4.04,Moderate,Normal,Good
53,Female,52,1.59,Moderate,Normal,Good
65,Female,72,2.87,Low,Hot,Good
33,Male,95,2.84,Moderate,Cold,Poor
59,Male,73,2.7,High,Normal,Good
27,Female,83,2.05,Low,Cold,Poor
56,Male,65,3.35,High,Hot,Good
21,Female,104,4.55,Moderate,Hot,Good
27,Female,78,2.35,Low,Cold,Good
65,Female,77,2.26,Moderate,Cold,Poor
27,Female,98,4.26,High,Hot,Good
30,Male,45,2.74,Moderate,Hot,Good
32,Female,72,3.32,Low,Hot,Good
65,Male,61,1.56,Low,Normal,Poor
30,Male,58,3.05,High,Hot,Good
59,Female,105,2.48,Low,Cold,Poor
48,Male,54,2.14,Moderate,Cold,Good
30,Male,103,4.47,High,Hot,Good
23,Male,74,2.97,Moderate,Hot,Good
28,Male,64,3.93,High,Hot,Good
19,Female,81,2.68,High,Cold,Good
53,Male,98,3.78,Low,Hot,Good
20,Female,53,3.6,High,Hot,Good
29,Male,78,2.52,Low,Cold,Good
47,Male,66,2.9,Moderate,Hot,Good
19,Female,76,2.49,Moderate,Normal,Good
29,Male,45,1.5,Moderate,Cold,Good
65,Male,94,3.11,High,Normal,Good
61,Female,52,2.7,High,Normal,Good
22,Female,63,2.96,Moderate,Hot,Good
28,Male,87,4.78,High,Hot,Good
38,Male,101,2.95,Low,Cold,Poor
51,Female,70,2.31,Moderate,Normal,Good
63,Female,75,3.57,High,Hot,Good
21,Male,105,4.95,High,Hot,Good
31,Female,61,2.72,High,Cold,Good
68,Female,107,2.62,Low,Cold,Poor
33,Female,74,3.71,High,Normal,Good
28,Female,70,2.03,Moderate,Cold,Poor
42,Female,63,2.4,Moderate,Cold,Good
59,Male,85,3.65,High,Hot,Good
64,Male,57,1.72,Moderate,Normal,Good
19,Male,60,2.45,High,Normal,Good
30,Female,79,3.0,High,Cold,Good
48,Female,76,3.32,Moderate,Hot,Good
25,Male,103,4.22,Moderate,Hot,Good
19,Male,98,4.21,High,Normal,Good
45,Male,81,3.4,Low,Hot,Good
58,Female,99,3.41,Low,Hot,Good
27,Male,91,3.86,Low,Hot,Good
55,Male,56,2.24,High,Normal,Good
33,Female,79,2.08,Low,Cold,Poor
58,Male,73,3.02,High,Cold,Good
64,Female,58,2.13,High,Cold,Good
48,Female,102,2.68,Low,Normal,Poor
35,Male,74,2.2,Low,Normal,Poor
36,Male,52,1.7,Low,Normal,Good
20,Female,61,2.83,Low,Hot,Good
26,Female,106,4.08,Moderate,Normal,Good
29,Male,81,3.19,Moderate,Hot,Good
37,Male,79,2.22,Low,Cold,Poor
63,Male,96,3.46,High,Normal,Good
44,Male,88,3.96,Moderate,Hot,Good
64,Male,88,2.71,Low,Normal,Good
44,Female,96,3.65,Low,Hot,Good
21,Male,55,2.89,High,Hot,Good
26,Male,48,1.79,Moderate,Cold,Good
30,Male,92,3.1,Moderate,Cold,Good
55,Male,83,2.62,Moderate,Normal,Good
36,Male,102,3.83,High,Cold,Good
19,Female,54,1.58,Low,Cold,Poor
30,Female,102,4.35,Moderate,Hot,Good
31,Female,59,2.54,Low,Hot,Good
34,Female,68,2.38,High,Cold,Good
30,Male,106,5.26,High,Hot,Good
65,Female,60,2.25,Moderate,Normal,Good
49,Female,87,3.76,Moderate,Hot,Good
20,Male,56,3.07,High,Normal,Good
31,Male,103,4.97,High,Hot,Good
60,Male,93,3.52,High,Normal,Good
50,Male,74,2.87,Moderate,Cold,Good
32,Male,67,2.05,Low,Cold,Good
50,Female,89,3.33,Moderate,Normal,Good
24,Male,59,1.97,Moderate,Normal,Good
63,Male,108,4.2,High,Hot,Good
61,Female,73,1.84,Low,Cold,Poor
42,Male,96,3.35,Moderate,Cold,Good
36,Female,66,2.72,High,Cold,Good
25,Male,69,3.4,High,Normal,Good
51,Male,101,3.03,Moderate,Normal,Good
42,Male,52,1.92,High,Cold,Good
65,Female,105,3.79,Moderate,Hot,Good
39,Male,47,1.5,Low,Cold,Good
31,Female,80,2.48,Low,Normal,Good
58,Male,54,1.67,Moderate,Normal,Good
64,Female,109,3.51,High,Normal,Good
44,Male,49,1.74,Low,Normal,Good
46,Female,59,1.5,Low,Cold,Poor
54,Female,74,2.33,High,Cold,Good
20,Female,85,2.33,Low,Normal,Poor
19,Female,67,2.01,Low,Normal,Good
38,Female,60,1.5,Low,Cold,Poor
45,Female,71,3.19,Moderate,Hot,Good
69,Male,82,4.1,High,Hot,Good
35,Male,107,3.27,Low,Cold,Good
30,Male,84,4.12,High,Hot,Good
32,Female,87,4.04,Moderate,Hot,Good
21,Male,77,1.81,Low,Normal,Poor
68,Male,54,1.78,High,Cold,Good
58,Male,56,1.5,Low,Cold,Poor
47,Female,107,3.07,Low,Cold,Poor
29,Male,65,1.54,Low,Cold,Poor
26,Female,94,4.95,High,Hot,Good
42,Male,93,4.29,Moderate,Hot,Good
34,Male,69,2.02,Low,Normal,Poor
22,Female,49,2.97,High,Hot,Good
36,Male,67,2.28,Moderate,Normal,Good
47,Female,94,4.41,Moderate,Hot,Good
19,Female,58,2.0,Moderate,Cold,Good
43,Female,102,3.02,Low,Normal,Poor
32,Male,91,3.61,High,Cold,Good
31,Female,68,2.19,Moderate,Cold,Good
32,Female,78,2.08,Low,Normal,Poor
27,Male,67,2.83,High,Cold,Good
59,Female,109,3.73,Moderate,Hot,Good
49,Female,108,4.51,High,Normal,Good
32,Male,57,1.89,Moderate,Cold,Good
36,Male,68,3.33,Moderate,Hot,Good
28,Female,103,3.07,Moderate,Cold,Poor
27,Male,85,3.54,Moderate,Normal,Good
26,Female,96,4.14,High,Normal,Good
18,Male,61,3.07,High,Hot,Good
27,Female,107,3.73,Low,Hot,Good
46,Female,91,3.17,Low,Hot,Good
66,Male,97,4.31,Moderate,Hot,Good
27,Female,98,2.9,Moderate,Cold,Poor
48,Female,51,1.5,Moderate,Cold,Poor
27,Male,54,3.2,Moderate,Hot,Good
56,Male,72,1.78,Low,Cold,Poor
20,Female,87,2.5,Moderate,Cold,Poor
69,Male,100,3.51,High,Normal,Good
64,Female,53,1.5,Low,Hot,Poor
45,Male,67,2.62,Moderate,Cold,Good
57,Male,88,2.62,Low,Normal,Poor
68,Female,102,4.04,High,Hot,Good
50,Male,60,1.87,Moderate,Normal,Good
67,Female,74,2.08,Moderate,Normal,Poor
49,Female,101,3.73,High,Normal,Good
48,Female,53,1.5,Low,Cold,Poor
20,Male,79,2.7,High,Cold,Good
48,Female,96,3.63,Moderate,Hot,Good
52,Female,59,2.22,Moderate,Normal,Good
23,Female,76,2.75,Moderate,Cold,Good
50,Female,72,2.62,Low,Normal,Good
51,Male,108,4.72,High,Hot,Good
36,Female,59,1.7,Low,Cold,Poor
26,Male,82,2.37,Low,Normal,Poor
45,Male,95,2.76,Low,Cold,Poor
23,Female,102,2.8,Low,Normal,Poor
30,Male,87,4.0,High,Normal,Good
36,Male,65,2.4,Moderate,Cold,Good
36,Male,68,2.72,Low,Hot,Good
45,Male,73,2.62,Low,Hot,Good
61,Male,105,3.36,High,Cold,Good
21,Male,69,3.19,High,Cold,Good
64,Male,46,1.5,Moderate,Cold,Good
66,Male,70,3.41,Moderate,Hot,Good
44,Male,62,2.56,Low,Hot,Good
65,Male,47,2.85,High,Hot,Good
58,Female,81,4.1,High,Hot,Good
25,Female,82,3.91,High,Normal,Good
64,Male,54,2.1,Moderate,Hot,Good
66,Female,85,2.54,Moderate,Normal,Poor
22,Male,75,1.87,Low,Cold,Poor
56,Male,67,2.68,Moderate,Hot,Good
57,Female,50,1.5,Low,Cold,Good
53,Female,71,3.6,High,Hot,Good
34,Female,91,4.88,High,Hot,Good
63,Male,57,1.74,Low,Hot,Good
62,Male,68,2.1,Low,Normal,Good
59,Female,48,2.91,High,Hot,Good
35,Male,87,3.82,High,Hot,Good
46,Female,54,3.36,High,Hot,Good
48,Male,72,2.33,Moderate,Cold,Good
20,Male,99,2.63,Low,Normal,Poor
42,Male,59,3.94,High,Hot,Good
31,Female,108,3.96,Moderate,Hot,Good
53,Male,68,1.5,Low,Cold,Poor
55,Male,83,2.25,Low,Cold,Poor
43,Female,109,4.28,Low,Hot,Good
46,Male,45,2.88,Moderate,Hot,Good
63,Female,55,1.87,Low,Hot,Good
34,Male,80,3.58,Low,Hot,Good
43,Male,65,1.89,Low,Normal,Poor
28,Male,45,1.52,Low,Normal,Good
30,Female,100,4.24,High,Normal,Good
54,Female,91,2.68,Low,Hot,Poor
69,Male,91,2.53,Low,Cold,Poor
53,Male,76,1.82,Low,Cold,Poor
24,Female,86,3.71,Moderate,Hot,Good
67,Male,74,2.35,Moderate,Normal,Good
30,Female,45,2.34,Moderate,Normal,Good
50,Male,82,2.71,Low,Hot,Good
30,Male,103,4.17,Low,Hot,Good
54,Male,85,3.95,High,Hot,Good
66,Male,92,2.94,High,Cold,Good
64,Female,100,3.24,Moderate,Cold,Good
22,Female,50,1.5,Low,Normal,Good
42,Female,45,1.71,Low,Hot,Good
59,Male,47,1.97,Moderate,Hot,Good
60,Female,73,3.56,Moderate,Hot,Good
26,Female,100,4.33,Moderate,Hot,Good
63,Female,80,2.47,Moderate,Normal,Good
66,Female,104,3.93,Low,Hot,Good
20,Male,87,3.11,Low,Hot,Good
21,Male,94,3.47,High,Normal,Good
59,Male,59,1.74,Low,Normal,Poor
28,Female,64,1.5,Low,Normal,Poor
33,Female,109,4.29,Moderate,Hot,Good
26,Male,61,3.14,Moderate,Hot,Good
45,Male,105,4.56,High,Hot,Good
68,Female,71,3.77,High,Hot,Good
48,Female,56,1.5,Low,Cold,Poor
49,Female,76,2.64,Low,Normal,Good
62,Female,97,2.39,Moderate,Cold,Poor
38,Female,51,2.65,High,Cold,Good
69,Female,75,3.29,High,Hot,Good
37,Female,80,3.43,High,Cold,Good
34,Male,74,2.04,Moderate,Cold,Poor
55,Male,66,2.56,High,Cold,Good
65,Male,71,2.66,High,Normal,Good
66,Female,79,3.27,Moderate,Hot,Good
33,Female,70,1.5,Low,Cold,Poor
36,Female,89,2.89,Low,Normal,Good
45,Female,109,3.92,Moderate,Normal,Good
60,Female,81,1.52,Low,Cold,Poor
57,Male,82,3.01,Moderate,Hot,Good
26,Male,105,3.46,High,Cold,Good
19,Female,87,3.53,High,Normal,Good
30,Male,101,2.79,Low,Normal,Poor
41,Male,74,2.12,Low,Normal,Poor
36,Male,51,1.62,Moderate,Normal,Good
62,Female,98,4.01,High,Hot,Good
35,Male,105,3.21,Low,Normal,Good
67,Female,75,1.5,Low,Cold,Poor
33,Female,55,1.64,Moderate,Cold,Poor
24,Male,75,2.47,High,Cold,Good
63,Male,91,2.99,Moderate,Normal,Good
60,Female,63,2.22,High,Normal,Good
43,Male,50,1.89,Moderate,Cold,Good
26,Male,94,3.45,Moderate,Normal,Good
29,Female,67,1.98,Low,Normal,Poor
22,Female,103,3.26,Low,Normal,Good
41,Male,99,3.74,Moderate,Hot,Good
56,Female,99,3.23,Low,Hot,Good
18,Male,65,2.95,Moderate,Hot,Good
69,Male,87,1.81,Low,Cold,Poor
66,Female,88,3.66,High,Hot,Good
57,Male,72,2.98,Moderate,Hot,Good
68,Male,97,3.18,High,Cold,Good
34,Female,91,4.82,High,Hot,Good
40,Male,62,1.5,Low,Cold,Poor
48,Male,103,3.81,Moderate,Hot,Good
20,Male,81,2.49,Low,Cold,Good
42,Male,77,2.85,High,Normal,Good
46,Female,48,1.5,Low,Cold,Good
67,Female,77,2.85,High,Normal,Good
20,Female,67,3.38,High,Hot,Good
54,Female,87,3.21,Moderate,Hot,Good
43,Male,85,3.21,Low,Hot,Good
55,Female,55,2.42,High,Cold,Good
64,Male,104,4.3,High,Normal,Good
69,Male,105,3.87,Moderate,Hot,Good
63,Male,93,3.54,High,Cold,Good
66,Female,101,3.27,High,Normal,Good
61,Female,60,3.26,High,Hot,Good
55,Female,56,2.03,Moderate,Normal,Good
55,Male,83,2.02,Low,Normal,Poor
46,Male,75,3.32,Low,Hot,Good
42,Male,90,2.6,Low,Cold,Poor
69,Male,54,1.66,High,Cold,Good
58,Male,47,1.71,High,Normal,Good
69,Female,78,3.47,Moderate,Hot,Good
36,Male,57,1.59,Low,Cold,Poor
50,Female,105,4.16,Low,Hot,Good
41,Male,107,3.81,Low,Hot,Good
40,Female,74,3.69,High,Hot,Good
49,Female,100,3.8,Low,Hot,Good
50,Female,96,3.09,Moderate,Cold,Good
22,Male,77,1.79,Low,Cold,Poor
55,Female,70,2.18,Moderate,Cold,Good
56,Male,98,4.22,Moderate,Hot,Good
50,Male,77,2.7,High,Cold,Good
33,Male,65,2.64,High,Cold,Good
43,Male,106,2.72,Low,Cold,Poor
59,Female,56,1.5,Low,Cold,Poor
26,Female,47,1.5,Moderate,Cold,Good
43,Male,53,2.45,Low,Hot,Good
33,Male,47,1.63,Low,Normal,Good
67,Male,68,1.79,Low,Cold,Poor
19,Male,65,1.77,Moderate,Cold,Poor
64,Female,66,3.38,High,Hot,Good
49,Male,108,3.94,Moderate,Normal,Good
56,Female,86,3.61,High,Normal,Good
42,Female,46,2.35,Low,Hot,Good
37,Female,61,2.81,High,Cold,Good
55,Male,47,1.5,Low,Cold,Good
35,Female,70,2.3,Moderate,Cold,Good
25,Male,81,2.58,Moderate,Cold,Good
50,Female,71,2.34,Moderate,Cold,Good
39,Male,81,2.74,Low,Hot,Good
50,Female,75,3.45,Moderate,Hot,Good
29,Male,55,3.27,Moderate,Hot,Good
49,Male,101,3.85,Moderate,Normal,Good
39,Male,63,2.04,Low,Cold,Good
31,Male,77,4.26,High,Hot,Good
21,Female,87,4.03,High,Normal,Good
69,Male,63,2.68,Moderate,Hot,Good
26,Male,53,1.5,Low,Cold,Poor
34,Male,88,4.02,Moderate,Hot,Good
25,Male,62,2.38,Moderate,Cold,Good
50,Female,45,1.79,Moderate,Normal,Good
58,Female,99,2.92,Low,Hot,Poor
33,Female,62,2.86,Moderate,Normal,Good
18,Male,98,3.35,High,Cold,Good
20,Female,69,2.3,Low,Normal,Good
57,Male,94,2.8,Moderate,Cold,Poor
50,Female,62,2.2,Low,Normal,Good
56,Female,60,3.47,High,Hot,Good
64,Female,82,3.67,Moderate,Hot,Good
31,Female,97,2.79,Moderate,Cold,Poor
42,Male,76,2.88,High,Cold,Good
33,Female,96,3.22,Moderate,Cold,Good
29,Female,61,1.96,Low,Cold,Good
44,Female,57,2.77,High,Cold,Good
22,Male,56,2.04,Low,Hot,Good
52,Female,77,1.72,Low,Cold,Poor
67,Female,100,3.59,Moderate,Normal,Good
58,Female,94,3.33,Moderate,Hot,Good
44,Male,89,4.47,High,Hot,Good
51,Male,90,4.08,Moderate,Hot,Good
31,Female,67,2.93,Moderate,Normal,Good
67,Female,105,2.91,Moderate,Normal,Poor
27,Female,60,1.5,Low,Cold,Poor
54,Male,105,3.61,Moderate,Normal,Good
34,Male,93,2.61,Low,Normal,Poor
19,Female,94,2.47,Low,Normal,Poor
39,Male,87,4.12,Moderate,Hot,Good
18,Female,56,2.6,High,Cold,Good
30,Male,85,3.89,Moderate,Hot,Good
24,Male,74,3.28,Moderate,Hot,Good
42,Female,63,2.23,Moderate,Cold,Good
19,Female,54,2.99,High,Normal,Good
32,Male,76,3.54,Moderate,Hot,Good
63,Male,87,3.5,High,Cold,Good
53,Male,70,2.73,Moderate,Normal,Good
50,Male,73,2.18,Moderate,Cold,Poor
18,Male,47,1.78,High,Cold,Good
53,Female,79,2.83,High,Cold,Good
20,Male,74,3.49,High,Normal,Good
28,Female,87,3.12,Low,Hot,Good
55,Female,84,3.06,Moderate,Normal,Good
27,Male,63,3.27,High,Normal,Good
60,Female,59,1.5,Low,Normal,Poor
60,Female,80,1.56,Low,Cold,Poor
30,Female,77,1.61,Low,Cold,Poor
31,Male,58,2.43,Moderate,Normal,Good
56,Male,91,3.64,High,Hot,Good
47,Male,53,1.5,Low,Cold,Poor
31,Male,104,4.6,High,Hot,Good
27,Female,81,1.77,Low,Cold,Poor
23,Female,105,3.64,Low,Normal,Good
67,Female,63,1.97,Low,Hot,Good
49,Female,66,2.55,Moderate,Normal,Good
19,Male,84,3.77,High,Hot,Good
28,Female,99,3.43,Moderate,Normal,Good
25,Female,53,3.1,Moderate,Hot,Good
33,Female,103,3.02,Low,Cold,Poor
25,Male,58,1.5,Low,Cold,Poor
61,Female,100,3.14,Moderate,Cold,Good
68,Male,76,2.86,High,Normal,Good
19,Female,69,1.62,Low,Normal,Poor
19,Female,86,3.44,High,Cold,Good
29,Male,53,2.41,Moderate,Normal,Good
45,Female,82,2.91,Low,Hot,Good
63,Female,105,2.65,Low,Cold,Poor
35,Female,59,2.05,Low,Hot,Good
30,Male,87,3.32,Moderate,Normal,Good
24,Male,61,2.06,Moderate,Cold,Good
39,Male,99,4.51,Moderate,Hot,Good
30,Female,91,3.77,Moderate,Hot,Good
46,Female,66,1.93,Moderate,Cold,Poor
65,Male,49,1.7,High,Cold,Good
27,Male,90,3.8,Low,Hot,Good
30,Male,54,1.5,Low,Cold,Poor
25,Male,69,2.91,High,Cold,Good
64,Male,84,2.51,Moderate,Normal,Poor
40,Male,90,2.82,Low,Cold,Good
38,Female,45,2.94,High,Hot,Good
50,Male,48,2.04,Moderate,Normal,Good
44,Male,96,3.08,Moderate,Normal,Good
45,Female,99,4.85,High,Hot,Good
40,Male,60,2.8,Low,Hot,Good
22,Female,85,2.92,Moderate,Cold,Good
64,Male,75,2.67,Moderate,Normal,Good
47,Female,62,2.32,High,Cold,Good
52,Male,70,3.22,High,Hot,Good
66,Female,104,4.0,Moderate,Hot,Good
42,Male,100,4.06,Moderate,Hot,Good
19,Female,83,2.6,Low,Cold,Good
60,Male,107,3.76,High,Normal,Good
34,Female,83,3.21,Moderate,Normal,Good
52,Female,79,2.75,High,Normal,Good
61,Male,69,2.18,Moderate,Normal,Good
37,Male,48,1.5,Low,Cold,Good
64,Male,45,1.5,Low,Normal,Good
39,Male,106,4.52,High,Normal,Good
31,Male,106,4.12,Moderate,Hot,Good
30,Female,79,2.7,High,Cold,Good
64,Male,95,2.92,Low,Normal,Good
35,Female,51,3.14,Moderate,Hot,Good
58,Male,86,4.18,High,Hot,Good
32,Male,104,3.92,High,Normal,Good
60,Female,81,2.75,Low,Hot,Good
65,Female,99,2.1,Low,Cold,Poor
58,Female,100,4.03,Moderate,Hot,Good
23,Female,76,3.66,High,Hot,Good
67,Female,62,2.54,Moderate,Normal,Good
26,Male,51,1.83,Moderate,Cold,Good
60,Female,51,2.87,Moderate,Hot,Good
20,Female,61,2.57,High,Cold,Good
63,Male,96,2.8,Moderate,Normal,Poor
69,Female,50,1.5,Moderate,Cold,Good
28,Male,61,1.54,Low,Cold,Poor
52,Male,75,2.64,Low,Hot,Good
52,Male,60,1.58,Moderate,Cold,Poor
35,Male,106,3.03,Moderate,Cold,Poor
58,Male,71,2.13,Low,Normal,Good
69,Male,89,2.06,Low,Cold,Poor
45,Female,53,2.19,Low,Hot,Good
38,Male,96,3.49,High,Cold,Good
50,Male,95,3.13,Low,Normal,Good
40,Male,88,3.38,Moderate,Hot,Good
46,Female,69,2.38,Low,Normal,Good
45,Female,91,4.74,High,Hot,Good
55,Male,55,1.59,Moderate,Cold,Poor
18,Female,51,2.73,High,Hot,Good
49,Female,73,1.84,Low,Cold,Poor
62,Female,56,2.85,High,Normal,Good
37,Male,95,2.86,Moderate,Cold,Good
20,Female,45,1.5,Moderate,Cold,Good
64,Female,84,2.39,Moderate,Normal,Poor
31,Female,50,1.95,Moderate,Normal,Good
36,Female,73,3.69,High,Normal,Good
32,Male,68,2.1,Moderate,Cold,Good
27,Male,98,3.34,Low,Normal,Good
66,Female,61,3.11,High,Hot,Good
61,Male,89,2.69,Moderate,Cold,Good
63,Male,99,3.03,Moderate,Cold,Good
19,Female,80,2.57,Moderate,Normal,Good
43,Male,82,4.55,High,Hot,Good
33,Female,87,2.65,Moderate,Normal,Good
24,Female,68,1.67,Low,Normal,Poor
21,Female,88,3.17,High,Normal,Good
46,Male,74,2.52,Moderate,Cold,Good
36,Female,70,2.53,High,Cold,Good
47,Male,97,3.27,High,Cold,Good
60,Male,51,1.5,Moderate,Cold,Poor
26,Male,85,4.48,High,Hot,Good
32,Female,98,4.34,High,Hot,Good
46,Male,71,3.55,High,Hot,Good
37,Male,108,3.22,Low,Cold,Poor
46,Male,79,3.87,High,Hot,Good
25,Male,73,1.53,Low,Cold,Poor
47,Female,65,1.72,Low,Normal,Poor
19,Female,94,2.94,Moderate,Normal,Good
51,Male,47,2.02,Moderate,Hot,Good
21,Male,69,1.99,Low,Cold,Poor
59,Female,55,1.95,High,Normal,Good
43,Male,67,2.87,High,Normal,Good
65,Male,64,3.08,High,Hot,Good
41,Female,75,2.29,Moderate,Normal,Good
31,Female,48,1.98,Moderate,Cold,Good
53,Male,79,2.79,High,Cold,Good
25,Male,50,1.5,Low,Cold,Good
27,Male,65,2.86,Moderate,Hot,Good
40,Male,47,1.95,Low,Hot,Good
27,Male,73,2.64,Moderate,Normal,Good
68,Female,90,3.11,High,Normal,Good
37,Male,105,4.13,Low,Hot,Good
24,Female,55,3.2,High,Hot,Good
35,Male,107,4.26,Low,Hot,Good
20,Female,54,3.35,High,Hot,Good
24,Male,61,2.49,High,Cold,Good
67,Female,70,1.71,Low,Cold,Poor
50,Male,106,4.19,Low,Hot,Good
48,Female,79,4.04,High,Hot,Good
29,Female,69,3.48,Moderate,Hot,Good
29,Female,107,4.51,High,Normal,Good
18,Male,95,3.39,High,Cold,Good
21,Female,49,1.5,Low,Normal,Good
45,Male,83,3.32,High,Cold,Good
69,Female,48,3.29,High,Hot,Good
38,Female,100,2.51,Low,Normal,Poor
24,Female,93,3.11,Low,Normal,Good
37,Male,78,3.06,Moderate,Normal,Good
19,Female,107,4.24,Low,Hot,Good
39,Male,102,3.17,Low,Normal,Good
32,Male,54,1.5,Low,Normal,Poor
46,Male,101,3.04,Moderate,Cold,Good
34,Male,104,3.03,Moderate,Cold,Poor
53,Female,80,2.76,Moderate,Normal,Good
50,Male,66,2.55,High,Cold,Good
69,Male,50,2.53,High,Hot,Good
41,Female,47,1.5,Low,Normal,Good
18,Female,96,3.9,Low,Hot,Good
29,Female,58,2.83,Moderate,Hot,Good
60,Male,72,2.96,High,Normal,Good
68,Female,101,3.42,Low,Hot,Good
19,Female,94,2.82,Low,Normal,Good
33,Male,98,4.11,Low,Hot,Good
34,Male,66,3.51,High,Hot,Good
19,Male,83,3.0,High,Cold,Good
36,Female,60,2.59,Low,Hot,Good
65,Male,62,2.05,Low,Normal,Good
38,Female,55,1.83,Low,Cold,Good
21,Female,69,1.91,Low,Normal,Poor
47,Male,89,3.43,High,Normal,Good
53,Female,95,2.57,Low,Normal,Poor
29,Female,46,2.44,High,Normal,Good
22,Male,96,4.76,High,Hot,Good
22,Male,103,3.49,Moderate,Normal,Good
26,Female,66,3.08,Moderate,Hot,Good
33,Female,105,2.99,Low,Cold,Poor
23,Female,106,3.63,Low,Normal,Good
23,Female,107,2.72,Low,Cold,Poor
64,Male,103,2.52,Low,Cold,Poor
21,Female,92,2.87,Moderate,Normal,Good
68,Female,96,3.28,High,Cold,Good
51,Female,80,2.73,High,Normal,Good
63,Female,60,2.27,High,Cold,Good
36,Female,85,3.69,High,Cold,Good
47,Male,98,2.19,Low,Cold,Poor
36,Female,106,3.12,Low,Normal,Poor
18,Female,72,2.66,Moderate,Cold,Good
57,Male,63,2.09,High,Cold,Good
23,Female,45,2.29,Moderate,Hot,Good
68,Male,69,2.84,Low,Hot,Good
60,Male,54,1.61,Moderate,Normal,Poor
50,Male,61,3.97,High,Hot,Good
27,Female,75,3.32,Low,Hot,Good
34,Female,94,3.66,High,Normal,Good
43,Male,73,3.58,Moderate,Hot,Good
33,Female,55,2.83,High,Normal,Good
52,Male,77,2.15,Low,Cold,Poor
30,Male,108,5.39,High,Hot,Good
42,Female,78,3.41,High,Cold,Good
37,Female,51,2.49,Low,Hot,Good
54,Female,73,2.95,High,Normal,Good
34,Female,92,3.47,High,Cold,Good
65,Male,56,2.81,Moderate,Hot,Good
51,Male,51,2.68,High,Hot,Good
32,Female,109,2.94,Low,Normal,Poor
42,Female,103,4.42,High,Hot,Good
39,Female,50,2.2,Moderate,Hot,Good
41,Male,65,1.98,Low,Normal,Good
46,Female,76,2.23,Moderate,Cold,Poor
22,Female,106,4.01,Low,Hot,Good
35,Female,100,3.72,Moderate,Hot,Good
30,Male,106,4.21,Moderate,Hot,Good
22,Female,47,2.13,High,Normal,Good
54,Male,47,2.52,High,Normal,Good
69,Male,72,2.04,Low,Cold,Poor
35,Female,80,2.51,Moderate,Cold,Good
43,Female,92,3.21,High,Cold,Good
57,Male,51,2.04,High,Cold,Good
48,Female,103,4.05,High,Cold,Good
65,Female,75,2.77,Moderate,Normal,Good
27,Male,83,3.29,High,Cold,Good
54,Male,92,3.98,Moderate,Hot,Good
69,Female,98,2.96,Low,Normal,Good
28,Female,73,2.98,Low,Hot,Good
26,Male,92,3.62,Moderate,Hot,Good
48,Female,61,2.23,Moderate,Normal,Good
50,Female,78,2.68,Moderate,Normal,Good
26,Female,51,3.6,High,Hot,Good
56,Female,50,2.99,High,Hot,Good
28,Female,105,2.87,Moderate,Cold,Poor
30,Male,56,2.69,High,Normal,Good
27,Male,64,2.81,High,Cold,Good
45,Female,81,2.4,Low,Cold,Poor
29,Female,84,3.42,High,Cold,Good
67,Female,85,2.77,High,Normal,Good
59,Female,53,2.3,High,Normal,Good
39,Female,91,3.35,High,Normal,Good
18,Male,88,3.4,Moderate,Normal,Good
68,Male,63,1.85,Low,Normal,Poor
68,Female,86,2.77,Low,Normal,Good
43,Female,57,2.27,Moderate,Cold,Good
20,Male,47,1.98,Moderate,Cold,Good
44,Female,102,4.62,Moderate,Hot,Good
44,Male,96,3.51,High,Normal,Good
41,Female,53,2.23,Low,Hot,Good
47,Male,97,4.24,High,Hot,Good
61,Female,65,2.21,Moderate,Cold,Good
56,Female,106,3.76,Moderate,Hot,Good
22,Male,58,3.07,High,Hot,Good
59,Male,94,2.62,Moderate,Cold,Poor
21,Female,61,3.49,High,Hot,Good
43,Female,92,3.81,High,Normal,Good
44,Male,77,3.56,High,Normal,Good
64,Female,50,1.5,Low,Normal,Good
24,Female,78,3.19,Low,Hot,Good
31,Female,60,1.55,Moderate,Cold,Poor
26,Male,56,3.01,High,Normal,Good
36,Female,85,4.28,High,Hot,Good
23,Male,103,3.25,Moderate,Normal,Good
41,Female,60,2.73,Moderate,Hot,Good
23,Female,81,3.15,Low,Hot,Good
51,Female,82,3.13,Moderate,Normal,Good
34,Male,58,1.89,Moderate,Cold,Good
68,Female,109,3.65,High,Cold,Good
48,Female,74,4.03,High,Hot,Good
35,Male,74,3.71,High,Hot,Good
28,Female,71,3.13,High,Normal,Good
56,Male,62,2.38,High,Normal,Good
41,Female,56,2.71,Low,Hot,Good
48,Female,66,3.16,High,Cold,Good
30,Male,69,2.74,Low,Hot,Good
63,Female,51,2.0,Moderate,Normal,Good
41,Male,63,3.14,High,Normal,Good
68,Male,53,1.85,High,Normal,Good
53,Female,84,1.87,Low,Cold,Poor
41,Female,92,2.92,Low,Cold,Good
59,Female,89,2.92,Moderate,Cold,Good
31,Female,73,2.9,High,Normal,Good
24,Male,81,3.17,High,Normal,Good
40,Female,82,2.68,Moderate,Cold,Good
21,Female,88,2.49,Low,Normal,Poor
40,Female,104,4.28,Low,Hot,Good
25,Female,85,1.9,Low,Cold,Poor
22,Male,58,2.87,High,Normal,Good
43,Female,102,3.57,High,Cold,Good
68,Male,49,1.5,Moderate,Cold,Good
33,Male,45,1.58,Low,Hot,Good
28,Female,97,2.67,Moderate,Cold,Poor
57,Female,76,4.14,High,Hot,Good
31,Male,47,1.5,Low,Normal,Good
44,Male,106,4.63,Moderate,Hot,Good
62,Male,69,1.73,Moderate,Cold,Poor
61,Male,90,3.58,Low,Hot,Good
65,Female,58,1.88,Low,Hot,Good
35,Male,51,1.63,Low,Cold,Good
66,Female,99,3.09,Low,Normal,Good
32,Female,101,3.43,Low,Hot,Good
41,Male,60,1.83,Moderate,Cold,Good
40,Male,89,3.27,Moderate,Cold,Good
66,Male,98,3.64,Low,Hot,Good
47,Male,97,3.55,Low,Hot,Good
44,Female,91,3.52,High,Normal,Good
23,Male,99,3.19,Moderate,Normal,Good
35,Male,60,2.24,Moderate,Normal,Good
62,Female,108,4.01,Low,Hot,Good
46,Male,66,3.83,High,Hot,Good
56,Female,91,3.02,High,Cold,Good
62,Male,53,2.21,High,Normal,Good
53,Female,57,1.65,High,Cold,Poor
54,Male,80,2.11,Low,Cold,Poor
57,Female,84,3.36,Low,Hot,Good
44,Male,45,3.53,High,Hot,Good
21,Female,65,3.29,High,Hot,Good
18,Male,47,2.33,High,Normal,Good
32,Male,98,3.87,Moderate,Normal,Good
46,Male,103,3.08,Low,Cold,Poor
34,Male,104,3.74,Moderate,Cold,Good
34,Female,95,3.5,Moderate,Normal,Good
24,Male,86,2.33,Moderate,Cold,Poor
61,Male,92,3.07,Low,Hot,Good
38,Male,64,1.5,Low,Cold,Poor
30,Male,95,4.04,Moderate,Hot,Good
38,Male,81,2.56,Moderate,Cold,Good
43,Female,52,1.5,Low,Cold,Poor
21,Female,65,2.33,Moderate,Cold,Good
57,Male,69,3.18,High,Normal,Good
52,Female,93,3.4,High,Normal,Good
54,Male,101,3.58,Moderate,Hot,Good
45,Male,105,3.14,Moderate,Cold,Poor
37,Male,78,3.42,Low,Hot,Good
41,Female,64,1.79,Low,Cold,Poor
47,Female,51,2.37,High,Normal,Good
33,Female,96,2.88,Low,Cold,Good
40,Male,56,1.5,Low,Normal,Poor
65,Female,59,3.13,Moderate,Hot,Good
60,Female,93,4.1,High,Hot,Good
31,Female,86,3.46,High,Cold,Good
32,Male,107,3.0,Low,Normal,Poor
40,Female,97,3.33,Moderate,Normal,Good
26,Female,97,4.79,High,Hot,Good
69,Female,87,3.35,High,Normal,Good
59,Male,48,2.24,Low,Hot,Good
28,Female,85,2.94,Moderate,Normal,Good
21,Female,46,1.86,Low,Hot,Good
67,Male,65,1.62,Moderate,Cold,Poor
35,Male,53,1.85,Low,Hot,Good
43,Female,47,1.5,Low,Cold,Good
48,Male,93,4.09,High,Normal,Good
40,Male,78,4.3,High,Hot,Good
22,Male,59,2.44,Moderate,Normal,Good
36,Male,72,2.67,High,Normal,Good
21,Male,75,3.11,High,Cold,Good
62,Female,81,1.5,Low,Cold,Poor
34,Female,109,4.13,Low,Hot,Good
43,Female,97,4.32,Moderate,Hot,Good
40,Female,74,2.07,Moderate,Cold,Poor
61,Female,108,2.77,Low,Cold,Poor
58,Female,100,3.54,High,Cold,Good
37,Male,91,2.26,Low,Cold,Poor
18,Female,46,1.5,Low,Normal,Good
31,Female,56,2.94,High,Normal,Good
46,Male,59,1.61,Low,Cold,Poor
18,Male,104,2.8,Low,Normal,Poor
20,Female,62,2.08,Low,Hot,Good
51,Male,104,3.78,Moderate,Hot,Good
25,Female,63,2.86,High,Normal,Good
59,Male,66,3.27,Moderate,Hot,Good
55,Female,79,4.08,High,Hot,Good
20,Male,54,2.12,Moderate,Normal,Good
28,Male,68,2.67,Low,Hot,Good
54,Female,48,1.5,Moderate,Cold,Good
66,Male,81,3.26,Low,Hot,Good
18,Male,104,3.03,Low,Normal,Poor
38,Female,55,3.12,Moderate,Hot,Good
61,Male,88,3.42,High,Normal,Good
51,Female,69,2.42,Low,Hot,Good
69,Male,60,3.15,Moderate,Hot,Good
19,Male,79,2.84,Low,Normal,Good
36,Male,103,3.99,Moderate,Normal,Good
68,Female,52,1.72,Low,Normal,Good
20,Male,82,2.13,Low,Normal,Poor
40,Male,67,2.24,High,Cold,Good
36,Male,72,3.08,Moderate,Hot,Good
64,Female,48,2.39,Moderate,Hot,Good
20,Female,51,2.4,Moderate,Hot,Good
48,Female,63,1.8,Low,Cold,Poor
45,Male,63,2.23,Low,Hot,Good
37,Female,57,2.22,Moderate,Cold,Good
28,Male,92,3.37,Moderate,Normal,Good
67,Male,72,2.48,High,Cold,Good
39,Male,83,1.88,Low,Cold,Poor
61,Female,86,2.64,Moderate,Cold,Good
29,Male,46,1.5,Low,Normal,Good
27,Female,54,1.95,Moderate,Cold,Good
55,Female,101,3.08,Moderate,Cold,Good
61,Male,81,3.04,Moderate,Normal,Good
32,Male,84,3.16,Moderate,Normal,Good
61,Female,104,4.04,High,Normal,Good
65,Female,63,2.64,High,Cold,Good
50,Female,88,3.33,Moderate,Normal,Good
54,Female,80,2.41,Moderate,Normal,Good
38,Female,46,1.5,Low,Normal,Good
50,Female,74,2.59,Low,Normal,Good
29,Female,95,3.45,High,Cold,Good
69,Female,68,3.3,High,Hot,Good
28,Female,57,1.5,Low,Cold,Poor
27,Male,108,4.42,High,Cold,Good
26,Female,72,2.81,Low,Hot,Good
60,Male,52,1.5,Low,Normal,Poor
64,Male,79,2.69,Low,Hot,Good
32,Male,46,1.5,Low,Cold,Good
29,Male,108,3.06,Low,Cold,Poor
53,Male,91,3.84,Moderate,Hot,Good
61,Female,108,2.69,Low,Normal,Poor
31,Female,72,3.12,Moderate,Normal,Good
27,Female,80,2.49,Moderate,Cold,Good
42,Female,92,3.5,Moderate,Normal,Good
47,Female,65,2.26,Low,Normal,Good
48,Female,70,1.89,Low,Cold,Poor
38,Female,45,1.58,Low,Hot,Good
38,Female,90,2.74,Low,Normal,Good
64,Female,103,4.05,Moderate,Hot,Good
29,Male,108,3.39,Low,Cold,Good
33,Male,49,2.4,Moderate,Hot,Good
57,Female,58,2.28,High,Normal,Good
59,Male,96,2.9,Moderate,Normal,Good
62,Female,73,2.46,Moderate,Normal,Good
25,Female,67,3.01,High,Normal,Good
52,Male,97,1.92,Low,Cold,Poor
22,Male,60,2.56,Moderate,Hot,Good
55,Female,96,2.9,Moderate,Normal,Good
19,Female,45,2.21,Moderate,Hot,Good
46,Male,88,3.4,High,Normal,Good
61,Male,94,3.27,Low,Hot,Good
25,Female,64,2.03,Moderate,Cold,Good
22,Male,85,3.29,Moderate,Hot,Good
33,Male,89,2.78,Low,Normal,Good
24,Male,71,2.37,Low,Hot,Good
61,Female,77,1.8,Low,Normal,Poor
37,Female,80,3.21,High,Normal,Good
65,Female,83,2.27,Moderate,Normal,Poor
39,Female,98,3.08,Moderate,Normal,Good
33,Male,76,2.61,Moderate,Normal,Good
23,Female,97,3.45,High,Cold,Good
29,Male,100,3.42,Moderate,Cold,Good
35,Male,108,3.94,High,Cold,Good
57,Male,74,2.4,Moderate,Cold,Good
58,Female,57,2.46,High,Cold,Good
47,Male,69,2.35,Low,Hot,Good
53,Male,62,2.95,High,Hot,Good
59,Male,62,1.75,Low,Cold,Poor
49,Female,65,1.71,Moderate,Cold,Poor
66,Male,57,1.5,Moderate,Cold,Poor
26,Male,88,3.28,High,Cold,Good
25,Male,81,2.49,Moderate,Normal,Good
45,Male,90,3.02,Moderate,Cold,Good
24,Male,70,3.16,High,Cold,Good
63,Female,58,2.97,Moderate,Hot,Good
25,Male,47,2.06,High,Cold,Good
46,Male,62,3.28,High,Normal,Good
30,Female,91,2.33,Low,Normal,Poor
56,Female,103,3.14,Low,Hot,Good
64,Male,91,4.0,High,Hot,Good
30,Female,77,3.42,Low,Hot,Good
32,Male,60,1.66,Low,Normal,Poor
55,Female,50,1.9,Moderate,Normal,Good
32,Male,48,2.24,Moderate,Hot,Good
21,Male,78,2.01,Low,Normal,Poor
49,Male,53,1.59,Low,Normal,Good
25,Male,77,3.59,High,Hot,Good
29,Female,101,3.89,Moderate,Hot,Good
21,Female,94,4.63,High,Hot,Good
31,Male,74,4.11,High,Hot,Good
29,Male,85,2.9,Low,Hot,Good
67,Female,46,1.5,Low,Hot,Good
31,Male,50,1.72,Moderate,Normal,Good
57,Male,105,4.88,High,Hot,Good
66,Male,57,1.5,Low,Normal,Poor
65,Male,103,3.61,High,Cold,Good
33,Male,82,2.68,Low,Normal,Good
40,Female,58,1.9,Moderate,Normal,Good
40,Female,104,2.73,Low,Normal,Poor
30,Female,50,2.37,Low,Hot,Good
67,Female,96,2.67,Moderate,Normal,Poor
25,Male,78,3.3,Low,Hot,Good
53,Female,104,3.43,High,Normal,Good
63,Male,66,3.69,High,Hot,Good
62,Female,99,3.09,High,Cold,Good
22,Male,57,2.46,High,Normal,Good
37,Female,106,4.0,Moderate,Normal,Good
41,Female,51,3.5,High,Hot,Good
21,Male,86,3.34,High,Cold,Good
67,Female,59,2.69,Moderate,Hot,Good
26,Female,97,4.67,High,Hot,Good
66,Female,53,1.73,Moderate,Cold,Good
55,Female,66,1.5,Low,Normal,Poor
66,Male,59,1.94,High,Cold,Good
47,Male,64,2.09,Moderate,Normal,Good
61,Female,51,1.8,High,Cold,Good
62,Female,55,2.46,High,Normal,Good
29,Female,95,4.29,High,Normal,Good
67,Female,61,3.19,High,Hot,Good
46,Female,95,3.73,High,Cold,Good
21,Female,72,1.96,Low,Normal,Poor
29,Female,97,3.28,High,Cold,Good
34,Female,84,3.33,Moderate,Hot,Good
49,Female,81,1.67,Low,Cold,Poor
29,Male,105,4.04,High,Cold,Good
32,Male,78,3.4,High,Normal,Good
65,Female,64,1.5,Moderate,Cold,Poor
22,Female,77,2.8,High,Cold,Good
31,Female,61,2.41,High,Normal,Good
50,Male,45,1.5,Low,Cold,Good
44,Female,103,4.21,High,Normal,Good
47,Female,67,1.89,Low,Cold,Poor
36,Female,95,2.46,Low,Normal,Poor
21,Female,86,2.65,Low,Cold,Good
51,Female,82,1.73,Low,Cold,Poor
65,Female,94,3.0,Low,Hot,Good
43,Female,63,2.22,Low,Normal,Good
37,Female,94,2.43,Low,Normal,Poor
34,Male,66,2.92,High,Cold,Good
27,Male,109,3.92,High,Normal,Good
25,Female,65,3.13,Low,Hot,Good
19,Male,92,3.42,High,Cold,Good
20,Female,98,3.84,High,Normal,Good
47,Male,70,2.32,Moderate,Cold,Good
27,Female,92,3.51,Low,Hot,Good
67,Female,98,3.46,High,Normal,Good
32,Male,62,2.5,Moderate,Cold,Good
40,Male,106,4.68,High,Hot,Good
52,Female,83,3.33,High,Cold,Good
41,Male,108,4.68,Moderate,Hot,Good
33,Female,60,1.68,Moderate,Cold,Poor
23,Female,57,2.64,Moderate,Normal,Good
26,Male,107,4.6,High,Normal,Good
44,Female,73,2.31,Moderate,Cold,Good
39,Female,108,3.78,Moderate,Cold,Good
51,Female,92,2.68,Moderate,Cold,Poor
32,Female,57,1.75,Moderate,Cold,Good
49,Female,89,3.0,Moderate,Normal,Good
18,Male,91,3.56,High,Normal,Good
22,Male,49,3.47,High,Hot,Good
68,Male,65,2.53,High,Normal,Good
35,Male,65,2.44,Moderate,Normal,Good
41,Male,104,4.23,High,Cold,Good
40,Male,66,2.06,Moderate,Cold,Good
23,Male,72,2.82,High,Normal,Good
56,Female,86,1.67,Low,Cold,Poor
33,Female,46,1.51,Low,Cold,Good
62,Female,109,2.9,Low,Normal,Poor
62,Male,104,3.76,Moderate,Normal,Good
46,Male,56,2.72,High,Normal,Good
20,Female,109,4.09,High,Cold,Good
41,Female,106,3.08,Low,Normal,Poor
25,Male,99,3.33,Low,Normal,Good
19,Female,83,2.59,Low,Cold,Good
18,Male,82,3.42,Moderate,Normal,Good
27,Female,103,4.28,High,Normal,Good
37,Male,61,3.07,Moderate,Hot,Good
40,Female,90,2.17,Low,Cold,Poor
63,Female,72,2.91,High,Normal,Good
43,Male,99,3.79,High,Normal,Good
46,Male,71,2.95,Low,Hot,Good
27,Male,65,2.38,Moderate,Cold,Good
20,Male,106,4.09,High,Normal,Good
19,Male,86,4.28,High,Hot,Good
59,Male,64,2.12,Moderate,Normal,Good
62,Female,86,2.69,High,Cold,Good
42,Female,93,2.73,Moderate,Cold,Poor
51,Male,62,2.99,High,Normal,Good
31,Male,84,2.24,Low,Normal,Poor
52,Female,86,3.63,High,Normal,Good
60,Male,109,2.3,Low,Cold,Poor
53,Male,51,1.5,Low,Normal,Poor
41,Male,72,3.63,Moderate,Hot,Good
34,Male,64,2.62,High,Normal,Good
43,Male,59,2.07,Low,Normal,Good
25,Female,57,2.22,High,Normal,Good
18,Female,75,1.92,Low,Normal,Poor
43,Female,100,3.4,Moderate,Cold,Good
68,Male,57,1.5,Moderate,Normal,Poor
30,Female,45,3.36,High,Hot,Good
64,Male,48,1.5,Low,Cold,Good
69,Female,54,2.33,High,Cold,Good
23,Male,71,3.16,Low,Hot,Good
69,Female,92,3.64,High,Normal,Good
50,Female,59,1.91,Moderate,Cold,Good
31,Male,47,2.51,Moderate,Hot,Good
63,Male,63,2.17,High,Cold,Good
22,Female,54,2.26,Moderate,Cold,Good
30,Female,95,2.37,Low,Normal,Poor
65,Female,68,1.89,Moderate,Cold,Poor
23,Female,84,3.01,Moderate,Cold,Good
61,Male,106,3.91,High,Normal,Good
21,Male,77,3.3,Moderate,Hot,Good
53,Female,98,2.29,Low,Cold,Poor
60,Female,56,2.4,High,Normal,Good
29,Male,85,3.87,High,Hot,Good
20,Female,47,2.37,Low,Hot,Good
40,Male,92,2.52,Moderate,Cold,Poor
41,Male,84,2.74,High,Cold,Good
28,Male,71,3.32,High,Normal,Good
65,Female,57,2.45,Low,Hot,Good
64,Male,72,2.35,Moderate,Normal,Good
35,Male,75,2.94,High,Cold,Good
63,Male,81,1.83,Low,Normal,Poor
42,Female,104,3.95,High,Cold,Good
48,Male,73,3.66,Moderate,Hot,Good
68,Male,82,1.83,Low,Normal,Poor
42,Male,59,2.7,High,Normal,Good
27,Male,61,2.07,Low,Hot,Good
28,Male,92,4.24,High,Hot,Good
31,Male,94,3.13,Moderate,Normal,Good
22,Male,51,2.19,Moderate,Normal,Good
31,Female,100,4.04,Moderate,Hot,Good
53,Female,92,2.5,Low,Normal,Poor
64,Male,80,2.38,High,Cold,Poor
46,Male,82,3.49,High,Cold,Good
65,Female,54,1.66,Low,Normal,Good
46,Female,48,2.46,High,Cold,Good
59,Male,57,1.96,Moderate,Normal,Good
35,Male,77,3.08,Low,Hot,Good
32,Male,101,3.66,Moderate,Normal,Good
23,Female,92,4.05,High,Hot,Good
50,Female,80,4.39,High,Hot,Good
38,Male,71,2.67,High,Cold,Good
54,Male,106,2.72,Moderate,Cold,Poor
43,Female,56,2.76,Low,Hot,Good
24,Male,81,3.98,High,Hot,Good
28,Male,45,1.92,Low,Hot,Good
69,Female,68,1.54,Moderate,Cold,Poor
34,Female,52,1.91,Moderate,Cold,Good
44,Female,96,2.79,Moderate,Cold,Poor
39,Female,60,2.62,Low,Hot,Good
35,Female,47,1.5,Low,Cold,Good
34,Male,51,1.91,High,Cold,Good
55,Female,91,2.4,Low,Cold,Poor
60,Male,73,2.53,High,Normal,Good
54,Male,49,3.09,High,Hot,Good
23,Male,46,2.78,Moderate,Hot,Good
60,Female,48,1.53,Moderate,Cold,Good
42,Female,53,2.55,High,Cold,Good
43,Female,92,4.96,High,Hot,Good
53,Male,45,1.87,High,Normal,Good
33,Male,95,3.46,High,Normal,Good
43,Female,99,3.67,High,Normal,Good
45,Male,97,3.7,Moderate,Normal,Good
61,Female,66,3.73,High,Hot,Good
66,Female,86,2.5,Moderate,Cold,Poor
36,Male,69,3.19,Moderate,Hot,Good
41,Female,68,1.52,Low,Cold,Poor
36,Female,94,4.55,High,Hot,Good
31,Male,97,3.9,Low,Hot,Good
49,Male,92,3.59,High,Cold,Good
59,Male,52,1.5,Low,Normal,Poor
29,Male,87,2.76,Low,Normal,Good
44,Male,107,3.92,Moderate,Hot,Good
44,Male,53,2.67,High,Normal,Good
18,Female,51,1.94,Low,Normal,Good
20,Male,54,1.66,Moderate,Cold,Good
38,Male,97,4.19,Moderate,Hot,Good
48,Male,101,3.26,Low,Normal,Good
39,Female,71,2.87,Low,Hot,Good
21,Female,67,2.03,Moderate,Normal,Good
59,Female,47,1.5,Low,Normal,Good
45,Male,107,3.21,Moderate,Cold,Good
27,Female,93,2.7,Low,Normal,Poor
66,Female,65,1.5,Moderate,Cold,Poor
40,Female,98,4.81,High,Hot,Good
66,Male,93,2.6,Moderate,Normal,Poor
46,Female,92,3.53,Moderate,Hot,Good
20,Female,46,1.5,Moderate,Cold,Good
55,Male,50,2.42,Moderate,Hot,Good
22,Male,100,3.05,Low,Normal,Good
49,Male,93,3.47,Moderate,Cold,Good
42,Female,104,3.41,Moderate,Normal,Good
45,Male,102,2.82,Moderate,Cold,Poor
22,Female,104,3.01,Moderate,Cold,Poor
28,Female,98,2.74,Low,Normal,Poor
62,Male,81,4.03,High,Hot,Good
65,Male,50,1.5,Moderate,Cold,Good
31,Male,92,3.34,High,Cold,Good
37,Male,57,1.5,Low,Normal,Poor
58,Female,76,3.4,Moderate,Hot,Good
31,Female,96,3.87,High,Cold,Good
25,Male,84,4.0,High,Hot,Good
33,Female,104,3.69,High,Normal,Good
27,Female,69,3.6,Moderate,Hot,Good
44,Female,77,2.35,Moderate,Cold,Good
59,Female,65,2.6,High,Normal,Good
21,Female,48,2.9,High,Hot,Good
47,Male,89,2.78,Low,Cold,Good
62,Male,67,1.5,Low,Cold,Poor
54,Male,92,3.34,Moderate,Normal,Good
55,Female,49,2.35,High,Cold,Good
68,Female,109,2.95,Moderate,Cold,Poor
62,Male,91,3.3,Low,Hot,Good
45,Male,54,1.5,Moderate,Cold,Poor
65,Female,79,2.38,Low,Hot,Good
64,Female,60,2.5,High,Normal,Good
53,Male,64,2.36,Moderate,Hot,Good
22,Male,89,2.85,Moderate,Normal,Good
22,Male,93,3.99,Moderate,Hot,Good
19,Male,83,4.15,High,Hot,Good
57,Female,98,3.2,Moderate,Normal,Good
29,Female,81,4.58,High,Hot,Good
32,Male,51,1.56,Moderate,Normal,Good
18,Female,88,3.18,Moderate,Normal,Good
30,Male,92,2.54,Moderate,Cold,Poor
34,Male,105,3.54,Low,Hot,Good
27,Male,73,2.91,Moderate,Normal,Good
34,Female,106,3.13,Moderate,Cold,Poor
30,Female,88,4.81,High,Hot,Good
44,Male,97,2.97,Moderate,Cold,Good
30,Female,88,3.23,High,Normal,Good
54,Male,101,4.38,Moderate,Hot,Good
40,Male,102,3.99,Moderate,Normal,Good
62,Female,73,2.73,Moderate,Normal,Good
65,Female,77,3.15,Moderate,Hot,Good
26,Female,53,1.5,Moderate,Cold,Poor
20,Female,80,3.25,High,Normal,Good
45,Male,88,2.5,Moderate,Cold,Poor
22,Male,84,3.12,High,Normal,Good
18,Male,62,1.67,Low,Normal,Poor
19,Male,49,2.5,High,Cold,Good
59,Female,49,2.16,High,Cold,Good
32,Female,52,2.64,High,Normal,Good
29,Female,65,2.61,Moderate,Normal,Good
44,Female,77,3.45,Moderate,Hot,Good
53,Female,84,2.41,Moderate,Cold,Poor
32,Female,45,2.65,High,Hot,Good
19,Female,109,3.32,Moderate,Normal,Good
33,Female,66,1.89,Low,Cold,Poor
64,Female,74,1.67,Moderate,Cold,Poor
38,Female,50,3.04,High,Hot,Good
60,Female,62,1.5,Low,Cold,Poor
41,Male,71,2.74,Low,Hot,Good
39,Male,68,3.03,High,Cold,Good
27,Male,84,3.24,High,Normal,Good
35,Female,74,3.42,Moderate,Hot,Good
27,Male,57,3.82,High,Hot,Good
21,Female,83,2.98,Moderate,Cold,Good
51,Female,105,3.41,Low,Hot,Good
32,Female,94,3.54,Moderate,Hot,Good
69,Male,83,3.63,Moderate,Hot,Good
66,Female,89,1.82,Low,Cold,Poor
45,Male,71,2.61,Low,Normal,Good
34,Female,106,3.97,High,Normal,Good
43,Male,68,1.73,Low,Normal,Poor
38,Female,91,3.4,High,Cold,Good
30,Female,47,1.67,Moderate,Cold,Good
36,Female,58,2.37,Low,Hot,Good
34,Male,89,4.83,High,Hot,Good
54,Male,89,2.16,Low,Normal,Poor
20,Female,47,1.83,Low,Normal,Good
59,Male,84,1.94,Moderate,Cold,Poor
41,Female,61,2.0,Low,Normal,Good
19,Male,88,3.15,Moderate,Normal,Good
19,Male,65,2.57,High,Cold,Good
52,Male,73,2.98,High,Normal,Good
54,Female,67,2.22,Moderate,Normal,Good
29,Female,92,3.48,High,Normal,Good
41,Female,91,4.17,High,Normal,Good
56,Male,50,1.76,Moderate,Normal,Good
27,Male,80,3.16,High,Normal,Good
58,Male,86,2.53,High,Cold,Poor
44,Female,77,2.52,Low,Normal,Good
46,Male,70,2.72,Low,Hot,Good
53,Male,46,2.53,High,Normal,Good
47,Male,71,2.64,Moderate,Normal,Good
67,Male,67,3.13,Moderate,Hot,Good
21,Male,58,2.06,Low,Normal,Good
30,Female,47,1.5,Low,Cold,Good
35,Female,91,3.81,Moderate,Hot,Good
43,Female,68,3.71,Moderate,Hot,Good
31,Male,57,2.53,High,Normal,Good
31,Male,70,2.15,Low,Normal,Good
57,Female,80,1.5,Low,Cold,Poor
18,Female,77,1.71,Low,Cold,Poor
69,Female,96,2.95,Moderate,Cold,Good
44,Male,58,1.61,Moderate,Cold,Poor
63,Male,54,2.32,High,Normal,Good
63,Female,62,2.98,High,Hot,Good
34,Female,102,3.24,Moderate,Cold,Good
54,Female,50,1.92,High,Normal,Good
53,Female,69,2.69,High,Cold,Good
31,Male,73,3.41,Moderate,Hot,Good
65,Female,49,1.63,High,Cold,Good
22,Female,101,3.11,Low,Normal,Good
33,Female,104,3.58,Moderate,Normal,Good
28,Male,47,2.45,Low,Hot,Good
54,Female,50,1.5,Moderate,Cold,Good
33,Female,87,2.63,Moderate,Normal,Good
20,Male,82,3.69,High,Hot,Good
61,Female,107,3.6,Moderate,Normal,Good
31,Female,81,3.28,High,Cold,Good
19,Male,88,2.92,Moderate,Cold,Good
55,Male,106,4.37,High,Normal,Good
33,Male,53,1.67,Low,Normal,Good
26,Female,103,3.94,Moderate,Hot,Good
29,Male,85,2.78,Low,Normal,Good
28,Male,55,2.97,High,Normal,Good
49,Female,50,1.5,Low,Cold,Good
56,Female,78,2.42,Low,Hot,Good
36,Male,75,1.96,Low,Cold,Poor
31,Female,81,2.32,Low,Normal,Poor
37,Female,94,4.79,High,Hot,Good
53,Male,71,1.5,Low,Cold,Poor
18,Female,61,2.41,High,Normal,Good
37,Female,89,4.45,High,Hot,Good
49,Female,89,2.36,Low,Cold,Poor
37,Female,82,3.03,Moderate,Cold,Good
22,Female,107,3.35,Moderate,Normal,Good
18,Male,68,2.37,High,Cold,Good
31,Male,69,2.36,Low,Normal,Good
24,Female,57,1.9,Low,Cold,Good
60,Female,101,3.54,Moderate,Hot,Good
31,Male,71,2.62,High,Cold,Good
54,Male,69,3.43,High,Hot,Good
21,Male,60,1.99,Low,Cold,Good
46,Female,95,3.33,Moderate,Normal,Good
61,Male,60,3.06,High,Hot,Good
19,Male,100,2.45,Low,Cold,Poor
45,Male,109,4.57,Moderate,Hot,Good
39,Female,57,2.6,Moderate,Normal,Good
58,Male,108,3.45,Moderate,Cold,Good
68,Male,102,3.67,High,Normal,Good
59,Male,107,3.23,Low,Hot,Good
18,Male,99,3.56,Moderate,Normal,Good
67,Female,70,1.56,Moderate,Cold,Poor
24,Female,90,2.76,Low,Cold,Good
55,Male,65,1.73,Moderate,Normal,Poor
25,Male,77,2.07,Low,Cold,Poor
23,Male,81,3.06,Low,Hot,Good
25,Female,57,1.5,Low,Normal,Poor
45,Male,102,3.08,Low,Normal,Good
36,Male,82,2.17,Low,Normal,Poor
19,Male,69,2.99,High,Normal,Good
28,Female,77,2.54,Low,Normal,Good
47,Male,78,3.1,Low,Hot,Good
39,Male,92,3.01,Low,Hot,Good
33,Male,57,2.8,High,Cold,Good
69,Female,83,2.57,High,Cold,Good
40,Female,92,3.98,High,Normal,Good
31,Female,100,4.01,High,Cold,Good
45,Female,96,4.18,High,Hot,Good
46,Female,53,2.01,Low,Hot,Good
58,Female,80,2.71,High,Cold,Good
31,Male,95,2.96,Moderate,Cold,Good
49,Female,101,3.23,High,Cold,Good
33,Female,106,3.41,Low,Hot,Good
40,Male,61,1.5,Low,Cold,Poor
25,Female,74,2.87,Low,Hot,Good
51,Female,66,1.83,Low,Cold,Poor
32,Male,92,3.74,Moderate,Hot,Good
38,Male,84,3.04,Moderate,Normal,Good
44,Male,60,2.45,High,Cold,Good
64,Male,45,2.59,Moderate,Hot,Good
48,Male,80,2.42,Low,Cold,Good
50,Female,67,2.66,Moderate,Cold,Good
40,Female,74,2.54,Moderate,Cold,Good
33,Female,83,4.51,High,Hot,Good
31,Male,56,2.43,Moderate,Hot,Good
41,Female,57,2.2,High,Cold,Good
32,Male,100,4.03,Moderate,Hot,Good
51,Male,72,2.83,High,Normal,Good
64,Female,70,2.03,Moderate,Cold,Poor
43,Male,105,4.15,Low,Hot,Good
58,Male,96,3.76,High,Cold,Good
35,Male,93,3.26,Moderate,Cold,Good
27,Female,68,2.73,Low,Hot,Good
45,Male,105,3.65,High,Cold,Good
67,Male,87,2.84,Moderate,Cold,Good
32,Female,81,3.77,High,Normal,Good
51,Male,79,2.66,High,Cold,Good
39,Female,75,3.07,High,Cold,Good
36,Male,68,2.84,High,Cold,Good
45,Female,98,3.55,Moderate,Cold,Good
36,Male,92,2.48,Low,Normal,Poor
64,Female,91,1.66,Low,Cold,Poor
63,Male,79,3.1,Moderate,Hot,Good
59,Female,73,3.0,High,Cold,Good
34,Female,58,1.84,Low,Cold,Good
67,Male,101,3.33,High,Cold,Good
57,Male,83,2.26,Moderate,Cold,Poor
53,Male,81,2.24,Low,Cold,Poor
44,Female,75,2.07,Low,Normal,Poor
55,Female,88,3.59,High,Hot,Good
28,Male,66,3.21,High,Normal,Good
25,Male,90,3.53,High,Normal,Good
28,Female,75,2.76,High,Normal,Good
55,Female,65,1.82,Low,Cold,Poor
27,Female,70,2.35,Low,Normal,Good
56,Female,52,1.5,Low,Normal,Poor
51,Female,60,1.91,Low,Normal,Good
40,Male,66,2.45,Low,Hot,Good
66,Female,71,2.71,Moderate,Normal,Good
62,Male,70,2.34,Low,Hot,Good
60,Male,74,3.49,Moderate,Hot,Good
55,Male,105,3.04,Low,Cold,Poor
18,Female,90,3.76,High,Normal,Good
25,Male,87,3.43,Low,Hot,Good
25,Female,79,1.6,Low,Cold,Poor
68,Female,48,1.5,Low,Cold,Good
30,Female,95,4.95,High,Hot,Good
54,Male,64,1.84,Moderate,Cold,Poor
51,Male,98,4.37,High,Hot,Good
34,Female,49,1.5,Low,Normal,Good
67,Male,89,2.22,Low,Cold,Poor
39,Male,57,2.45,Moderate,Normal,Good
52,Male,91,3.45,High,Cold,Good
62,Female,81,3.52,High,Hot,Good
23,Female,58,1.5,Low,Cold,Poor
68,Male,99,3.89,Moderate,Hot,Good
51,Male,71,2.61,Low,Hot,Good
64,Female,46,2.87,High,Hot,Good
42,Male,104,3.98,High,Cold,Good
32,Male,58,2.66,High,Normal,Good
23,Male,62,1.5,Low,Normal,Poor
34,Female,84,3.53,Moderate,Hot,Good
49,Male,71,3.46,High,Normal,Good
50,Female,107,3.5,Moderate,Cold,Good
34,Male,93,2.56,Low,Normal,Poor
35,Female,67,2.13,Low,Normal,Good
30,Male,67,1.55,Low,Cold,Poor
37,Male,96,3.42,Moderate,Normal,Good
52,Female,78,2.41,Low,Hot,Good
34,Female,89,2.21,Low,Normal,Poor
40,Female,59,2.46,High,Cold,Good
31,Male,83,3.16,Moderate,Normal,Good
23,Female,103,3.68,High,Normal,Good
57,Male,71,3.02,Low,Hot,Good
33,Female,83,2.33,Low,Cold,Poor
60,Female,57,1.5,Low,Normal,Poor
19,Male,100,4.1,High,Normal,Good
45,Female,108,4.73,High,Normal,Good
58,Male,85,1.99,Moderate,Cold,Poor
21,Female,101,2.85,Moderate,Cold,Poor
37,Female,90,2.77,Low,Normal,Good
41,Female,51,1.5,Moderate,Cold,Poor
25,Male,99,4.04,High,Cold,Good
30,Male,64,2.4,Moderate,Cold,Good
67,Female,71,3.18,High,Normal,Good
69,Female,65,3.24,Moderate,Hot,Good
32,Male,97,3.39,High,Cold,Good
69,Male,72,2.48,Low,Hot,Good
33,Male,79,3.27,Moderate,Normal,Good
52,Female,96,4.09,Moderate,Hot,Good
35,Female,56,2.79,Moderate,Hot,Good
39,Female,93,2.91,Moderate,Cold,Good
18,Female,108,3.31,Low,Cold,Good
42,Male,95,4.11,High,Hot,Good
67,Female,82,4.09,High,Hot,Good
68,Female,83,2.73,Moderate,Normal,Good
34,Male,51,2.12,Moderate,Cold,Good
56,Female,79,2.42,Low,Normal,Good
53,Male,108,2.81,Moderate,Cold,Poor
58,Male,57,3.24,High,Hot,Good
65,Female,109,2.19,Low,Cold,Poor
25,Female,92,3.92,Moderate,Hot,Good
69,Male,97,3.8,High,Cold,Good
44,Female,63,2.83,Moderate,Hot,Good
67,Female,95,3.15,Moderate,Normal,Good
57,Male,95,2.87,Moderate,Normal,Good
22,Male,85,3.97,Moderate,Hot,Good
33,Female,96,3.06,Low,Cold,Good
55,Male,91,2.75,High,Cold,Good
19,Male,106,3.16,Low,Cold,Poor
55,Female,77,3.42,Moderate,Hot,Good
32,Male,67,1.99,Moderate,Cold,Poor
54,Female,89,2.94,Moderate,Cold,Good
46,Male,46,1.5,Low,Cold,Good
67,Male,109,3.93,Moderate,Hot,Good
69,Female,81,2.72,Moderate,Normal,Good
64,Male,50,1.67,Low,Normal,Good
61,Female,62,2.68,Moderate,Hot,Good
42,Male,71,2.69,Low,Hot,Good
59,Male,73,3.1,Moderate,Hot,Good
60,Female,80,3.33,High,Normal,Good
42,Male,75,2.58,High,Cold,Good
27,Male,81,2.23,Moderate,Cold,Poor
58,Male,68,1.5,Moderate,Cold,Poor
59,Female,104,3.69,Low,Hot,Good
47,Female,66,2.36,Low,Hot,Good
60,Female,57,1.5,Low,Cold,Poor
50,Male,89,3.11,Low,Normal,Good
23,Male,64,2.16,High,Cold,Good
54,Male,56,2.53,Moderate,Hot,Good
45,Female,86,3.06,Moderate,Cold,Good
22,Male,71,3.37,High,Hot,Good
44,Female,93,2.82,Low,Cold,Good
18,Male,102,3.93,High,Normal,Good
34,Male,70,2.43,Low,Normal,Good
30,Female,77,2.62,High,Cold,Good
22,Male,50,2.8,High,Hot,Good
47,Male,98,3.0,Moderate,Normal,Good
48,Male,50,1.88,Low,Normal,Good
29,Female,97,5.09,High,Hot,Good
53,Male,61,1.5,Low,Cold,Poor
39,Male,51,2.47,High,Cold,Good
28,Female,68,1.82,Low,Normal,Poor
47,Female,105,3.57,Moderate,Cold,Good
35,Female,95,3.29,High,Cold,Good
30,Male,56,2.18,High,Cold,Good
66,Female,92,3.21,Moderate,Hot,Good
57,Male,68,2.22,Moderate,Normal,Good
61,Male,77,1.9,Moderate,Cold,Poor
66,Male,93,3.28,Moderate,Normal,Good
56,Male,109,3.2,Moderate,Normal,Poor
32,Female,65,2.44,Low,Hot,Good
30,Female,68,2.07,Moderate,Cold,Good
36,Male,69,3.52,High,Hot,Good
23,Male,74,2.82,High,Cold,Good
47,Male,85,3.39,Moderate,Hot,Good
53,Male,108,3.12,Low,Cold,Poor
33,Female,58,2.43,Low,Hot,Good
65,Female,109,2.86,Low,Cold,Poor
31,Male,84,3.49,High,Normal,Good
42,Female,47,1.5,Low,Cold,Good
43,Male,84,2.32,Moderate,Cold,Poor
21,Male,51,1.61,Low,Cold,Good
36,Female,79,2.44,Low,Cold,Good
50,Male,82,2.61,Moderate,Cold,Good
45,Male,82,2.97,Moderate,Cold,Good
38,Female,50,2.5,High,Normal,Good
32,Male,47,2.2,High,Cold,Good
52,Male,58,2.69,High,Hot,Good
21,Female,70,3.4,High,Normal,Good
19,Female,61,1.89,Low,Cold,Good
27,Male,87,2.7,Low,Cold,Good
52,Male,104,3.39,Moderate,Normal,Good
22,Male,62,2.53,Low,Hot,Good
61,Male,95,3.26,Low,Hot,Good
41,Female,68,2.17,Low,Normal,Good
50,Female,82,3.44,Moderate,Hot,Good
68,Male,103,3.14,Moderate,Cold,Good
28,Male,67,2.08,Low,Normal,Good
60,Female,84,1.87,Low,Normal,Poor
64,Female,64,2.57,Moderate,Normal,Good
18,Male,68,1.73,Low,Normal,Poor
62,Female,46,1.5,Low,Cold,Good
40,Female,80,2.46,Low,Normal,Good
52,Male,82,3.14,High,Normal,Good
27,Female,97,3.69,Moderate,Normal,Good
55,Female,103,2.83,Low,Cold,Poor
67,Male,48,1.68,Moderate,Cold,Good
53,Female,89,4.07,Moderate,Hot,Good
31,Male,55,3.34,Moderate,Hot,Good
39,Female,58,2.97,High,Normal,Good
56,Male,70,2.26,Moderate,Normal,Good
56,Male,105,3.04,Low,Normal,Poor
55,Female,103,3.84,High,Cold,Good
51,Male,100,3.67,Moderate,Hot,Good
44,Female,71,2.94,High,Cold,Good
63,Male,85,2.3,Moderate,Normal,Poor
39,Female,62,2.66,High,Cold,Good
68,Female,83,2.79,Moderate,Cold,Good
47,Female,98,3.01,Moderate,Cold,Good
58,Female,53,2.91,High,Hot,Good
54,Male,58,1.5,Low,Cold,Poor
25,Male,83,3.51,High,Normal,Good
20,Male,99,4.11,High,Cold,Good
57,Female,77,2.61,High,Normal,Good
36,Male,78,2.98,Low,Hot,Good
64,Male,90,3.41,High,Cold,Good
36,Male,95,2.81,Low,Normal,Poor
43,Male,72,3.16,High,Normal,Good
65,Female,63,2.54,Low,Hot,Good
24,Male,73,3.8,High,Hot,Good
22,Male,102,3.1,Low,Cold,Good
29,Female,86,3.11,Moderate,Normal,Good
35,Female,86,2.11,Low,Normal,Poor
66,Female,60,1.64,Moderate,Normal,Poor
44,Male,89,4.33,High,Hot,Good
40,Female,103,3.38,Low,Normal,Good
21,Male,98,3.18,Low,Normal,Good
40,Male,104,4.59,Moderate,Hot,Good
38,Female,99,2.81,Low,Cold,Poor
42,Male,70,2.47,High,Cold,Good
62,Male,83,2.52,Moderate,Normal,Good
22,Male,100,2.76,Low,Cold,Poor
23,Male,72,2.58,High,Cold,Good
45,Male,84,2.32,Low,Cold,Poor
44,Female,82,2.75,Low,Hot,Good
38,Male,108,4.57,High,Normal,Good
52,Female,47,2.26,Moderate,Hot,Good
44,Male,74,1.95,Moderate,Cold,Poor
38,Male,104,4.08,High,Cold,Good
32,Male,62,1.5,Low,Cold,Poor
65,Male,104,3.16,Moderate,Normal,Good
58,Female,62,1.62,Low,Normal,Poor
54,Female,104,3.12,Low,Hot,Good
28,Male,45,2.87,High,Hot,Good
38,Male,67,1.7,Low,Cold,Poor
36,Male,99,4.61,High,Hot,Good
69,Male,63,2.17,Moderate,Normal,Good
44,Female,83,3.76,High,Hot,Good
44,Female,90,2.76,Low,Cold,Good
45,Male,94,3.44,High,Normal,Good
52,Male,102,3.9,Low,Hot,Good
39,Male,89,4.37,Moderate,Hot,Good
69,Male,53,2.03,High,Cold,Good
30,Male,66,2.27,Moderate,Cold,Good
19,Male,58,2.4,High,Cold,Good
51,Male,52,1.5,Moderate,Cold,Poor
63,Female,87,2.99,Moderate,Cold,Good
63,Female,92,2.25,Low,Normal,Poor
48,Female,77,1.89,Low,Cold,Poor
25,Male,46,2.63,Moderate,Hot,Good
62,Female,81,1.95,Low,Normal,Poor
34,Female,82,2.88,High,Cold,Good
64,Male,50,1.5,Low,Cold,Good
54,Male,79,2.91,High,Cold,Good
26,Female,50,1.5,Low,Cold,Good
39,Female,74,2.53,Moderate,Cold,Good
19,Male,102,3.23,Moderate,Cold,Good
62,Female,53,1.5,Low,Cold,Poor
30,Female,94,2.42,Low,Cold,Poor
51,Male,87,2.16,Low,Cold,Poor
31,Male,98,4.39,Moderate,Hot,Good
65,Female,99,3.71,High,Normal,Good
36,Female,53,1.5,Low,Cold,Poor
60,Female,96,2.98,Moderate,Normal,Good
45,Male,80,3.31,Moderate,Normal,Good
35,Female,79,2.43,Moderate,Cold,Good
56,Male,52,1.83,Moderate,Normal,Good
37,Male,59,2.67,High,Normal,Good
34,Male,108,4.43,Moderate,Hot,Good
63,Male,91,4.37,High,Hot,Good
54,Male,60,1.5,Low,Cold,Poor
69,Female,98,3.9,High,Normal,Good
58,Male,80,1.57,Low,Cold,Poor
18,Female,94,3.41,Moderate,Cold,Good
25,Female,101,3.48,Low,Normal,Good
45,Male,66,2.37,Low,Normal,Good
36,Male,94,3.3,Low,Normal,Good
51,Male,83,3.52,High,Normal,Good
64,Female,51,2.43,Moderate,Hot,Good
64,Male,96,3.26,High,Normal,Good
32,Female,68,3.69,High,Hot,Good
43,Female,54,1.55,Low,Cold,Poor
31,Female,46,3.29,High,Hot,Good
44,Female,92,4.22,High,Hot,Good
26,Male,67,2.17,Moderate,Cold,Good
26,Male,71,3.36,High,Normal,Good
34,Female,87,4.56,High,Hot,Good
45,Male,107,3.82,Moderate,Normal,Good
56,Female,84,2.71,High,Cold,Good
42,Female,103,3.44,Moderate,Normal,Good
57,Male,106,3.81,Moderate,Hot,Good
62,Female,62,1.5,Low,Cold,Poor
59,Female,46,1.54,Low,Normal,Good
31,Female,92,3.14,Low,Normal,Good
29,Male,99,4.9,High,Hot,Good
42,Female,48,1.5,Low,Normal,Good
67,Female,47,1.78,High,Normal,Good
24,Male,106,2.48,Low,Cold,Poor
22,Female,63,3.72,High,Hot,Good
51,Male,93,3.78,High,Hot,Good
67,Female,91,3.25,High,Normal,Good
58,Male,94,4.62,High,Hot,Good
31,Male,58,2.73,Moderate,Hot,Good
53,Female,48,1.5,Low,Normal,Good
49,Male,109,2.86,Low,Normal,Poor
37,Female,54,2.51,High,Cold,Good
51,Female,105,3.92,Moderate,Hot,Good
57,Female,109,3.15,Moderate,Normal,Poor
21,Female,53,1.5,Low,Normal,Poor
51,Male,67,2.02,Moderate,Cold,Good
42,Female,101,2.44,Low,Cold,Poor
41,Female,55,1.8,Moderate,Normal,Good
34,Female,81,4.02,High,Hot,Good
44,Male,52,1.5,Low,Normal,Poor
57,Male,88,3.87,Moderate,Hot,Good
65,Female,85,2.47,Moderate,Cold,Poor
39,Male,86,2.89,Moderate,Cold,Good
27,Male,73,2.17,Moderate,Cold,Poor
34,Female,74,1.95,Moderate,Cold,Poor
63,Female,63,1.5,Low,Normal,Poor
34,Female,90,3.25,High,Normal,Good
58,Female,108,3.17,Moderate,Normal,Poor
36,Female,109,2.59,Low,Cold,Poor
23,Male,70,2.02,Moderate,Cold,Poor
49,Female,49,1.5,Low,Normal,Good
29,Male,92,2.27,Low,Normal,Poor
32,Female,105,4.1,Low,Hot,Good
30,Male,88,2.34,Low,Normal,Poor
48,Female,78,2.84,Moderate,Normal,Good
20,Female,53,2.3,Moderate,Normal,Good
42,Male,86,2.91,Moderate,Cold,Good
26,Male,103,3.01,Low,Cold,Poor
39,Male,73,3.48,High,Normal,Good
22,Male,84,3.35,Moderate,Hot,Good
59,Male,109,2.84,Low,Cold,Poor
56,Male,104,3.58,Moderate,Normal,Good
66,Female,66,2.23,Low,Hot,Good
23,Male,76,2.85,High,Normal,Good
27,Male,83,3.65,High,Normal,Good
48,Female,56,3.05,High,Hot,Good
33,Female,82,3.7,Moderate,Hot,Good
69,Male,49,2.69,High,Hot,Good
42,Female,79,3.13,High,Normal,Good
54,Female,99,4.45,High,Hot,Good
52,Male,108,2.57,Low,Cold,Poor
51,Male,48,1.5,High,Cold,Good
21,Male,64,1.55,Low,Normal,Poor
33,Female,70,2.81,Low,Hot,Good
21,Female,85,4.17,Moderate,Hot,Good
58,Female,82,2.88,High,Cold,Good
31,Male,65,1.51,Low,Normal,Poor
54,Female,90,2.4,Low,Cold,Poor
26,Female,51,2.42,Moderate,Normal,Good
38,Female,59,2.25,Moderate,Normal,Good
51,Male,45,2.35,High,Normal,Good
66,Male,64,1.5,Low,Normal,Poor
24,Female,94,4.2,Moderate,Hot,Good
64,Male,58,3.35,High,Hot,Good
58,Male,58,1.5,Low,Cold,Poor
57,Female,49,2.15,Moderate,Hot,Good
28,Male,49,2.38,High,Cold,Good
49,Female,80,2.41,Low,Cold,Good
39,Female,78,2.3,Low,Normal,Poor
29,Male,100,3.01,Low,Normal,Good
45,Female,62,1.81,Low,Cold,Poor
31,Male,100,4.07,Moderate,Hot,Good
35,Female,51,1.81,Moderate,Normal,Good
27,Male,47,1.5,Low,Cold,Good
61,Male,58,2.87,High,Normal,Good
68,Male,62,1.5,Low,Cold,Poor
69,Male,82,3.96,High,Hot,Good
41,Male,88,3.6,High,Cold,Good
21,Male,57,1.79,Moderate,Normal,Good
62,Female,74,2.11,Low,Normal,Poor
68,Female,92,3.49,High,Normal,Good
58,Male,63,2.25,Moderate,Cold,Good
36,Female,85,2.29,Low,Cold,Poor
69,Male,48,2.25,High,Normal,Good
22,Male,85,3.22,High,Cold,Good
57,Male,105,3.28,High,Cold,Good
28,Male,57,2.86,High,Normal,Good
25,Female,69,2.96,Moderate,Normal,Good
35,Male,88,3.38,Low,Hot,Good
27,Male,94,3.66,Low,Hot,Good
32,Male,60,2.47,Moderate,Cold,Good
47,Female,75,2.48,High,Cold,Good
30,Female,64,2.33,High,Cold,Good
52,Male,67,2.33,Low,Hot,Good
55,Male,105,2.88,Moderate,Normal,Poor
20,Male,52,1.5,Low,Cold,Poor
49,Male,51,1.5,Low,Cold,Poor
23,Male,80,2.42,Moderate,Normal,Good
59,Female,97,2.47,Low,Cold,Poor
28,Male,93,4.44,Moderate,Hot,Good
28,Female,94,3.37,Low,Hot,Good
32,Female,75,2.62,Low,Hot,Good
45,Male,69,2.26,Moderate,Normal,Good
42,Female,45,1.75,Moderate,Normal,Good
27,Male,86,2.34,Low,Cold,Poor
53,Female,62,2.15,High,Cold,Good
22,Male,64,2.32,Low,Normal,Good
28,Male,106,4.06,High,Normal,Good
49,Male,102,3.17,Low,Cold,Good
55,Male,99,3.89,High,Normal,Good
39,Male,66,3.59,High,Hot,Good
34,Male,80,2.34,Low,Cold,Poor
63,Female,96,2.1,Low,Cold,Poor
31,Female,102,4.51,High,Hot,Good
26,Male,65,4.03,High,Hot,Good
47,Female,84,3.43,Moderate,Normal,Good
48,Male,71,2.9,High,Cold,Good
42,Male,49,1.5,Moderate,Cold,Good
25,Male,53,1.76,Moderate,Normal,Good
58,Male,51,1.79,High,Cold,Good
64,Male,59,2.19,High,Cold,Good
56,Female,50,2.99,High,Hot,Good
45,Female,63,2.9,Moderate,Hot,Good
48,Female,54,1.5,Low,Cold,Poor
20,Male,106,3.56,Moderate,Cold,Good
42,Male,64,1.86,Moderate,Cold,Poor
39,Male,94,3.22,Moderate,Normal,Good
56,Male,54,1.88,Moderate,Cold,Good
69,Female,73,2.52,Moderate,Cold,Good
27,Male,57,2.66,Moderate,Normal,Good
67,Female,48,2.55,High,Normal,Good
20,Male,97,2.68,Low,Cold,Poor
18,Female,101,4.32,High,Hot,Good
24,Female,63,2.08,Moderate,Cold,Good
18,Male,83,2.01,Low,Normal,Poor
43,Female,88,2.93,Low,Hot,Good
30,Female,58,1.55,Low,Cold,Poor
61,Male,82,3.43,Moderate,Hot,Good
69,Female,107,3.73,Moderate,Hot,Good
58,Female,78,2.0,Low,Normal,Poor
61,Female,81,3.72,High,Hot,Good
32,Male,76,1.95,Low,Normal,Poor
35,Female,89,2.5,Moderate,Cold,Poor
50,Male,49,1.77,Low,Normal,Good
27,Male,80,2.32,Low,Normal,Poor
57,Male,49,1.5,Moderate,Cold,Good
34,Male,66,2.23,High,Cold,Good
32,Male,69,2.35,Low,Hot,Good
55,Male,76,2.04,Moderate,Cold,Poor
61,Male,58,2.74,High,Normal,Good
51,Female,80,2.15,Low,Normal,Poor
24,Male,74,2.64,High,Cold,Good
61,Male,79,2.6,Low,Hot,Good
63,Male,100,4.52,High,Hot,Good
40,Male,80,4.07,High,Hot,Good
20,Male,63,2.34,Moderate,Normal,Good
57,Female,51,2.52,High,Normal,Good
31,Male,90,3.61,Moderate,Hot,Good
32,Female,95,4.01,High,Cold,Good
63,Male,52,1.5,Moderate,Normal,Poor
68,Male,107,5.1,High,Hot,Good
33,Male,68,3.01,High,Cold,Good
48,Male,50,3.02,High,Hot,Good
46,Male,47,1.63,High,Cold,Good
67,Male,92,2.8,Moderate,Cold,Good
27,Female,77,2.54,High,Cold,Good
22,Female,56,2.45,Low,Hot,Good
30,Female,68,3.17,High,Cold,Good
49,Male,60,2.55,Moderate,Normal,Good
54,Female,65,3.05,High,Hot,Good
68,Male,65,2.98,Moderate,Hot,Good
38,Male,50,1.64,Low,Normal,Good
29,Male,102,3.07,Low,Normal,Good
18,Male,78,2.33,Moderate,Cold,Poor
20,Female,86,2.46,Low,Cold,Poor
23,Male,107,4.57,High,Hot,Good
19,Female,100,4.06,Moderate,Hot,Good
40,Female,67,2.33,Low,Hot,Good
47,Female,81,3.55,High,Normal,Good
66,Female,78,1.7,Low,Normal,Poor
68,Female,66,2.16,Moderate,Cold,Good
58,Female,65,2.01,Low,Hot,Good
60,Female,88,2.47,Moderate,Cold,Poor
36,Male,92,4.08,Moderate,Hot,Good
22,Male,55,2.11,Moderate,Cold,Good
67,Female,89,4.53,High,Hot,Good
53,Male,92,3.54,High,Normal,Good
63,Female,88,2.85,High,Normal,Good
27,Female,84,3.37,High,Normal,Good
31,Male,107,2.64,Low,Cold,Poor
68,Male,102,4.1,High,Normal,Good
41,Female,99,3.11,Low,Cold,Good
27,Male,86,3.33,Low,Hot,Good
48,Female,55,2.33,Moderate,Cold,Good
26,Male,63,2.09,Moderate,Normal,Good
53,Female,97,2.88,Moderate,Cold,Poor
43,Female,52,1.5,Low,Cold,Poor
36,Male,92,3.13,Moderate,Cold,Good
39,Male,99,3.11,Low,Normal,Good
61,Male,92,3.02,High,Normal,Good
25,Male,45,2.24,Moderate,Hot,Good
64,Male,49,1.66,Moderate,Normal,Good
64,Female,62,2.49,Moderate,Hot,Good
30,Female,49,1.5,Low,Cold,Good
39,Female,90,2.91,High,Cold,Good
23,Female,100,2.73,Low,Normal,Poor
45,Female,60,2.5,Moderate,Cold,Good
29,Female,64,1.66,Moderate,Cold,Poor
40,Male,71,2.69,High,Normal,Good
65,Male,65,2.58,High,Normal,Good
48,Male,47,2.18,Moderate,Hot,Good
67,Male,50,2.4,High,Normal,Good
62,Female,63,2.8,High,Hot,Good
40,Female,76,2.78,Moderate,Cold,Good
66,Male,109,3.08,Moderate,Normal,Poor
62,Male,95,3.06,Moderate,Normal,Good
48,Female,55,1.5,Low,Cold,Poor
52,Male,50,1.5,Moderate,Normal,Good
22,Female,53,1.5,Low,Normal,Poor
36,Male,82,2.43,Low,Normal,Poor
38,Male,106,4.03,High,Normal,Good
55,Male,93,2.66,Low,Cold,Poor
58,Female,83,3.22,Moderate,Hot,Good
47,Male,65,1.5,Low,Normal,Poor
49,Female,52,2.03,High,Cold,Good
68,Female,52,1.76,High,Cold,Good
61,Female,103,4.43,High,Hot,Good
32,Male,80,3.49,High,Cold,Good
44,Male,98,4.02,High,Cold,Good
56,Female,57,1.5,Low,Normal,Poor
61,Male,71,2.33,High,Cold,Good
52,Female,72,3.88,High,Hot,Good
67,Female,95,2.44,Low,Cold,Poor
49,Male,82,4.29,High,Hot,Good
49,Female,70,3.35,High,Hot,Good
37,Female,94,2.76,Low,Normal,Poor
39,Female,66,2.58,Moderate,Cold,Good
19,Female,87,3.66,High,Cold,Good
30,Male,108,2.75,Low,Cold,Poor
26,Male,51,2.39,High,Cold,Good
18,Female,46,1.5,Low,Cold,Good
49,Female,46,1.8,Moderate,Cold,Good
68,Female,108,3.22,Moderate,Normal,Poor
42,Female,93,2.63,Moderate,Cold,Poor
63,Male,65,3.65,High,Hot,Good
25,Male,60,2.06,Low,Hot,Good
44,Male,62,2.79,High,Cold,Good
69,Male,59,1.6,Moderate,Normal,Poor
44,Male,75,2.48,Moderate,Normal,Good
54,Male,78,2.38,Moderate,Cold,Good
20,Male,61,2.87,High,Cold,Good
63,Male,82,3.19,High,Cold,Good
65,Male,73,4.01,High,Hot,Good
50,Male,61,3.53,High,Hot,Good
43,Male,52,1.92,Low,Hot,Good
35,Male,103,3.69,High,Cold,Good
27,Female,66,2.4,Moderate,Cold,Good
28,Male,95,3.0,Low,Cold,Good
20,Male,56,1.52,Moderate,Cold,Poor
54,Female,109,3.66,High,Normal,Good
21,Male,108,3.84,Low,Hot,Good
44,Female,104,3.95,Moderate,Hot,Good
44,Female,75,4.42,High,Hot,Good
25,Male,102,4.03,Low,Hot,Good
35,Male,48,2.7,High,Normal,Good
39,Male,47,1.85,High,Cold,Good
64,Male,82,3.08,High,Normal,Good
65,Female,109,2.82,Low,Normal,Poor
43,Male,52,3.19,Moderate,Hot,Good
55,Male,54,1.82,Moderate,Cold,Good
43,Male,56,1.5,Low,Normal,Poor
31,Male,90,3.78,Low,Hot,Good
29,Female,88,3.22,High,Cold,Good
34,Male,54,2.73,High,Normal,Good
36,Female,102,4.54,High,Hot,Good
41,Male,105,3.69,High,Normal,Good
53,Female,75,3.13,Low,Hot,Good
19,Male,63,2.7,High,Cold,Good
27,Female,66,3.81,High,Hot,Good
40,Male,59,2.5,Moderate,Normal,Good
40,Male,64,1.87,Low,Normal,Poor
57,Male,83,2.84,High,Cold,Good
35,Male,85,3.17,Low,Hot,Good
53,Female,59,2.76,Moderate,Hot,Good
22,Female,51,2.38,Moderate,Normal,Good
27,Male,106,3.17,Low,Cold,Poor
55,Male,68,2.06,Low,Normal,Good
18,Female,61,2.12,Low,Hot,Good
44,Male,51,1.61,Low,Normal,Good
52,Male,56,2.61,Moderate,Hot,Good
32,Female,54,1.5,Low,Cold,Poor
69,Male,50,2.23,Low,Hot,Good
57,Female,105,3.02,Low,Normal,Poor
21,Female,73,3.37,Moderate,Hot,Good
37,Male,85,4.03,High,Normal,Good
35,Male,109,3.28,Low,Normal,Good
32,Female,107,5.34,High,Hot,Good
37,Male,81,2.03,Low,Normal,Poor
39,Male,49,1.89,High,Cold,Good
20,Female,106,3.23,Low,Normal,Good
20,Female,94,3.49,High,Normal,Good
49,Female,83,2.51,Low,Normal,Good
69,Male,58,1.74,Low,Hot,Good
37,Female,72,2.67,Low,Hot,Good
51,Male,83,2.47,High,Cold,Poor
42,Male,76,2.82,High,Cold,Good
48,Male,61,2.21,Moderate,Cold,Good
30,Male,99,3.82,High,Cold,Good
23,Female,92,3.16,Moderate,Normal,Good
69,Male,85,3.88,High,Hot,Good
30,Female,86,2.76,Moderate,Normal,Good
62,Female,72,2.37,High,Cold,Good
34,Female,59,1.5,Low,Cold,Poor
32,Male,100,2.37,Low,Cold,Poor
52,Male,96,3.53,Moderate,Hot,Good
47,Female,89,3.31,Moderate,Cold,Good
46,Male,67,3.68,Moderate,Hot,Good
38,Male,87,3.86,Moderate,Hot,Good
29,Male,74,2.97,Moderate,Hot,Good
50,Female,62,3.33,High,Hot,Good
38,Male,45,2.85,High,Normal,Good
69,Male,59,1.5,Low,Cold,Poor
39,Female,76,2.59,Low,Hot,Good
50,Female,83,2.61,Low,Normal,Good
19,Male,82,2.32,Low,Normal,Poor
46,Male,80,3.4,Low,Hot,Good
54,Female,89,2.88,Moderate,Normal,Good
48,Male,78,3.05,Moderate,Normal,Good
35,Female,106,3.49,High,Cold,Good
32,Male,92,3.45,Moderate,Normal,Good
61,Female,54,2.6,High,Hot,Good
25,Male,89,3.0,Low,Hot,Good
49,Male,95,3.4,Moderate,Cold,Good
21,Female,83,3.58,High,Normal,Good
41,Male,99,5.0,High,Hot,Good
53,Male,102,2.44,Low,Cold,Poor
18,Female,94,2.63,Low,Cold,Poor
22,Female,50,1.87,Low,Normal,Good
56,Male,99,4.09,Moderate,Hot,Good
62,Male,58,2.4,High,Cold,Good
26,Male,59,2.49,High,Normal,Good
37,Female,65,2.56,High,Cold,Good
36,Female,102,3.34,Low,Hot,Good
23,Female,48,2.75,High,Hot,Good
59,Male,47,2.9,High,Hot,Good
32,Male,91,3.48,Moderate,Normal,Good
48,Female,83,1.73,Low,Cold,Poor
47,Female,79,3.0,High,Normal,Good
46,Female,94,3.59,High,Cold,Good
31,Male,79,2.68,Low,Hot,Good
47,Female,51,2.39,High,Normal,Good
22,Male,79,2.58,Moderate,Cold,Good
69,Female,58,2.68,High,Hot,Good
53,Female,68,2.97,Moderate,Hot,Good
62,Male,66,2.22,High,Cold,Good
66,Female,108,3.74,Moderate,Normal,Good
35,Female,86,2.21,Low,Normal,Poor
32,Male,99,4.09,Low,Hot,Good
64,Male,78,1.94,Low,Cold,Poor
53,Female,71,2.67,High,Cold,Good
68,Male,75,1.98,Moderate,Normal,Poor
38,Female,50,2.56,Low,Hot,Good
59,Female,106,4.05,High,Cold,Good
52,Male,83,2.71,Low,Hot,Good
47,Female,107,3.63,Low,Normal,Good
48,Male,84,3.54,Low,Hot,Good
42,Male,80,3.69,High,Normal,Good
56,Male,90,3.67,High,Hot,Good
40,Male,76,3.44,Moderate,Hot,Good
45,Male,60,3.08,Moderate,Hot,Good
25,Female,45,1.5,Moderate,Normal,Good
29,Female,82,2.73,Low,Normal,Good
34,Female,45,1.84,Low,Normal,Good
57,Female,100,3.59,Moderate,Normal,Good
63,Female,80,1.98,Low,Cold,Poor
67,Female,101,2.59,Low,Normal,Poor
63,Male,89,1.94,Low,Normal,Poor
19,Male,94,3.07,High,Cold,Good
34,Male,54,2.28,Low,Hot,Good
58,Male,59,1.5,Low,Normal,Poor
48,Male,65,2.84,Moderate,Normal,Good
58,Male,90,3.38,Low,Hot,Good
43,Female,95,4.25,Moderate,Hot,Good
34,Female,95,3.63,Moderate,Hot,Good
31,Male,93,3.87,Low,Hot,Good
44,Male,45,2.54,Low,Hot,Good
65,Female,94,3.14,Low,Hot,Good
34,Female,47,2.14,Low,Hot,Good
42,Female,78,3.08,High,Normal,Good
26,Female,65,3.1,Low,Hot,Good
42,Female,88,3.07,Moderate,Cold,Good
56,Female,106,4.03,High,Normal,Good
54,Female,60,1.5,Moderate,Cold,Poor
41,Female,70,2.99,Moderate,Normal,Good
40,Female,73,2.85,High,Cold,Good
37,Female,71,2.42,High,Cold,Good
61,Female,79,1.77,Low,Cold,Poor
39,Female,59,1.5,Low,Cold,Poor
30,Male,48,3.64,High,Hot,Good
40,Female,78,3.2,Moderate,Normal,Good
34,Female,72,2.55,Moderate,Cold,Good
65,Female,101,3.0,Moderate,Normal,Poor
19,Female,81,2.24,Low,Normal,Poor
43,Female,105,5.11,High,Hot,Good
37,Male,96,2.95,Low,Normal,Good
44,Female,75,2.01,Low,Cold,Poor
18,Male,50,1.83,High,Cold,Good
56,Male,107,3.22,Moderate,Normal,Good
38,Male,62,3.51,High,Hot,Good
21,Female,73,3.72,Moderate,Hot,Good
30,Female,107,3.53,Moderate,Normal,Good
36,Female,93,3.3,Low,Hot,Good
36,Male,96,3.39,Moderate,Cold,Good
34,Male,65,1.96,Moderate,Normal,Good
67,Female,92,3.35,Moderate,Normal,Good
66,Male,89,3.5,Moderate,Hot,Good
18,Male,109,4.84,Moderate,Hot,Good
64,Male,50,2.64,High,Normal,Good
21,Male,67,3.32,High,Hot,Good
62,Female,87,2.26,Moderate,Cold,Poor
56,Female,69,2.6,High,Cold,Good
34,Male,62,2.61,Moderate,Hot,Good
32,Male,59,2.93,High,Cold,Good
51,Female,92,2.68,High,Cold,Poor
64,Female,54,1.72,High,Cold,Good
69,Female,92,3.82,High,Hot,Good
39,Male,67,2.81,High,Normal,Good
26,Female,64,2.82,High,Cold,Good
61,Male,101,3.02,High,Cold,Poor
61,Female,77,2.75,Moderate,Normal,Good
65,Male,108,3.87,Moderate,Hot,Good
26,Male,61,3.2,Moderate,Hot,Good
36,Male,103,4.76,High,Hot,Good
61,Female,76,2.21,Moderate,Normal,Poor
59,Female,46,1.5,Low,Cold,Good
21,Female,61,1.5,Low,Cold,Poor
47,Female,84,4.09,High,Hot,Good
41,Female,48,2.52,High,Normal,Good
46,Female,63,2.25,Low,Hot,Good
53,Female,79,2.38,High,Cold,Good
40,Male,90,2.89,Moderate,Normal,Good
65,Male,96,2.52,Moderate,Cold,Poor
19,Male,84,2.56,Moderate,Cold,Good
48,Male,92,3.07,Moderate,Normal,Good
65,Female,96,3.44,Low,Hot,Good
53,Male,99,2.69,Low,Cold,Poor
54,Male,91,2.97,High,Cold,Good
24,Male,66,2.22,High,Cold,Good
47,Male,62,3.02,Moderate,Hot,Good
35,Female,83,3.43,Low,Hot,Good
24,Male,51,1.86,Moderate,Cold,Good
63,Male,62,1.5,Low,Cold,Poor
57,Male,52,2.08,Low,Hot,Good
34,Female,92,2.32,Low,Cold,Poor
68,Male,59,2.48,Low,Hot,Good
47,Male,107,3.85,Moderate,Cold,Good
65,Female,76,2.43,Low,Normal,Good
69,Male,57,1.5,Low,Normal,Poor
31,Male,106,5.14,High,Hot,Good
18,Male,76,4.42,High,Hot,Good
49,Male,100,3.63,High,Normal,Good
21,Female,67,2.24,Low,Normal,Good
38,Female,74,4.14,High,Hot,Good
33,Male,93,3.62,High,Normal,Good
57,Female,88,2.67,Low,Normal,Good
61,Male,103,3.29,Moderate,Cold,Good
32,Female,96,2.57,Low,Cold,Poor
61,Male,48,1.5,Moderate,Normal,Good
24,Female,90,3.42,Moderate,Normal,Good
40,Female,77,3.25,Moderate,Hot,Good
21,Female,109,3.03,Low,Cold,Poor
51,Male,108,3.7,Moderate,Hot,Good
26,Female,61,2.27,Low,Hot,Good
30,Male,47,1.59,Moderate,Cold,Good
60,Female,51,1.5,Low,Normal,Poor
41,Female,54,2.15,Moderate,Normal,Good
61,Male,83,3.15,Moderate,Normal,Good
36,Female,96,2.56,Low,Cold,Poor
54,Female,74,3.03,Moderate,Hot,Good
46,Female,65,2.67,Moderate,Normal,Good
54,Female,92,4.28,High,Hot,Good
35,Female,103,3.96,Moderate,Normal,Good
65,Female,107,2.85,Moderate,Cold,Poor
51,Female,105,4.04,High,Normal,Good
42,Female,106,4.16,Moderate,Normal,Good
47,Male,57,2.78,Low,Hot,Good
66,Female,100,4.06,High,Normal,Good
41,Female,62,2.25,Moderate,Cold,Good
34,Male,76,3.06,Moderate,Hot,Good
24,Male,57,3.3,High,Hot,Good
65,Female,86,2.48,Low,Normal,Poor
27,Female,70,2.89,Moderate,Hot,Good
49,Male,96,4.45,High,Hot,Good
58,Female,84,1.52,Low,Cold,Poor
31,Male,88,3.28,High,Normal,Good
39,Male,92,4.09,High,Hot,Good
33,Male,79,2.41,Low,Cold,Good
20,Female,49,1.5,Low,Normal,Good
46,Female,75,3.36,Low,Hot,Good
44,Female,81,3.77,High,Hot,Good
50,Male,103,3.14,Low,Normal,Good
41,Male,88,3.72,High,Cold,Good
65,Female,93,4.13,High,Hot,Good
66,Male,107,3.48,Low,Hot,Good
68,Female,55,1.98,Low,Hot,Good
19,Female,73,3.2,Low,Hot,Good
45,Male,64,3.69,High,Hot,Good
38,Male,105,4.44,Moderate,Hot,Good
23,Male,47,2.09,High,Normal,Good
24,Male,104,4.57,High,Normal,Good
22,Female,55,1.5,Low,Normal,Poor
51,Female,57,1.52,Moderate,Cold,Poor
24,Male,50,2.37,Moderate,Normal,Good
56,Male,94,3.96,High,Normal,Good
42,Male,72,2.31,Low,Normal,Good
56,Female,49,2.59,Moderate,Hot,Good
43,Female,84,3.45,Moderate,Normal,Good
64,Male,87,3.94,Moderate,Hot,Good
32,Female,70,3.15,Low,Hot,Good
26,Female,45,1.67,Moderate,Cold,Good
40,Male,89,3.54,Moderate,Hot,Good
31,Male,82,2.06,Low,Cold,Poor
35,Male,60,2.85,High,Cold,Good
46,Male,50,1.56,Moderate,Normal,Good
19,Female,75,2.91,Moderate,Cold,Good
41,Male,45,1.81,Low,Normal,Good
54,Male,71,1.5,Low,Cold,Poor
44,Male,56,2.73,Low,Hot,Good
49,Male,51,2.35,Low,Hot,Good
56,Male,87,2.46,Moderate,Cold,Poor
20,Male,90,2.3,Low,Normal,Poor
53,Male,47,2.42,High,Normal,Good
64,Female,84,3.05,High,Normal,Good
56,Male,106,3.14,Low,Normal,Poor
26,Female,90,3.41,High,Cold,Good
28,Female,104,3.06,Low,Normal,Poor
43,Female,71,3.89,High,Hot,Good
43,Male,79,3.15,High,Cold,Good
26,Male,95,3.58,Moderate,Hot,Good
60,Female,56,1.78,Moderate,Normal,Good
55,Male,51,1.75,Low,Hot,Good
35,Female,89,3.79,Moderate,Hot,Good
68,Male,83,4.35,High,Hot,Good
52,Male,67,2.59,Moderate,Normal,Good
41,Male,106,2.93,Low,Cold,Poor
26,Male,84,2.05,Low,Normal,Poor
34,Male,51,2.78,Moderate,Hot,Good
67,Male,68,1.81,Moderate,Normal,Poor
45,Male,77,2.88,Moderate,Normal,Good
27,Male,97,3.66,Low,Hot,Good
26,Female,50,3.47,High,Hot,Good
59,Male,79,3.39,Moderate,Hot,Good
36,Female,69,3.11,Moderate,Hot,Good
34,Female,80,3.65,High,Hot,Good
49,Male,65,3.27,High,Hot,Good
35,Male,45,1.5,Low,Normal,Good
19,Female,95,3.54,Moderate,Normal,Good
51,Male,80,2.45,Low,Normal,Good
68,Female,86,2.67,High,Cold,Good
37,Male,98,3.36,Moderate,Cold,Good
56,Female,74,3.44,Moderate,Hot,Good
67,Female,89,2.42,Moderate,Cold,Poor
25,Male,54,3.61,High,Hot,Good
69,Female,50,3.22,High,Hot,Good
50,Male,63,2.42,High,Cold,Good
35,Male,106,3.96,High,Cold,Good
36,Female,97,2.82,Moderate,Cold,Poor
51,Female,66,1.5,Low,Cold,Poor
27,Female,52,3.64,High,Hot,Good
55,Female,106,2.92,Moderate,Normal,Poor
62,Female,109,3.09,Low,Normal,Poor
26,Female,49,1.56,Low,Normal,Good
29,Male,102,3.24,Moderate,Normal,Good
18,Male,47,3.26,High,Hot,Good
66,Female,61,1.77,Low,Normal,Poor
23,Male,65,3.07,High,Cold,Good
64,Male,71,2.55,High,Normal,Good
45,Female,91,3.32,Low,Hot,Good
67,Female,54,1.5,Moderate,Cold,Poor
50,Male,51,1.78,Moderate,Cold,Good
61,Female,90,2.24,Low,Normal,Poor
30,Female,60,2.16,Low,Normal,Good
22,Male,82,4.02,High,Hot,Good
55,Female,100,4.25,High,Hot,Good
65,Male,103,3.17,Moderate,Cold,Good
68,Male,99,3.85,Moderate,Hot,Good
25,Female,48,2.29,Moderate,Normal,Good
39,Female,97,3.82,High,Normal,Good
66,Male,63,2.01,Low,Normal,Good
40,Male,77,3.63,High,Normal,Good
58,Female,67,2.12,Low,Normal,Good
23,Male,93,2.84,Moderate,Normal,Good
30,Male,48,3.09,High,Hot,Good
54,Female,75,2.13,Moderate,Cold,Poor
62,Male,52,1.96,Low,Hot,Good
62,Female,49,2.13,Low,Hot,Good
57,Male,53,2.57,Moderate,Hot,Good
49,Female,95,3.58,High,Normal,Good
48,Female,51,1.54,Low,Normal,Good
20,Male,95,3.83,Moderate,Normal,Good
26,Male,54,1.5,Low,Cold,Poor
67,Female,91,4.31,High,Hot,Good
47,Male,101,3.86,High,Normal,Good
32,Male,109,4.96,High,Hot,Good
20,Male,61,3.52,High,Hot,Good
25,Female,104,3.9,Moderate,Hot,Good
34,Male,106,4.74,High,Hot,Good
46,Female,98,3.21,Low,Hot,Good
28,Male,104,4.93,High,Hot,Good
63,Female,82,1.89,Low,Cold,Poor
19,Male,80,2.7,High,Cold,Good
53,Female,60,1.56,Low,Cold,Poor
42,Female,48,2.02,Moderate,Cold,Good
23,Female,45,1.65,High,Cold,Good
18,Female,107,4.08,High,Cold,Good
18,Male,109,4.55,High,Normal,Good
62,Male,74,1.92,Low,Cold,Poor
65,Male,66,1.69,Moderate,Cold,Poor
63,Male,48,1.5,Moderate,Cold,Good
61,Female,56,2.21,Low,Hot,Good
32,Male,96,4.53,High,Hot,Good
18,Female,109,3.64,Low,Hot,Good
64,Female,93,1.81,Low,Cold,Poor
39,Female,70,2.68,High,Normal,Good
38,Male,107,3.04,Low,Normal,Poor
31,Female,77,3.83,Moderate,Hot,Good
26,Male,95,3.57,High,Normal,Good
52,Female,80,3.25,High,Normal,Good
45,Female,83,3.4,Moderate,Hot,Good
27,Female,50,2.49,Moderate,Hot,Good
63,Female,59,3.16,High,Hot,Good
35,Male,63,3.04,High,Cold,Good
22,Male,68,3.55,High,Hot,Good
47,Female,59,2.56,High,Normal,Good
55,Female,88,3.31,Moderate,Hot,Good
37,Male,108,4.4,Low,Hot,Good
21,Female,49,2.19,Moderate,Normal,Good
25,Female,66,2.66,Moderate,Normal,Good
39,Female,90,3.21,Low,Hot,Good
54,Female,60,1.5,Low,Cold,Poor
20,Male,67,1.9,Moderate,Cold,Poor
22,Male,67,3.18,Low,Hot,Good
42,Male,52,1.73,Low,Cold,Good
19,Male,66,3.77,High,Hot,Good
49,Male,108,4.72,Moderate,Hot,Good
40,Male,97,3.66,Moderate,Hot,Good
50,Female,96,3.21,Low,Hot,Good
61,Female,51,1.62,Moderate,Cold,Good
18,Female,107,3.82,Low,Hot,Good
51,Female,83,2.59,High,Cold,Good
30,Female,68,2.36,Moderate,Normal,Good
36,Male,109,3.93,Moderate,Normal,Good
67,Female,77,2.37,High,Cold,Good
45,Male,85,2.3,Moderate,Cold,Poor
67,Female,55,1.9,Moderate,Cold,Good
59,Female,75,2.86,Moderate,Hot,Good
36,Male,82,3.43,High,Cold,Good
58,Male,52,1.5,Low,Cold,Poor
28,Female,64,1.75,Low,Cold,Poor
26,Female,59,2.12,Low,Hot,Good
50,Female,107,4.75,Moderate,Hot,Good
38,Male,49,2.57,Moderate,Hot,Good
38,Male,92,3.87,Low,Hot,Good
48,Male,106,4.74,Moderate,Hot,Good
23,Male,65,2.35,Low,Normal,Good
56,Male,78,2.81,High,Cold,Good
32,Female,50,1.75,Moderate,Cold,Good
66,Female,45,1.5,Low,Cold,Good
53,Female,64,3.5,High,Hot,Good
18,Male,95,4.49,Moderate,Hot,Good
42,Male,85,3.58,High,Cold,Good
29,Female,58,2.47,High,Normal,Good
34,Male,79,3.01,Moderate,Normal,Good
67,Male,80,1.79,Low,Normal,Poor
36,Female,86,3.0,Low,Hot,Good
60,Male,83,2.67,Low,Normal,Good
29,Female,91,3.0,Moderate,Normal,Good
29,Male,95,3.05,Low,Hot,Good
51,Female,93,3.68,High,Normal,Good
46,Male,49,2.12,High,Normal,Good
46,Male,108,4.62,Moderate,Hot,Good
50,Male,54,2.58,High,Normal,Good
50,Female,55,3.0,Moderate,Hot,Good
24,Female,65,4.04,High,Hot,Good
27,Female,91,4.25,High,Hot,Good
64,Female,59,2.05,High,Cold,Good
57,Female,106,3.12,Moderate,Normal,Poor
19,Male,48,1.55,Low,Cold,Good
34,Male,75,2.37,Moderate,Normal,Good
43,Female,45,2.88,Moderate,Hot,Good
54,Male,100,3.21,Low,Hot,Good
19,Female,80,3.18,Moderate,Normal,Good
39,Female,105,3.94,Moderate,Normal,Good
37,Male,80,2.63,Moderate,Normal,Good
32,Female,106,4.8,High,Hot,Good
20,Female,49,2.47,High,Cold,Good
48,Male,79,2.17,Low,Normal,Poor
23,Female,70,2.52,Low,Hot,Good
36,Male,51,3.28,High,Hot,Good
37,Male,69,2.48,High,Cold,Good
46,Male,62,3.74,High,Hot,Good
21,Female,109,2.98,Low,Normal,Poor
32,Male,98,3.41,High,Cold,Good
32,Female,94,4.41,High,Hot,Good
35,Male,46,1.64,Low,Hot,Good
33,Male,74,2.81,High,Cold,Good
52,Female,70,2.23,High,Cold,Good
22,Male,46,3.38,High,Hot,Good
37,Male,106,3.52,Moderate,Normal,Good
37,Male,94,4.32,High,Hot,Good
42,Male,97,4.93,High,Hot,Good
64,Male,87,3.32,Low,Hot,Good
56,Female,107,4.82,High,Hot,Good
33,Male,99,4.39,High,Hot,Good
60,Male,105,4.3,High,Hot,Good
68,Male,86,1.8,Low,Cold,Poor
47,Female,81,3.09,High,Normal,Good
56,Female,55,1.98,High,Cold,Good
33,Female,94,3.19,Low,Normal,Good
21,Female,98,3.48,High,Cold,Good
31,Female,49,2.94,High,Hot,Good
62,Female,62,2.39,Moderate,Normal,Good
47,Female,65,3.77,High,Hot,Good
58,Female,85,2.08,Low,Normal,Poor
44,Male,74,3.57,High,Hot,Good
38,Female,89,3.03,Moderate,Cold,Good
62,Male,89,3.15,Moderate,Hot,Good
22,Male,76,2.78,High,Cold,Good
43,Female,81,3.93,Moderate,Hot,Good
22,Male,69,3.04,High,Normal,Good
48,Male,64,2.85,Low,Hot,Good
26,Male,65,2.44,High,Cold,Good
37,Female,70,2.83,High,Cold,Good
28,Male,81,2.77,Moderate,Cold,Good
28,Male,71,3.42,Moderate,Hot,Good
51,Male,82,2.11,Moderate,Cold,Poor
18,Male,47,2.89,Moderate,Hot,Good
31,Male,96,3.98,Low,Hot,Good
22,Male,59,3.1,High,Hot,Good
31,Male,101,3.58,Moderate,Normal,Good
25,Male,63,3.59,High,Hot,Good
46,Male,85,3.12,Low,Hot,Good
30,Female,71,3.9,High,Hot,Good
43,Female,97,3.77,Moderate,Hot,Good
65,Female,53,1.87,Low,Hot,Good
49,Female,96,3.99,High,Cold,Good
68,Male,52,1.5,Low,Normal,Poor
20,Male,68,3.41,Moderate,Hot,Good
46,Male,95,2.69,Low,Cold,Poor
43,Male,62,1.94,Moderate,Normal,Good
24,Female,92,3.74,High,Cold,Good
50,Male,47,3.08,High,Hot,Good
53,Male,48,1.66,Moderate,Cold,Good
57,Female,95,3.65,High,Normal,Good
50,Male,64,2.49,Moderate,Cold,Good
69,Female,71,2.3,Low,Hot,Good
41,Male,52,2.0,Moderate,Cold,Good
27,Male,73,3.91,High,Hot,Good
18,Female,65,2.31,High,Cold,Good
26,Female,104,3.36,Low,Normal,Good
43,Male,53,3.03,High,Normal,Good
52,Male,80,1.61,Low,Cold,Poor
26,Female,66,2.39,Low,Normal,Good
26,Male,81,3.67,High,Normal,Good
25,Female,57,2.69,Moderate,Hot,Good
60,Male,81,2.35,Moderate,Normal,Poor
48,Female,69,3.38,High,Normal,Good
56,Male,65,3.1,Moderate,Hot,Good
59,Female,86,2.66,Moderate,Cold,Good
25,Male,105,4.4,High,Hot,Good
30,Female,65,1.82,Moderate,Cold,Poor
35,Male,89,3.86,High,Normal,Good
57,Male,70,2.39,Low,Hot,Good
50,Male,96,3.37,Low,Hot,Good
52,Female,56,2.82,Moderate,Hot,Good
62,Male,54,1.57,Moderate,Normal,Poor
51,Female,83,3.06,High,Cold,Good
49,Female,73,3.82,Moderate,Hot,Good
23,Female,105,4.71,Moderate,Hot,Good
46,Female,75,3.02,Moderate,Hot,Good
55,Female,101,2.78,Moderate,Normal,Poor
19,Male,56,2.6,Low,Hot,Good
63,Female,65,1.52,Moderate,Cold,Poor
63,Female,105,4.18,High,Hot,Good
32,Female,59,1.5,Low,Cold,Poor
64,Male,66,3.52,High,Hot,Good
39,Male,71,2.51,Moderate,Cold,Good
61,Male,53,3.21,High,Hot,Good
26,Male,59,3.12,High,Hot,Good
37,Female,102,4.04,Moderate,Hot,Good
36,Male,60,2.26,High,Cold,Good
25,Female,77,3.53,High,Normal,Good
35,Male,79,2.45,Low,Cold,Good
67,Male,47,1.5,Low,Cold,Good
45,Male,90,2.31,Low,Cold,Poor
64,Female,58,1.78,Moderate,Cold,Good
32,Female,75,3.54,High,Hot,Good
34,Male,95,2.11,Low,Cold,Poor
61,Male,59,2.75,High,Hot,Good
29,Male,69,2.18,Low,Normal,Good
22,Female,48,1.96,High,Normal,Good
58,Female,101,4.44,High,Hot,Good
20,Female,94,2.24,Low,Cold,Poor
27,Male,68,1.87,Low,Normal,Poor
49,Male,63,4.02,High,Hot,Good
68,Male,59,1.56,Low,Normal,Poor
52,Male,71,2.0,Low,Normal,Poor
23,Female,77,2.5,Moderate,Normal,Good
34,Female,86,3.1,Moderate,Normal,Good
57,Male,90,2.22,Low,Normal,Poor
21,Female,45,1.5,Low,Normal,Good
42,Female,96,4.38,Moderate,Hot,Good
22,Male,49,3.46,High,Hot,Good
69,Female,58,2.51,Low,Hot,Good
25,Male,45,1.7,Low,Hot,Good
68,Female,81,2.75,Low,Hot,Good
49,Female,96,4.63,High,Hot,Good
29,Female,96,4.32,High,Normal,Good
34,Female,87,2.83,Low,Normal,Good
20,Female,73,3.51,High,Normal,Good
60,Female,94,2.4,Moderate,Cold,Poor
22,Female,74,2.68,Moderate,Cold,Good
38,Male,91,3.56,High,Cold,Good
40,Female,65,1.69,Low,Cold,Poor
32,Male,61,2.37,High,Normal,Good
31,Female,103,3.54,Moderate,Normal,Good
51,Female,50,1.68,Low,Normal,Good
23,Male,51,2.64,Moderate,Hot,Good
68,Female,45,1.5,Low,Cold,Good
44,Female,47,2.15,High,Normal,Good
50,Female,61,2.53,Moderate,Normal,Good
54,Male,102,3.58,Moderate,Normal,Good
40,Male,73,2.21,Moderate,Cold,Good
44,Female,89,3.46,High,Cold,Good
48,Male,80,3.66,High,Hot,Good
54,Female,80,2.48,Low,Hot,Good
63,Female,96,3.21,Low,Hot,Good
27,Female,67,1.72,Low,Normal,Poor
63,Male,88,3.77,High,Normal,Good
61,Female,102,4.11,High,Hot,Good
69,Male,107,2.51,Low,Normal,Poor
61,Male,88,2.4,Low,Normal,Poor
45,Female,62,3.02,High,Cold,Good
27,Male,93,3.36,Moderate,Normal,Good
26,Male,59,3.26,Moderate,Hot,Good
25,Female,45,1.5,Low,Normal,Good
48,Male,62,2.4,Moderate,Normal,Good
47,Female,51,2.11,Moderate,Cold,Good
20,Female,107,4.25,Moderate,Hot,Good
55,Female,59,2.96,High,Hot,Good
47,Female,62,2.89,Moderate,Hot,Good
43,Female,84,3.57,Low,Hot,Good
25,Male,65,2.88,High,Cold,Good
38,Female,47,1.94,Moderate,Cold,Good
44,Male,71,3.21,Low,Hot,Good
50,Male,77,1.59,Low,Cold,Poor
61,Female,87,2.95,Low,Hot,Good
18,Female,61,3.08,Moderate,Hot,Good
67,Female,48,2.84,High,Hot,Good
63,Female,72,4.02,High,Hot,Good
34,Female,102,3.83,High,Normal,Good
26,Female,75,3.5,High,Normal,Good
36,Female,99,3.39,Moderate,Cold,Good
65,Male,94,3.89,High,Normal,Good
20,Female,96,2.09,Low,Cold,Poor
54,Male,59,1.5,Low,Cold,Poor
32,Female,53,1.95,Low,Normal,Good
22,Male,69,2.14,Low,Normal,Good
43,Female,108,4.41,High,Normal,Good
69,Male,53,2.49,High,Cold,Good
27,Male,106,2.92,Low,Normal,Poor
44,Female,104,3.7,Low,Hot,Good
60,Male,82,3.3,High,Cold,Good
46,Female,91,3.58,High,Cold,Good
22,Male,97,4.05,High,Cold,Good
40,Female,88,3.2,High,Cold,Good
36,Male,91,4.56,High,Hot,Good
41,Female,61,2.28,Moderate,Normal,Good
48,Female,72,2.0,Low,Normal,Poor
45,Male,100,4.06,High,Normal,Good
61,Male,86,2.31,Low,Normal,Poor
55,Male,101,2.6,Low,Cold,Poor
42,Female,88,3.61,Moderate,Hot,Good
58,Female,95,3.28,Low,Hot,Good
62,Female,52,2.55,High,Hot,Good
53,Female,65,2.66,Moderate,Hot,Good
66,Female,51,3.14,High,Hot,Good
66,Male,86,3.55,Moderate,Hot,Good
55,Female,97,3.84,High,Hot,Good
49,Male,81,2.83,High,Cold,Good
63,Male,46,1.52,High,Cold,Good
47,Female,107,3.14,Low,Cold,Poor
56,Male,93,2.19,Low,Cold,Poor
39,Female,58,3.07,High,Hot,Good
38,Female,89,3.09,Moderate,Cold,Good
18,Female,65,2.19,Low,Hot,Good
20,Male,74,2.84,Moderate,Cold,Good
36,Female,64,2.19,Low,Hot,Good
57,Male,69,1.5,Low,Cold,Poor
40,Female,96,4.98,High,Hot,Good
32,Female,96,2.9,Moderate,Normal,Good
27,Male,58,2.46,Low,Hot,Good
31,Female,77,2.89,High,Cold,Good
51,Female,63,2.48,High,Cold,Good
21,Female,80,2.77,Moderate,Normal,Good
49,Male,53,2.06,Low,Normal,Good
67,Male,64,3.19,High,Hot,Good
39,Male,92,2.64,Moderate,Cold,Poor
32,Female,76,2.92,Moderate,Normal,Good
21,Female,74,2.6,Low,Hot,Good
38,Male,85,3.69,High,Normal,Good
36,Female,92,3.74,Moderate,Hot,Good
37,Male,108,3.5,Moderate,Cold,Good
48,Female,62,2.51,Moderate,Cold,Good
63,Male,64,2.67,High,Normal,Good
39,Male,88,3.6,Moderate,Hot,Good
51,Female,109,3.85,High,Cold,Good
18,Female,82,1.96,Low,Cold,Poor
26,Male,61,3.08,High,Normal,Good
54,Female,96,3.51,High,Cold,Good
50,Male,48,1.5,Low,Normal,Good
69,Female,53,1.74,Low,Normal,Good
25,Female,49,3.58,High,Hot,Good
18,Female,59,2.8,Low,Hot,Good
55,Male,86,2.64,Moderate,Cold,Good
43,Female,105,4.76,High,Hot,Good
20,Male,98,4.28,High,Hot,Good
36,Male,104,2.85,Moderate,Cold,Poor
53,Female,65,3.13,High,Hot,Good
65,Male,70,1.79,Moderate,Cold,Poor
53,Female,68,3.91,High,Hot,Good
43,Female,65,3.75,High,Hot,Good
32,Female,50,3.26,High,Hot,Good
45,Male,52,1.73,Low,Normal,Good
34,Female,102,3.8,High,Cold,Good
53,Female,75,4.13,High,Hot,Good
19,Female,96,3.44,High,Cold,Good
36,Female,59,2.27,Low,Hot,Good
31,Female,47,1.71,High,Cold,Good
23,Female,93,2.26,Low,Cold,Poor
31,Male,64,2.29,High,Cold,Good
52,Male,89,3.0,High,Normal,Good
19,Male,89,2.92,Low,Hot,Good
41,Female,73,3.15,High,Normal,Good
21,Male,98,3.41,Moderate,Cold,Good
66,Male,76,2.25,Moderate,Cold,Poor
18,Male,107,2.73,Low,Normal,Poor
68,Female,89,2.54,Moderate,Normal,Poor
18,Female,58,1.97,Moderate,Cold,Good
20,Male,68,3.22,Moderate,Hot,Good
27,Female,57,2.28,Moderate,Normal,Good
31,Male,54,2.28,Moderate,Cold,Good
52,Male,99,3.52,Low,Hot,Good
59,Male,91,2.53,Moderate,Normal,Poor
56,Male,96,2.45,Moderate,Cold,Poor
35,Female,68,3.24,High,Normal,Good
40,Female,65,1.82,Low,Cold,Poor
43,Female,78,1.95,Low,Cold,Poor
48,Female,63,1.98,Low,Cold,Good
62,Female,57,1.89,High,Cold,Good
24,Female,71,3.44,High,Hot,Good
51,Female,92,2.92,Moderate,Cold,Good
32,Female,88,2.84,Low,Hot,Good
48,Male,82,3.2,High,Normal,Good
67,Female,50,1.52,High,Cold,Good
69,Male,59,1.81,High,Cold,Good
65,Female,100,4.16,Moderate,Hot,Good
68,Female,102,4.5,High,Hot,Good
62,Female,70,2.91,High,Cold,Good
19,Male,57,3.47,High,Hot,Good
28,Female,57,2.3,High,Cold,Good
41,Male,101,3.45,High,Cold,Good
22,Male,79,2.99,Low,Hot,Good
30,Female,88,2.53,Moderate,Cold,Poor
39,Female,84,2.21,Low,Normal,Poor
22,Male,98,3.38,Low,Hot,Good
20,Female,82,4.65,High,Hot,Good
31,Male,82,2.53,Moderate,Normal,Good
61,Female,109,4.32,High,Normal,Good
69,Female,59,2.48,High,Normal,Good
20,Female,81,2.29,Low,Normal,Poor
66,Male,82,2.47,Moderate,Normal,Good
24,Female,63,2.72,Low,Hot,Good
47,Female,99,3.07,Low,Cold,Good
37,Male,71,2.0,Moderate,Cold,Poor
58,Male,92,3.59,Low,Hot,Good
23,Male,78,3.25,Moderate,Hot,Good
58,Male,50,1.74,Moderate,Cold,Good
34,Male,60,2.23,Moderate,Normal,Good
25,Female,54,3.1,Moderate,Hot,Good
27,Male,72,2.25,Moderate,Cold,Good
50,Male,100,4.22,High,Normal,Good
29,Female,62,2.33,Low,Hot,Good
23,Female,97,4.04,Moderate,Hot,Good
19,Female,74,2.44,Low,Hot,Good
59,Male,78,3.17,High,Cold,Good
66,Female,61,1.5,Low,Cold,Poor
67,Male,93,2.92,High,Cold,Good
36,Male,90,3.05,High,Cold,Good
34,Male,49,1.5,Low,Cold,Good
65,Male,60,2.28,High,Cold,Good
44,Male,51,3.46,High,Hot,Good
25,Female,82,2.86,Low,Normal,Good
32,Female,94,2.56,Moderate,Cold,Poor
69,Male,53,2.24,Low,Hot,Good
36,Male,95,3.72,High,Cold,Good
21,Male,75,3.2,Moderate,Hot,Good
52,Male,87,2.55,Low,Normal,Poor
29,Female,90,4.26,Moderate,Hot,Good
35,Female,76,2.65,Low,Hot,Good
41,Female,107,3.92,Moderate,Normal,Good
40,Male,94,3.21,Moderate,Cold,Good
30,Female,73,2.56,High,Cold,Good
30,Male,49,1.96,Moderate,Cold,Good
62,Male,58,1.66,Low,Normal,Poor
30,Male,68,3.1,High,Normal,Good
18,Female,78,2.07,Low,Cold,Poor
57,Male,47,2.36,Moderate,Hot,Good
43,Male,102,4.21,High,Normal,Good
25,Male,99,3.9,Low,Hot,Good
33,Female,86,2.67,Moderate,Normal,Good
42,Male,100,3.68,Moderate,Normal,Good
66,Female,105,3.78,Moderate,Hot,Good
63,Female,48,2.02,Moderate,Hot,Good
46,Male,87,3.33,Moderate,Hot,Good
38,Female,48,2.87,High,Hot,Good
43,Female,46,2.01,High,Normal,Good
62,Male,62,1.63,Low,Normal,Poor
59,Female,85,2.12,Low,Cold,Poor
43,Female,102,3.22,Low,Normal,Good
52,Female,82,2.35,Moderate,Cold,Poor
58,Male,94,3.55,High,Cold,Good
25,Female,89,2.48,Low,Normal,Poor
57,Male,61,1.91,Low,Hot,Good
46,Male,100,3.98,Low,Hot,Good
58,Male,86,3.09,High,Normal,Good
51,Male,84,2.53,Moderate,Normal,Good
25,Male,88,2.41,Low,Cold,Poor
20,Male,57,2.45,High,Cold,Good
49,Female,93,3.72,High,Normal,Good
35,Female,74,3.37,Moderate,Hot,Good
44,Male,103,4.14,Low,Hot,Good
34,Male,75,2.58,Low,Hot,Good
37,Male,49,2.47,Moderate,Normal,Good
28,Female,89,3.23,High,Cold,Good
19,Female,68,1.9,Moderate,Cold,Poor
55,Female,92,3.64,Moderate,Hot,Good
46,Female,102,4.01,Moderate,Hot,Good
58,Female,62,2.12,Moderate,Cold,Good
32,Male,61,2.71,Moderate,Hot,Good
23,Male,71,2.39,Low,Normal,Good
51,Male,62,1.72,Low,Normal,Poor
27,Male,88,3.7,Moderate,Hot,Good
30,Female,96,3.96,Low,Hot,Good
59,Female,108,3.61,High,Normal,Good
51,Female,108,4.03,Low,Hot,Good
62,Male,63,2.64,High,Normal,Good
34,Male,94,3.69,High,Normal,Good
58,Female,54,2.43,Moderate,Hot,Good
48,Male,59,1.88,Low,Normal,Good
53,Male,109,4.44,High,Hot,Good
51,Male,91,3.4,High,Cold,Good
55,Male,88,3.39,Moderate,Hot,Good
38,Male,70,2.51,Low,Hot,Good
22,Male,45,2.06,High,Normal,Good
54,Female,46,1.51,Moderate,Cold,Good
22,Male,85,2.5,Low,Cold,Poor
64,Female,57,2.13,High,Normal,Good
19,Male,103,3.48,Moderate,Cold,Good
44,Male,54,1.67,Moderate,Cold,Good
19,Female,59,3.16,Moderate,Hot,Good
27,Female,66,2.38,High,Cold,Good
32,Male,52,2.78,Moderate,Hot,Good
39,Female,89,3.21,High,Cold,Good
67,Male,66,2.24,Moderate,Cold,Good
26,Male,89,2.25,Low,Cold,Poor
59,Female,49,2.78,Moderate,Hot,Good
23,Female,106,3.61,Low,Hot,Good
56,Female,62,2.64,High,Normal,Good
59,Female,70,1.69,Moderate,Cold,Poor
49,Male,72,2.41,Moderate,Normal,Good
60,Female,76,3.8,High,Hot,Good
35,Female,55,2.26,High,Normal,Good
37,Female,84,3.61,High,Normal,Good
52,Male,65,2.51,High,Cold,Good
34,Female,62,3.59,High,Hot,Good
33,Male,48,1.5,Moderate,Cold,Good
45,Female,90,2.87,Moderate,Cold,Good
48,Female,69,2.6,High,Cold,Good
41,Male,109,3.5,High,Cold,Good
42,Male,72,2.35,Low,Normal,Good
23,Male,92,3.94,Low,Hot,Good
23,Female,92,2.37,Low,Normal,Poor
47,Male,107,4.09,Low,Hot,Good
36,Female,94,4.29,High,Hot,Good
24,Female,53,1.62,Moderate,Normal,Good
66,Female,50,1.5,High,Cold,Good
38,Male,59,1.98,Low,Normal,Good
19,Male,100,4.86,High,Hot,Good
57,Female,76,2.8,Moderate,Hot,Good
46,Female,78,2.77,Low,Normal,Good
56,Female,88,2.54,Moderate,Normal,Poor
53,Female,63,1.5,Moderate,Cold,Poor
37,Female,65,2.66,High,Normal,Good
42,Female,71,2.3,Moderate,Cold,Good
36,Male,85,4.01,High,Hot,Good
21,Female,95,3.05,Low,Cold,Good
65,Male,54,1.5,Low,Normal,Poor
56,Male,63,1.5,Low,Normal,Poor
36,Male,106,3.6,Low,Normal,Good
53,Female,86,3.96,Moderate,Hot,Good
47,Male,49,2.33,Moderate,Normal,Good
60,Male,65,3.18,Moderate,Hot,Good
67,Male,50,2.07,Moderate,Normal,Good
19,Male,45,1.5,Low,Cold,Good
60,Male,96,2.66,Low,Normal,Poor
40,Male,45,1.5,Low,Cold,Good
20,Male,46,2.23,High,Normal,Good
34,Female,66,2.48,Moderate,Cold,Good
54,Female,76,3.78,High,Hot,Good
36,Male,72,2.69,High,Normal,Good
27,Female,69,2.63,Low,Hot,Good
39,Male,70,3.28,Moderate,Hot,Good
24,Male,61,3.26,High,Hot,Good
37,Male,82,4.01,Moderate,Hot,Good
33,Female,95,2.66,Low,Cold,Poor
68,Male,60,2.74,Moderate,Hot,Good
29,Female,84,3.5,High,Normal,Good
55,Female,92,3.6,High,Normal,Good
46,Male,46,1.5,Low,Cold,Good
51,Female,85,2.12,Moderate,Cold,Poor
28,Female,67,3.12,High,Cold,Good
20,Male,106,5.35,High,Hot,Good
48,Male,109,3.93,High,Cold,Good
23,Male,48,1.5,Low,Normal,Good
27,Male,95,4.69,High,Hot,Good
18,Male,52,2.23,Low,Hot,Good
34,Male,107,3.95,Moderate,Normal,Good
62,Female,75,1.73,Low,Cold,Poor
19,Male,79,2.79,Moderate,Normal,Good
33,Male,100,3.59,Moderate,Cold,Good
67,Male,56,1.57,Moderate,Cold,Poor
29,Female,77,2.42,Moderate,Normal,Good
66,Male,65,1.5,Moderate,Cold,Poor
56,Male,93,2.99,High,Cold,Good
53,Female,70,1.95,Moderate,Cold,Poor
25,Female,106,3.88,High,Cold,Good
41,Female,84,3.61,High,Cold,Good
64,Male,52,1.64,Low,Hot,Good
20,Male,98,3.08,Moderate,Normal,Good
65,Female,91,3.09,Moderate,Normal,Good
37,Male,107,4.62,Moderate,Hot,Good
60,Male,49,2.34,High,Normal,Good
62,Female,92,3.45,High,Normal,Good
37,Male,78,2.73,Low,Hot,Good
19,Male,63,2.61,Low,Hot,Good
31,Female,72,3.5,High,Hot,Good
54,Male,93,3.25,High,Cold,Good
26,Female,73,3.11,High,Cold,Good
65,Female,67,1.5,Low,Cold,Poor
60,Male,51,1.68,High,Cold,Good
62,Male,86,2.0,Low,Cold,Poor
61,Male,70,3.28,High,Hot,Good
54,Female,52,2.52,High,Normal,Good
24,Female,51,2.63,Low,Hot,Good
31,Male,61,2.83,High,Cold,Good
39,Female,90,2.03,Low,Cold,Poor
45,Female,58,1.5,Low,Cold,Poor
43,Female,46,2.02,Moderate,Cold,Good
51,Male,63,3.32,High,Hot,Good
30,Male,49,1.5,Low,Normal,Good
41,Female,73,3.36,Moderate,Hot,Good
25,Female,70,2.16,Low,Cold,Good
18,Male,72,2.52,Moderate,Normal,Good
64,Female,103,4.49,High,Hot,Good
66,Male,49,1.6,Low,Hot,Good
32,Female,59,3.42,Moderate,Hot,Good
22,Female,55,2.15,Moderate,Normal,Good
40,Male,84,2.83,High,Cold,Good
32,Male,91,4.03,High,Normal,Good
33,Female,103,3.44,High,Cold,Good
69,Female,74,2.24,Low,Hot,Good
18,Female,103,3.3,Moderate,Normal,Good
25,Male,96,2.39,Low,Cold,Poor
35,Male,102,4.4,High,Hot,Good
65,Male,89,2.29,Moderate,Cold,Poor
53,Female,90,4.02,High,Hot,Good
54,Female,60,1.92,Moderate,Cold,Good
63,Female,105,3.61,Low,Hot,Good
52,Male,86,2.97,High,Normal,Good
21,Male,91,3.65,High,Normal,Good
41,Male,87,3.08,High,Cold,Good
48,Female,81,2.61,Low,Normal,Good
24,Male,51,2.05,High,Cold,Good
69,Female,88,3.02,Moderate,Normal,Good
41,Male,72,3.07,Moderate,Hot,Good
35,Female,45,1.87,High,Cold,Good
59,Male,94,2.05,Low,Cold,Poor
18,Female,95,3.73,Moderate,Hot,Good
56,Male,59,1.98,High,Normal,Good
40,Male,97,2.17,Low,Cold,Poor
34,Female,50,3.56,High,Hot,Good
57,Male,84,2.25,Moderate,Normal,Poor
29,Female,51,2.12,High,Cold,Good
66,Male,48,2.03,Moderate,Normal,Good
20,Male,56,2.12,Low,Hot,Good
60,Female,94,2.86,Moderate,Normal,Good
25,Male,76,2.98,Moderate,Normal,Good
34,Female,78,3.97,Moderate,Hot,Good
55,Male,68,2.1,Moderate,Normal,Good
67,Male,90,2.86,High,Cold,Good
50,Male,71,3.57,Moderate,Hot,Good
66,Male,54,1.66,Low,Normal,Good
42,Male,101,3.49,Moderate,Cold,Good
65,Male,59,2.32,Moderate,Normal,Good
67,Male,58,2.62,High,Cold,Good
51,Female,69,1.5,Moderate,Cold,Poor
32,Male,56,1.68,Low,Cold,Good
48,Male,97,3.84,High,Normal,Good
55,Male,86,1.75,Low,Cold,Poor
65,Male,60,2.42,High,Normal,Good
58,Male,60,2.31,High,Normal,Good
45,Male,48,2.13,Low,Hot,Good
62,Female,62,2.88,High,Hot,Good
47,Male,80,2.35,Moderate,Cold,Poor
46,Female,60,1.7,Low,Normal,Poor
64,Male,103,3.06,Low,Hot,Poor
45,Male,99,2.18,Low,Cold,Poor
48,Female,77,2.03,Low,Cold,Poor
58,Male,90,3.5,Moderate,Hot,Good
59,Male,67,2.87,High,Cold,Good
42,Female,76,2.94,Low,Hot,Good
20,Male,104,4.8,Moderate,Hot,Good
32,Male,61,2.21,Moderate,Normal,Good
24,Female,102,2.89,Moderate,Cold,Poor
65,Male,92,2.48,Low,Cold,Poor
64,Female,81,2.91,Low,Hot,Good
27,Male,99,3.46,Low,Hot,Good
50,Male,64,2.19,High,Cold,Good
52,Male,78,3.26,Moderate,Hot,Good
44,Female,63,2.9,Moderate,Hot,Good
46,Female,54,2.7,High,Cold,Good
57,Male,57,1.5,Low,Cold,Poor
29,Male,103,3.61,Low,Hot,Good
57,Female,59,1.99,Moderate,Normal,Good
55,Female,97,3.51,Moderate,Hot,Good
28,Male,102,3.02,Moderate,Cold,Poor
57,Male,104,4.16,High,Hot,Good
23,Male,72,3.03,Low,Hot,Good
25,Male,49,1.88,Moderate,Cold,Good
65,Male,61,1.54,Moderate,Normal,Poor
27,Female,58,3.7,High,Hot,Good
66,Female,106,3.67,High,Normal,Good
33,Male,80,4.15,High,Hot,Good
50,Male,47,2.21,High,Cold,Good
65,Female,102,4.42,Moderate,Hot,Good
64,Female,88,2.64,Low,Hot,Good
67,Female,73,2.59,Moderate,Normal,Good
43,Male,46,1.9,Moderate,Normal,Good
36,Female,84,3.77,High,Hot,Good
18,Female,106,4.26,High,Normal,Good
62,Male,93,2.96,Moderate,Normal,Good
22,Female,82,2.96,Moderate,Cold,Good
38,Female,97,2.56,Low,Cold,Poor
65,Male,66,1.5,Low,Normal,Poor
66,Female,59,1.5,Low,Cold,Poor
27,Female,97,2.45,Low,Normal,Poor
54,Female,72,2.8,High,Cold,Good
31,Male,60,2.01,Moderate,Normal,Good
19,Female,82,3.47,Moderate,Hot,Good
51,Male,84,4.1,High,Hot,Good
42,Female,60,3.22,High,Normal,Good
30,Male,103,3.03,Moderate,Cold,Poor
51,Female,55,2.21,High,Normal,Good
47,Female,62,2.28,Low,Normal,Good
49,Male,94,4.05,Moderate,Hot,Good
66,Male,75,2.9,High,Cold,Good
50,Male,97,3.83,High,Cold,Good
25,Female,77,3.43,High,Cold,Good
36,Female,85,3.4,Low,Hot,Good
59,Male,67,2.07,Moderate,Normal,Good
37,Female,69,3.74,Moderate,Hot,Good
69,Female,56,1.5,Low,Normal,Poor
27,Female,59,2.4,Moderate,Cold,Good
44,Male,79,3.42,High,Normal,Good
51,Male,107,4.01,Low,Hot,Good
58,Male,70,2.69,High,Normal,Good
64,Male,105,4.06,High,Hot,Good
48,Female,92,3.1,Low,Normal,Good
48,Female,78,2.53,Low,Normal,Good
24,Female,51,2.31,High,Normal,Good
31,Female,45,1.65,High,Cold,Good
20,Male,97,3.5,Moderate,Normal,Good
68,Female,59,1.5,Low,Normal,Poor
20,Male,108,2.97,Moderate,Cold,Poor
67,Male,54,2.81,High,Hot,Good
20,Male,94,3.01,Moderate,Cold,Good
50,Male,62,1.89,Low,Cold,Good
64,Male,45,1.5,Low,Normal,Good
58,Male,86,2.58,Low,Hot,Good
40,Female,55,1.5,Low,Cold,Poor
41,Male,70,2.75,High,Normal,Good
63,Male,49,2.22,Moderate,Hot,Good
68,Female,82,3.25,High,Normal,Good
59,Male,67,2.07,High,Cold,Good
47,Male,77,3.0,High,Cold,Good
22,Female,86,2.77,Moderate,Normal,Good
65,Male,45,2.02,High,Cold,Good
22,Female,103,3.95,Moderate,Hot,Good
51,Female,69,2.4,High,Cold,Good
42,Male,98,3.71,Moderate,Hot,Good
20,Male,59,2.7,Moderate,Normal,Good
55,Male,64,2.45,Low,Hot,Good
54,Female,106,3.06,Low,Normal,Poor
54,Female,89,4.12,High,Hot,Good
24,Male,66,2.33,Low,Normal,Good
32,Male,65,2.47,Moderate,Cold,Good
34,Male,100,4.68,Moderate,Hot,Good
67,Male,104,2.53,Low,Cold,Poor
69,Male,51,2.19,High,Cold,Good
67,Female,99,3.97,High,Normal,Good
49,Female,84,2.3,Low,Normal,Poor
19,Female,65,2.65,Moderate,Hot,Good
34,Female,96,3.97,High,Normal,Good
52,Male,64,1.95,Moderate,Normal,Good
37,Female,74,1.91,Low,Normal,Poor
41,Male,91,3.9,Low,Hot,Good
43,Male,88,3.29,High,Cold,Good
46,Male,61,2.71,Moderate,Hot,Good
22,Male,94,2.34,Low,Cold,Poor
57,Male,90,3.32,High,Cold,Good
29,Female,57,1.88,Low,Cold,Good
18,Female,53,1.69,Low,Cold,Good
31,Male,57,2.95,High,Normal,Good
21,Male,92,3.8,Moderate,Hot,Good
21,Female,50,2.02,High,Normal,Good
67,Male,47,1.5,Moderate,Cold,Good
36,Female,58,2.74,Moderate,Hot,Good
60,Male,72,2.48,High,Cold,Good
41,Female,98,3.58,Moderate,Cold,Good
39,Female,89,3.52,High,Normal,Good
28,Male,105,3.53,Low,Hot,Good
50,Male,87,3.94,High,Hot,Good
52,Female,81,1.85,Low,Cold,Poor
53,Male,67,3.39,Moderate,Hot,Good
56,Female,59,2.63,High,Normal,Good
21,Female,66,3.21,High,Hot,Good
34,Male,61,3.5,High,Hot,Good
43,Female,82,4.35,High,Hot,Good
53,Male,50,2.63,Moderate,Hot,Good
23,Male,70,1.52,Low,Cold,Poor
58,Male,82,3.0,Low,Hot,Good
36,Female,87,2.4,Low,Normal,Poor
43,Female,100,2.86,Moderate,Cold,Poor
48,Male,101,3.78,High,Normal,Good
26,Male,48,1.5,Low,Cold,Good
26,Female,59,1.58,Low,Cold,Poor
59,Female,107,3.13,High,Cold,Poor
69,Male,100,3.79,Moderate,Hot,Good
68,Male,61,3.13,Moderate,Hot,Good
19,Male,95,3.99,Low,Hot,Good
27,Male,81,3.1,High,Normal,Good
22,Male,100,4.47,Moderate,Hot,Good
53,Male,75,1.82,Low,Cold,Poor
68,Male,59,2.11,High,Normal,Good
42,Female,97,4.19,High,Hot,Good
69,Female,48,1.66,High,Cold,Good
55,Female,74,2.88,High,Normal,Good
56,Male,51,2.22,Low,Hot,Good
41,Male,83,4.12,Moderate,Hot,Good
37,Female,93,2.31,Low,Normal,Poor
56,Female,93,2.49,Low,Normal,Poor
53,Male,87,2.72,Moderate,Cold,Good
60,Male,77,1.83,Low,Cold,Poor
50,Male,89,2.94,Moderate,Cold,Good
32,Female,61,2.6,Low,Hot,Good
39,Male,67,1.75,Low,Normal,Poor
31,Male,56,1.5,Low,Cold,Poor
63,Female,95,3.18,Moderate,Cold,Good
35,Female,72,2.44,Moderate,Normal,Good
61,Male,63,3.18,High,Hot,Good
60,Male,47,1.77,High,Normal,Good
42,Male,100,3.4,Moderate,Cold,Good
66,Female,99,4.39,High,Hot,Good
56,Female,101,3.53,High,Cold,Good
51,Male,85,3.15,Low,Hot,Good
44,Male,65,3.15,High,Normal,Good
44,Female,81,3.52,High,Cold,Good
64,Male,53,1.97,Moderate,Cold,Good
53,Female,54,2.36,Low,Hot,Good
62,Female,83,3.2,High,Cold,Good
32,Male,92,3.14,Low,Normal,Good
26,Male,79,1.67,Low,Cold,Poor
21,Female,102,4.94,High,Hot,Good
24,Male,54,2.32,Moderate,Cold,Good
52,Male,102,3.74,High,Normal,Good
29,Male,84,3.01,Low,Hot,Good
23,Female,54,1.97,Low,Hot,Good
62,Female,69,1.7,Low,Normal,Poor
40,Male,55,1.89,Moderate,Cold,Good
66,Female,92,2.89,Low,Hot,Good
60,Female,51,1.5,Moderate,Normal,Poor
68,Female,61,2.03,High,Cold,Good
39,Female,57,3.08,High,Hot,Good
24,Female,45,2.04,High,Normal,Good
31,Male,108,4.48,High,Normal,Good
58,Male,83,2.58,Moderate,Cold,Good
62,Male,57,2.39,Low,Hot,Good
61,Female,107,3.88,High,Cold,Good
64,Male,83,1.76,Low,Cold,Poor
18,Male,58,1.51,Moderate,Cold,Poor
65,Female,109,3.17,Low,Hot,Poor
66,Male,94,4.42,High,Hot,Good
44,Female,101,3.31,High,Cold,Good
33,Male,46,3.06,High,Hot,Good
62,Female,87,3.7,High,Hot,Good
27,Male,75,1.98,Low,Normal,Poor
54,Female,92,2.19,Low,Cold,Poor
49,Female,55,2.54,Low,Hot,Good
36,Female,68,2.42,Moderate,Normal,Good
69,Male,90,3.06,Moderate,Cold,Good
46,Female,80,3.44,Low,Hot,Good
47,Female,61,2.74,High,Normal,Good
41,Female,98,4.73,High,Hot,Good
44,Male,45,1.86,Low,Hot,Good
23,Male,99,3.43,Moderate,Normal,Good
69,Female,52,1.92,High,Cold,Good
31,Female,64,3.1,High,Cold,Good
36,Female,100,4.19,Low,Hot,Good
41,Male,54,2.97,High,Hot,Good
51,Female,80,1.99,Moderate,Cold,Poor
53,Female,60,1.83,Low,Hot,Good
24,Female,91,2.7,Moderate,Cold,Poor
60,Male,84,2.22,Low,Cold,Poor
52,Female,94,2.35,Low,Normal,Poor
38,Female,102,3.1,Moderate,Normal,Good
26,Female,93,4.65,High,Hot,Good
53,Male,98,3.01,High,Cold,Good
68,Female,76,2.44,Moderate,Cold,Good
48,Male,97,3.39,Moderate,Cold,Good
54,Male,82,2.78,Moderate,Cold,Good
49,Male,95,3.72,High,Cold,Good
37,Male,81,2.97,High,Normal,Good
66,Female,63,2.68,High,Normal,Good
24,Male,49,1.5,Low,Normal,Good
41,Male,92,3.6,Moderate,Normal,Good
28,Male,93,2.28,Low,Cold,Poor
20,Female,84,2.03,Low,Normal,Poor
49,Male,92,2.35,Low,Normal,Poor
24,Male,64,1.62,Low,Cold,Poor
52,Male,68,2.05,Moderate,Cold,Good
69,Male,83,1.5,Low,Cold,Poor
29,Male,109,5.37,High,Hot,Good
19,Female,50,1.91,High,Cold,Good
28,Female,87,2.15,Low,Normal,Poor
42,Female,83,3.5,Low,Hot,Good
33,Male,107,3.26,Low,Normal,Good
29,Male,85,2.66,Low,Normal,Good
40,Female,95,2.89,Low,Normal,Good
62,Male,66,1.51,Low,Cold,Poor
24,Female,59,2.64,Low,Hot,Good
63,Male,105,3.06,Low,Hot,Poor
68,Male,82,1.91,Low,Cold,Poor
30,Male,98,3.6,Low,Hot,Good
56,Female,74,2.66,Moderate,Hot,Good
60,Female,92,2.89,Moderate,Normal,Good
60,Male,69,2.57,Moderate,Normal,Good
68,Female,57,2.36,Moderate,Hot,Good
59,Male,98,4.24,High,Hot,Good
33,Female,100,3.24,Moderate,Cold,Good
63,Male,59,3.56,High,Hot,Good
38,Female,109,4.44,Moderate,Hot,Good
40,Male,91,4.3,High,Hot,Good
38,Male,49,1.5,Low,Normal,Good
63,Female,107,4.58,Moderate,Hot,Good
51,Male,74,2.16,High,Cold,Poor
44,Female,60,3.34,High,Hot,Good
46,Female,91,3.15,Low,Normal,Good
39,Male,101,4.4,Moderate,Hot,Good
41,Male,104,4.18,Low,Hot,Good
20,Male,78,1.92,Low,Normal,Poor
19,Female,59,2.61,Moderate,Hot,Good
49,Female,108,4.0,Low,Hot,Good
49,Male,96,3.55,Moderate,Normal,Good
54,Male,85,2.99,Moderate,Hot,Good
50,Male,69,1.5,Low,Cold,Poor
57,Female,90,1.96,Low,Cold,Poor
55,Female,63,2.71,High,Normal,Good
22,Female,49,1.65,Low,Normal,Good
36,Male,74,4.06,High,Hot,Good
65,Female,60,3.45,High,Hot,Good
35,Male,100,2.21,Low,Cold,Poor
18,Male,47,1.5,Low,Normal,Good
25,Male,109,5.36,High,Hot,Good
24,Female,52,2.49,Moderate,Normal,Good
28,Female,93,2.75,Low,Cold,Poor
58,Male,106,3.81,Moderate,Hot,Good
19,Male,84,4.18,Moderate,Hot,Good
69,Male,66,2.61,High,Cold,Good
28,Male,88,2.85,Moderate,Normal,Good
30,Female,105,3.23,Low,Normal,Good
45,Female,55,2.1,Moderate,Normal,Good
69,Female,51,2.07,Moderate,Hot,Good
31,Male,107,3.98,Moderate,Normal,Good
28,Female,109,4.08,Low,Hot,Good
30,Female,81,2.96,High,Cold,Good
62,Male,91,3.23,Low,Hot,Good
31,Male,92,4.11,High,Normal,Good
51,Male,90,2.85,Moderate,Cold,Good
25,Male,68,1.81,Low,Cold,Poor
49,Female,45,2.32,Moderate,Normal,Good
26,Male,107,3.39,Low,Cold,Good
27,Female,94,3.46,Low,Hot,Good
65,Male,50,1.5,Low,Cold,Good
41,Female,102,5.09,High,Hot,Good
47,Male,100,3.85,Moderate,Hot,Good
29,Male,79,2.96,Moderate,Cold,Good
57,Female,50,1.79,Low,Hot,Good
33,Female,104,3.5,Low,Normal,Good
46,Female,82,3.0,Low,Hot,Good
39,Male,52,1.5,Moderate,Cold,Poor
50,Male,57,3.04,High,Hot,Good
35,Male,106,3.49,High,Cold,Good
56,Male,61,1.5,Low,Cold,Poor
31,Male,101,3.82,High,Cold,Good
67,Female,101,4.66,High,Hot,Good
62,Female,55,1.53,Moderate,Cold,Poor
25,Female,103,3.58,Low,Normal,Good
46,Female,68,3.23,High,Cold,Good
52,Male,101,2.82,Moderate,Normal,Poor
48,Female,61,2.1,Low,Normal,Good
65,Male,67,2.04,Moderate,Cold,Good
24,Female,56,1.88,Low,Normal,Good
69,Male,96,2.97,Low,Normal,Good
44,Female,56,1.5,Low,Normal,Poor
33,Male,106,3.69,Low,Hot,Good
52,Female,104,3.7,High,Cold,Good
30,Male,105,3.48,Moderate,Normal,Good
25,Male,106,4.71,Moderate,Hot,Good
57,Female,93,2.0,Low,Cold,Poor
55,Male,57,2.43,Moderate,Hot,Good
29,Male,57,2.68,Moderate,Hot,Good
67,Female,58,2.39,High,Cold,Good
51,Male,95,3.67,High,Normal,Good
27,Male,65,2.83,Moderate,Normal,Good
43,Male,57,3.23,Moderate,Hot,Good
48,Male,49,1.89,High,Cold,Good
64,Male,66,3.23,High,Hot,Good
61,Female,84,3.14,High,Cold,Good
31,Male,60,1.52,Moderate,Cold,Poor
61,Male,59,1.65,Low,Cold,Poor
43,Male,53,1.58,Low,Cold,Poor
61,Male,64,2.36,Low,Hot,Good
23,Male,77,2.06,Low,Cold,Poor
23,Female,75,3.65,High,Hot,Good
59,Female,72,1.77,Moderate,Cold,Poor
18,Male,89,2.56,Moderate,Cold,Poor
19,Female,96,2.49,Low,Cold,Poor
56,Female,45,2.06,Moderate,Hot,Good
27,Male,58,3.37,Moderate,Hot,Good
40,Male,87,1.86,Low,Cold,Poor
53,Male,71,2.12,Low,Normal,Poor
56,Male,95,2.91,High,Cold,Good
24,Female,107,3.6,High,Cold,Good
25,Female,105,4.63,High,Hot,Good
24,Male,94,2.94,Low,Cold,Good
25,Male,58,3.31,High,Hot,Good
47,Male,109,3.98,Low,Hot,Good
37,Female,70,3.11,High,Cold,Good
23,Male,106,3.82,Moderate,Normal,Good
62,Male,55,2.08,High,Cold,Good
27,Female,78,4.53,High,Hot,Good
65,Male,76,2.94,Moderate,Normal,Good
41,Female,49,2.78,Moderate,Hot,Good
65,Female,60,1.81,Moderate,Cold,Good
25,Female,73,2.59,Moderate,Cold,Good
42,Male,67,2.44,Low,Normal,Good
47,Male,78,1.97,Low,Normal,Poor
46,Male,53,2.77,High,Normal,Good
56,Female,51,1.5,Low,Normal,Poor
25,Female,62,1.66,Moderate,Cold,Poor
35,Male,93,3.63,High,Normal,Good
33,Female,65,3.58,Moderate,Hot,Good
21,Male,88,4.0,High,Normal,Good
64,Male,99,3.82,Low,Hot,Good
57,Female,95,3.66,Moderate,Hot,Good
34,Female,88,3.14,High,Cold,Good
21,Male,105,2.96,Low,Cold,Poor
54,Male,67,2.18,Low,Hot,Good
34,Female,101,3.27,High,Cold,Good
44,Female,96,3.48,High,Cold,Good
36,Male,83,3.7,Moderate,Hot,Good
31,Male,96,3.74,Moderate,Normal,Good
31,Male,107,4.22,High,Normal,Good
63,Female,90,2.93,Moderate,Cold,Good
19,Female,61,3.01,Moderate,Hot,Good
21,Male,47,2.57,Low,Hot,Good
50,Female,68,2.37,Low,Hot,Good
19,Male,77,2.75,Low,Normal,Good
30,Male,54,2.34,High,Cold,Good
60,Male,103,4.44,High,Hot,Good
69,Male,67,1.5,Low,Normal,Poor
21,Female,65,2.44,High,Cold,Good
24,Male,60,2.41,High,Cold,Good
40,Female,75,3.42,Low,Hot,Good
23,Male,109,5.25,High,Hot,Good
45,Male,62,2.29,Low,Hot,Good
50,Male,54,2.24,Moderate,Normal,Good
49,Male,89,3.71,Moderate,Hot,Good
41,Female,58,2.07,High,Cold,Good
40,Male,78,3.84,High,Normal,Good
30,Female,83,3.1,Moderate,Cold,Good
57,Female,60,2.25,Moderate,Normal,Good
45,Male,104,3.94,Moderate,Normal,Good
66,Male,80,1.51,Low,Cold,Poor
43,Male,100,4.18,Moderate,Hot,Good
39,Male,93,3.74,High,Normal,Good
24,Female,64,3.05,Moderate,Hot,Good
28,Male,103,3.65,Moderate,Normal,Good
20,Male,100,3.87,Low,Hot,Good
65,Male,96,3.53,Moderate,Hot,Good
22,Male,98,5.03,High,Hot,Good
33,Female,103,4.69,High,Hot,Good
60,Female,108,4.39,Moderate,Hot,Good
58,Female,66,1.88,Moderate,Cold,Poor
22,Male,61,2.74,Moderate,Hot,Good
56,Female,85,2.61,Low,Normal,Good
34,Female,79,3.96,High,Hot,Good
62,Female,92,2.81,Low,Hot,Good
27,Male,62,2.59,High,Normal,Good
33,Female,93,3.4,High,Cold,Good
36,Female,99,3.59,High,Cold,Good
25,Male,65,2.2,Moderate,Normal,Good
45,Male,83,3.96,Moderate,Hot,Good
36,Female,73,2.71,High,Normal,Good
27,Female,56,1.91,High,Cold,Good
42,Male,69,1.85,Low,Normal,Poor
21,Female,53,2.23,Moderate,Cold,Good
43,Female,76,2.26,Moderate,Cold,Poor
69,Female,76,2.36,Moderate,Cold,Good
30,Male,100,3.59,High,Normal,Good
50,Female,74,1.5,Low,Cold,Poor
27,Male,62,2.45,Moderate,Normal,Good
41,Male,56,1.52,Moderate,Cold,Poor
46,Male,45,2.06,High,Normal,Good
57,Male,108,2.95,Low,Cold,Poor
65,Female,77,2.22,Moderate,Cold,Poor
47,Female,73,2.52,Moderate,Normal,Good
37,Female,59,3.22,High,Hot,Good
34,Male,108,3.06,Low,Normal,Poor
30,Male,81,2.7,Low,Hot,Good
40,Female,65,1.5,Low,Normal,Poor
27,Female,73,1.89,Low,Cold,Poor
31,Male,98,2.51,Low,Normal,Poor
47,Female,62,1.83,Low,Cold,Poor
38,Female,97,2.78,Low,Normal,Poor
45,Female,48,1.5,Low,Cold,Good
32,Male,108,3.86,High,Normal,Good
64,Female,60,2.14,High,Normal,Good
50,Female,102,3.98,High,Normal,Good
61,Female,80,1.64,Low,Normal,Poor
21,Female,65,1.98,Moderate,Cold,Good
38,Female,50,1.5,Low,Cold,Good
48,Male,94,3.32,Moderate,Normal,Good
32,Male,84,3.4,High,Normal,Good
22,Female,50,1.93,Moderate,Normal,Good
54,Female,77,2.62,High,Cold,Good
38,Male,109,3.36,Low,Cold,Good
34,Female,52,1.5,Moderate,Cold,Poor
43,Female,72,3.92,High,Hot,Good
30,Female,57,1.61,Low,Cold,Poor
64,Male,106,2.84,Moderate,Cold,Poor
38,Male,98,3.93,Moderate,Normal,Good
28,Male,76,3.1,High,Normal,Good
41,Female,51,3.29,High,Hot,Good
42,Female,45,2.33,High,Normal,Good
45,Male,87,2.31,Low,Normal,Poor
18,Female,82,2.96,Low,Normal,Good
55,Male,79,1.61,Low,Normal,Poor
27,Male,98,3.04,Moderate,Cold,Good
45,Female,66,3.43,Moderate,Hot,Good
30,Male,106,3.37,Moderate,Normal,Good
31,Female,76,1.74,Low,Cold,Poor
36,Male,101,4.69,Moderate,Hot,Good
66,Female,77,2.31,Moderate,Cold,Good
53,Male,59,2.04,Moderate,Cold,Good
50,Male,68,3.05,High,Normal,Good
28,Female,67,4.12,High,Hot,Good
63,Female,100,4.23,Moderate,Hot,Good
18,Male,62,2.16,Low,Hot,Good
69,Male,84,3.03,High,Normal,Good
59,Female,76,1.71,Low,Normal,Poor
22,Female,53,2.2,Low,Hot,Good
28,Female,52,2.85,High,Hot,Good
56,Male,77,3.59,Moderate,Hot,Good
36,Female,46,2.38,Moderate,Hot,Good
52,Male,61,2.04,High,Normal,Good
20,Female,79,3.45,High,Normal,Good
56,Male,45,1.91,High,Cold,Good
60,Female,50,2.77,Moderate,Hot,Good
68,Female,65,1.9,Low,Hot,Poor
52,Female,52,3.2,High,Hot,Good
60,Male,60,1.87,Moderate,Cold,Good
19,Male,45,2.06,Moderate,Hot,Good
55,Male,51,1.52,Low,Hot,Poor
38,Male,62,2.86,Low,Hot,Good
49,Female,89,3.57,Low,Hot,Good
26,Male,93,3.36,Low,Hot,Good
24,Female,72,2.09,Moderate,Cold,Poor
49,Male,88,3.17,High,Normal,Good
27,Female,58,1.52,Low,Normal,Poor
51,Male,62,1.84,High,Cold,Poor
54,Male,85,2.92,Moderate,Normal,Good
25,Female,62,2.61,High,Cold,Good
53,Female,62,2.13,Moderate,Normal,Good
35,Female,100,2.87,Low,Normal,Poor
23,Male,70,2.7,Low,Hot,Good
41,Female,59,2.91,High,Cold,Good
29,Female,49,2.14,Moderate,Normal,Good
39,Male,71,3.32,Low,Hot,Good
62,Male,79,3.33,Moderate,Hot,Good
30,Female,47,2.14,High,Cold,Good
45,Male,80,2.96,Moderate,Normal,Good
28,Male,82,2.73,Low,Hot,Good
34,Male,90,3.16,High,Cold,Good
46,Female,104,4.24,Moderate,Hot,Good
22,Female,53,1.69,Low,Normal,Good
30,Male,54,2.16,High,Normal,Good
21,Female,102,4.87,High,Hot,Good
48,Female,96,4.72,High,Hot,Good
52,Female,77,2.55,Low,Hot,Good
50,Male,52,3.16,Moderate,Hot,Good
51,Male,52,1.5,Moderate,Cold,Poor
24,Female,98,2.47,Low,Normal,Poor
49,Female,58,1.76,Low,Cold,Good
51,Male,105,3.03,Low,Cold,Poor
34,Male,92,2.96,Low,Normal,Good
34,Male,56,3.64,High,Hot,Good
35,Female,70,2.21,Moderate,Normal,Good
23,Female,85,4.6,High,Hot,Good
66,Female,85,3.13,High,Cold,Good
18,Female,61,2.63,Low,Hot,Good
46,Male,97,2.74,Low,Normal,Poor
48,Female,106,3.91,High,Cold,Good
30,Male,89,4.17,High,Hot,Good
62,Female,63,1.84,Low,Hot,Poor
21,Male,94,3.41,High,Cold,Good
68,Female,80,2.58,Moderate,Normal,Good
56,Female,107,4.41,Moderate,Hot,Good
33,Female,103,3.08,Moderate,Cold,Poor
64,Male,80,2.66,Moderate,Normal,Good
42,Female,89,2.45,Low,Normal,Poor
24,Male,102,3.07,Moderate,Normal,Good
19,Male,83,3.85,High,Hot,Good
35,Male,45,2.1,Low,Hot,Good
38,Female,74,2.74,Low,Hot,Good
64,Female,101,3.11,Moderate,Normal,Good
47,Female,89,3.07,High,Cold,Good
25,Male,108,3.95,Moderate,Hot,Good
67,Male,75,2.38,Low,Hot,Good
53,Male,55,2.39,High,Normal,Good
28,Female,70,2.83,Low,Hot,Good
33,Female,54,1.72,Moderate,Normal,Good
53,Female,54,2.93,High,Hot,Good
61,Female,106,3.99,Moderate,Hot,Good
26,Female,68,4.21,High,Hot,Good
37,Male,60,1.83,Low,Cold,Good
36,Male,79,3.1,High,Cold,Good
37,Female,52,1.5,Low,Cold,Poor
59,Male,60,1.5,Moderate,Cold,Poor
62,Female,95,2.79,Moderate,Cold,Poor
50,Male,59,3.13,High,Hot,Good
22,Male,96,3.41,High,Normal,Good
55,Male,97,3.01,High,Cold,Good
50,Male,97,3.08,Low,Cold,Good
51,Female,59,2.85,High,Hot,Good
26,Female,70,3.44,Moderate,Hot,Good
64,Female,49,1.5,Low,Normal,Good
37,Male,49,2.14,Low,Hot,Good
42,Male,88,3.5,Moderate,Hot,Good
31,Female,87,4.04,High,Hot,Good
36,Female,86,3.18,High,Cold,Good
39,Female,55,1.9,Low,Normal,Good
41,Male,61,3.44,High,Hot,Good
48,Male,99,2.65,Low,Normal,Poor
38,Male,102,2.88,Low,Cold,Poor
46,Female,87,2.26,Low,Cold,Poor
63,Female,105,3.79,Low,Hot,Good
38,Female,106,4.86,High,Hot,Good
26,Female,100,3.85,High,Normal,Good
39,Female,98,4.84,High,Hot,Good
68,Female,107,3.85,Moderate,Hot,Good
53,Female,73,1.66,Moderate,Cold,Poor
22,Female,73,3.74,High,Hot,Good
44,Female,69,3.09,Moderate,Hot,Good
53,Male,85,2.63,Moderate,Normal,Good
58,Female,64,1.5,Low,Normal,Poor
46,Female,102,4.11,Low,Hot,Good
19,Male,73,2.73,Moderate,Normal,Good
52,Female,106,3.39,High,Normal,Good
34,Male,48,2.48,Low,Hot,Good
68,Male,77,1.59,Low,Cold,Poor
28,Male,69,2.56,Moderate,Normal,Good
66,Male,80,2.67,Low,Hot,Good
53,Female,62,2.74,High,Cold,Good
45,Female,51,2.28,Low,Hot,Good
29,Female,85,2.33,Low,Normal,Poor
51,Male,69,2.91,Low,Hot,Good
50,Female,50,2.73,Moderate,Hot,Good
55,Male,53,1.52,Low,Hot,Poor
42,Male,99,3.18,Low,Normal,Good
55,Male,79,2.04,Moderate,Cold,Poor
59,Male,58,3.13,Moderate,Hot,Good
64,Male,86,1.71,Low,Cold,Poor
19,Male,91,1.94,Low,Cold,Poor
55,Female,57,1.5,Moderate,Cold,Poor
41,Female,74,4.19,High,Hot,Good
50,Female,67,2.41,Moderate,Normal,Good
63,Female,67,1.76,Moderate,Normal,Poor
18,Male,47,1.5,Low,Cold,Good
51,Female,95,3.15,High,Cold,Good
46,Male,92,3.24,Low,Hot,Good
32,Male,60,2.96,High,Normal,Good
27,Female,63,2.81,Low,Hot,Good
20,Male,80,3.8,High,Hot,Good
58,Female,77,2.53,Low,Hot,Good
33,Female,53,3.73,High,Hot,Good
66,Female,66,2.85,Moderate,Hot,Good
54,Male,65,2.5,Moderate,Hot,Good
46,Male,97,4.25,High,Hot,Good
35,Male,91,3.22,High,Cold,Good
44,Male,106,3.08,Low,Normal,Poor
58,Male,89,2.56,Moderate,Cold,Poor
44,Female,99,2.29,Low,Cold,Poor
19,Female,90,2.9,Moderate,Normal,Good
50,Male,102,3.29,Low,Normal,Good
43,Female,55,2.17,Low,Hot,Good
44,Male,51,2.59,High,Normal,Good
38,Male,74,1.5,Low,Cold,Poor
41,Female,47,1.76,Low,Hot,Good
53,Male,50,1.88,Low,Hot,Good
67,Male,62,1.55,Low,Cold,Poor
66,Male,94,3.17,Low,Hot,Good
56,Female,56,3.15,High,Hot,Good
29,Male,88,2.91,High,Cold,Good
53,Female,92,2.42,Low,Normal,Poor
66,Male,53,2.66,High,Normal,Good
25,Male,60,2.6,Moderate,Normal,Good
45,Male,95,3.75,Low,Hot,Good
63,Female,96,2.78,Low,Normal,Poor
63,Male,82,2.46,Moderate,Cold,Good
65,Male,85,1.78,Low,Cold,Poor
46,Male,71,3.4,Moderate,Hot,Good
27,Male,84,3.71,Low,Hot,Good
50,Female,50,1.59,Low,Cold,Good
35,Female,86,3.7,High,Cold,Good
37,Male,72,3.63,Moderate,Hot,Good
57,Female,88,2.33,Moderate,Cold,Poor
64,Female,57,1.75,Moderate,Cold,Good
48,Female,109,5.21,High,Hot,Good
54,Male,96,3.34,High,Cold,Good
55,Male,88,2.41,Moderate,Normal,Poor
66,Male,95,4.49,High,Hot,Good
45,Male,103,3.76,Moderate,Normal,Good
29,Male,94,3.41,High,Normal,Good
67,Female,101,2.42,Low,Normal,Poor
25,Male,107,5.26,High,Hot,Good
67,Female,107,4.03,Low,Hot,Good
20,Female,57,1.9,Moderate,Normal,Good
42,Male,96,3.49,High,Cold,Good
62,Male,52,1.5,Moderate,Normal,Poor
62,Male,97,3.54,High,Normal,Good
48,Female,101,3.8,Moderate,Hot,Good
20,Male,90,2.79,Low,Cold,Good
66,Female,62,1.5,Low,Cold,Poor
40,Female,106,5.17,High,Hot,Good
41,Male,99,3.06,Low,Cold,Good
26,Male,56,1.5,Low,Cold,Poor
55,Female,72,1.62,Moderate,Cold,Poor
42,Male,91,3.39,Low,Hot,Good
67,Male,53,1.5,Low,Cold,Poor
25,Female,97,4.26,High,Normal,Good
52,Female,61,1.86,Low,Hot,Good
45,Male,107,3.48,Moderate,Normal,Good
39,Male,91,3.36,Moderate,Cold,Good
65,Female,64,1.71,Moderate,Normal,Poor
19,Male,108,5.34,High,Hot,Good
53,Male,49,1.5,Low,Cold,Good
23,Male,66,1.97,Moderate,Cold,Poor
57,Female,105,2.65,Low,Cold,Poor
37,Male,72,2.03,Low,Cold,Poor
18,Female,73,2.33,Low,Cold,Good
39,Female,107,4.43,High,Hot,Good
57,Female,102,2.95,Moderate,Cold,Poor
30,Female,63,3.03,High,Cold,Good
27,Female,109,5.24,High,Hot,Good
60,Female,61,1.63,Low,Cold,Poor
24,Male,88,2.84,Moderate,Normal,Good
23,Male,51,2.94,High,Hot,Good
45,Male,90,4.02,High,Hot,Good
20,Female,69,2.22,Low,Cold,Good
31,Male,105,3.58,Moderate,Cold,Good
40,Male,81,3.07,High,Cold,Good
30,Female,78,2.8,Low,Normal,Good
29,Male,52,1.5,Low,Cold,Poor
45,Male,62,3.0,Low,Hot,Good
23,Male,77,2.52,Moderate,Normal,Good
42,Male,98,3.92,Moderate,Normal,Good
50,Male,100,2.78,Moderate,Cold,Poor
27,Male,88,3.5,Low,Hot,Good
52,Female,58,2.35,High,Cold,Good
62,Male,85,2.56,Low,Hot,Good
33,Female,45,1.5,Low,Cold,Good
44,Male,46,2.04,High,Cold,Good
68,Female,54,1.63,High,Cold,Good
33,Male,57,1.75,Moderate,Normal,Good
67,Female,100,3.61,Low,Hot,Good
67,Male,89,3.75,Moderate,Hot,Good
56,Female,65,2.57,Low,Hot,Good
67,Male,85,3.45,Low,Hot,Good
35,Male,93,3.53,High,Cold,Good
44,Female,49,1.5,Low,Normal,Good
27,Male,95,3.08,Moderate,Cold,Good
45,Female,80,3.33,Moderate,Normal,Good
52,Female,81,2.11,Low,Normal,Poor
30,Female,63,2.97,High,Cold,Good
62,Male,104,4.9,High,Hot,Good
54,Male,81,3.02,Moderate,Hot,Good
48,Male,88,3.24,High,Normal,Good
59,Female,45,2.0,Low,Hot,Good
45,Female,48,3.04,Moderate,Hot,Good
35,Male,107,3.66,Low,Hot,Good
64,Male,83,3.99,High,Hot,Good
23,Female,97,3.55,High,Normal,Good
52,Male,109,2.91,Moderate,Cold,Poor
25,Male,83,3.23,High,Normal,Good
35,Male,49,1.94,Low,Normal,Good
61,Female,45,1.63,Low,Hot,Good
62,Female,109,4.28,High,Hot,Good
25,Female,100,3.58,High,Cold,Good
65,Male,75,1.69,Low,Cold,Poor
19,Male,54,2.28,High,Cold,Good
59,Male,95,3.14,Low,Hot,Good
26,Male,98,3.59,Moderate,Normal,Good
26,Female,53,1.96,Moderate,Normal,Good
56,Female,52,2.05,High,Cold,Good
19,Male,54,2.14,Low,Hot,Good
65,Male,103,2.49,Moderate,Cold,Poor
23,Female,76,2.94,Low,Hot,Good
30,Male,103,3.95,Moderate,Hot,Good
58,Male,100,3.6,Moderate,Normal,Good
34,Male,78,2.37,Low,Normal,Good
23,Male,55,1.94,Moderate,Cold,Good
65,Female,68,2.06,Low,Hot,Good
58,Female,65,1.5,Low,Cold,Poor
51,Female,102,3.29,High,Normal,Good
35,Male,47,2.22,Moderate,Hot,Good
23,Female,63,1.5,Low,Cold,Poor
60,Male,52,1.5,Moderate,Cold,Poor
26,Male,91,3.03,High,Cold,Good
63,Male,48,1.5,Moderate,Cold,Good
25,Female,105,4.5,Moderate,Hot,Good
37,Male,78,2.73,Moderate,Cold,Good
47,Female,74,2.45,Moderate,Normal,Good
63,Male,107,2.97,Low,Cold,Poor
24,Female,91,3.99,High,Normal,Good
20,Female,90,2.62,Moderate,Cold,Poor
43,Female,54,3.1,Moderate,Hot,Good
25,Male,99,4.55,High,Hot,Good
67,Female,89,3.82,Moderate,Hot,Good
48,Male,46,1.51,Moderate,Cold,Good
31,Male,59,1.5,Low,Cold,Poor
46,Male,71,2.47,Moderate,Cold,Good
37,Male,102,4.48,High,Hot,Good
66,Female,101,3.35,High,Cold,Good
28,Male,52,1.94,Moderate,Normal,Good
63,Male,80,2.47,Moderate,Cold,Good
53,Female,55,2.17,Moderate,Hot,Good
33,Male,99,3.28,High,Cold,Good
59,Male,68,2.41,Moderate,Normal,Good
37,Female,51,1.68,Moderate,Cold,Good
29,Female,49,2.22,Low,Hot,Good
37,Female,98,3.51,Low,Hot,Good
32,Male,74,3.9,Moderate,Hot,Good
26,Male,47,2.53,Low,Hot,Good
65,Female,66,3.32,Moderate,Hot,Good
46,Male,94,3.43,High,Normal,Good
51,Male,54,1.55,Low,Normal,Poor
44,Female,72,1.98,Low,Normal,Poor
33,Female,70,2.56,Low,Hot,Good
40,Male,52,2.81,Moderate,Hot,Good
69,Male,102,2.77,Low,Cold,Poor
49,Female,47,1.5,Low,Cold,Good
19,Male,106,3.51,Low,Hot,Good
54,Male,64,2.31,High,Cold,Good
27,Female,66,2.86,Moderate,Hot,Good
60,Female,75,3.26,High,Hot,Good
29,Female,56,3.2,Moderate,Hot,Good
42,Female,66,1.5,Low,Cold,Poor
29,Female,62,2.4,Low,Hot,Good
33,Female,56,2.55,High,Normal,Good
39,Female,107,3.62,Moderate,Cold,Good
65,Male,71,2.81,Moderate,Hot,Good
65,Male,69,3.14,High,Normal,Good
55,Male,104,3.09,Moderate,Cold,Poor
22,Male,80,3.2,High,Normal,Good
53,Male,83,2.57,High,Cold,Good
53,Female,48,1.5,Moderate,Cold,Good
18,Female,84,2.71,Low,Normal,Good
20,Female,75,3.65,High,Normal,Good
40,Male,91,4.12,High,Normal,Good
37,Female,57,2.23,Low,Hot,Good
41,Female,47,2.63,High,Normal,Good
27,Male,109,4.12,Moderate,Hot,Good
30,Male,46,1.79,Moderate,Normal,Good
58,Male,75,2.38,High,Cold,Good
36,Female,81,2.23,Low,Normal,Poor
30,Female,88,3.17,Low,Hot,Good
58,Female,95,4.74,High,Hot,Good
31,Female,84,2.48,Moderate,Cold,Poor
37,Male,48,1.72,High,Cold,Good
67,Female,83,3.43,High,Hot,Good
49,Male,50,2.11,Moderate,Cold,Good
23,Female,56,2.34,High,Normal,Good
43,Female,56,3.09,High,Normal,Good
33,Female,96,3.59,Moderate,Hot,Good
58,Female,89,2.79,High,Cold,Good
34,Female,63,2.89,High,Normal,Good
18,Male,73,3.04,High,Normal,Good
30,Female,107,3.22,Low,Normal,Good
46,Male,81,3.67,High,Hot,Good
63,Male,68,2.09,Low,Normal,Good
54,Female,49,2.65,High,Hot,Good
41,Male,74,3.25,High,Normal,Good
26,Female,72,3.84,Moderate,Hot,Good
35,Male,80,2.73,Moderate,Cold,Good
37,Male,102,3.9,Moderate,Hot,Good
46,Female,93,3.92,High,Normal,Good
24,Female,109,4.01,High,Normal,Good
67,Male,48,2.8,High,Hot,Good
69,Female,80,1.7,Low,Normal,Poor
55,Female,72,2.47,High,Cold,Good
62,Male,67,1.5,Low,Cold,Poor
53,Female,109,3.29,Moderate,Cold,Good
54,Male,89,3.86,High,Hot,Good
41,Female,89,2.68,Moderate,Normal,Good
54,Male,69,3.33,Moderate,Hot,Good
42,Male,89,2.41,Moderate,Cold,Poor
29,Male,48,2.53,High,Cold,Good
20,Female,61,1.94,Moderate,Cold,Good
18,Male,97,3.08,Moderate,Normal,Good
58,Male,72,3.0,Moderate,Hot,Good
33,Female,65,3.04,High,Normal,Good
59,Female,98,3.4,High,Normal,Good
55,Male,82,4.3,High,Hot,Good
30,Female,91,2.07,Low,Cold,Poor
50,Female,72,1.81,Low,Normal,Poor
35,Male,70,3.06,Low,Hot,Good
19,Male,91,3.16,Moderate,Normal,Good
51,Female,65,1.79,Moderate,Cold,Poor
61,Male,46,1.5,Low,Cold,Good
39,Male,60,3.01,High,Hot,Good
33,Male,67,4.13,High,Hot,Good
25,Female,50,1.5,Low,Cold,Good
39,Female,50,1.62,Low,Normal,Good
34,Male,82,2.31,Low,Normal,Poor
40,Male,93,4.45,Moderate,Hot,Good
30,Male,76,3.81,High,Hot,Good
24,Male,66,3.9,High,Hot,Good
31,Female,60,1.91,Low,Normal,Good
64,Female,86,2.59,Low,Hot,Good
40,Female,47,2.18,Low,Hot,Good
54,Female,47,2.78,Moderate,Hot,Good
20,Female,99,3.9,Moderate,Hot,Good
19,Male,108,3.95,High,Normal,Good
19,Female,75,3.01,Moderate,Hot,Good
39,Female,90,4.57,High,Hot,Good
63,Male,45,1.79,High,Cold,Good
58,Male,58,2.93,High,Normal,Good
55,Male,83,1.5,Low,Cold,Poor
49,Male,102,3.13,Low,Normal,Good
23,Female,94,2.72,Low,Cold,Poor
55,Female,47,1.5,Low,Normal,Good
41,Male,98,5.1,High,Hot,Good
65,Female,83,3.82,High,Hot,Good
53,Male,92,2.21,Low,Cold,Poor
33,Male,51,2.12,Low,Hot,Good
67,Male,78,2.39,Low,Hot,Good
46,Male,58,2.68,Low,Hot,Good
56,Female,52,1.72,High,Cold,Good
36,Female,103,4.05,Moderate,Hot,Good
53,Male,58,3.44,High,Hot,Good
42,Male,45,1.6,Low,Hot,Good
18,Female,104,3.32,Low,Cold,Good
27,Female,94,2.34,Low,Normal,Poor
66,Female,76,2.11,Moderate,Normal,Poor
59,Female,70,2.58,High,Normal,Good
58,Female,101,4.56,High,Hot,Good
51,Female,75,1.74,Moderate,Cold,Poor
68,Male,72,2.28,Low,Hot,Good
29,Male,92,2.84,Low,Cold,Good
61,Female,103,2.84,Low,Normal,Poor
55,Male,69,1.75,Low,Cold,Poor
59,Female,80,3.36,Moderate,Hot,Good
27,Female,103,4.03,Moderate,Hot,Good
50,Male,107,4.05,Moderate,Normal,Good
46,Male,62,2.73,Moderate,Normal,Good
35,Male,76,3.73,High,Normal,Good
64,Male,75,4.02,High,Hot,Good
28,Male,70,3.68,Moderate,Hot,Good
36,Female,101,3.52,Moderate,Normal,Good
37,Male,47,2.46,High,Cold,Good
61,Male,74,2.16,Moderate,Cold,Poor
66,Female,109,3.75,Moderate,Normal,Good
47,Female,76,2.26,Low,Cold,Poor
68,Female,52,1.96,Moderate,Normal,Good
59,Male,99,3.23,High,Normal,Good
65,Female,100,3.17,Moderate,Normal,Good
37,Male,105,3.73,High,Cold,Good
62,Female,69,2.5,High,Normal,Good
66,Male,96,4.29,High,Hot,Good
21,Female,64,2.96,High,Normal,Good
18,Female,54,2.77,High,Normal,Good
66,Female,68,3.21,High,Normal,Good
63,Female,87,2.94,High,Cold,Good
56,Female,58,2.4,Moderate,Normal,Good
51,Female,61,2.08,High,Cold,Good
20,Male,102,3.27,High,Cold,Good
49,Female,82,4.01,Moderate,Hot,Good
47,Male,53,2.45,Moderate,Hot,Good
28,Male,78,3.02,Moderate,Cold,Good
36,Male,98,3.21,Moderate,Cold,Good
35,Male,56,2.46,Low,Hot,Good
60,Male,71,2.83,Moderate,Hot,Good
23,Male,100,3.25,Moderate,Cold,Good
21,Male,88,2.73,Moderate,Cold,Good
59,Male,55,1.88,Moderate,Cold,Good
19,Male,71,2.05,Low,Normal,Poor
43,Female,65,2.8,High,Cold,Good
18,Male,102,3.38,Low,Normal,Good
45,Female,50,2.41,Low,Hot,Good
65,Male,102,3.21,High,Cold,Good
29,Male,96,2.62,Moderate,Cold,Poor
23,Male,96,3.76,High,Cold,Good
20,Female,52,1.94,Moderate,Normal,Good
58,Male,108,2.49,Low,Cold,Poor
26,Male,58,2.37,Moderate,Cold,Good
58,Male,48,2.24,High,Cold,Good
50,Female,45,1.5,Moderate,Normal,Good
18,Female,90,3.96,High,Normal,Good
24,Male,59,2.09,Low,Hot,Good
69,Male,91,3.71,High,Hot,Good
59,Female,95,2.28,Low,Normal,Poor
63,Male,85,3.22,Moderate,Normal,Good
55,Female,52,2.09,High,Normal,Good
40,Male,48,1.76,High,Cold,Good
55,Male,49,2.73,Moderate,Hot,Good
23,Female,68,2.29,Low,Hot,Good
34,Male,70,1.88,Moderate,Cold,Poor
19,Male,46,3.54,High,Hot,Good
21,Female,82,1.94,Low,Cold,Poor
23,Female,96,3.24,High,Cold,Good
43,Male,80,4.05,High,Hot,Good
22,Male,62,1.66,Low,Cold,Poor
50,Male,49,3.45,High,Hot,Good
39,Male,66,1.87,Low,Normal,Poor
34,Male,95,3.74,High,Cold,Good
45,Male,103,3.7,High,Cold,Good
59,Male,61,1.72,Low,Normal,Poor
24,Female,84,2.84,Moderate,Normal,Good
26,Female,95,3.29,Moderate,Normal,Good
48,Female,76,3.4,Low,Hot,Good
34,Female,102,4.04,High,Cold,Good
47,Male,108,4.52,Moderate,Hot,Good
57,Male,81,1.67,Low,Cold,Poor
23,Female,78,3.07,Moderate,Normal,Good
42,Female,57,2.48,High,Normal,Good
55,Female,49,1.7,Moderate,Normal,Good
41,Female,88,4.56,High,Hot,Good
22,Male,46,2.51,High,Normal,Good
66,Female,80,4.01,High,Hot,Good
23,Male,78,1.74,Low,Cold,Poor
54,Female,104,2.25,Low,Cold,Poor
49,Male,48,1.5,Low,Normal,Good
60,Female,53,1.5,Low,Normal,Poor
68,Female,64,1.5,Moderate,Cold,Poor
58,Female,88,3.42,High,Cold,Good
40,Female,102,3.21,Moderate,Normal,Good
40,Male,102,2.68,Low,Cold,Poor
40,Female,83,4.1,Moderate,Hot,Good
36,Male,106,3.03,Low,Cold,Poor
41,Female,70,4.03,High,Hot,Good
67,Male,80,2.9,Moderate,Normal,Good
53,Female,52,2.37,High,Cold,Good
40,Female,99,4.62,High,Hot,Good
63,Male,65,2.29,Moderate,Cold,Good
51,Male,103,3.43,Moderate,Normal,Good
18,Female,49,1.62,Low,Normal,Good
39,Female,92,3.85,Low,Hot,Good
33,Male,97,3.48,Low,Hot,Good
39,Male,109,5.09,High,Hot,Good
41,Female,107,4.76,High,Hot,Good
34,Male,89,1.89,Low,Cold,Poor
27,Female,109,3.35,Moderate,Normal,Good
39,Female,73,4.28,High,Hot,Good
29,Male,68,1.55,Low,Cold,Poor
47,Female,86,3.86,Moderate,Hot,Good
67,Male,104,3.78,Moderate,Hot,Good
29,Female,93,3.36,High,Cold,Good
63,Female,87,3.4,Moderate,Hot,Good
50,Male,98,3.32,High,Cold,Good
50,Female,95,2.96,Moderate,Cold,Good
43,Female,81,2.13,Low,Normal,Poor
50,Female,55,2.13,Moderate,Normal,Good
22,Female,57,2.34,High,Cold,Good
43,Male,69,1.73,Low,Cold,Poor
22,Female,103,4.81,High,Hot,Good
69,Female,56,1.83,Low,Hot,Good
60,Female,50,1.65,High,Cold,Good
48,Female,97,3.89,High,Normal,Good
46,Female,65,1.5,Low,Cold,Poor
69,Male,65,2.26,Moderate,Cold,Good
39,Male,90,3.7,High,Cold,Good
69,Female,104,3.62,High,Normal,Good
64,Male,75,1.68,Low,Cold,Poor
30,Female,62,1.5,Low,Cold,Poor
34,Female,82,2.61,Moderate,Normal,Good
32,Male,57,3.2,High,Hot,Good
67,Female,55,2.22,High,Normal,Good
67,Female,82,2.33,Low,Cold,Poor
44,Male,80,3.33,High,Cold,Good
58,Female,59,3.34,High,Hot,Good
23,Female,96,3.09,Low,Normal,Good
48,Male,90,4.17,High,Hot,Good
44,Male,87,3.16,Moderate,Cold,Good
26,Female,49,2.39,High,Cold,Good
26,Female,89,3.13,High,Cold,Good
41,Female,86,3.51,Low,Hot,Good
39,Male,81,3.02,High,Cold,Good
37,Female,97,2.2,Low,Cold,Poor
30,Female,59,2.8,High,Cold,Good
23,Male,96,3.79,Moderate,Normal,Good
49,Female,46,1.99,Moderate,Normal,Good
53,Male,59,1.83,High,Cold,Good
34,Female,68,2.31,Moderate,Normal,Good
47,Male,95,3.39,High,Normal,Good
20,Male,49,2.35,High,Normal,Good
61,Female,55,2.42,Low,Hot,Good
25,Male,59,2.7,Low,Hot,Good
63,Male,72,1.5,Low,Cold,Poor
24,Female,50,2.02,Moderate,Cold,Good
21,Male,99,3.25,High,Cold,Good
68,Female,103,3.97,Moderate,Hot,Good
23,Female,95,4.77,High,Hot,Good
69,Female,64,1.5,Low,Cold,Poor
65,Female,58,1.95,Moderate,Normal,Good
29,Female,67,2.54,High,Normal,Good
56,Male,53,1.6,Moderate,Normal,Good
42,Female,61,2.98,Low,Hot,Good
20,Female,101,3.91,Moderate,Hot,Good
56,Female,60,2.0,High,Cold,Good
28,Male,64,1.58,Low,Cold,Poor
62,Female,48,1.71,Low,Hot,Good
37,Female,55,2.7,Moderate,Hot,Good
61,Male,62,2.38,Moderate,Hot,Good
50,Female,62,1.83,Low,Normal,Poor
52,Male,83,3.44,Moderate,Hot,Good
64,Male,52,1.5,Moderate,Cold,Poor
18,Male,57,2.09,High,Cold,Good
38,Female,87,3.38,High,Normal,Good
29,Female,103,4.92,High,Hot,Good
61,Male,60,2.68,High,Normal,Good
68,Female,102,3.01,Low,Normal,Poor
54,Male,85,2.77,Low,Hot,Good
27,Female,74,3.55,Moderate,Hot,Good
24,Female,62,2.17,Moderate,Cold,Good
56,Male,83,3.13,Moderate,Hot,Good
47,Male,64,3.14,Moderate,Hot,Good
59,Female,49,1.69,Low,Hot,Good
47,Female,83,3.07,High,Cold,Good
59,Female,81,3.05,Moderate,Normal,Good
32,Male,95,2.92,Moderate,Normal,Good
26,Male,55,1.67,Low,Cold,Good
39,Female,55,2.95,High,Hot,Good
59,Female,59,2.57,High,Cold,Good
63,Female,87,2.42,Low,Normal,Poor
20,Male,58,1.74,Moderate,Cold,Good
49,Male,82,4.61,High,Hot,Good
59,Female,50,1.5,Low,Cold,Good
42,Female,55,3.08,Moderate,Hot,Good
58,Female,101,3.25,Moderate,Normal,Good
65,Female,92,2.5,Low,Normal,Poor
27,Male,109,2.87,Low,Normal,Poor
31,Male,80,3.54,Moderate,Hot,Good
23,Male,97,3.49,High,Cold,Good
53,Male,71,1.97,Moderate,Cold,Poor
33,Male,79,2.42,Moderate,Normal,Good
52,Male,63,1.5,Low,Cold,Poor
38,Male,77,3.21,High,Normal,Good
23,Male,66,4.14,High,Hot,Good
33,Female,103,4.92,High,Hot,Good
56,Male,83,3.28,High,Cold,Good
41,Male,101,2.81,Low,Cold,Poor
52,Male,89,2.44,Low,Normal,Poor
49,Female,70,2.27,Low,Normal,Good
42,Male,75,2.23,Low,Cold,Poor
68,Male,84,2.32,Low,Normal,Poor
58,Female,82,3.43,Moderate,Hot,Good
36,Male,88,3.49,Moderate,Hot,Good
34,Male,74,2.41,Moderate,Cold,Good
52,Female,105,4.45,High,Hot,Good
53,Male,98,4.17,Moderate,Hot,Good
35,Male,48,2.99,High,Hot,Good
64,Male,108,3.73,High,Normal,Good
39,Female,69,2.77,Low,Hot,Good
61,Female,96,2.14,Low,Cold,Poor
54,Female,60,2.39,Moderate,Normal,Good
48,Male,84,2.96,Low,Normal,Good
19,Female,52,2.07,Moderate,Normal,Good
27,Male,101,2.54,Low,Normal,Poor
58,Male,107,3.66,Moderate,Normal,Good
35,Male,95,3.69,High,Cold,Good
60,Female,68,2.4,High,Normal,Good
19,Female,46,2.37,High,Cold,Good
32,Female,61,3.23,Moderate,Hot,Good
34,Male,60,2.72,High,Normal,Good
55,Male,78,2.58,High,Cold,Good
51,Male,77,3.26,Moderate,Hot,Good
69,Male,62,2.14,High,Normal,Good
28,Male,64,2.85,High,Cold,Good
63,Female,108,3.79,Low,Hot,Good
67,Male,72,2.04,Moderate,Normal,Poor
25,Female,66,2.33,High,Cold,Good
41,Male,108,4.52,High,Hot,Good
31,Male,69,3.33,High,Hot,Good
58,Female,47,2.89,High,Hot,Good
36,Female,98,4.01,Moderate,Hot,Good
27,Male,60,2.48,Low,Hot,Good
46,Male,59,2.1,Moderate,Normal,Good
61,Female,78,2.66,Moderate,Cold,Good
52,Male,63,1.55,Moderate,Cold,Poor
23,Female,77,4.2,High,Hot,Good
28,Female,66,1.54,Low,Cold,Poor
40,Female,107,3.04,Low,Cold,Poor
48,Female,49,2.97,Moderate,Hot,Good
42,Female,56,2.41,High,Cold,Good
37,Female,73,4.29,High,Hot,Good
62,Male,71,1.5,Low,Cold,Poor
34,Male,49,1.5,Low,Normal,Good
30,Male,86,4.11,Moderate,Hot,Good
35,Male,94,3.54,High,Cold,Good
60,Male,57,2.4,Low,Hot,Good
64,Male,94,4.56,High,Hot,Good
29,Male,57,2.7,Low,Hot,Good
62,Male,87,3.98,High,Hot,Good
32,Male,89,3.5,High,Cold,Good
54,Male,78,2.44,Low,Normal,Good
62,Male,95,3.06,Moderate,Normal,Good
49,Female,82,2.88,Low,Normal,Good
63,Male,61,2.08,Low,Hot,Good
58,Female,92,2.98,Low,Hot,Good
30,Male,94,3.7,High,Cold,Good
67,Male,63,3.15,Moderate,Hot,Good
21,Male,85,3.48,High,Cold,Good
51,Male,83,1.77,Low,Cold,Poor
36,Female,100,4.62,High,Hot,Good
53,Female,47,1.5,Moderate,Cold,Good
24,Male,70,2.8,Low,Hot,Good
63,Male,90,2.2,Low,Cold,Poor
46,Male,53,2.34,High,Cold,Good
34,Female,104,4.13,High,Normal,Good
53,Male,96,3.86,High,Hot,Good
41,Male,102,3.6,Low,Hot,Good
46,Female,54,1.61,Moderate,Cold,Poor
45,Female,62,1.96,Low,Cold,Good
67,Male,109,3.0,Low,Cold,Poor
53,Male,90,3.48,Low,Hot,Good
62,Female,104,2.96,Moderate,Cold,Poor
50,Female,47,2.33,Low,Hot,Good
67,Male,103,2.81,Low,Normal,Poor
23,Male,56,1.76,Low,Normal,Good
66,Male,61,1.56,Low,Normal,Poor
61,Male,76,2.89,High,Cold,Good
66,Male,98,2.24,Low,Normal,Poor
29,Male,52,2.19,High,Cold,Good
65,Male,52,1.5,Moderate,Normal,Poor
27,Male,96,3.15,High,Cold,Good
43,Male,106,4.65,Moderate,Hot,Good
55,Male,48,1.5,Low,Cold,Good
52,Male,99,2.96,Low,Hot,Poor
64,Male,53,2.85,Moderate,Hot,Good
61,Male,92,3.98,Moderate,Hot,Good
45,Female,58,1.5,Low,Normal,Poor
30,Male,60,1.5,Low,Normal,Poor
25,Female,74,3.17,Moderate,Normal,Good
18,Female,102,3.26,Low,Normal,Good
66,Male,46,2.7,High,Hot,Good
56,Female,61,1.56,Low,Cold,Poor
27,Male,81,2.7,Moderate,Normal,Good
51,Female,62,1.5,Low,Cold,Poor
66,Male,100,3.01,Low,Normal,Good
44,Male,99,3.88,Moderate,Hot,Good
36,Male,67,1.98,Moderate,Cold,Poor
61,Female,91,3.74,High,Normal,Good
19,Male,95,3.47,Moderate,Normal,Good
32,Female,60,2.67,High,Cold,Good
29,Female,87,4.05,Moderate,Hot,Good
60,Male,93,3.23,Low,Hot,Good
22,Male,104,4.79,Moderate,Hot,Good
43,Male,70,3.57,High,Normal,Good
27,Female,91,2.95,Moderate,Cold,Good
59,Female,75,3.98,High,Hot,Good
37,Female,64,3.28,Moderate,Hot,Good
64,Female,93,2.31,Low,Cold,Poor
45,Male,73,3.06,High,Normal,Good
28,Female,91,3.71,Moderate,Hot,Good
67,Male,93,4.16,Moderate,Hot,Good
52,Male,65,2.67,Low,Hot,Good
29,Female,80,2.76,Moderate,Cold,Good
44,Female,103,4.81,High,Hot,Good
43,Male,49,2.93,High,Normal,Good
52,Female,86,4.37,High,Hot,Good
51,Male,54,1.83,Moderate,Normal,Good
25,Female,70,1.87,Low,Normal,Poor
69,Male,47,1.5,Low,Normal,Good
52,Male,61,1.51,Moderate,Cold,Poor
39,Male,46,2.46,High,Cold,Good
44,Male,81,2.66,Low,Normal,Good
21,Female,58,3.31,High,Hot,Good
61,Female,109,3.09,Moderate,Normal,Poor
65,Female,105,3.4,Low,Hot,Good
64,Female,94,2.69,Low,Cold,Poor
32,Male,59,1.94,Moderate,Cold,Good
61,Female,79,2.77,High,Normal,Good
31,Male,99,3.38,Low,Normal,Good
47,Male,48,2.21,Moderate,Normal,Good
56,Male,79,2.43,Moderate,Cold,Good
19,Female,104,3.35,Moderate,Cold,Good
39,Male,88,2.88,Low,Normal,Good
36,Female,95,3.84,Moderate,Hot,Good
23,Female,76,2.99,Low,Hot,Good
62,Female,103,3.53,Moderate,Hot,Good
26,Male,58,1.84,Moderate,Normal,Good
31,Male,54,3.02,High,Hot,Good
51,Female,97,2.82,Low,Hot,Poor
43,Female,51,1.5,Low,Cold,Poor
64,Female,89,1.94,Low,Normal,Poor
52,Female,96,3.63,High,Normal,Good
38,Female,72,2.21,Low,Cold,Good
33,Male,100,4.46,High,Normal,Good
65,Male,96,2.49,Moderate,Cold,Poor
60,Female,94,4.31,High,Hot,Good
50,Female,106,4.39,High,Hot,Good
29,Male,75,2.77,Moderate,Normal,Good
51,Female,85,2.05,Low,Normal,Poor
28,Male,101,3.96,High,Normal,Good
50,Male,51,2.35,Moderate,Hot,Good
65,Female,60,2.06,Low,Hot,Good
21,Female,71,2.62,Low,Hot,Good
34,Male,98,2.25,Low,Cold,Poor
67,Male,97,2.91,Low,Normal,Good
22,Female,91,3.75,Moderate,Hot,Good
24,Male,56,1.68,Moderate,Cold,Good
45,Female,87,4.59,High,Hot,Good
66,Female,98,2.95,High,Cold,Good
25,Male,50,3.18,Moderate,Hot,Good
58,Female,66,1.5,Low,Normal,Poor
21,Male,76,3.05,High,Cold,Good
50,Male,45,3.46,High,Hot,Good
58,Male,85,3.11,Moderate,Hot,Good
47,Male,90,2.45,Low,Cold,Poor
69,Female,105,4.52,High,Hot,Good
42,Male,84,3.28,Low,Hot,Good
61,Male,106,2.97,Low,Cold,Poor
65,Female,103,3.0,Low,Hot,Poor
61,Male,55,2.31,Moderate,Normal,Good
63,Male,98,3.99,High,Normal,Good
51,Male,51,1.85,Moderate,Normal,Good
52,Male,49,2.19,Low,Hot,Good
52,Male,81,3.75,Moderate,Hot,Good
33,Female,74,3.06,Low,Hot,Good
27,Male,92,4.03,Moderate,Hot,Good
46,Female,108,3.73,Moderate,Cold,Good
63,Male,72,3.88,High,Hot,Good
20,Female,81,4.31,High,Hot,Good
45,Female,61,2.56,Low,Hot,Good
40,Female,84,4.47,High,Hot,Good
46,Female,95,3.68,High,Normal,Good
19,Female,61,1.87,Moderate,Normal,Good
62,Male,75,2.44,High,Cold,Good
65,Female,96,3.4,High,Cold,Good
47,Female,95,3.08,High,Cold,Good
51,Female,58,1.5,Low,Normal,Poor
59,Male,95,3.54,High,Normal,Good
35,Female,87,4.46,High,Hot,Good
37,Female,105,4.43,High,Hot,Good
43,Female,79,2.99,High,Normal,Good
57,Female,73,2.76,Moderate,Hot,Good
18,Male,96,3.36,Moderate,Normal,Good
51,Female,51,1.75,Low,Hot,Good
53,Male,64,1.93,Low,Normal,Good
22,Male,74,3.54,Moderate,Hot,Good
65,Male,66,1.88,Low,Normal,Poor
38,Female,81,2.46,Low,Cold,Good
55,Female,79,1.88,Moderate,Cold,Poor
23,Female,76,3.63,High,Normal,Good
33,Male,71,4.06,High,Hot,Good
66,Male,74,2.63,High,Cold,Good
48,Male,64,3.62,Moderate,Hot,Good
19,Female,84,3.01,Moderate,Cold,Good
25,Male,98,3.24,Low,Hot,Good
29,Female,61,2.08,Moderate,Cold,Good
37,Male,54,1.5,Low,Cold,Poor
47,Female,74,3.32,High,Cold,Good
27,Male,79,2.4,Low,Cold,Good
24,Female,71,1.76,Low,Cold,Poor
60,Female,99,3.26,Low,Hot,Good
23,Male,92,3.48,Moderate,Normal,Good
36,Male,95,2.86,Moderate,Cold,Good
67,Male,46,1.78,High,Normal,Good
23,Male,64,2.34,Low,Hot,Good
32,Female,50,2.93,High,Normal,Good
28,Male,52,2.26,High,Normal,Good
67,Female,93,2.32,Low,Normal,Poor
41,Female,65,1.7,Moderate,Cold,Poor
53,Male,102,3.08,Low,Hot,Good
33,Male,50,1.5,Moderate,Cold,Good
69,Male,46,1.5,Low,Cold,Good
67,Female,62,2.68,Moderate,Hot,Good
45,Female,79,4.53,High,Hot,Good
18,Male,81,2.9,Moderate,Normal,Good
21,Male,102,3.88,Moderate,Hot,Good
63,Female,91,1.77,Low,Cold,Poor
24,Male,95,3.29,High,Cold,Good
67,Male,70,2.87,Low,Hot,Good
43,Female,99,3.2,Low,Hot,Good
34,Female,82,3.38,Moderate,Normal,Good
19,Female,52,2.73,Low,Hot,Good
52,Female,106,3.18,Low,Normal,Good
32,Female,84,4.33,High,Hot,Good
60,Female,61,2.49,High,Cold,Good
68,Female,60,2.66,High,Normal,Good
39,Male,67,2.94,Low,Hot,Good
67,Female,57,2.26,Moderate,Hot,Good
63,Male,74,2.52,High,Cold,Good
52,Male,83,3.67,Moderate,Hot,Good
20,Male,78,3.07,High,Normal,Good
39,Female,82,2.39,Low,Normal,Poor
56,Female,98,3.41,Low,Hot,Good
60,Male,97,2.63,Moderate,Normal,Poor
25,Male,107,3.47,Low,Normal,Good
21,Male,54,1.51,Low,Normal,Poor
40,Female,105,4.53,High,Hot,Good
56,Male,61,3.07,High,Hot,Good
44,Male,60,2.99,Moderate,Hot,Good
20,Female,96,3.4,Moderate,Normal,Good
59,Male,46,2.53,High,Hot,Good
63,Male,92,2.68,Moderate,Cold,Poor
32,Male,51,1.85,Low,Hot,Good
59,Male,53,1.87,Low,Hot,Good
29,Female,74,3.21,Low,Hot,Good
37,Male,98,2.9,Low,Normal,Poor
37,Female,103,3.09,Low,Normal,Good
57,Female,46,1.5,Low,Cold,Good
67,Male,62,2.03,Moderate,Normal,Good
69,Male,96,2.69,Low,Normal,Poor
37,Female,67,4.03,High,Hot,Good
34,Female,106,3.93,Moderate,Normal,Good
67,Female,59,3.4,High,Hot,Good
45,Female,86,3.08,High,Cold,Good
60,Male,79,2.84,Moderate,Normal,Good
27,Female,82,3.24,High,Normal,Good
54,Male,51,2.17,Moderate,Normal,Good
29,Male,51,1.5,Low,Normal,Poor
18,Female,106,3.92,Low,Hot,Good
35,Female,51,3.63,High,Hot,Good
20,Male,54,1.5,Low,Cold,Poor
60,Male,107,2.88,Low,Cold,Poor
31,Male,99,3.72,Low,Hot,Good
50,Male,54,1.81,Moderate,Normal,Good
40,Male,60,2.72,Low,Hot,Good
61,Female,50,1.5,Low,Cold,Good
54,Female,45,2.0,Moderate,Hot,Good
42,Male,90,3.93,High,Normal,Good
52,Female,82,2.15,Low,Cold,Poor
66,Female,94,2.16,Low,Cold,Poor
26,Female,88,4.28,High,Hot,Good
52,Female,109,3.96,High,Normal,Good
27,Male,90,2.58,Moderate,Cold,Poor
54,Male,96,3.94,High,Hot,Good
34,Male,57,1.6,Low,Normal,Poor
54,Male,92,2.47,Low,Cold,Poor
34,Female,49,2.74,Moderate,Hot,Good
50,Female,65,2.34,Low,Hot,Good
44,Male,47,1.58,Low,Cold,Good
19,Male,93,3.02,Low,Hot,Good
54,Male,86,2.73,High,Cold,Good
43,Male,45,2.17,Moderate,Normal,Good
21,Female,58,1.71,Moderate,Cold,Poor
51,Male,45,1.5,Moderate,Normal,Good
33,Male,105,4.12,Moderate,Normal,Good
33,Female,72,3.08,High,Cold,Good
39,Female,86,1.93,Low,Cold,Poor
34,Male,79,2.19,Low,Cold,Poor
19,Male,51,2.51,Low,Hot,Good
36,Male,53,3.37,High,Hot,Good
19,Male,104,3.27,Moderate,Normal,Good
65,Female,93,3.07,Low,Hot,Good
36,Female,64,3.4,High,Normal,Good
42,Female,76,3.02,High,Cold,Good
59,Female,107,2.97,Moderate,Normal,Poor
20,Female,70,1.91,Low,Cold,Poor
25,Female,49,2.55,Moderate,Hot,Good
52,Male,85,1.89,Low,Normal,Poor
36,Female,92,2.91,Moderate,Cold,Good
49,Female,90,3.54,Low,Hot,Good
35,Male,62,2.43,Moderate,Cold,Good
25,Male,90,3.42,Moderate,Hot,Good
31,Female,46,1.91,High,Normal,Good
61,Female,49,2.65,High,Hot,Good
24,Male,83,4.69,High,Hot,Good
43,Male,90,3.19,Low,Normal,Good
45,Female,64,2.93,High,Cold,Good
49,Female,63,2.84,High,Cold,Good
36,Male,68,2.73,High,Cold,Good
34,Male,62,3.54,High,Hot,Good
40,Female,92,3.37,High,Normal,Good
33,Male,67,2.53,Low,Hot,Good
50,Female,68,3.22,Low,Hot,Good
37,Male,84,4.02,Moderate,Hot,Good
25,Female,45,2.5,Low,Hot,Good
49,Female,97,2.17,Low,Cold,Poor
63,Male,104,3.82,High,Normal,Good
65,Male,92,3.12,High,Cold,Good
57,Male,51,1.65,Moderate,Normal,Good
55,Male,63,2.27,Moderate,Cold,Good
23,Male,105,4.45,High,Hot,Good
63,Female,101,3.07,Low,Hot,Good
45,Male,47,2.42,Moderate,Hot,Good
31,Female,96,3.41,High,Cold,Good
64,Female,47,1.5,Low,Normal,Good
37,Male,78,2.67,Moderate,Normal,Good
26,Female,47,1.5,Low,Cold,Good
33,Male,98,3.25,Low,Normal,Good
57,Female,96,2.67,Moderate,Normal,Poor
25,Female,104,2.67,Low,Normal,Poor
20,Male,59,2.48,Low,Hot,Good
50,Male,67,2.99,High,Normal,Good
47,Male,89,3.61,Moderate,Hot,Good
67,Male,102,4.88,High,Hot,Good
63,Male,101,3.54,Low,Hot,Good
31,Male,102,3.07,Low,Normal,Good
61,Male,56,1.5,Low,Normal,Poor
58,Male,78,2.18,Moderate,Normal,Poor
46,Male,60,2.56,High,Normal,Good
69,Female,74,2.53,Moderate,Normal,Good
67,Male,49,2.31,Moderate,Hot,Good
52,Female,93,2.13,Low,Normal,Poor
31,Male,90,3.0,Moderate,Cold,Good
37,Male,78,3.04,Moderate,Normal,Good
27,Female,55,3.75,High,Hot,Good
38,Male,94,3.31,Moderate,Cold,Good
58,Female,103,2.23,Low,Cold,Poor
34,Female,106,3.61,Low,Normal,Good
42,Female,77,3.26,Moderate,Normal,Good
32,Male,85,2.5,Moderate,Cold,Poor
62,Female,66,1.87,Low,Cold,Poor
30,Female,82,4.37,High,Hot,Good
34,Male,49,2.16,High,Cold,Good
50,Female,49,2.34,High,Normal,Good
65,Male,62,2.29,Low,Hot,Good
19,Male,86,2.29,Moderate,Cold,Poor
28,Male,70,2.84,Moderate,Hot,Good
57,Female,100,3.74,High,Normal,Good
37,Female,101,4.39,High,Normal,Good
31,Male,68,3.28,Moderate,Hot,Good
69,Male,92,3.54,High,Cold,Good
26,Female,47,2.89,Moderate,Hot,Good
35,Male,68,3.23,Low,Hot,Good
50,Male,45,1.5,Low,Cold,Good
52,Female,56,2.33,High,Normal,Good
27,Male,62,1.93,Moderate,Normal,Good
47,Male,60,1.73,Low,Cold,Poor
22,Male,89,3.24,Moderate,Cold,Good
24,Female,51,2.39,High,Normal,Good
39,Male,57,2.16,High,Cold,Good
61,Male,57,1.61,Moderate,Cold,Poor
22,Female,77,4.22,High,Hot,Good
43,Male,60,2.62,Moderate,Normal,Good
53,Female,102,3.79,Moderate,Hot,Good
42,Female,105,3.66,Moderate,Normal,Good
29,Male,101,2.69,Low,Cold,Poor
29,Female,55,1.59,Low,Normal,Poor
44,Male,89,2.19,Low,Normal,Poor
20,Female,66,1.5,Low,Cold,Poor
44,Male,86,2.69,Low,Normal,Good
35,Male,50,2.18,Low,Hot,Good
65,Female,69,3.61,High,Hot,Good
47,Male,99,3.8,High,Cold,Good
54,Female,60,2.45,Low,Hot,Good
23,Female,81,3.14,Low,Hot,Good
33,Female,62,2.01,Moderate,Cold,Good
19,Male,102,3.31,High,Cold,Good
63,Female,63,1.5,Low,Normal,Poor
44,Female,89,3.23,High,Cold,Good
19,Male,88,2.39,Moderate,Cold,Poor
44,Female,92,3.52,Moderate,Hot,Good
44,Male,62,3.3,High,Hot,Good
49,Male,69,1.63,Low,Normal,Poor
55,Male,48,1.5,Moderate,Normal,Good
35,Female,54,3.31,High,Hot,Good
57,Male,67,2.07,Low,Normal,Good
35,Female,69,2.9,Moderate,Hot,Good
37,Female,61,2.56,Low,Hot,Good
30,Male,64,1.8,Low,Cold,Poor
59,Female,89,4.38,High,Hot,Good
18,Male,96,3.65,Low,Hot,Good
45,Male,65,3.33,Moderate,Hot,Good
20,Female,87,2.09,Low,Cold,Poor
50,Female,89,3.88,High,Normal,Good
49,Female,96,3.24,Low,Hot,Good
56,Female,84,2.19,Low,Cold,Poor
43,Male,73,3.07,Moderate,Normal,Good
55,Female,70,2.5,Moderate,Cold,Good
55,Male,103,2.65,Low,Cold,Poor
41,Female,75,2.1,Moderate,Cold,Poor
53,Male,54,2.22,High,Normal,Good
48,Female,47,2.85,Moderate,Hot,Good
38,Male,45,1.5,Low,Cold,Good
67,Female,51,1.5,Low,Normal,Poor
42,Male,74,3.39,Moderate,Hot,Good
69,Female,80,2.94,High,Normal,Good
42,Female,55,2.41,High,Normal,Good
19,Female,72,3.5,High,Hot,Good
27,Female,94,4.86,High,Hot,Good
56,Female,82,2.5,High,Cold,Good
28,Male,89,2.33,Low,Normal,Poor
64,Female,77,2.69,High,Normal,Good
32,Female,58,2.28,Low,Hot,Good
25,Female,98,2.97,Moderate,Cold,Good
69,Male,50,1.5,Low,Normal,Good
67,Female,82,2.85,High,Normal,Good
60,Female,98,4.83,High,Hot,Good
45,Male,61,1.5,Low,Cold,Poor
65,Male,88,3.78,Moderate,Hot,Good
22,Male,51,1.85,Low,Hot,Good
34,Female,103,5.01,High,Hot,Good
39,Male,89,2.79,Moderate,Normal,Good
33,Male,57,3.24,Moderate,Hot,Good
53,Male,54,2.09,Low,Hot,Good
36,Female,50,2.95,High,Normal,Good
56,Male,90,3.42,Low,Hot,Good
38,Male,81,2.46,Low,Cold,Good
52,Male,91,3.36,Moderate,Hot,Good
34,Male,99,3.98,Low,Hot,Good
23,Male,79,2.72,Moderate,Normal,Good
30,Female,69,1.65,Low,Normal,Poor
18,Male,93,3.92,Moderate,Hot,Good
36,Male,97,3.43,Moderate,Cold,Good
29,Female,91,3.6,Moderate,Hot,Good
50,Female,60,2.9,Low,Hot,Good
24,Male,65,3.12,Low,Hot,Good
57,Female,98,2.32,Low,Normal,Poor
20,Female,97,3.03,Low,Cold,Good
28,Male,92,3.51,High,Cold,Good
44,Male,86,3.41,Low,Hot,Good
63,Male,84,2.3,Low,Normal,Poor
31,Male,77,3.48,High,Normal,Good
29,Female,93,2.05,Low,Cold,Poor
22,Male,95,4.16,Moderate,Hot,Good
49,Male,93,2.94,Moderate,Cold,Good
63,Male,85,4.27,High,Hot,Good
30,Male,62,1.83,Moderate,Cold,Poor
66,Male,95,2.47,Moderate,Cold,Poor
34,Male,78,2.71,Moderate,Normal,Good
65,Female,84,1.5,Low,Cold,Poor
31,Male,55,1.88,Moderate,Normal,Good
39,Male,60,3.22,Moderate,Hot,Good
35,Male,73,1.9,Moderate,Cold,Poor
19,Female,98,3.28,Moderate,Normal,Good
46,Female,100,2.75,Low,Normal,Poor
29,Male,76,2.83,High,Cold,Good
41,Male,100,3.13,Low,Normal,Good
64,Female,54,1.94,Moderate,Cold,Good
41,Male,108,4.28,High,Normal,Good
31,Female,66,2.73,High,Cold,Good
64,Male,67,2.08,Low,Hot,Good
68,Female,63,2.85,High,Hot,Good
49,Male,73,3.19,Moderate,Hot,Good
52,Male,49,1.54,Moderate,Cold,Good
24,Female,85,2.73,Moderate,Cold,Good
27,Female,88,4.07,Moderate,Hot,Good
52,Female,106,3.12,Moderate,Normal,Poor
26,Male,64,3.61,High,Hot,Good
54,Male,98,3.82,Moderate,Hot,Good
66,Male,72,1.5,Low,Cold,Poor
45,Male,55,2.13,Moderate,Cold,Good
47,Male,53,1.94,Moderate,Normal,Good
45,Male,77,3.08,Low,Hot,Good
39,Male,73,3.26,High,Cold,Good
69,Male,91,2.52,Moderate,Cold,Poor
62,Female,78,3.58,High,Hot,Good
30,Female,98,4.55,Moderate,Hot,Good
38,Male,45,1.81,Moderate,Normal,Good
39,Female,57,2.32,Moderate,Normal,Good
40,Female,65,1.56,Low,Normal,Poor
29,Male,84,3.09,High,Cold,Good
45,Male,55,1.5,Low,Cold,Poor
28,Male,100,3.77,Moderate,Hot,Good
52,Male,69,2.63,High,Cold,Good
36,Male,75,2.56,Moderate,Normal,Good
67,Female,107,3.01,Moderate,Cold,Poor
27,Female,52,1.58,Low,Normal,Good
43,Female,78,1.67,Low,Cold,Poor
25,Female,45,2.23,Low,Hot,Good
41,Female,91,3.44,Moderate,Normal,Good
47,Male,76,3.17,Low,Hot,Good
59,Male,55,1.5,Low,Cold,Poor
56,Female,63,2.4,High,Normal,Good
66,Female,61,2.72,High,Cold,Good
18,Male,46,2.85,High,Normal,Good
62,Male,60,3.27,High,Hot,Good
26,Male,67,3.43,High,Normal,Good
19,Male,70,2.85,High,Normal,Good
24,Female,88,1.89,Low,Cold,Poor
53,Female,48,1.94,Moderate,Normal,Good
42,Male,71,2.67,High,Normal,Good
32,Male,67,3.37,High,Hot,Good
26,Male,77,2.76,Moderate,Cold,Good
57,Female,94,2.76,Low,Hot,Poor
67,Female,68,3.6,High,Hot,Good
42,Male,69,2.52,Moderate,Normal,Good
28,Female,77,2.04,Moderate,Cold,Poor
64,Male,60,1.57,Moderate,Cold,Poor
28,Male,99,4.93,High,Hot,Good
57,Male,78,2.63,Moderate,Normal,Good
57,Female,65,1.85,High,Cold,Poor
68,Male,67,2.24,High,Cold,Good
59,Male,85,2.33,Low,Normal,Poor
31,Female,106,3.01,Low,Cold,Poor
20,Female,97,3.13,High,Cold,Good
47,Male,51,2.62,High,Cold,Good
28,Female,69,3.25,Moderate,Hot,Good
19,Female,71,3.05,Low,Hot,Good
46,Female,55,1.82,Low,Normal,Good
45,Male,83,3.32,Moderate,Normal,Good
39,Female,55,2.56,Low,Hot,Good
53,Male,85,3.16,High,Normal,Good
60,Male,104,3.56,Moderate,Hot,Good
56,Male,48,1.5,Low,Cold,Good
63,Female,102,2.16,Low,Cold,Poor
41,Female,102,4.62,High,Hot,Good
36,Female,106,4.3,Low,Hot,Good
60,Female,88,2.34,Low,Cold,Poor
38,Female,54,2.6,High,Normal,Good
65,Male,99,4.71,High,Hot,Good
69,Male,82,2.07,Moderate,Cold,Poor
25,Female,73,2.87,Moderate,Normal,Good
22,Female,93,2.68,Moderate,Cold,Poor
67,Male,84,2.34,Low,Cold,Poor
29,Male,60,1.7,Moderate,Cold,Poor
65,Female,45,1.53,Low,Normal,Good
39,Male,59,3.39,High,Hot,Good
20,Male,58,3.34,Moderate,Hot,Good
57,Female,48,2.45,Moderate,Hot,Good
54,Male,71,3.51,High,Hot,Good
66,Male,94,3.0,Low,Hot,Good
48,Female,107,3.34,Low,Cold,Good
69,Male,103,2.86,Moderate,Cold,Poor
54,Female,92,2.79,Low,Hot,Good
30,Female,48,1.99,Moderate,Normal,Good
65,Female,77,2.05,Moderate,Normal,Poor
54,Male,68,3.22,High,Hot,Good
58,Female,73,1.97,Moderate,Normal,Poor
68,Male,94,3.16,High,Normal,Good
32,Female,104,3.13,Low,Cold,Good
22,Female,62,2.87,High,Normal,Good
18,Male,63,2.78,Moderate,Hot,Good
66,Male,73,2.94,Low,Hot,Good
51,Female,106,3.1,Moderate,Cold,Poor
35,Male,71,2.25,Moderate,Cold,Good
23,Female,103,4.31,High,Normal,Good
58,Male,100,3.87,Low,Hot,Good
58,Male,62,2.04,Low,Normal,Good
40,Female,80,3.59,High,Normal,Good
35,Male,64,2.73,Moderate,Normal,Good
59,Male,77,3.14,Moderate,Hot,Good
64,Male,109,2.91,Low,Normal,Poor
25,Male,85,4.12,Moderate,Hot,Good
61,Male,74,2.52,Moderate,Cold,Good
19,Male,90,3.71,Moderate,Hot,Good
21,Female,81,2.93,Low,Hot,Good
26,Male,89,4.24,High,Hot,Good
41,Male,60,2.32,High,Cold,Good
36,Male,74,4.15,High,Hot,Good
30,Female,67,2.52,High,Cold,Good
55,Female,75,2.38,Low,Normal,Good
34,Female,93,2.3,Low,Normal,Poor
43,Male,57,1.99,Low,Normal,Good
39,Male,73,3.63,Moderate,Hot,Good
56,Male,83,3.37,High,Cold,Good
53,Female,79,2.56,Low,Hot,Good
57,Male,80,3.99,High,Hot,Good
39,Female,60,2.73,Low,Hot,Good
55,Male,62,3.18,Moderate,Hot,Good
44,Male,91,3.64,Moderate,Hot,Good
64,Female,65,1.5,Low,Cold,Poor
20,Female,56,1.54,Moderate,Cold,Poor
56,Male,81,2.5,Moderate,Normal,Good
48,Female,102,3.49,High,Cold,Good
64,Female,55,1.91,Moderate,Normal,Good
42,Female,57,3.05,High,Hot,Good
36,Female,102,4.15,High,Cold,Good
21,Male,47,1.6,Low,Cold,Good
54,Female,85,3.07,High,Normal,Good
58,Male,94,3.69,High,Normal,Good
35,Male,74,2.15,Moderate,Cold,Poor
68,Male,98,3.86,High,Hot,Good
38,Female,95,4.02,High,Normal,Good
61,Male,65,2.32,High,Normal,Good
44,Male,94,4.38,High,Hot,Good
45,Male,81,3.35,Moderate,Hot,Good
65,Male,66,3.36,Moderate,Hot,Good
45,Male,67,2.2,Low,Normal,Good
20,Female,105,4.15,Moderate,Hot,Good
18,Female,56,1.5,Low,Cold,Poor
46,Female,75,2.47,Low,Hot,Good
19,Male,77,2.83,Moderate,Cold,Good
35,Male,95,3.38,High,Cold,Good
29,Male,87,3.51,Moderate,Hot,Good
26,Female,83,2.86,Moderate,Cold,Good
19,Female,67,2.89,High,Cold,Good
39,Female,105,3.63,Moderate,Normal,Good
49,Male,53,1.81,Low,Normal,Good
43,Female,77,2.94,Low,Hot,Good
48,Female,82,2.9,High,Cold,Good
49,Male,108,3.57,High,Cold,Good
51,Male,86,3.42,High,Normal,Good
38,Male,49,2.74,High,Normal,Good
20,Female,87,2.78,Low,Normal,Good
26,Female,79,3.92,High,Hot,Good
63,Female,83,4.34,High,Hot,Good
37,Female,45,3.06,High,Hot,Good
63,Female,82,2.75,High,Normal,Good
53,Male,79,3.04,Moderate,Normal,Good
39,Female,61,3.58,High,Hot,Good
41,Female,84,3.35,Moderate,Normal,Good
47,Male,86,3.34,Moderate,Hot,Good
24,Female,63,2.14,Moderate,Cold,Good
51,Male,66,3.41,High,Hot,Good
44,Female,50,1.5,Low,Cold,Good
48,Female,69,3.1,High,Normal,Good
27,Female,70,2.31,Moderate,Cold,Good
21,Female,94,3.68,Moderate,Normal,Good
67,Female,52,1.5,Moderate,Cold,Poor
61,Female,106,3.88,Moderate,Normal,Good
29,Female,73,2.43,Moderate,Normal,Good
54,Male,88,2.06,Low,Normal,Poor
46,Female,103,5.18,High,Hot,Good
49,Female,88,1.93,Low,Cold,Poor
37,Male,101,4.31,High,Normal,Good
29,Female,82,4.09,High,Hot,Good
44,Male,61,2.49,Moderate,Cold,Good
56,Male,46,1.5,Moderate,Normal,Good
46,Female,89,4.57,High,Hot,Good
33,Female,75,3.29,Moderate,Hot,Good
26,Female,71,1.95,Moderate,Cold,Poor
31,Female,89,3.45,Moderate,Normal,Good
61,Male,66,2.45,High,Normal,Good
44,Male,84,3.61,High,Cold,Good
62,Female,89,3.03,High,Cold,Good
20,Female,50,2.15,Moderate,Normal,Good
30,Female,107,3.81,High,Normal,Good
30,Female,45,2.06,Moderate,Hot,Good
54,Male,75,2.31,Moderate,Normal,Good
26,Male,108,3.98,Moderate,Hot,Good
54,Female,58,3.39,High,Hot,Good
48,Male,101,3.59,High,Normal,Good
66,Female,86,3.12,High,Cold,Good
69,Female,88,3.25,Moderate,Hot,Good
64,Female,45,2.21,High,Normal,Good
54,Male,51,1.5,Low,Cold,Poor
55,Female,98,4.5,High,Hot,Good
43,Male,76,3.26,High,Cold,Good
68,Female,81,3.13,High,Normal,Good
35,Female,45,1.81,Low,Normal,Good
45,Female,60,3.08,High,Hot,Good
39,Male,45,1.86,High,Cold,Good
69,Female,86,3.35,High,Normal,Good
57,Male,47,1.97,Moderate,Hot,Good
34,Female,88,2.99,Low,Normal,Good
41,Male,64,2.57,Moderate,Normal,Good
30,Female,87,2.16,Low,Cold,Poor
65,Male,46,1.55,Low,Normal,Good
42,Female,48,1.58,Moderate,Cold,Good
34,Male,45,1.5,Moderate,Cold,Good
22,Female,56,2.59,High,Cold,Good
55,Female,61,2.44,High,Cold,Good
62,Female,84,2.3,Low,Cold,Poor
29,Male,63,2.69,High,Cold,Good
43,Male,96,2.75,Low,Normal,Poor
26,Male,65,3.09,Low,Hot,Good
51,Male,64,2.89,High,Normal,Good
67,Female,107,2.99,Moderate,Normal,Poor
18,Female,103,3.36,Moderate,Normal,Good
25,Female,88,2.76,Low,Cold,Good
69,Male,59,1.5,Low,Normal,Poor
62,Female,57,1.5,Moderate,Cold,Poor
23,Female,49,2.47,Low,Hot,Good
57,Female,65,1.5,Low,Normal,Poor
40,Female,63,3.04,High,Cold,Good
67,Female,102,2.89,Moderate,Normal,Poor
61,Male,97,3.63,Moderate,Hot,Good
38,Female,53,1.9,Low,Hot,Good
42,Female,78,3.08,High,Normal,Good
35,Female,57,3.35,High,Hot,Good
33,Male,48,1.85,Low,Normal,Good
32,Female,82,2.52,Moderate,Cold,Good
44,Female,96,4.16,Moderate,Hot,Good
36,Male,51,2.72,High,Cold,Good
38,Male,72,2.7,Moderate,Normal,Good
19,Male,73,3.07,Moderate,Hot,Good
62,Female,89,4.34,High,Hot,Good
63,Male,56,2.46,High,Cold,Good
49,Male,62,1.87,Low,Normal,Good
40,Male,106,3.7,Moderate,Normal,Good
22,Male,84,3.84,High,Hot,Good
51,Female,72,3.19,High,Hot,Good
48,Female,73,3.12,High,Cold,Good
56,Female,53,2.0,High,Normal,Good
66,Female,107,4.09,Low,Hot,Good
63,Male,57,1.5,Low,Normal,Poor
34,Male,91,3.83,High,Cold,Good
60,Male,72,2.76,High,Normal,Good
47,Female,80,3.69,Moderate,Hot,Good
50,Female,69,2.08,Low,Cold,Good
36,Male,91,3.25,Moderate,Cold,Good
50,Female,58,2.98,High,Hot,Good
59,Male,109,3.93,High,Normal,Good
52,Male,76,3.69,High,Hot,Good
29,Male,95,3.24,Low,Normal,Good
25,Male,58,2.26,Low,Hot,Good
47,Male,100,4.12,High,Normal,Good
51,Male,104,4.2,Moderate,Hot,Good
24,Female,50,1.94,Moderate,Normal,Good
25,Male,59,2.16,Low,Hot,Good
20,Female,101,2.96,Low,Cold,Poor
47,Male,90,3.25,High,Cold,Good
18,Female,63,2.2,Low,Hot,Good
51,Male,101,2.91,Low,Normal,Poor
41,Female,57,1.94,Low,Normal,Good
68,Male,96,2.15,Low,Cold,Poor
58,Male,92,3.54,Low,Hot,Good
30,Female,48,2.4,High,Cold,Good
57,Male,87,2.66,Low,Hot,Good
46,Female,90,3.04,High,Cold,Good
62,Female,91,3.79,High,Hot,Good
42,Male,85,3.14,Moderate,Normal,Good
30,Male,57,2.02,Moderate,Normal,Good
54,Male,87,3.21,Low,Hot,Good
69,Male,80,4.06,High,Hot,Good
67,Male,96,4.16,High,Hot,Good
29,Male,55,1.5,Low,Cold,Poor
45,Female,60,2.54,Moderate,Normal,Good
64,Male,75,2.88,Moderate,Normal,Good
42,Female,105,3.86,Moderate,Hot,Good
52,Male,105,3.19,High,Cold,Good
43,Male,99,2.75,Low,Cold,Poor
63,Female,48,1.5,Low,Normal,Good
65,Female,68,2.77,Low,Hot,Good
24,Male,67,2.94,Moderate,Normal,Good
29,Female,55,1.77,Low,Cold,Good
51,Male,73,3.16,High,Normal,Good
65,Female,92,2.9,Moderate,Normal,Good
24,Male,101,4.19,Low,Hot,Good
20,Male,76,2.19,Moderate,Cold,Poor
55,Male,74,2.85,Low,Hot,Good
55,Female,59,2.11,High,Cold,Good
43,Male,80,3.38,High,Normal,Good
31,Male,75,2.58,Low,Normal,Good
57,Female,90,3.09,Low,Hot,Good
59,Female,62,3.09,Moderate,Hot,Good
29,Female,94,2.57,Low,Normal,Poor
20,Female,51,2.55,High,Cold,Good
48,Male,108,3.7,Low,Hot,Good
46,Female,47,1.89,Moderate,Cold,Good
32,Female,65,2.77,High,Cold,Good
45,Male,48,1.5,Low,Cold,Good
32,Female,95,3.31,Low,Normal,Good
49,Male,102,2.96,Low,Normal,Poor
67,Male,69,1.5,Low,Normal,Poor
65,Female,92,2.23,Low,Cold,Poor
47,Female,79,3.85,Moderate,Hot,Good
63,Female,97,4.0,High,Normal,Good
49,Male,50,1.5,Low,Normal,Good
56,Male,108,3.5,Moderate,Cold,Good
62,Male,109,4.19,High,Normal,Good
68,Female,91,3.6,High,Cold,Good
52,Female,105,3.32,Low,Hot,Good
40,Male,95,3.76,Low,Hot,Good
69,Male,66,2.14,Moderate,Normal,Good
50,Male,88,3.19,Moderate,Normal,Good
44,Male,46,2.33,Low,Hot,Good
63,Male,74,2.95,Moderate,Hot,Good
50,Female,70,2.64,Low,Hot,Good
28,Female,72,4.18,High,Hot,Good
58,Male,75,2.91,High,Normal,Good
50,Male,95,3.75,High,Cold,Good
38,Male,100,4.46,High,Normal,Good
66,Male,63,2.49,Moderate,Hot,Good
38,Male,97,3.53,Moderate,Cold,Good
57,Male,106,4.86,High,Hot,Good
30,Female,63,3.1,High,Hot,Good
66,Female,50,1.5,Low,Hot,Good
68,Male,49,1.59,High,Cold,Good
47,Female,106,3.54,Low,Normal,Good
67,Male,96,3.51,High,Cold,Good
53,Female,104,2.97,Low,Cold,Poor
33,Male,98,3.06,Low,Cold,Good
26,Female,78,4.04,High,Hot,Good
48,Male,64,3.86,High,Hot,Good
45,Female,107,2.91,Moderate,Cold,Poor
22,Male,47,2.17,Moderate,Normal,Good
41,Male,88,4.39,High,Hot,Good
68,Male,98,2.47,Moderate,Cold,Poor
32,Female,82,3.18,High,Cold,Good
40,Female,91,3.36,High,Normal,Good
58,Male,108,2.16,Low,Cold,Poor
65,Female,66,2.15,Low,Hot,Good
39,Male,49,2.16,High,Normal,Good
23,Male,97,2.15,Low,Cold,Poor
34,Female,103,4.63,High,Hot,Good
65,Female,81,3.28,Low,Hot,Good
60,Male,71,1.5,Low,Cold,Poor
25,Female,107,3.3,Moderate,Normal,Good
67,Female,65,1.84,Moderate,Normal,Poor
58,Female,86,3.93,High,Hot,Good
44,Female,77,2.75,High,Cold,Good
51,Male,60,1.5,Low,Normal,Poor
29,Female,100,3.94,Low,Hot,Good
38,Male,52,1.5,Low,Cold,Poor
35,Male,62,1.75,Moderate,Cold,Poor
29,Male,95,3.88,High,Cold,Good
31,Male,70,2.52,Moderate,Normal,Good
59,Male,48,1.83,Moderate,Cold,Good
41,Male,81,2.17,Moderate,Cold,Poor
29,Male,65,1.72,Low,Cold,Poor
21,Female,87,2.73,Moderate,Cold,Good
53,Male,106,2.21,Low,Cold,Poor
26,Female,56,2.63,Moderate,Normal,Good
25,Female,77,2.95,Low,Hot,Good
68,Female,58,1.5,Low,Cold,Poor
31,Male,53,2.66,Moderate,Hot,Good
66,Female,61,2.05,Moderate,Normal,Good
63,Female,47,3.03,High,Hot,Good
38,Female,56,2.05,Moderate,Cold,Good
18,Female,89,2.27,Low,Cold,Poor
24,Male,54,1.87,Moderate,Normal,Good
28,Male,100,2.27,Low,Cold,Poor
40,Female,57,2.77,Moderate,Hot,Good
34,Female,94,3.58,Moderate,Normal,Good
30,Female,56,1.78,Low,Cold,Good
37,Male,64,2.39,Low,Hot,Good
41,Male,83,2.83,High,Cold,Good
32,Female,109,4.06,Moderate,Normal,Good
47,Female,81,2.65,Low,Normal,Good
53,Female,78,3.19,Low,Hot,Good
62,Female,97,3.39,High,Cold,Good
49,Male,92,4.26,High,Hot,Good
67,Male,87,2.1,Moderate,Cold,Poor
36,Male,99,2.52,Low,Cold,Poor
50,Female,104,3.81,High,Cold,Good
30,Female,79,2.48,Low,Normal,Good
35,Female,62,2.73,Low,Hot,Good
60,Male,76,2.58,Moderate,Normal,Good
40,Male,90,3.25,High,Cold,Good
24,Male,84,3.44,High,Cold,Good
67,Female,49,1.9,Moderate,Normal,Good
39,Male,102,4.67,High,Hot,Good
43,Male,82,2.16,Low,Cold,Poor
66,Male,45,1.62,High,Cold,Good
48,Male,72,2.09,Low,Normal,Poor
56,Female,106,3.56,High,Cold,Good
61,Female,105,2.66,Moderate,Cold,Poor
43,Male,79,2.52,Low,Cold,Good
21,Female,86,2.33,Low,Normal,Poor
56,Male,109,4.67,Moderate,Hot,Good
63,Female,81,2.87,Low,Hot,Good
68,Female,102,3.77,High,Cold,Good
25,Female,95,3.66,High,Normal,Good
43,Female,53,1.5,Moderate,Cold,Poor
64,Male,57,1.96,High,Cold,Good
27,Female,94,3.35,High,Normal,Good
58,Female,73,2.5,High,Cold,Good
62,Male,60,3.41,High,Hot,Good
60,Female,50,3.3,High,Hot,Good
69,Female,95,2.7,Moderate,Cold,Poor
63,Female,98,2.84,Low,Hot,Poor
55,Female,72,1.98,Low,Cold,Poor
58,Male,80,3.94,High,Hot,Good
60,Male,54,1.98,High,Cold,Good
32,Female,107,3.89,Low,Hot,Good
51,Male,64,1.5,Moderate,Cold,Poor
24,Male,94,3.9,Low,Hot,Good
54,Female,103,3.35,Moderate,Cold,Good
57,Female,107,3.88,High,Cold,Good
55,Male,81,3.35,High,Hot,Good
60,Male,77,2.71,High,Cold,Good
40,Male,88,2.83,Low,Normal,Good
44,Male,79,2.23,Low,Normal,Poor
39,Male,52,2.48,Moderate,Normal,Good
69,Female,106,4.75,High,Hot,Good
45,Female,72,2.18,Low,Normal,Good
19,Male,103,2.54,Low,Cold,Poor
21,Female,85,2.91,Moderate,Cold,Good
64,Female,78,2.51,Low,Normal,Good
24,Female,76,2.96,High,Cold,Good
25,Male,91,3.65,Moderate,Normal,Good
65,Male,73,3.28,Moderate,Hot,Good
55,Male,88,2.19,Low,Cold,Poor
57,Female,55,1.5,Moderate,Cold,Poor
66,Male,46,1.5,Moderate,Cold,Good
66,Female,79,1.5,Low,Cold,Poor
25,Male,76,2.29,Moderate,Cold,Good
24,Male,83,2.63,Moderate,Normal,Good
54,Male,104,4.74,High,Hot,Good
27,Female,48,1.5,Moderate,Cold,Good
22,Male,68,2.25,High,Cold,Good
41,Female,73,3.81,High,Hot,Good
35,Male,48,2.53,High,Normal,Good
61,Male,86,3.77,High,Normal,Good
68,Male,48,2.96,High,Hot,Good
20,Male,106,5.31,High,Hot,Good
28,Male,103,3.34,Low,Normal,Good
48,Male,84,3.19,High,Cold,Good
69,Male,48,3.08,High,Hot,Good
54,Female,88,2.26,Moderate,Cold,Poor
59,Male,73,1.92,Moderate,Cold,Poor
68,Male,76,2.82,Moderate,Normal,Good
33,Female,49,2.95,High,Normal,Good
29,Female,89,3.34,Moderate,Cold,Good
54,Female,66,1.89,Low,Hot,Poor
22,Female,107,2.68,Low,Cold,Poor
47,Male,96,3.95,High,Normal,Good
34,Male,47,2.23,Moderate,Hot,Good
44,Male,72,2.99,High,Cold,Good
48,Female,59,2.17,Low,Normal,Good
65,Male,48,1.5,Low,Cold,Good
34,Male,78,2.61,Moderate,Normal,Good
53,Female,83,4.09,High,Hot,Good
25,Female,59,2.56,Moderate,Hot,Good
33,Female,109,4.26,High,Normal,Good
24,Male,56,2.73,High,Cold,Good
68,Male,76,2.45,Moderate,Cold,Good
43,Female,105,4.99,High,Hot,Good
55,Male,90,4.39,High,Hot,Good
18,Female,93,2.43,Low,Normal,Poor
59,Male,60,1.58,Low,Normal,Poor
69,Male,80,3.97,High,Hot,Good
36,Male,91,2.56,Low,Normal,Poor
29,Male,64,1.89,Low,Cold,Poor
29,Female,69,2.91,High,Normal,Good
28,Male,78,2.97,High,Cold,Good
55,Male,56,2.06,High,Normal,Good
45,Female,83,3.07,Low,Hot,Good
57,Male,75,1.81,Low,Normal,Poor
35,Female,86,3.26,High,Normal,Good
55,Female,100,3.74,Low,Hot,Good
36,Male,58,3.76,High,Hot,Good
46,Female,94,3.85,Low,Hot,Good
54,Female,109,2.32,Low,Cold,Poor
24,Male,55,2.11,Moderate,Normal,Good
36,Female,47,2.05,Moderate,Normal,Good
46,Male,87,3.63,High,Normal,Good
29,Male,71,2.73,Moderate,Normal,Good
42,Male,89,3.75,High,Cold,Good
67,Female,88,3.18,Low,Hot,Good
56,Female,72,3.19,High,Hot,Good
50,Male,59,2.32,Moderate,Normal,Good
53,Female,59,2.38,Low,Hot,Good
65,Male,59,1.5,Low,Cold,Poor
40,Female,87,4.65,High,Hot,Good
65,Female,103,3.49,High,Normal,Good
28,Male,84,3.66,High,Normal,Good
39,Female,55,1.9,Moderate,Cold,Good
28,Male,52,2.04,Moderate,Cold,Good
21,Male,80,2.78,Moderate,Normal,Good
58,Female,93,3.48,High,Cold,Good
63,Male,80,2.2,Low,Cold,Poor
31,Male,51,1.5,Low,Cold,Poor
44,Female,92,2.72,Low,Normal,Poor
53,Male,104,3.46,Low,Hot,Good
25,Male,51,3.06,Moderate,Hot,Good
34,Male,90,3.9,High,Cold,Good
25,Male,66,2.91,Low,Hot,Good
38,Male,59,2.46,Moderate,Normal,Good
34,Female,63,3.1,High,Normal,Good
36,Female,58,2.48,Low,Hot,Good
30,Male,66,3.24,Moderate,Hot,Good
27,Female,75,2.59,Low,Hot,Good
30,Female,80,3.17,Low,Hot,Good
21,Female,99,3.04,Moderate,Normal,Good
64,Female,50,2.83,High,Hot,Good
47,Male,71,3.08,Moderate,Normal,Good
56,Female,79,2.19,Moderate,Cold,Poor
32,Male,76,2.67,Moderate,Cold,Good
23,Female,71,2.36,Moderate,Cold,Good
22,Female,85,4.08,High,Hot,Good
33,Female,62,1.77,Low,Normal,Poor
42,Female,73,4.14,High,Hot,Good
33,Male,48,1.5,Low,Normal,Good
36,Male,77,3.3,High,Normal,Good
51,Female,75,2.7,Moderate,Normal,Good
66,Female,102,3.33,Moderate,Cold,Good
53,Female,104,3.0,Low,Cold,Poor
64,Male,90,3.64,High,Normal,Good
61,Female,63,2.31,High,Normal,Good
41,Male,102,3.09,Moderate,Normal,Good
47,Female,85,4.0,High,Normal,Good
69,Male,59,1.73,Low,Hot,Poor
46,Male,67,2.84,High,Cold,Good
41,Male,109,3.61,High,Cold,Good
55,Male,102,4.32,High,Hot,Good
26,Female,57,2.95,High,Hot,Good
26,Male,47,1.5,Low,Normal,Good
69,Female,69,2.65,Low,Hot,Good
41,Female,80,3.64,High,Hot,Good
34,Male,98,2.85,Moderate,Cold,Poor
36,Male,104,2.85,Low,Normal,Poor
20,Female,63,1.5,Low,Cold,Poor
63,Male,100,3.82,Moderate,Hot,Good
48,Male,97,3.33,Moderate,Normal,Good
51,Female,75,1.74,Low,Normal,Poor
53,Female,50,1.5,Low,Cold,Good
66,Female,104,2.66,Low,Normal,Poor
64,Female,88,3.78,High,Hot,Good
44,Male,66,1.5,Low,Cold,Poor
58,Female,92,3.02,Low,Hot,Good
32,Male,91,3.23,Moderate,Normal,Good
44,Female,57,2.71,High,Normal,Good
28,Male,103,3.12,Moderate,Cold,Good
50,Male,81,3.33,High,Normal,Good
50,Female,51,1.51,Moderate,Cold,Poor
24,Female,85,3.11,Low,Hot,Good
24,Male,62,3.0,High,Cold,Good
58,Female,84,3.04,Moderate,Normal,Good
38,Female,101,3.37,Moderate,Normal,Good
43,Female,68,2.07,Moderate,Normal,Good
55,Male,87,2.57,Low,Hot,Poor
49,Female,50,3.66,High,Hot,Good
69,Male,51,1.52,High,Cold,Poor
24,Female,102,3.93,Moderate,Normal,Good
26,Male,89,3.66,High,Normal,Good
34,Male,84,3.31,Low,Hot,Good
47,Male,106,3.57,Moderate,Cold,Good
56,Male,49,1.5,Low,Cold,Good
18,Female,75,2.96,Moderate,Hot,Good
25,Male,74,3.67,High,Normal,Good
38,Male,59,1.93,Moderate,Normal,Good
44,Male,46,1.5,Moderate,Cold,Good
22,Female,57,1.5,Low,Cold,Poor
40,Male,94,3.86,Low,Hot,Good
31,Male,81,3.45,Moderate,Hot,Good
40,Male,78,2.6,Low,Hot,Good
24,Female,53,2.29,Moderate,Normal,Good
19,Male,77,2.52,Low,Hot,Good
61,Female,81,2.05,Moderate,Cold,Poor
20,Female,104,2.76,Low,Normal,Poor
66,Male,95,2.96,Moderate,Cold,Good
61,Female,94,3.5,Low,Hot,Good
54,Male,82,3.25,High,Normal,Good
31,Female,99,2.97,Moderate,Normal,Good
35,Female,109,2.82,Low,Normal,Poor
58,Female,86,3.29,High,Normal,Good
67,Male,80,3.2,High,Cold,Good
26,Female,52,1.69,Moderate,Normal,Good
59,Male,52,1.5,Low,Cold,Poor
29,Female,75,2.54,High,Cold,Good
19,Male,56,2.55,High,Normal,Good
24,Female,105,2.85,Low,Cold,Poor
30,Male,97,3.32,Moderate,Cold,Good
66,Male,79,3.54,High,Hot,Good
34,Male,54,3.69,High,Hot,Good
21,Female,73,2.71,High,Normal,Good
63,Male,103,3.02,Moderate,Cold,Poor
19,Male,78,2.82,Low,Hot,Good
22,Male,53,1.97,High,Cold,Good
34,Male,56,1.71,Low,Normal,Good
20,Female,49,1.81,Low,Hot,Good
69,Female,92,4.12,High,Hot,Good
58,Male,61,1.67,Moderate,Cold,Poor
59,Male,79,4.21,High,Hot,Good
30,Male,77,3.14,High,Normal,Good
32,Female,75,2.41,Moderate,Cold,Good
27,Female,101,3.47,Moderate,Normal,Good
24,Female,49,1.5,Low,Cold,Good
33,Male,101,3.53,Moderate,Normal,Good
51,Female,84,2.61,Moderate,Normal,Good
53,Male,100,2.12,Low,Cold,Poor
69,Male,84,2.81,Moderate,Cold,Good
45,Male,53,2.4,Moderate,Normal,Good
18,Male,47,2.0,High,Cold,Good
54,Female,77,3.19,Low,Hot,Good
30,Female,95,4.14,High,Hot,Good
33,Female,84,2.79,Low,Normal,Good
68,Female,83,2.0,Low,Cold,Poor
53,Male,109,4.56,Moderate,Hot,Good
30,Female,89,3.78,Moderate,Hot,Good
40,Male,45,3.53,High,Hot,Good
60,Female,72,2.2,Moderate,Normal,Good
58,Male,52,2.19,High,Cold,Good
66,Female,102,3.83,Low,Hot,Good
64,Male,69,2.59,Moderate,Hot,Good
67,Male,96,4.08,High,Normal,Good
52,Female,78,1.9,Moderate,Cold,Poor
22,Male,52,2.0,Low,Hot,Good
35,Male,69,2.83,High,Cold,Good
18,Female,52,2.63,High,Normal,Good
51,Female,73,2.7,Low,Hot,Good
24,Male,55,2.58,High,Normal,Good
29,Male,82,3.02,High,Cold,Good
18,Male,62,3.86,High,Hot,Good
24,Female,84,2.03,Low,Cold,Poor
50,Male,96,3.84,Moderate,Hot,Good
51,Female,51,2.44,High,Hot,Good
39,Female,97,3.62,Moderate,Hot,Good
21,Male,105,4.76,High,Hot,Good
58,Female,96,4.47,High,Hot,Good
32,Female,105,3.4,Low,Hot,Good
61,Female,65,1.5,Low,Cold,Poor
28,Female,93,4.76,High,Hot,Good
44,Female,75,1.51,Low,Cold,Poor
69,Female,74,2.61,Moderate,Cold,Good
33,Male,79,3.67,High,Hot,Good
26,Female,106,3.04,Moderate,Cold,Poor
54,Male,54,3.45,High,Hot,Good
25,Female,106,3.28,Moderate,Normal,Good
28,Female,52,1.64,Moderate,Cold,Good
40,Female,54,1.5,Low,Normal,Poor
56,Male,70,2.21,Moderate,Cold,Good
20,Female,106,3.92,Moderate,Normal,Good
21,Female,105,3.8,Moderate,Normal,Good
55,Male,57,2.05,High,Cold,Good
55,Male,98,4.32,Moderate,Hot,Good
53,Male,59,3.29,High,Hot,Good
56,Female,70,2.83,High,Cold,Good
65,Male,95,2.64,Low,Cold,Poor
21,Male,71,3.55,Moderate,Hot,Good
46,Female,62,2.34,Low,Normal,Good
18,Female,94,3.27,Moderate,Normal,Good
37,Male,64,2.81,Moderate,Hot,Good
43,Female,76,2.55,Low,Hot,Good
58,Male,56,2.94,Moderate,Hot,Good
41,Female,95,3.8,Low,Hot,Good
42,Female,52,1.85,High,Cold,Good
60,Male,75,3.98,High,Hot,Good
37,Male,82,3.53,High,Normal,Good
31,Male,78,3.7,High,Hot,Good
63,Male,107,4.37,High,Hot,Good
49,Male,81,3.66,High,Normal,Good
65,Female,55,1.5,Moderate,Cold,Poor
48,Male,88,4.39,High,Hot,Good
49,Male,65,1.51,Low,Cold,Poor
30,Male,55,2.23,High,Cold,Good
53,Female,103,3.39,High,Normal,Good
68,Male,73,2.66,High,Cold,Good
23,Male,75,2.25,Moderate,Cold,Good
57,Male,61,1.5,Low,Cold,Poor
29,Male,49,3.47,High,Hot,Good
58,Male,64,2.6,High,Cold,Good
23,Male,100,2.99,Moderate,Cold,Poor
20,Male,72,2.95,High,Normal,Good
22,Female,60,2.87,High,Normal,Good
45,Male,51,2.17,Moderate,Normal,Good
56,Male,87,3.02,High,Cold,Good
42,Female,77,3.38,High,Cold,Good
19,Male,58,3.33,Moderate,Hot,Good
22,Female,78,2.82,Moderate,Normal,Good
36,Female,74,3.17,Moderate,Normal,Good
33,Male,96,4.41,Moderate,Hot,Good
57,Female,93,2.39,Low,Cold,Poor
65,Female,91,3.02,High,Cold,Good
24,Female,73,2.22,Low,Normal,Good
39,Female,67,2.96,High,Normal,Good
68,Female,54,2.19,Moderate,Normal,Good
65,Female,73,1.59,Moderate,Cold,Poor
54,Male,96,3.66,Low,Hot,Good
23,Female,52,2.0,High,Cold,Good
39,Male,78,2.71,Low,Normal,Good
35,Female,81,3.23,High,Cold,Good
55,Female,84,2.35,Moderate,Cold,Poor
23,Female,96,4.53,Moderate,Hot,Good
65,Female,45,1.5,Moderate,Cold,Good
34,Female,66,2.64,High,Cold,Good
52,Male,75,2.28,Moderate,Cold,Good
53,Male,48,2.51,High,Hot,Good
22,Male,69,2.22,Low,Cold,Good
47,Female,91,3.21,Low,Normal,Good
44,Female,89,3.53,Low,Hot,Good
47,Female,58,2.52,High,Cold,Good
39,Male,70,3.47,Moderate,Hot,Good
55,Female,80,2.23,Moderate,Cold,Poor
31,Female,67,4.04,High,Hot,Good
31,Female,66,2.49,Moderate,Normal,Good
29,Male,62,3.02,Moderate,Hot,Good
30,Female,80,2.92,High,Normal,Good
24,Male,67,1.87,Low,Cold,Poor
67,Male,65,3.18,High,Hot,Good
33,Male,91,2.56,Low,Normal,Poor
59,Female,85,3.12,Moderate,Hot,Good
31,Male,61,1.7,Moderate,Cold,Poor
26,Female,92,2.46,Low,Cold,Poor
34,Female,72,3.45,Moderate,Hot,Good
26,Male,99,3.33,Low,Hot,Good
30,Male,91,2.51,Moderate,Cold,Poor
45,Female,97,3.95,High,Cold,Good
25,Male,69,2.65,High,Normal,Good
62,Female,51,2.09,Moderate,Hot,Good
65,Female,90,3.18,High,Cold,Good
63,Female,61,1.74,Moderate,Normal,Poor
29,Female,106,4.33,High,Normal,Good
38,Male,97,3.79,High,Cold,Good
32,Female,67,2.88,High,Normal,Good
43,Female,97,3.17,High,Cold,Good
24,Male,83,3.12,Moderate,Cold,Good
40,Female,73,3.06,Moderate,Hot,Good
48,Male,46,1.5,Moderate,Cold,Good
64,Female,73,2.3,Low,Normal,Good
52,Female,93,3.14,Low,Hot,Good
47,Male,59,1.97,Moderate,Normal,Good
68,Male,61,1.72,Moderate,Normal,Poor
47,Female,60,2.37,High,Normal,Good
56,Female,75,2.27,Low,Hot,Good
29,Female,69,2.59,Moderate,Normal,Good
35,Male,99,4.98,High,Hot,Good
52,Female,79,2.89,High,Cold,Good
54,Male,60,2.27,Moderate,Hot,Good
50,Female,106,3.39,Moderate,Cold,Good
47,Male,85,3.81,Moderate,Hot,Good
19,Male,104,5.16,High,Hot,Good
48,Male,68,4.24,High,Hot,Good
67,Male,89,2.36,Moderate,Cold,Poor
36,Female,67,1.99,Low,Cold,Poor
67,Male,50,2.06,High,Normal,Good
54,Female,74,1.92,Moderate,Normal,Poor
25,Female,72,2.25,Low,Cold,Good
55,Female,96,3.94,Moderate,Hot,Good
19,Female,97,2.6,Low,Normal,Poor
21,Female,51,2.06,Moderate,Cold,Good
26,Female,107,3.68,Low,Normal,Good
54,Male,58,1.8,Low,Hot,Good
24,Female,103,3.69,High,Cold,Good
24,Male,99,3.96,Moderate,Normal,Good
35,Female,89,3.14,Moderate,Cold,Good
45,Female,80,3.3,Low,Hot,Good
46,Female,103,3.95,Moderate,Hot,Good
63,Male,90,1.61,Low,Cold,Poor
23,Female,94,2.9,Low,Normal,Good
44,Female,51,1.5,Moderate,Cold,Poor
34,Female,85,3.06,High,Normal,Good
19,Female,100,4.29,Moderate,Hot,Good
59,Female,54,2.93,High,Hot,Good
31,Male,105,3.92,Moderate,Normal,Good
25,Male,94,2.63,Moderate,Cold,Poor
28,Male,92,3.39,High,Cold,Good
56,Female,91,3.48,High,Cold,Good
65,Female,50,2.08,Moderate,Hot,Good
32,Male,60,2.31,High,Normal,Good
53,Male,82,1.85,Low,Cold,Poor
28,Female,47,2.27,Moderate,Hot,Good
32,Female,98,4.74,High,Hot,Good
32,Female,61,2.34,High,Cold,Good
67,Female,57,1.77,Moderate,Cold,Good
53,Female,62,1.5,Low,Cold,Poor
42,Male,88,3.58,Low,Hot,Good
29,Male,105,3.85,High,Cold,Good
45,Male,79,2.79,Low,Hot,Good
20,Female,87,1.94,Low,Cold,Poor
26,Female,80,3.19,Moderate,Hot,Good
27,Female,94,2.34,Low,Cold,Poor
29,Male,76,3.76,Moderate,Hot,Good
20,Female,71,2.42,Low,Hot,Good
26,Female,95,4.14,High,Hot,Good
66,Male,46,2.09,High,Normal,Good
28,Male,108,3.09,Low,Normal,Poor
43,Male,55,2.88,High,Normal,Good
36,Male,84,3.61,High,Normal,Good
21,Female,81,3.38,Moderate,Normal,Good
44,Female,49,3.42,High,Hot,Good
66,Male,70,2.31,Moderate,Cold,Good
61,Male,102,4.07,High,Normal,Good
63,Male,86,2.35,Low,Normal,Poor
44,Female,64,2.41,Low,Normal,Good
52,Male,92,3.6,Moderate,Hot,Good
21,Male,96,2.77,Low,Cold,Poor
21,Male,83,3.46,Low,Hot,Good
19,Female,60,1.5,Low,Cold,Poor
60,Male,53,2.6,Moderate,Hot,Good
34,Female,56,1.89,Moderate,Cold,Good
62,Male,55,2.55,Moderate,Hot,Good
30,Female,70,1.5,Low,Cold,Poor
39,Male,50,1.5,Low,Cold,Good
27,Female,79,3.31,High,Cold,Good
54,Male,52,2.08,Low,Hot,Good
53,Female,93,3.06,Moderate,Cold,Good
33,Male,70,1.84,Low,Normal,Poor
61,Female,48,1.5,Moderate,Cold,Good
58,Male,70,2.35,Moderate,Cold,Good
69,Male,73,2.99,High,Cold,Good
53,Male,48,1.5,Low,Cold,Good
54,Female,57,2.67,High,Normal,Good
68,Female,99,3.43,Moderate,Hot,Good
34,Male,66,1.5,Low,Cold,Poor
44,Female,56,1.73,Moderate,Normal,Good
37,Male,46,1.76,Low,Hot,Good
30,Female,99,3.33,Moderate,Cold,Good
39,Female,99,3.13,Low,Cold,Good
60,Male,95,3.76,High,Normal,Good
50,Female,54,2.78,High,Normal,Good
31,Male,99,3.87,Moderate,Hot,Good
58,Male,55,2.02,Moderate,Cold,Good
51,Male,109,4.41,High,Hot,Good
46,Female,75,3.98,High,Hot,Good
45,Female,52,1.91,Low,Hot,Good
57,Female,66,1.5,Low,Normal,Poor
19,Male,85,2.38,Moderate,Cold,Poor
58,Female,46,1.99,High,Cold,Good
36,Female,60,1.89,Low,Cold,Good
31,Female,100,3.48,High,Cold,Good
19,Female,90,3.41,High,Cold,Good
32,Male,94,2.32,Low,Cold,Poor
57,Female,83,3.78,Moderate,Hot,Good
28,Female,51,1.77,High,Cold,Good
21,Female,103,3.59,Moderate,Cold,Good
48,Male,70,2.53,Low,Hot,Good
26,Female,96,3.66,Moderate,Normal,Good
38,Female,60,2.37,Moderate,Normal,Good
35,Female,91,3.7,Low,Hot,Good
35,Female,100,4.04,Moderate,Hot,Good
57,Male,60,1.57,Low,Normal,Poor
28,Female,76,2.55,High,Cold,Good
22,Female,47,1.5,Low,Normal,Good
40,Female,73,3.36,High,Normal,Good
42,Female,66,3.08,High,Normal,Good
54,Female,67,2.24,High,Cold,Good
32,Female,84,1.92,Low,Cold,Poor
46,Female,60,2.79,Moderate,Hot,Good
27,Male,91,4.49,High,Hot,Good
29,Female,86,4.73,High,Hot,Good
37,Female,50,1.5,Moderate,Cold,Good
52,Female,91,2.25,Moderate,Cold,Poor
36,Female,101,4.09,Low,Hot,Good
25,Male,62,2.14,Low,Normal,Good
40,Female,70,2.2,Low,Normal,Good
37,Female,70,4.18,High,Hot,Good
53,Female,69,2.79,Low,Hot,Good
24,Male,71,2.63,High,Cold,Good
25,Male,55,2.38,Moderate,Normal,Good
47,Female,59,1.53,Moderate,Cold,Poor
56,Female,68,2.69,Moderate,Normal,Good
59,Female,85,4.4,High,Hot,Good
69,Female,66,2.07,Low,Normal,Good
53,Male,107,2.81,Low,Cold,Poor
44,Female,93,2.57,Low,Normal,Poor
46,Male,63,2.64,Moderate,Hot,Good
27,Male,54,1.61,Low,Normal,Poor
42,Female,101,4.75,High,Hot,Good
21,Female,99,5.05,High,Hot,Good
25,Male,45,2.54,Moderate,Hot,Good
29,Female,79,3.22,Low,Hot,Good
65,Male,77,4.1,High,Hot,Good
62,Male,69,1.51,Low,Normal,Poor
52,Male,90,2.76,Low,Normal,Good
61,Female,55,3.03,Moderate,Hot,Good
39,Male,106,3.48,Moderate,Normal,Good
57,Female,107,3.78,High,Cold,Good
64,Male,77,2.04,Low,Normal,Poor
19,Female,57,3.22,Moderate,Hot,Good
60,Female,89,3.42,Low,Hot,Good
40,Female,73,1.5,Low,Cold,Poor
31,Male,62,2.45,Moderate,Normal,Good
64,Female,47,1.65,High,Normal,Good
25,Male,75,3.36,High,Cold,Good
65,Male,46,1.5,Low,Cold,Good
22,Female,51,2.62,Low,Hot,Good
30,Male,46,3.44,High,Hot,Good
20,Female,85,2.78,Moderate,Cold,Good
30,Male,89,2.91,Low,Normal,Good
24,Male,61,1.5,Low,Normal,Poor
64,Male,68,2.15,Moderate,Normal,Good
51,Female,94,2.46,Moderate,Cold,Poor
44,Female,103,3.62,Moderate,Normal,Good
68,Female,47,1.5,Moderate,Cold,Good
52,Male,69,1.75,Low,Cold,Poor
36,Male,104,3.92,Low,Hot,Good
40,Female,55,2.37,High,Normal,Good
69,Male,78,2.48,High,Cold,Good
24,Female,88,2.92,Low,Normal,Good
44,Male,108,3.42,Moderate,Normal,Good
55,Female,102,3.58,High,Cold,Good
25,Female,46,1.5,Moderate,Cold,Good
56,Female,80,3.72,High,Hot,Good
29,Female,66,2.3,Low,Normal,Good
26,Male,67,3.57,Moderate,Hot,Good
47,Female,63,2.4,High,Cold,Good
28,Male,64,2.8,Moderate,Normal,Good
62,Female,91,3.51,Moderate,Hot,Good
27,Male,66,2.85,Low,Hot,Good
19,Male,105,3.64,High,Cold,Good
68,Female,82,3.36,High,Hot,Good
42,Male,72,2.54,Moderate,Normal,Good
48,Male,85,2.5,Moderate,Cold,Poor
55,Male,95,2.76,Moderate,Cold,Poor
54,Female,75,3.25,Moderate,Hot,Good
35,Female,50,1.52,Low,Normal,Good
48,Female,46,1.67,Moderate,Cold,Good
63,Male,95,2.21,Low,Cold,Poor
40,Female,51,1.85,Low,Normal,Good
30,Male,106,3.47,Low,Normal,Good
33,Female,59,2.03,Moderate,Normal,Good
36,Male,79,2.6,High,Cold,Good
31,Female,93,3.1,Low,Normal,Good
18,Female,71,2.19,Low,Cold,Good
44,Female,85,2.85,High,Cold,Good
69,Male,64,2.59,High,Cold,Good
40,Female,55,3.37,High,Hot,Good
37,Female,68,1.87,Low,Normal,Poor
54,Male,68,2.74,Moderate,Hot,Good
63,Female,108,3.96,High,Normal,Good
47,Female,88,3.25,Moderate,Normal,Good
38,Male,107,4.63,High,Hot,Good
56,Male,61,2.06,Moderate,Cold,Good
67,Female,62,1.81,Moderate,Normal,Poor
45,Female,104,2.96,Moderate,Cold,Poor
32,Male,60,2.89,High,Cold,Good
66,Male,107,2.54,Low,Normal,Poor
28,Male,50,2.11,Moderate,Normal,Good
69,Female,106,3.78,Low,Hot,Good
61,Male,63,2.98,High,Hot,Good
49,Female,53,2.08,Low,Hot,Good
66,Male,81,3.77,High,Hot,Good
36,Male,107,3.88,Moderate,Normal,Good
49,Male,87,2.61,Moderate,Normal,Good
38,Male,105,4.66,Moderate,Hot,Good
61,Male,51,1.79,Moderate,Normal,Good
47,Female,62,1.98,Low,Cold,Good
37,Male,75,2.32,Low,Cold,Good
40,Female,94,3.41,Low,Hot,Good
18,Male,63,2.62,High,Cold,Good
59,Female,108,3.99,Moderate,Hot,Good
23,Female,61,2.43,Moderate,Normal,Good
25,Female,99,4.3,High,Normal,Good
23,Male,84,2.02,Low,Cold,Poor
19,Female,53,2.08,Low,Normal,Good
69,Female,87,3.27,High,Cold,Good
31,Male,70,3.11,High,Normal,Good
53,Male,99,1.98,Low,Cold,Poor
18,Female,108,3.45,Low,Hot,Good
35,Female,67,3.27,Moderate,Hot,Good
40,Male,80,2.66,Low,Hot,Good
35,Male,50,1.5,Low,Cold,Good
61,Male,71,2.63,High,Normal,Good
69,Female,86,4.1,High,Hot,Good
27,Male,83,3.61,Low,Hot,Good
29,Female,55,2.57,Moderate,Normal,Good
20,Male,66,3.58,High,Hot,Good
31,Male,58,2.82,Low,Hot,Good
49,Female,108,4.53,High,Hot,Good
33,Female,96,2.85,Low,Cold,Poor
29,Male,49,3.02,High,Hot,Good
34,Female,54,2.38,High,Cold,Good
33,Female,60,3.66,High,Hot,Good
40,Female,72,2.6,Low,Hot,Good
53,Female,68,3.03,High,Normal,Good
57,Female,90,3.26,High,Normal,Good
63,Male,62,2.17,High,Cold,Good
64,Female,105,3.04,Moderate,Normal,Poor
29,Male,71,3.37,Moderate,Hot,Good
68,Female,77,1.5,Low,Cold,Poor
33,Male,94,4.03,High,Hot,Good
54,Male,97,3.26,Moderate,Normal,Good
25,Female,47,2.72,Moderate,Hot,Good
37,Female,102,4.14,Moderate,Hot,Good
62,Male,80,2.11,Low,Normal,Poor
36,Male,84,3.92,High,Hot,Good
60,Female,62,2.28,High,Normal,Good
18,Male,45,1.64,High,Cold,Good
63,Male,80,2.61,Moderate,Normal,Good
33,Male,61,3.19,High,Normal,Good
21,Male,46,1.56,Low,Normal,Good
48,Male,54,3.6,High,Hot,Good
68,Male,58,1.52,Low,Cold,Poor
55,Female,97,2.37,Moderate,Cold,Poor
37,Female,108,4.56,High,Hot,Good
54,Female,93,2.58,Low,Cold,Poor
54,Male,93,3.21,Moderate,Hot,Good
39,Female,77,2.21,Moderate,Cold,Poor
21,Female,93,4.08,Moderate,Hot,Good
52,Male,83,2.59,High,Cold,Good
27,Female,67,2.8,Moderate,Hot,Good
64,Female,76,2.06,Moderate,Cold,Poor
45,Female,104,4.1,Low,Hot,Good
38,Male,88,3.47,Moderate,Normal,Good
46,Female,90,4.12,Moderate,Hot,Good
24,Female,53,2.49,Moderate,Normal,Good
37,Female,56,1.78,Moderate,Normal,Good
51,Female,77,1.94,Low,Normal,Poor
33,Male,94,3.67,Low,Hot,Good
43,Male,98,3.19,Moderate,Normal,Good
54,Male,53,1.5,Low,Normal,Poor
65,Female,104,3.17,Moderate,Cold,Good
33,Female,46,1.74,Low,Hot,Good
68,Female,87,3.62,Moderate,Hot,Good
28,Female,91,3.46,High,Cold,Good
24,Female,75,3.43,Low,Hot,Good
42,Male,74,3.01,High,Normal,Good
31,Female,73,2.69,Low,Hot,Good
67,Female,80,2.01,Moderate,Cold,Poor
51,Male,65,2.51,Low,Hot,Good
50,Male,94,4.03,High,Normal,Good
54,Female,63,2.75,Low,Hot,Good
34,Female,84,3.61,High,Normal,Good
43,Female,87,2.85,High,Cold,Good
60,Male,59,2.09,Moderate,Cold,Good
31,Female,51,1.5,Moderate,Cold,Poor
19,Male,94,2.43,Low,Cold,Poor
24,Male,56,1.86,Low,Normal,Good
31,Female,67,2.85,Moderate,Hot,Good
48,Female,96,2.67,Low,Cold,Poor
36,Male,63,3.0,High,Cold,Good
61,Male,103,4.13,High,Hot,Good
21,Male,109,3.38,Low,Normal,Good
20,Female,56,2.2,Moderate,Normal,Good
48,Male,85,4.03,Moderate,Hot,Good
39,Male,66,2.68,High,Cold,Good
69,Female,58,1.5,Low,Cold,Poor
67,Male,53,2.71,High,Hot,Good
49,Male,103,4.48,High,Normal,Good
27,Female,69,3.64,High,Hot,Good
50,Female,55,1.5,Low,Cold,Poor
24,Female,78,2.31,Low,Cold,Poor
67,Female,49,1.84,Low,Hot,Good
44,Male,59,2.94,Low,Hot,Good
21,Female,65,3.11,High,Cold,Good
26,Female,79,2.22,Moderate,Cold,Poor
68,Male,81,1.69,Low,Cold,Poor
39,Female,95,4.68,High,Hot,Good
34,Female,109,3.34,Low,Normal,Good
53,Female,102,3.9,Moderate,Hot,Good
40,Female,107,2.91,Low,Cold,Poor
27,Female,70,4.23,High,Hot,Good
34,Female,84,3.1,Low,Hot,Good
52,Male,53,1.5,Low,Normal,Poor
54,Male,63,2.13,Moderate,Cold,Good
52,Female,71,1.5,Low,Cold,Poor
29,Female,53,2.44,High,Normal,Good
30,Male,71,2.89,Moderate,Hot,Good
46,Male,73,2.49,Low,Hot,Good
41,Female,63,2.93,Low,Hot,Good
56,Female,59,2.5,Moderate,Hot,Good
49,Male,90,3.51,Moderate,Normal,Good
69,Male,78,2.96,High,Cold,Good
23,Female,81,2.77,Low,Hot,Good
64,Female,93,3.74,High,Normal,Good
40,Female,72,2.28,Moderate,Normal,Good
55,Female,84,1.9,Low,Normal,Poor
22,Female,67,2.3,Moderate,Cold,Good
39,Male,108,3.41,Low,Normal,Good
45,Male,48,2.2,Moderate,Hot,Good
50,Female,71,2.73,High,Cold,Good
24,Female,108,3.51,Moderate,Normal,Good
51,Male,48,3.01,High,Hot,Good
48,Female,55,2.01,Moderate,Cold,Good
53,Male,66,2.21,Moderate,Cold,Good
21,Female,96,4.23,High,Normal,Good
53,Female,87,3.41,Low,Hot,Good
63,Male,48,1.5,Moderate,Cold,Good
62,Male,69,3.1,Moderate,Hot,Good
49,Male,83,2.82,Moderate,Normal,Good
19,Male,106,2.82,Low,Normal,Poor
30,Female,75,2.28,Low,Normal,Good
58,Female,79,3.82,High,Hot,Good
30,Male,98,2.98,Low,Normal,Good
46,Male,52,1.5,Low,Normal,Poor
36,Male,67,2.51,High,Normal,Good
49,Female,106,3.88,Moderate,Cold,Good
47,Male,83,2.19,Moderate,Cold,Poor
39,Male,72,2.81,High,Cold,Good
39,Female,73,3.67,High,Normal,Good
30,Female,103,3.74,High,Cold,Good
37,Female,50,2.15,High,Cold,Good
30,Male,75,2.21,Moderate,Cold,Poor
31,Female,81,3.73,Moderate,Hot,Good
41,Male,59,2.85,High,Cold,Good
23,Female,67,2.07,Low,Normal,Good
63,Female,67,2.11,Moderate,Normal,Good
66,Female,76,3.2,High,Hot,Good
62,Male,85,2.36,Low,Cold,Poor
54,Male,84,3.07,High,Normal,Good
48,Male,98,2.5,Low,Cold,Poor
64,Female,96,3.06,High,Cold,Good
26,Male,100,3.38,Moderate,Normal,Good
19,Female,98,3.93,Moderate,Normal,Good
48,Female,56,3.02,High,Hot,Good
65,Female,70,2.62,Low,Hot,Good
69,Female,60,2.18,High,Normal,Good
66,Female,93,2.5,Moderate,Normal,Poor
32,Male,80,2.79,Low,Normal,Good
32,Female,106,3.59,High,Cold,Good
54,Male,105,3.07,High,Cold,Poor
60,Female,88,3.11,Moderate,Normal,Good
39,Female,83,2.97,Moderate,Cold,Good
65,Male,59,2.15,High,Normal,Good
53,Female,69,1.88,Low,Cold,Poor
48,Male,78,2.91,High,Cold,Good
23,Female,103,5.0,High,Hot,Good
55,Male,57,2.74,High,Hot,Good
18,Male,80,2.55,Low,Normal,Good
65,Male,87,2.96,High,Cold,Good
21,Female,58,1.5,Low,Cold,Poor
37,Female,52,2.4,Moderate,Hot,Good
54,Female,48,1.82,Low,Hot,Good
52,Female,59,1.5,Low,Cold,Poor
39,Male,59,2.44,Low,Hot,Good
39,Female,94,3.11,Low,Normal,Good
26,Male,95,2.17,Low,Cold,Poor
59,Male,95,4.45,High,Hot,Good
64,Female,93,4.1,High,Hot,Good
47,Male,65,2.71,Moderate,Normal,Good
26,Male,94,3.22,Low,Hot,Good
38,Male,50,1.83,Moderate,Cold,Good
62,Female,107,4.42,Moderate,Hot,Good
48,Female,46,2.41,High,Normal,Good
18,Male,48,2.2,High,Normal,Good
18,Female,96,2.92,Moderate,Normal,Good
30,Male,94,3.24,Low,Normal,Good
48,Female,100,4.43,High,Normal,Good
57,Male,77,4.14,High,Hot,Good
61,Male,100,4.15,High,Normal,Good
49,Female,78,2.72,High,Cold,Good
46,Male,61,2.27,High,Cold,Good
26,Female,71,2.51,Moderate,Cold,Good
54,Male,72,2.14,Moderate,Normal,Poor
21,Male,63,1.5,Low,Cold,Poor
21,Male,81,3.23,High,Normal,Good
62,Male,56,1.5,Low,Cold,Poor
33,Male,58,2.7,High,Cold,Good
18,Male,102,3.72,Moderate,Cold,Good
21,Male,90,2.89,Moderate,Normal,Good
47,Female,104,4.24,High,Cold,Good
34,Male,109,3.71,High,Cold,Good
61,Male,70,2.02,Moderate,Normal,Poor
62,Female,60,3.53,High,Hot,Good
49,Male,60,3.29,High,Hot,Good
58,Female,106,3.73,High,Cold,Good
24,Female,56,1.79,Moderate,Normal,Good
63,Female,87,2.02,Low,Cold,Poor
62,Male,104,4.05,High,Hot,Good
66,Male,76,2.67,Moderate,Normal,Good
30,Male,106,4.24,High,Normal,Good
35,Male,50,1.8,High,Cold,Good
63,Female,73,3.41,High,Hot,Good
60,Male,78,2.63,Low,Hot,Good
50,Male,59,1.77,Moderate,Cold,Good
39,Female,84,2.35,Low,Cold,Poor
22,Female,94,3.53,Low,Hot,Good
42,Male,98,3.98,Low,Hot,Good
33,Male,55,1.51,Moderate,Cold,Poor
52,Male,67,2.89,Low,Hot,Good
52,Female,98,3.31,Moderate,Normal,Good
40,Female,100,3.09,Low,Normal,Good
47,Male,82,3.65,High,Cold,Good
63,Male,55,2.53,Low,Hot,Good
58,Female,88,2.63,Low,Hot,Poor
44,Male,100,2.96,Moderate,Cold,Poor
19,Female,45,1.69,High,Cold,Good
50,Male,80,1.69,Low,Cold,Poor
53,Female,70,2.4,High,Cold,Good
18,Female,82,2.93,Low,Normal,Good
63,Female,86,2.93,Low,Hot,Good
29,Male,107,3.88,Moderate,Cold,Good
26,Female,48,3.61,High,Hot,Good
49,Male,72,1.5,Low,Cold,Poor
57,Female,95,2.61,Low,Normal,Poor
22,Female,49,3.59,High,Hot,Good
45,Female,85,3.82,High,Normal,Good
46,Male,82,1.99,Low,Cold,Poor
69,Male,78,2.28,Moderate,Normal,Poor
59,Female,58,2.09,Moderate,Normal,Good
51,Female,61,2.58,Moderate,Hot,Good
49,Female,83,3.76,High,Normal,Good
40,Male,68,3.03,Low,Hot,Good
22,Female,108,3.64,Low,Normal,Good
25,Female,84,4.33,High,Hot,Good
44,Female,46,1.59,Low,Normal,Good
34,Female,104,2.62,Low,Cold,Poor
34,Female,89,4.06,Moderate,Hot,Good
57,Female,108,4.08,High,Cold,Good
23,Male,104,4.33,High,Normal,Good
66,Female,65,2.57,Moderate,Hot,Good
29,Female,101,4.55,Moderate,Hot,Good
44,Male,50,1.5,Low,Cold,Good
60,Female,85,3.14,Low,Hot,Good
32,Female,65,3.99,High,Hot,Good
22,Female,51,1.74,High,Cold,Good
32,Male,46,2.09,High,Cold,Good
22,Male,76,2.49,Low,Normal,Good
59,Female,109,3.65,Moderate,Cold,Good
36,Male,82,3.22,Moderate,Normal,Good
54,Female,100,4.65,High,Hot,Good
42,Female,98,2.5,Low,Normal,Poor
58,Female,91,3.25,Moderate,Hot,Good
56,Male,59,2.59,High,Normal,Good
25,Male,88,3.07,Moderate,Normal,Good
37,Female,71,3.56,High,Hot,Good
65,Male,57,1.5,Low,Cold,Poor
59,Male,108,3.34,Moderate,Cold,Good
39,Male,96,3.55,Moderate,Cold,Good
34,Male,84,4.43,High,Hot,Good
22,Male,70,2.55,Low,Hot,Good
57,Male,52,1.56,High,Cold,Good
34,Female,85,2.49,Moderate,Cold,Poor
23,Female,68,2.16,Low,Cold,Good
59,Male,55,1.5,Moderate,Normal,Poor
25,Male,61,3.4,Moderate,Hot,Good
65,Male,94,2.91,Low,Hot,Good
54,Female,55,2.26,Moderate,Normal,Good
44,Male,104,4.36,High,Normal,Good
35,Male,64,3.63,High,Hot,Good
31,Male,46,3.16,High,Hot,Good
59,Male,72,1.5,Low,Cold,Poor
60,Female,72,2.58,High,Cold,Good
65,Male,49,2.28,High,Cold,Good
26,Female,76,2.12,Low,Cold,Poor
54,Male,59,1.68,High,Cold,Poor
53,Female,71,2.95,High,Normal,Good
39,Female,108,3.98,Moderate,Hot,Good
48,Female,61,3.04,Moderate,Hot,Good
24,Female,72,2.51,Low,Normal,Good
30,Male,104,3.06,Low,Cold,Poor
22,Female,107,3.42,Low,Hot,Good
18,Male,98,4.84,High,Hot,Good
46,Male,59,2.74,Moderate,Normal,Good
61,Male,48,2.5,High,Hot,Good
23,Female,95,3.74,Moderate,Hot,Good
35,Male,61,3.22,High,Hot,Good
47,Female,63,2.34,Moderate,Normal,Good
57,Male,88,2.89,High,Normal,Good
44,Female,69,2.27,Low,Normal,Good
65,Male,97,4.24,High,Hot,Good
60,Female,63,1.65,Low,Normal,Poor
34,Female,98,2.86,Low,Normal,Poor
45,Male,99,3.39,High,Cold,Good
38,Male,59,2.55,Low,Hot,Good
19,Male,90,3.69,High,Normal,Good
26,Female,62,2.14,Low,Normal,Good
25,Female,78,2.96,High,Normal,Good
61,Female,73,2.38,Low,Normal,Good
33,Female,96,4.45,Moderate,Hot,Good
57,Male,105,4.94,High,Hot,Good
69,Male,85,3.66,Moderate,Hot,Good
43,Female,71,2.97,Moderate,Normal,Good
51,Female,92,3.8,Moderate,Hot,Good
29,Female,89,2.97,Moderate,Normal,Good
44,Male,91,2.5,Low,Normal,Poor
38,Female,85,2.99,Moderate,Cold,Good
38,Male,72,2.58,Low,Normal,Good
31,Female,96,2.94,Low,Normal,Good
29,Female,63,2.25,Moderate,Cold,Good
30,Male,45,2.71,High,Normal,Good
51,Male,57,1.82,High,Cold,Good
58,Male,95,3.45,Low,Hot,Good
40,Female,72,3.73,Moderate,Hot,Good
25,Female,99,4.19,Moderate,Hot,Good
41,Female,107,4.02,High,Cold,Good
44,Female,85,2.76,Moderate,Normal,Good
47,Female,103,2.75,Low,Cold,Poor
35,Male,85,3.44,Low,Hot,Good
34,Female,85,2.39,Moderate,Cold,Poor
31,Male,53,3.44,High,Hot,Good
43,Male,92,4.05,High,Hot,Good
40,Male,88,3.57,High,Cold,Good
67,Male,62,2.25,Moderate,Normal,Good
28,Male,46,2.89,High,Hot,Good
56,Female,83,2.67,Moderate,Cold,Good
58,Male,66,2.06,High,Cold,Good
45,Male,60,2.66,Moderate,Hot,Good
53,Female,66,2.46,Low,Hot,Good
57,Male,86,2.57,High,Cold,Poor
52,Male,101,2.2,Low,Cold,Poor
30,Female,48,1.5,Moderate,Cold,Good
45,Male,55,3.28,Moderate,Hot,Good
52,Female,101,2.93,Low,Normal,Poor
29,Male,87,3.89,Moderate,Hot,Good
21,Male,103,3.99,High,Cold,Good
25,Male,66,1.77,Moderate,Cold,Poor
38,Female,73,2.94,Low,Hot,Good
43,Male,81,4.24,High,Hot,Good
36,Male,81,3.91,Moderate,Hot,Good
43,Male,56,3.06,High,Normal,Good
64,Male,59,2.51,Moderate,Hot,Good
30,Male,103,3.93,High,Normal,Good
30,Male,63,1.8,Low,Normal,Poor
49,Male,65,2.95,High,Normal,Good
31,Female,68,2.49,Moderate,Cold,Good
49,Male,55,1.76,Moderate,Normal,Good
21,Female,105,4.39,High,Hot,Good
22,Male,80,2.14,Moderate,Cold,Poor
31,Female,76,3.19,Moderate,Normal,Good
19,Female,54,1.93,Moderate,Cold,Good
57,Male,86,2.01,Low,Normal,Poor
35,Male,85,3.21,Moderate,Cold,Good
52,Male,58,1.91,Low,Normal,Good
65,Female,73,2.62,High,Cold,Good
64,Female,75,3.18,High,Hot,Good
24,Female,105,3.05,Low,Normal,Poor
29,Male,60,2.25,High,Cold,Good
46,Male,50,1.5,Low,Cold,Good
48,Male,90,2.06,Low,Cold,Poor
35,Female,60,1.99,Moderate,Normal,Good
54,Male,58,1.69,Moderate,Cold,Poor
47,Male,104,2.62,Low,Cold,Poor
53,Male,74,2.95,High,Cold,Good
40,Male,92,3.8,High,Cold,Good
24,Female,86,2.97,Low,Hot,Good
61,Male,57,3.36,High,Hot,Good
57,Male,76,2.63,High,Normal,Good
22,Female,105,2.93,Low,Normal,Poor
56,Female,47,1.5,Moderate,Cold,Good
51,Female,78,3.06,High,Normal,Good
47,Male,86,3.67,High,Cold,Good
35,Male,64,3.19,High,Normal,Good
59,Male,69,1.8,Low,Normal,Poor
20,Male,87,4.17,Moderate,Hot,Good
36,Female,95,3.69,Low,Hot,Good
26,Male,59,3.23,High,Hot,Good
53,Male,83,1.8,Low,Normal,Poor
55,Male,83,3.97,High,Hot,Good
20,Male,73,1.78,Low,Cold,Poor
48,Male,89,3.65,High,Normal,Good
36,Female,54,2.23,High,Normal,Good
34,Female,51,2.56,Low,Hot,Good
53,Female,74,2.35,Moderate,Normal,Good
24,Female,73,3.62,Moderate,Hot,Good
50,Female,103,2.82,Low,Cold,Poor
46,Female,97,4.08,Low,Hot,Good
68,Male,78,2.97,Low,Hot,Good
49,Male,58,1.75,Moderate,Cold,Good
41,Male,109,3.77,Moderate,Cold,Good
66,Male,82,3.72,High,Hot,Good
58,Female,75,2.45,Low,Normal,Good
58,Male,98,2.29,Low,Normal,Poor
48,Male,73,2.38,Moderate,Cold,Good
20,Male,102,2.92,Moderate,Cold,Poor
23,Female,64,3.42,High,Hot,Good
63,Female,57,1.97,Moderate,Normal,Good
32,Female,75,2.55,Moderate,Cold,Good
28,Male,60,2.83,Moderate,Hot,Good
65,Female,87,3.61,High,Normal,Good
65,Male,72,2.18,Low,Normal,Good
56,Female,74,2.21,Low,Normal,Poor
31,Male,78,3.41,Moderate,Hot,Good
35,Female,69,3.16,Moderate,Hot,Good
19,Female,84,2.82,High,Cold,Good
66,Female,59,2.65,High,Normal,Good
31,Male,93,2.8,Low,Normal,Good
42,Male,45,2.27,High,Cold,Good
22,Female,46,1.58,Moderate,Cold,Good
46,Female,48,2.12,High,Normal,Good
38,Female,87,4.02,High,Hot,Good
29,Male,94,3.16,Moderate,Normal,Good
45,Female,95,3.33,Low,Normal,Good
30,Female,49,2.29,High,Normal,Good
43,Female,54,2.39,High,Cold,Good
69,Female,61,1.73,Moderate,Normal,Poor
38,Female,98,4.16,High,Normal,Good
60,Female,66,2.32,Moderate,Cold,Good
53,Male,65,1.92,Moderate,Cold,Poor
44,Female,92,3.7,High,Cold,Good
35,Female,59,3.29,High,Hot,Good
47,Male,89,3.4,High,Normal,Good
57,Male,95,3.64,Low,Hot,Good
43,Female,75,2.65,Low,Hot,Good
34,Male,68,1.5,Low,Cold,Poor
21,Female,53,1.59,Low,Cold,Good
55,Male,89,3.63,High,Hot,Good
59,Female,47,1.5,Low,Normal,Good
69,Female,85,2.85,Moderate,Normal,Good
40,Female,97,2.51,Low,Normal,Poor
49,Male,98,3.34,High,Cold,Good
25,Male,55,2.47,Low,Hot,Good
27,Male,86,2.17,Low,Cold,Poor
33,Female,102,4.05,High,Normal,Good
41,Female,72,2.39,Low,Normal,Good
50,Male,46,2.38,High,Normal,Good
36,Female,72,3.35,High,Cold,Good
60,Male,72,1.5,Low,Cold,Poor
49,Male,72,3.68,Moderate,Hot,Good
21,Male,100,4.35,High,Normal,Good
20,Male,92,4.28,Moderate,Hot,Good
56,Male,69,2.63,High,Normal,Good
39,Male,91,3.23,Low,Normal,Good
37,Male,71,4.04,High,Hot,Good
66,Male,86,2.46,Moderate,Normal,Poor
58,Male,92,2.07,Low,Normal,Poor
20,Male,71,2.92,Moderate,Hot,Good
40,Male,51,1.5,Low,Cold,Poor
54,Male,51,2.73,High,Hot,Good
35,Male,66,3.33,Moderate,Hot,Good
52,Male,61,3.21,Moderate,Hot,Good
56,Male,80,2.34,Low,Normal,Poor
46,Male,104,3.39,Low,Normal,Good
33,Female,77,1.58,Low,Cold,Poor
47,Female,88,3.29,Low,Hot,Good
68,Male,104,3.74,Moderate,Hot,Good
64,Male,84,1.91,Low,Normal,Poor
68,Male,56,1.99,Moderate,Normal,Good
59,Male,66,2.73,High,Normal,Good
33,Male,48,3.54,High,Hot,Good
33,Female,58,3.92,High,Hot,Good
58,Male,103,3.25,Low,Normal,Good
27,Female,70,2.66,Moderate,Normal,Good
55,Male,72,3.31,Moderate,Hot,Good
33,Female,101,4.63,High,Hot,Good
30,Male,65,2.57,Moderate,Cold,Good
54,Male,93,3.98,Moderate,Hot,Good
45,Male,48,1.5,Low,Normal,Good
20,Female,87,3.0,Low,Hot,Good
58,Female,96,2.58,Moderate,Cold,Poor
50,Female,90,3.03,Low,Normal,Good
52,Female,105,4.57,High,Hot,Good
43,Male,79,2.99,Low,Hot,Good
22,Female,68,3.16,High,Normal,Good
66,Male,88,2.51,Low,Cold,Poor
42,Female,79,3.19,Low,Hot,Good
31,Female,100,4.17,High,Cold,Good
43,Female,59,2.51,High,Normal,Good
48,Male,100,2.92,Moderate,Cold,Poor
55,Female,97,2.66,Low,Cold,Poor
36,Male,80,3.5,High,Normal,Good
44,Male,46,2.56,Moderate,Hot,Good
37,Female,61,3.4,High,Hot,Good
24,Male,60,1.71,Moderate,Cold,Poor
36,Male,45,3.34,High,Hot,Good
21,Female,102,2.92,Low,Normal,Poor
42,Female,87,2.87,Low,Hot,Good
50,Male,93,3.23,Low,Normal,Good
47,Female,60,2.16,Moderate,Normal,Good
52,Female,104,3.92,High,Normal,Good
32,Female,107,3.96,Low,Hot,Good
37,Female,107,3.44,Moderate,Normal,Good
30,Female,106,5.16,High,Hot,Good
25,Male,57,2.92,High,Normal,Good
63,Male,74,2.28,Moderate,Cold,Good
42,Female,70,1.64,Low,Cold,Poor
56,Female,105,3.85,Moderate,Hot,Good
66,Male,85,3.49,High,Normal,Good
61,Male,60,2.58,Moderate,Hot,Good
32,Male,83,2.96,Low,Normal,Good
21,Male,68,4.14,High,Hot,Good
18,Male,57,1.85,Moderate,Normal,Good
57,Female,55,1.5,Low,Cold,Poor
21,Male,69,2.63,Moderate,Cold,Good
61,Female,84,2.2,Low,Normal,Poor
25,Male,79,3.35,Low,Hot,Good
64,Female,69,2.32,Moderate,Cold,Good
22,Female,108,3.22,Low,Cold,Poor
64,Male,47,1.5,Low,Cold,Good
48,Female,85,2.56,Moderate,Normal,Good
40,Male,84,2.98,Moderate,Normal,Good
25,Female,49,2.28,Low,Hot,Good
54,Male,49,1.96,Moderate,Normal,Good
21,Female,85,4.19,High,Hot,Good
39,Male,63,3.08,Low,Hot,Good
21,Male,77,3.78,High,Normal,Good
28,Male,60,2.96,Moderate,Hot,Good
46,Female,88,3.11,Moderate,Normal,Good
69,Female,53,2.89,High,Hot,Good
31,Female,106,4.58,High,Normal,Good
32,Female,50,3.11,High,Hot,Good
58,Female,80,2.94,High,Cold,Good
19,Male,47,1.5,Low,Cold,Good
66,Male,108,5.13,High,Hot,Good
58,Male,49,1.57,Low,Hot,Good
35,Female,107,4.43,High,Hot,Good
34,Male,90,3.68,Low,Hot,Good
34,Male,65,2.51,Low,Hot,Good
40,Female,54,2.9,High,Normal,Good
18,Female,81,3.12,Moderate,Normal,Good
29,Male,84,3.2,Low,Hot,Good
18,Male,64,2.32,Low,Hot,Good
21,Male,56,2.74,Moderate,Hot,Good
18,Female,47,1.5,Low,Cold,Good
38,Female,57,2.93,Moderate,Hot,Good
58,Male,77,3.23,High,Hot,Good
40,Female,70,3.6,High,Normal,Good
52,Male,69,3.18,High,Normal,Good
47,Male,67,3.42,Moderate,Hot,Good
39,Male,106,2.99,Moderate,Cold,Poor
21,Female,63,3.48,High,Hot,Good
65,Female,63,1.96,High,Cold,Good
38,Female,66,2.65,Moderate,Normal,Good
23,Female,108,4.06,High,Cold,Good
36,Male,81,2.36,Low,Normal,Poor
45,Male,78,2.88,High,Cold,Good
42,Female,65,1.95,Moderate,Normal,Good
53,Female,67,2.22,Moderate,Cold,Good
59,Male,88,2.77,High,Cold,Good
44,Male,105,3.3,Low,Normal,Good
69,Female,106,4.31,Moderate,Hot,Good
33,Male,56,1.89,High,Cold,Good
19,Female,106,3.73,Moderate,Cold,Good
45,Male,75,1.98,Low,Normal,Poor
50,Male,96,3.33,High,Cold,Good
26,Female,82,1.97,Low,Cold,Poor
19,Male,62,3.36,High,Normal,Good
36,Male,51,2.7,Low,Hot,Good
67,Male,104,3.72,Low,Hot,Good
41,Female,83,3.25,High,Normal,Good
21,Female,49,1.5,Low,Cold,Good
21,Female,92,3.81,Low,Hot,Good
63,Male,88,3.18,Moderate,Hot,Good
69,Female,78,2.42,Low,Hot,Good
38,Male,68,2.15,Low,Normal,Good
58,Male,73,2.52,High,Normal,Good
31,Male,94,4.03,Moderate,Hot,Good
69,Male,45,1.93,Moderate,Hot,Good
59,Male,68,2.63,Low,Hot,Good
23,Male,47,2.08,High,Cold,Good
63,Female,97,2.99,Moderate,Cold,Good
66,Female,59,2.66,High,Cold,Good
34,Male,55,1.92,Moderate,Cold,Good
49,Female,71,2.96,High,Cold,Good
44,Male,93,3.23,Moderate,Normal,Good
46,Female,87,2.74,Moderate,Cold,Good
46,Male,79,2.1,Moderate,Cold,Poor
27,Male,83,4.55,High,Hot,Good
37,Male,59,3.2,Moderate,Hot,Good
59,Female,62,2.72,Low,Hot,Good
58,Male,85,3.96,High,Hot,Good
56,Female,55,2.5,High,Normal,Good
35,Male,56,2.42,High,Normal,Good
44,Male,61,2.46,Moderate,Cold,Good
54,Male,75,1.97,Low,Cold,Poor
44,Male,76,2.53,High,Cold,Good
18,Male,93,4.83,High,Hot,Good
24,Female,81,2.47,Low,Cold,Good
56,Female,89,3.03,Low,Hot,Good
40,Female,76,3.5,High,Normal,Good
36,Female,83,3.47,Moderate,Hot,Good
28,Male,93,3.68,Moderate,Normal,Good
36,Male,105,4.54,Moderate,Hot,Good
32,Female,49,2.06,High,Normal,Good
46,Female,106,5.23,High,Hot,Good
39,Male,57,1.5,Low,Cold,Poor
66,Female,91,3.6,High,Normal,Good
33,Female,61,1.96,Low,Cold,Good
67,Male,50,2.02,Low,Hot,Good
26,Male,76,3.54,Moderate,Hot,Good
30,Female,93,3.2,Low,Normal,Good
55,Male,60,2.87,High,Hot,Good
35,Female,58,2.64,High,Cold,Good
66,Female,94,2.95,Moderate,Normal,Good
40,Female,89,4.34,Moderate,Hot,Good
45,Male,64,1.75,Low,Cold,Poor
35,Female,103,3.2,Low,Normal,Good
43,Female,63,4.08,High,Hot,Good
30,Female,106,3.81,Moderate,Normal,Good
26,Female,55,1.8,Low,Cold,Good
29,Male,79,2.26,Moderate,Cold,Poor
56,Male,76,3.07,High,Normal,Good
61,Female,109,3.46,Low,Hot,Good
60,Female,109,2.66,Low,Cold,Poor
46,Male,79,2.53,Low,Normal,Good
49,Male,63,2.3,Moderate,Normal,Good
37,Male,72,1.9,Low,Normal,Poor
39,Female,102,3.87,Low,Hot,Good
61,Male,59,2.54,Moderate,Hot,Good
48,Male,105,3.44,Low,Hot,Good
37,Male,65,1.62,Low,Cold,Poor
68,Male,83,2.89,Low,Hot,Good
20,Female,81,2.06,Low,Cold,Poor
64,Male,69,2.96,High,Normal,Good
67,Female,86,3.97,High,Hot,Good
60,Female,68,1.98,Low,Normal,Poor
24,Female,82,3.46,High,Cold,Good
56,Male,79,2.87,Moderate,Hot,Good
26,Female,47,2.14,Low,Hot,Good
58,Female,88,2.9,High,Normal,Good
43,Female,92,2.64,Low,Cold,Poor
66,Female,74,2.12,Low,Cold,Poor
32,Female,45,2.94,High,Hot,Good
51,Male,74,3.6,Moderate,Hot,Good
19,Male,101,3.5,Moderate,Cold,Good
57,Female,68,2.9,High,Normal,Good
18,Female,102,4.56,Moderate,Hot,Good
58,Female,103,3.18,Low,Hot,Good
39,Male,73,2.97,High,Normal,Good
37,Male,89,3.27,Moderate,Cold,Good
34,Male,83,3.12,High,Normal,Good
19,Male,71,1.79,Low,Cold,Poor
24,Male,105,2.43,Low,Cold,Poor
65,Female,63,2.09,High,Cold,Good
63,Female,46,1.58,High,Normal,Good
67,Female,47,1.7,High,Normal,Good
32,Male,95,4.17,Moderate,Hot,Good
27,Male,99,3.79,High,Cold,Good
27,Female,61,2.66,High,Normal,Good
42,Male,105,3.27,Low,Normal,Good
28,Male,57,2.82,Low,Hot,Good
50,Male,92,2.38,Low,Cold,Poor
58,Female,91,2.84,Moderate,Normal,Good
27,Male,101,4.32,High,Normal,Good
68,Male,105,3.15,Low,Normal,Good
21,Female,73,1.78,Low,Cold,Poor
64,Male,87,2.39,Moderate,Normal,Poor
47,Female,100,3.31,Moderate,Cold,Good
54,Male,52,1.7,Moderate,Normal,Good
33,Male,78,2.76,Low,Normal,Good
67,Male,61,1.53,Low,Normal,Poor
61,Female,93,3.33,Moderate,Normal,Good
63,Male,53,1.5,Moderate,Cold,Poor
56,Female,53,1.85,Moderate,Normal,Good
26,Male,80,3.29,Moderate,Hot,Good
32,Male,47,1.81,Moderate,Normal,Good
40,Male,74,1.8,Low,Cold,Poor
20,Male,94,2.33,Low,Cold,Poor
51,Female,71,1.67,Low,Cold,Poor
49,Male,84,2.82,Moderate,Normal,Good
35,Female,71,2.46,Low,Normal,Good
36,Male,51,1.73,Low,Normal,Good
19,Female,82,3.72,Moderate,Hot,Good
35,Female,80,3.22,High,Cold,Good
30,Female,101,2.7,Low,Normal,Poor
22,Female,68,1.63,Low,Cold,Poor
45,Female,97,3.68,Low,Hot,Good
24,Male,86,2.98,Moderate,Cold,Good
47,Female,78,2.47,Moderate,Normal,Good
29,Female,98,2.64,Low,Normal,Poor
44,Male,57,2.88,Moderate,Hot,Good
49,Male,65,2.97,High,Normal,Good
23,Male,61,2.23,Low,Hot,Good
30,Female,56,1.67,Low,Normal,Poor
38,Female,67,2.38,Low,Normal,Good
69,Female,105,4.94,High,Hot,Good
39,Male,109,3.51,Low,Normal,Good
38,Female,68,2.29,Moderate,Normal,Good
49,Female,60,1.5,Low,Normal,Poor
49,Male,94,2.96,Moderate,Cold,Good
41,Female,57,1.5,Low,Cold,Poor
27,Female,86,2.51,Moderate,Cold,Poor
20,Male,99,4.06,Moderate,Hot,Good
34,Male,74,3.09,Moderate,Normal,Good
52,Male,81,2.15,Moderate,Normal,Poor
41,Female,70,3.96,High,Hot,Good
36,Male,72,3.64,High,Hot,Good
39,Male,107,3.69,Moderate,Normal,Good
53,Female,49,2.01,Moderate,Hot,Good
68,Female,67,2.79,High,Cold,Good
50,Female,93,2.84,Moderate,Normal,Good
51,Female,70,3.08,Moderate,Hot,Good
69,Male,61,1.5,Low,Cold,Poor
45,Male,69,2.62,Low,Hot,Good
44,Female,105,3.21,Low,Cold,Good
55,Female,64,1.85,Moderate,Cold,Poor
41,Male,91,3.85,Moderate,Hot,Good
68,Male,99,2.85,Moderate,Normal,Poor
31,Male,91,2.9,Moderate,Normal,Good
53,Female,45,1.5,Moderate,Normal,Good
35,Male,54,2.1,High,Cold,Good
66,Male,102,3.67,High,Cold,Good
63,Male,96,3.26,Low,Hot,Good
63,Male,57,1.5,Low,Normal,Poor
20,Female,105,3.19,Moderate,Normal,Good
22,Male,76,4.17,High,Hot,Good
22,Female,78,2.22,Low,Normal,Poor
33,Male,106,2.91,Low,Cold,Poor
61,Male,72,2.52,High,Normal,Good
60,Male,74,2.32,Moderate,Cold,Good
26,Male,101,3.48,Moderate,Cold,Good
66,Male,96,3.74,High,Normal,Good
35,Female,57,2.33,Moderate,Cold,Good
62,Male,89,3.43,Moderate,Hot,Good
30,Female,85,4.05,High,Hot,Good
26,Female,56,2.29,Low,Hot,Good
63,Male,79,3.22,Moderate,Hot,Good
50,Female,102,4.62,Moderate,Hot,Good
52,Male,90,3.09,Low,Hot,Good
61,Female,70,1.87,Low,Cold,Poor
47,Female,76,3.32,Low,Hot,Good
39,Female,109,3.6,High,Cold,Good
43,Female,92,2.12,Low,Cold,Poor
29,Female,100,2.9,Moderate,Cold,Poor
22,Male,68,2.09,Moderate,Cold,Good
55,Male,96,3.7,High,Normal,Good
56,Female,103,2.83,Moderate,Normal,Poor
33,Male,92,3.11,Moderate,Cold,Good
26,Female,49,1.9,Low,Hot,Good
38,Female,107,2.83,Low,Cold,Poor
62,Female,66,3.03,Moderate,Hot,Good
28,Male,107,2.48,Low,Cold,Poor
50,Male,88,3.56,Low,Hot,Good
18,Female,80,2.47,Low,Normal,Good
46,Male,99,3.19,Low,Hot,Good
55,Male,69,2.14,High,Cold,Good
30,Male,77,3.01,Low,Hot,Good
41,Female,64,2.36,Moderate,Normal,Good
67,Female,68,3.82,High,Hot,Good
49,Male,81,3.09,Low,Hot,Good
44,Male,104,2.46,Low,Cold,Poor
20,Male,66,2.14,Moderate,Normal,Good
38,Female,93,4.2,High,Normal,Good
66,Female,86,1.59,Low,Cold,Poor
63,Female,66,2.01,High,Cold,Good
68,Female,58,1.5,Low,Cold,Poor
26,Female,62,2.52,Moderate,Cold,Good
34,Male,69,2.98,Low,Hot,Good
41,Male,67,1.99,Low,Normal,Poor
39,Female,77,1.85,Low,Normal,Poor
65,Male,62,3.63,High,Hot,Good
45,Male,55,2.47,Moderate,Normal,Good
53,Female,97,3.35,Moderate,Hot,Good
69,Female,101,3.89,High,Cold,Good
40,Female,103,4.2,High,Cold,Good
39,Male,86,3.98,High,Hot,Good
50,Female,47,3.35,High,Hot,Good
66,Female,91,3.14,High,Normal,Good
65,Male,63,1.5,Low,Cold,Poor
36,Female,109,2.98,Moderate,Cold,Poor
52,Male,87,2.46,Moderate,Normal,Poor
33,Female,103,2.82,Low,Normal,Poor
38,Male,81,4.18,High,Hot,Good
69,Male,107,3.4,Moderate,Cold,Good
67,Female,50,1.98,High,Cold,Good
35,Male,98,3.81,High,Cold,Good
36,Male,69,2.85,High,Normal,Good
68,Male,57,2.34,High,Normal,Good
68,Male,78,3.17,Moderate,Hot,Good
25,Male,74,2.11,Low,Cold,Poor
30,Female,108,3.85,Moderate,Normal,Good
39,Female,75,2.56,Moderate,Normal,Good
59,Female,108,3.3,Moderate,Normal,Good
48,Male,88,1.89,Low,Cold,Poor
57,Female,85,3.15,Moderate,Hot,Good
67,Female,64,2.25,Low,Hot,Good
23,Male,86,3.78,High,Normal,Good
18,Female,96,2.19,Low,Cold,Poor
23,Male,51,2.3,High,Normal,Good
33,Male,78,3.29,High,Cold,Good
37,Male,102,3.98,High,Normal,Good
59,Female,98,2.99,Low,Normal,Good
63,Male,48,1.84,Moderate,Normal,Good
28,Male,84,2.3,Moderate,Cold,Poor
26,Male,84,3.3,Low,Hot,Good
49,Male,67,2.52,Moderate,Cold,Good
45,Male,49,1.69,High,Cold,Good
38,Female,47,2.45,Moderate,Hot,Good
32,Female,97,4.87,High,Hot,Good
38,Female,95,4.36,High,Hot,Good
69,Male,54,1.75,Moderate,Normal,Good
36,Male,53,1.5,Low,Normal,Poor
63,Female,82,2.37,Low,Normal,Poor
25,Male,103,4.94,High,Hot,Good
45,Female,72,2.63,High,Cold,Good
24,Male,99,3.96,Moderate,Hot,Good
63,Female,62,2.46,High,Cold,Good
56,Male,49,2.24,High,Cold,Good
46,Female,58,3.27,High,Hot,Good
35,Male,51,1.5,Low,Cold,Poor
62,Female,60,1.86,Moderate,Normal,Good
68,Female,69,2.94,High,Normal,Good
45,Male,53,2.27,High,Normal,Good
44,Male,100,4.33,High,Hot,Good
34,Male,95,3.67,Low,Hot,Good
60,Male,92,2.76,Moderate,Normal,Good
43,Male,68,2.47,High,Cold,Good
45,Female,83,2.65,Moderate,Cold,Good
26,Female,94,2.79,Moderate,Cold,Poor
40,Female,77,2.26,Low,Cold,Poor
31,Male,66,2.9,Low,Hot,Good
22,Male,76,2.72,Low,Normal,Good
43,Male,48,1.64,Low,Normal,Good
60,Female,74,2.29,Low,Normal,Good
24,Female,83,3.13,Moderate,Cold,Good
48,Male,93,3.11,Low,Normal,Good
58,Female,72,2.72,Low,Hot,Good
36,Male,69,2.07,Low,Normal,Good
55,Female,47,1.5,High,Cold,Good
37,Male,82,2.12,Low,Cold,Poor
55,Female,80,4.19,High,Hot,Good
52,Female,81,2.75,Moderate,Cold,Good
38,Female,104,4.11,Moderate,Hot,Good
30,Male,55,2.33,Moderate,Cold,Good
36,Female,75,2.18,Low,Normal,Poor
20,Female,73,2.09,Low,Cold,Poor
24,Female,60,2.07,Low,Normal,Good
37,Female,88,3.62,High,Cold,Good
56,Female,86,4.16,High,Hot,Good
28,Female,74,3.1,Low,Hot,Good
45,Female,59,2.02,Moderate,Cold,Good
30,Female,79,3.08,High,Cold,Good
18,Male,62,1.79,Low,Cold,Poor
46,Male,88,4.3,High,Hot,Good
50,Female,49,2.25,Moderate,Hot,Good
64,Female,80,2.98,High,Normal,Good
30,Female,69,2.29,Low,Hot,Good
41,Female,80,3.86,High,Hot,Good
29,Male,63,3.16,High,Normal,Good
47,Female,81,3.7,Moderate,Hot,Good
20,Female,93,4.86,High,Hot,Good
63,Male,92,3.23,High,Normal,Good
36,Female,84,3.31,Moderate,Hot,Good
49,Male,107,3.21,Low,Normal,Good
22,Female,81,3.36,Moderate,Hot,Good
50,Male,55,1.5,Low,Normal,Poor
57,Male,109,3.97,High,Normal,Good
37,Male,55,3.25,High,Hot,Good
47,Female,92,1.98,Low,Cold,Poor
59,Female,104,3.97,Moderate,Hot,Good
24,Male,69,1.78,Low,Cold,Poor
64,Female,49,1.5,Low,Cold,Good
48,Female,57,1.87,Low,Normal,Good
22,Male,67,2.27,Low,Hot,Good
27,Male,98,3.49,Moderate,Cold,Good
20,Male,108,3.73,Low,Normal,Good
66,Male,75,1.82,Low,Normal,Poor
27,Female,47,2.35,High,Cold,Good
51,Female,80,2.92,Moderate,Normal,Good
35,Male,78,2.72,Low,Normal,Good
20,Female,97,3.76,High,Normal,Good
19,Female,108,3.52,Low,Normal,Good
63,Female,83,3.95,High,Hot,Good
55,Female,84,3.41,Moderate,Hot,Good
61,Male,49,1.5,Low,Cold,Good
44,Male,93,3.57,Moderate,Normal,Good
53,Male,101,2.09,Low,Cold,Poor
38,Female,49,1.5,Low,Cold,Good
56,Male,68,2.63,High,Cold,Good
63,Male,94,4.19,High,Hot,Good
62,Male,102,3.26,Low,Normal,Good
56,Female,54,2.2,Moderate,Normal,Good
33,Female,81,3.03,Moderate,Cold,Good
40,Male,71,2.03,Low,Normal,Poor
58,Female,108,3.82,High,Normal,Good
26,Female,55,1.5,Low,Cold,Poor
47,Male,59,1.65,Low,Normal,Poor
47,Male,104,3.34,Moderate,Normal,Good
33,Male,98,3.21,Moderate,Cold,Good
39,Male,83,3.99,Moderate,Hot,Good
66,Male,72,1.58,Low,Normal,Poor
34,Male,66,3.46,High,Normal,Good
61,Female,73,2.89,Moderate,Hot,Good
49,Male,58,2.23,Moderate,Cold,Good
54,Male,78,2.83,Low,Hot,Good
40,Female,76,3.0,Moderate,Normal,Good
60,Female,66,1.6,Moderate,Cold,Poor
30,Female,73,2.21,Low,Normal,Good
62,Male,54,2.52,High,Cold,Good
34,Female,46,2.0,Low,Hot,Good
43,Male,82,2.88,Moderate,Normal,Good
22,Male,69,1.52,Low,Cold,Poor
45,Male,66,1.81,Low,Normal,Poor
52,Male,99,4.09,High,Normal,Good
22,Female,83,3.49,High,Cold,Good
49,Female,107,3.85,Moderate,Normal,Good
34,Female,76,2.81,Moderate,Normal,Good
28,Female,104,3.47,Low,Normal,Good
66,Female,100,2.9,Low,Normal,Poor
22,Female,106,4.36,High,Normal,Good
39,Male,76,2.26,Moderate,Cold,Poor
38,Female,96,2.91,Low,Cold,Good
31,Female,81,2.65,High,Cold,Good
23,Male,70,2.2,Low,Cold,Good
32,Male,73,2.64,Moderate,Normal,Good
45,Female,103,3.0,Low,Cold,Poor
38,Female,54,2.59,High,Normal,Good
21,Female,50,2.12,Low,Hot,Good
33,Female,60,1.62,Low,Normal,Poor
18,Male,94,3.75,Low,Hot,Good
45,Female,88,2.96,Moderate,Normal,Good
24,Female,47,1.5,Low,Cold,Good
25,Male,108,3.73,Moderate,Cold,Good
47,Female,76,2.99,Moderate,Hot,Good
67,Male,60,2.22,High,Cold,Good
62,Male,53,2.4,High,Cold,Good
66,Female,84,1.58,Low,Cold,Poor
20,Male,59,2.92,Moderate,Hot,Good
40,Male,71,1.5,Low,Cold,Poor
54,Female,87,2.46,Low,Normal,Poor
38,Female,73,3.53,High,Hot,Good
66,Female,95,3.31,High,Cold,Good
27,Female,49,2.26,Moderate,Normal,Good
42,Male,61,2.82,Moderate,Normal,Good
42,Female,99,3.22,Moderate,Normal,Good
44,Female,60,2.6,Moderate,Hot,Good
31,Female,107,4.45,High,Hot,Good
21,Male,53,3.76,High,Hot,Good
33,Female,93,2.62,Low,Cold,Poor
38,Female,98,3.48,Moderate,Normal,Good
28,Male,84,3.19,High,Cold,Good
59,Female,91,3.19,Low,Hot,Good
54,Female,64,2.85,High,Hot,Good
65,Female,60,2.56,Moderate,Hot,Good
36,Male,65,2.67,High,Cold,Good
41,Female,67,3.84,High,Hot,Good
64,Female,46,1.5,Low,Normal,Good
28,Female,59,2.27,High,Cold,Good
53,Male,67,1.84,Low,Normal,Poor
31,Male,98,3.31,Moderate,Cold,Good
38,Female,93,3.84,Low,Hot,Good
25,Male,88,3.27,Moderate,Normal,Good
51,Female,105,2.89,Moderate,Cold,Poor
26,Male,45,1.5,Moderate,Cold,Good
63,Female,60,1.5,Low,Cold,Poor
51,Male,82,2.37,Moderate,Cold,Poor
36,Female,57,3.21,High,Normal,Good
47,Female,87,2.93,Low,Hot,Good
46,Female,97,3.89,High,Cold,Good
51,Male,57,1.5,Low,Cold,Poor
49,Male,98,3.19,Moderate,Cold,Good
54,Male,77,2.38,Low,Hot,Good
56,Male,72,2.12,Low,Normal,Poor
23,Female,96,3.13,Moderate,Cold,Good
64,Male,57,2.84,Moderate,Hot,Good
38,Female,97,2.95,Moderate,Cold,Good
21,Male,86,3.19,High,Cold,Good
23,Female,53,3.77,High,Hot,Good
47,Male,82,1.79,Low,Cold,Poor
67,Female,104,3.6,High,Normal,Good
52,Female,86,3.78,High,Hot,Good
48,Male,56,1.89,Moderate,Cold,Good
43,Female,105,4.15,High,Normal,Good
29,Female,66,2.55,Moderate,Cold,Good
38,Male,79,2.27,Low,Normal,Poor
44,Female,104,3.44,Moderate,Normal,Good
19,Male,59,2.09,High,Cold,Good
37,Male,54,2.14,Low,Hot,Good
41,Male,101,4.1,Moderate,Hot,Good
58,Male,84,2.35,Low,Normal,Poor
18,Male,74,2.76,High,Cold,Good
35,Male,70,3.69,High,Hot,Good
64,Male,53,2.04,High,Normal,Good
24,Female,88,2.62,Low,Normal,Poor
59,Male,95,2.33,Low,Normal,Poor
55,Female,55,2.35,Moderate,Hot,Good
46,Male,103,5.08,High,Hot,Good
63,Female,84,2.53,Low,Hot,Good
23,Male,89,3.99,Moderate,Hot,Good
47,Female,65,2.49,Moderate,Normal,Good
29,Female,50,1.5,Low,Normal,Good
23,Female,97,4.39,High,Normal,Good
26,Male,48,2.28,Moderate,Normal,Good
24,Female,50,2.33,Moderate,Hot,Good
59,Male,94,2.09,Low,Normal,Poor
52,Male,55,1.5,Low,Cold,Poor
34,Female,57,1.75,Moderate,Cold,Good
62,Male,95,3.75,High,Hot,Good
27,Female,76,2.63,Moderate,Normal,Good
30,Female,98,4.0,High,Cold,Good
50,Male,98,2.88,Moderate,Cold,Poor
68,Female,91,2.11,Low,Normal,Poor
49,Male,90,3.65,Moderate,Normal,Good
55,Female,57,2.57,High,Normal,Good
61,Female,46,1.82,Moderate,Normal,Good
52,Male,57,1.5,Low,Cold,Poor
36,Male,53,1.85,Moderate,Cold,Good
50,Male,71,3.3,Low,Hot,Good
32,Male,101,3.96,High,Normal,Good
33,Male,50,1.5,Low,Cold,Good
55,Female,63,1.57,Moderate,Cold,Poor
60,Female,48,1.5,Low,Normal,Good
26,Male,84,4.22,Moderate,Hot,Good
54,Male,48,2.21,High,Normal,Good
35,Male,97,4.26,High,Hot,Good
58,Male,104,3.07,Low,Normal,Poor
41,Female,48,2.21,Low,Hot,Good
24,Male,67,2.96,High,Cold,Good
38,Male,107,3.51,Moderate,Normal,Good
58,Female,88,2.16,Low,Normal,Poor
22,Female,95,3.87,High,Cold,Good
47,Female,84,2.86,Low,Hot,Good
36,Male,54,1.62,Low,Cold,Good
60,Male,75,2.84,Moderate,Normal,Good
33,Female,72,4.0,High,Hot,Good
52,Male,103,3.39,Low,Hot,Good
27,Female,89,2.44,Moderate,Cold,Poor
62,Male,59,2.22,High,Cold,Good
65,Male,84,2.43,High,Cold,Poor
36,Male,88,2.53,Low,Normal,Poor
41,Female,51,1.9,Low,Normal,Good
50,Female,82,2.42,Low,Cold,Poor
48,Female,81,3.43,Moderate,Hot,Good
45,Female,49,2.06,High,Normal,Good
20,Male,100,3.13,Low,Normal,Good
55,Male,98,2.49,Low,Cold,Poor
19,Male,56,2.19,Moderate,Normal,Good
58,Female,101,3.13,Low,Normal,Good
69,Male,80,1.63,Low,Normal,Poor
41,Male,106,4.84,High,Hot,Good
28,Male,93,4.24,Moderate,Hot,Good
40,Female,79,2.47,Moderate,Cold,Good
64,Male,68,3.07,High,Normal,Good
46,Male,92,3.23,Moderate,Normal,Good
66,Male,85,2.17,Moderate,Cold,Poor
68,Female,67,2.55,High,Cold,Good
38,Male,68,2.25,Moderate,Normal,Good
26,Male,66,1.66,Low,Cold,Poor
51,Male,47,1.5,Low,Normal,Good
45,Female,59,2.46,Low,Hot,Good
52,Female,96,4.0,High,Normal,Good
54,Male,48,1.5,Low,Cold,Good
36,Female,101,3.16,Moderate,Normal,Good
54,Female,51,1.99,High,Normal,Good
45,Female,81,2.33,Low,Normal,Poor
28,Male,83,3.58,Moderate,Hot,Good
69,Female,55,2.2,High,Cold,Good
30,Male,85,2.8,Low,Hot,Good
48,Male,105,3.1,Moderate,Cold,Poor
39,Female,105,4.08,High,Normal,Good
59,Male,73,3.33,High,Normal,Good
44,Female,88,3.61,High,Cold,Good
69,Female,97,2.93,Moderate,Normal,Good
61,Male,97,3.83,High,Normal,Good
62,Male,98,3.78,Low,Hot,Good
64,Female,79,1.74,Low,Normal,Poor
45,Male,99,3.44,High,Cold,Good
28,Female,73,2.97,Moderate,Normal,Good
22,Female,107,3.22,Moderate,Cold,Good
24,Male,108,3.15,Low,Cold,Poor
45,Male,56,1.71,Moderate,Cold,Good
46,Female,55,2.78,Moderate,Hot,Good
38,Female,91,3.78,High,Cold,Good
20,Female,87,2.57,Low,Normal,Poor
58,Female,83,3.15,High,Cold,Good
51,Male,81,2.35,Moderate,Normal,Poor
66,Male,54,1.67,Moderate,Normal,Good
42,Female,85,3.16,High,Normal,Good
36,Male,93,3.47,Low,Hot,Good
36,Male,70,2.44,Low,Hot,Good
68,Male,69,1.5,Low,Cold,Poor
27,Male,105,4.54,High,Hot,Good
67,Female,55,2.56,High,Hot,Good
65,Male,100,2.4,Low,Cold,Poor
31,Male,100,4.19,Moderate,Hot,Good
53,Female,61,2.38,High,Cold,Good
20,Male,53,2.13,High,Cold,Good
67,Female,64,1.5,Low,Normal,Poor
38,Female,77,1.86,Low,Normal,Poor
32,Female,70,1.74,Low,Normal,Poor
45,Female,77,2.9,Moderate,Normal,Good
35,Female,82,2.96,Moderate,Normal,Good
66,Female,94,4.52,High,Hot,Good
30,Female,96,4.54,High,Hot,Good
52,Male,63,3.22,High,Hot,Good
57,Female,69,2.22,Low,Normal,Good
54,Female,87,2.91,Moderate,Cold,Good
31,Male,47,1.59,Moderate,Cold,Good
43,Female,97,4.32,High,Normal,Good
55,Female,65,2.56,Moderate,Hot,Good
33,Female,67,2.78,Moderate,Hot,Good
22,Female,73,1.5,Low,Cold,Poor
62,Male,71,3.69,High,Hot,Good
31,Male,85,2.16,Low,Normal,Poor
59,Female,95,4.5,High,Hot,Good
52,Female,63,2.03,High,Cold,Good
18,Male,105,3.95,High,Cold,Good
20,Male,96,3.68,High,Cold,Good
49,Male,54,2.38,Low,Hot,Good
66,Male,84,3.91,Moderate,Hot,Good
32,Male,83,3.58,High,Normal,Good
24,Female,61,2.17,Moderate,Cold,Good
64,Female,60,1.5,Low,Cold,Poor
20,Male,95,3.47,High,Normal,Good
63,Male,99,4.61,High,Hot,Good
43,Female,75,4.24,High,Hot,Good
54,Female,63,2.51,Moderate,Normal,Good
32,Male,102,2.56,Low,Normal,Poor
65,Male,100,2.48,Low,Normal,Poor
63,Female,96,3.06,Low,Hot,Good
36,Female,47,1.9,Moderate,Cold,Good
30,Male,94,3.9,Low,Hot,Good
61,Female,77,2.39,Low,Normal,Good
20,Male,109,4.25,High,Normal,Good
55,Female,83,3.1,Moderate,Hot,Good
57,Female,57,2.54,High,Cold,Good
28,Female,45,2.01,Moderate,Normal,Good
51,Male,53,2.41,High,Normal,Good
56,Male,81,2.41,Moderate,Normal,Poor
61,Female,65,1.52,Moderate,Cold,Poor
18,Female,103,4.95,High,Hot,Good
60,Male,100,3.82,Moderate,Hot,Good
18,Female,80,3.29,Low,Hot,Good
34,Female,76,3.1,Moderate,Normal,Good
42,Male,95,2.76,Low,Normal,Poor
43,Female,89,2.71,Low,Normal,Good
38,Male,95,4.62,High,Hot,Good
45,Male,56,1.65,Low,Cold,Poor
44,Female,67,1.91,Moderate,Cold,Poor
45,Female,82,4.24,High,Hot,Good
23,Female,86,4.34,High,Hot,Good
51,Female,101,3.99,High,Hot,Good
65,Female,108,2.95,Moderate,Normal,Poor
53,Female,77,3.71,Moderate,Hot,Good
60,Male,57,1.5,Low,Cold,Poor
45,Male,97,3.92,Low,Hot,Good
42,Male,81,3.64,High,Hot,Good
60,Female,78,2.85,Low,Hot,Good
23,Male,45,1.67,High,Cold,Good
36,Male,70,3.84,High,Hot,Good
66,Male,86,3.25,Low,Hot,Good
43,Female,103,4.61,Moderate,Hot,Good
41,Male,65,3.07,High,Cold,Good
43,Male,64,3.54,Moderate,Hot,Good
27,Female,56,2.0,Low,Hot,Good
33,Female,61,3.27,High,Hot,Good
36,Male,84,4.16,Moderate,Hot,Good
27,Female,94,3.1,Low,Normal,Good
47,Male,48,2.04,High,Cold,Good
36,Female,49,3.16,High,Hot,Good
57,Female,78,1.69,Low,Cold,Poor
31,Male,85,2.28,Low,Cold,Poor
46,Female,109,2.99,Low,Cold,Poor
21,Female,72,1.98,Low,Cold,Poor
53,Female,57,2.06,Moderate,Normal,Good
59,Male,49,2.01,High,Normal,Good
33,Female,76,3.36,High,Normal,Good
52,Male,47,1.96,Moderate,Normal,Good
30,Female,47,2.1,Moderate,Cold,Good
27,Female,45,1.9,High,Normal,Good
27,Male,47,2.25,Moderate,Normal,Good
57,Female,57,1.61,Moderate,Normal,Poor
57,Female,106,3.08,Low,Cold,Poor
27,Male,55,2.32,Moderate,Normal,Good
30,Male,100,3.76,Moderate,Hot,Good
68,Male,60,3.17,Moderate,Hot,Good
27,Male,53,2.18,Low,Hot,Good
52,Male,83,2.77,Moderate,Normal,Good
40,Male,69,2.2,Low,Normal,Good
65,Female,54,2.48,Moderate,Hot,Good
36,Female,103,4.77,Moderate,Hot,Good
58,Female,95,2.95,Moderate,Cold,Good
57,Female,84,4.11,High,Hot,Good
59,Male,59,1.5,Low,Normal,Poor
20,Female,68,1.74,Low,Normal,Poor
65,Female,105,3.42,High,Normal,Good
58,Female,52,2.13,Moderate,Normal,Good
35,Male,67,3.03,Moderate,Hot,Good
62,Female,90,4.07,Moderate,Hot,Good
22,Male,66,2.69,Low,Hot,Good
36,Female,66,2.51,High,Normal,Good
61,Male,106,5.05,High,Hot,Good
34,Female,57,2.82,High,Cold,Good
20,Male,49,1.53,Moderate,Cold,Good
32,Female,88,4.57,High,Hot,Good
46,Female,93,2.92,Moderate,Cold,Good
21,Male,64,1.81,Low,Normal,Poor
66,Female,86,3.3,High,Cold,Good
42,Male,80,3.13,Moderate,Normal,Good
69,Male,104,4.78,High,Hot,Good
55,Female,102,4.65,High,Hot,Good
51,Male,46,1.95,High,Normal,Good
18,Female,84,1.89,Low,Cold,Poor
22,Female,60,1.5,Low,Cold,Poor
35,Female,61,2.41,Low,Hot,Good
35,Female,48,2.01,Moderate,Normal,Good
48,Male,53,1.73,Low,Normal,Good
53,Female,60,2.15,Moderate,Normal,Good
33,Female,74,3.43,High,Normal,Good
48,Female,94,3.99,Low,Hot,Good
58,Male,82,3.28,High,Cold,Good
37,Female,88,4.34,Moderate,Hot,Good
42,Female,107,4.55,Moderate,Hot,Good
39,Male,98,2.5,Low,Cold,Poor
65,Female,64,2.71,Low,Hot,Good
54,Male,104,3.79,Moderate,Normal,Good
53,Female,98,3.14,High,Cold,Good
29,Male,63,2.87,High,Cold,Good
43,Female,67,2.78,High,Normal,Good
59,Female,101,4.23,High,Hot,Good
27,Female,80,3.45,Low,Hot,Good
60,Male,87,2.85,High,Cold,Good
55,Female,97,4.2,High,Hot,Good
52,Male,104,3.4,Moderate,Normal,Good
49,Male,97,4.57,High,Hot,Good
52,Female,82,2.14,Moderate,Cold,Poor
34,Female,84,3.1,High,Normal,Good
25,Male,89,3.62,Low,Hot,Good
69,Female,57,3.18,High,Hot,Good
23,Female,91,2.57,Low,Normal,Poor
54,Female,88,3.04,Moderate,Normal,Good
20,Female,98,3.39,High,Cold,Good
45,Female,82,4.21,High,Hot,Good
34,Male,81,2.92,Moderate,Normal,Good
59,Female,80,2.84,Low,Hot,Good
25,Female,74,1.8,Low,Normal,Poor
50,Female,69,1.77,Low,Cold,Poor
47,Male,48,1.66,Low,Normal,Good
49,Male,95,2.67,Low,Normal,Poor
40,Male,45,1.5,Low,Cold,Good
52,Female,107,4.5,Moderate,Hot,Good
56,Male,70,2.76,High,Cold,Good
39,Female,67,3.62,High,Hot,Good
50,Male,79,3.27,Low,Hot,Good
51,Male,88,2.88,Moderate,Normal,Good
24,Female,55,2.75,High,Normal,Good
39,Female,80,4.14,High,Hot,Good
28,Male,85,3.94,High,Hot,Good
66,Female,59,1.92,Moderate,Normal,Good
60,Male,77,2.66,High,Cold,Good
49,Female,92,4.22,Moderate,Hot,Good
68,Male,46,1.5,Low,Normal,Good
25,Female,63,2.68,High,Cold,Good
68,Male,76,1.5,Low,Normal,Poor
42,Female,97,3.52,High,Cold,Good
42,Female,77,3.62,High,Hot,Good
40,Male,93,3.5,Moderate,Normal,Good
47,Female,57,2.99,Moderate,Hot,Good
46,Female,60,2.1,Low,Normal,Good
43,Male,91,2.42,Low,Cold,Poor
43,Female,59,1.96,Low,Cold,Good
37,Male,82,3.89,Moderate,Hot,Good
33,Male,48,2.51,High,Cold,Good
63,Female,70,1.99,Low,Cold,Poor
22,Female,88,3.59,High,Cold,Good
68,Female,57,1.63,Low,Normal,Poor
54,Female,104,3.92,Moderate,Hot,Good
59,Male,62,1.5,Low,Cold,Poor
37,Male,88,3.68,Moderate,Hot,Good
57,Male,81,3.17,Low,Hot,Good
36,Male,95,4.83,High,Hot,Good
39,Male,45,2.25,Moderate,Hot,Good
37,Female,102,4.06,Moderate,Hot,Good
23,Female,105,4.06,Low,Hot,Good
54,Female,105,2.5,Low,Normal,Poor
20,Male,89,2.61,Low,Normal,Poor
32,Male,49,3.16,High,Hot,Good
28,Male,108,3.43,Low,Normal,Good
56,Male,99,3.02,High,Cold,Good
28,Male,49,2.68,Moderate,Hot,Good
30,Female,88,2.44,Low,Normal,Poor
38,Male,103,2.29,Low,Cold,Poor
69,Male,65,2.05,Moderate,Normal,Good
58,Male,91,2.84,Moderate,Normal,Good
40,Male,51,1.55,Moderate,Cold,Good
69,Female,90,2.15,Low,Cold,Poor
40,Male,47,1.54,Moderate,Normal,Good
26,Female,97,3.82,High,Normal,Good
42,Male,92,4.37,High,Hot,Good
62,Male,51,1.59,Moderate,Cold,Good
55,Male,100,2.27,Low,Cold,Poor
45,Female,49,2.7,Moderate,Hot,Good
34,Male,54,3.26,Moderate,Hot,Good
59,Male,71,1.5,Low,Cold,Poor
40,Female,52,1.77,Low,Normal,Good
22,Male,46,1.89,Low,Hot,Good
19,Female,56,3.79,High,Hot,Good
43,Male,89,2.11,Low,Cold,Poor
40,Female,46,1.5,Low,Cold,Good
35,Female,101,2.76,Low,Normal,Poor
68,Female,74,2.73,High,Cold,Good
48,Female,81,3.1,Moderate,Normal,Good
39,Female,103,3.87,Low,Hot,Good
36,Male,87,2.36,Low,Cold,Poor
22,Female,88,3.0,Moderate,Normal,Good
27,Male,91,3.08,Low,Normal,Good
46,Female,95,3.77,Low,Hot,Good
62,Male,60,2.23,Low,Hot,Good
52,Male,103,2.3,Low,Cold,Poor
26,Male,105,2.84,Low,Normal,Poor
63,Male,96,2.11,Low,Cold,Poor
22,Female,84,3.11,High,Cold,Good
69,Male,46,1.81,Low,Hot,Good
33,Male,102,4.34,Moderate,Hot,Good
22,Female,102,4.57,High,Hot,Good
32,Male,50,2.59,Moderate,Hot,Good
48,Female,90,2.65,Low,Cold,Poor
58,Female,63,2.55,Low,Hot,Good
30,Male,46,1.92,High,Normal,Good
48,Female,53,3.18,High,Hot,Good
25,Female,83,3.76,High,Normal,Good
36,Female,79,3.7,High,Normal,Good
43,Male,79,2.63,Low,Normal,Good
62,Female,56,2.39,Moderate,Hot,Good
43,Male,87,3.36,Moderate,Hot,Good
61,Male,82,1.95,Low,Cold,Poor
69,Female,63,2.48,High,Cold,Good
65,Male,104,4.86,High,Hot,Good
52,Male,96,3.97,High,Hot,Good
52,Male,65,1.96,Low,Normal,Good
23,Female,106,3.32,Moderate,Normal,Good
64,Male,94,3.24,High,Cold,Good
46,Female,59,3.24,High,Normal,Good
55,Female,85,2.66,Low,Hot,Good
40,Male,47,2.33,High,Cold,Good
41,Female,55,2.45,High,Normal,Good
18,Female,48,2.48,High,Cold,Good
32,Female,87,2.57,Low,Normal,Poor
57,Male,88,3.41,High,Normal,Good
40,Female,106,3.58,High,Cold,Good
50,Male,107,5.09,High,Hot,Good
52,Female,105,3.91,Moderate,Hot,Good
48,Male,65,1.53,Low,Cold,Poor
27,Female,86,3.95,Moderate,Hot,Good
19,Male,90,4.8,High,Hot,Good
66,Female,48,2.73,Moderate,Hot,Good
49,Male,73,2.62,Low,Normal,Good
30,Male,107,4.14,Moderate,Normal,Good
58,Female,80,2.36,High,Cold,Poor
48,Male,104,2.96,Moderate,Cold,Poor
52,Male,74,2.84,High,Cold,Good
66,Male,84,2.23,Moderate,Normal,Poor
64,Male,91,3.4,Moderate,Normal,Good
38,Male,53,1.82,High,Cold,Good
18,Male,45,2.35,High,Normal,Good
30,Female,82,2.48,Moderate,Normal,Good
58,Male,84,4.31,High,Hot,Good
67,Male,46,1.63,High,Cold,Good
43,Male,77,2.41,Moderate,Normal,Good
48,Female,70,1.5,Low,Cold,Poor
38,Female,93,3.85,Low,Hot,Good
39,Male,81,3.13,Moderate,Normal,Good
46,Male,51,2.51,Moderate,Hot,Good
39,Male,88,2.64,Low,Cold,Good
50,Female,79,3.6,High,Normal,Good
49,Female,47,2.67,High,Normal,Good
25,Female,99,2.87,Low,Cold,Poor
45,Male,59,2.16,Low,Normal,Good
59,Female,75,1.63,Low,Cold,Poor
35,Male,98,4.14,Moderate,Hot,Good
64,Female,86,1.67,Low,Cold,Poor
39,Male,109,4.93,High,Hot,Good
58,Female,55,2.06,High,Normal,Good
42,Female,80,3.64,High,Hot,Good
33,Female,100,5.04,High,Hot,Good
43,Female,57,1.69,Moderate,Cold,Poor
44,Female,52,2.07,High,Cold,Good
67,Male,70,1.84,Low,Cold,Poor
30,Female,96,3.23,Moderate,Normal,Good
63,Female,90,2.11,Moderate,Cold,Poor
50,Male,46,1.62,Low,Hot,Good
69,Female,109,4.28,Moderate,Hot,Good
49,Male,108,4.11,High,Normal,Good
61,Female,58,1.79,Low,Hot,Good
52,Male,69,3.4,High,Hot,Good
26,Male,46,1.54,Low,Normal,Good
61,Male,46,1.5,Low,Cold,Good
25,Male,102,3.69,High,Cold,Good
52,Male,65,2.47,High,Normal,Good
18,Male,56,1.64,Low,Normal,Poor
47,Female,48,2.65,High,Hot,Good
49,Female,47,2.83,High,Hot,Good
67,Female,68,2.2,Low,Hot,Good
21,Male,74,2.8,Low,Hot,Good
47,Male,60,1.92,Low,Normal,Good
41,Male,72,1.97,Moderate,Cold,Poor
53,Male,53,1.5,Moderate,Normal,Poor
68,Female,45,1.5,Moderate,Normal,Good
21,Female,70,2.56,High,Cold,Good
61,Female,53,1.55,Low,Hot,Poor
21,Male,50,2.66,High,Cold,Good
19,Male,47,2.14,Low,Hot,Good
55,Female,77,2.4,Moderate,Cold,Good
28,Male,58,2.04,Low,Normal,Good
65,Male,88,3.22,Low,Hot,Good
68,Male,73,1.6,Low,Cold,Poor
37,Male,78,2.99,Moderate,Cold,Good
60,Female,77,1.59,Low,Cold,Poor
48,Male,55,2.66,High,Cold,Good
66,Male,64,2.21,Moderate,Normal,Good
30,Male,83,2.08,Low,Normal,Poor
27,Male,64,3.56,Moderate,Hot,Good
33,Male,86,2.5,Low,Cold,Poor
69,Female,81,1.89,Moderate,Cold,Poor
52,Male,51,1.5,Low,Cold,Poor
57,Female,85,3.08,Moderate,Hot,Good
69,Male,109,3.58,High,Normal,Good
30,Female,82,2.41,Low,Cold,Poor
59,Female,98,2.64,Moderate,Normal,Poor
31,Male,108,4.52,High,Normal,Good
48,Male,57,2.98,High,Normal,Good
18,Male,108,3.46,Moderate,Cold,Good
67,Female,58,2.24,Low,Hot,Good
20,Female,92,3.57,High,Cold,Good
44,Male,109,3.22,Low,Cold,Poor
23,Female,103,3.84,Low,Hot,Good
68,Female,82,1.88,Low,Normal,Poor
27,Male,53,1.5,Low,Normal,Poor
69,Male,95,3.35,High,Normal,Good
26,Female,49,3.62,High,Hot,Good
35,Male,73,2.44,Low,Hot,Good
22,Male,102,2.8,Low,Cold,Poor
22,Male,81,4.06,High,Hot,Good
62,Male,81,3.32,Low,Hot,Good
59,Female,60,2.67,High,Cold,Good
40,Male,91,3.46,Moderate,Normal,Good
29,Female,67,2.28,Moderate,Normal,Good
59,Male,96,3.37,Low,Hot,Good
63,Male,73,2.52,Moderate,Cold,Good
63,Female,60,2.85,High,Normal,Good
54,Female,55,1.85,Low,Hot,Good
42,Female,102,4.45,High,Normal,Good
67,Female,99,4.02,High,Normal,Good
52,Female,65,1.5,Low,Cold,Poor
18,Male,71,3.12,High,Normal,Good
19,Female,109,3.11,Low,Normal,Poor
54,Female,85,2.33,Low,Cold,Poor
30,Female,89,3.91,High,Hot,Good
41,Male,71,1.72,Low,Normal,Poor
37,Female,52,2.25,High,Normal,Good
49,Female,58,3.08,Moderate,Hot,Good
44,Female,71,3.19,Low,Hot,Good
67,Male,92,2.49,Low,Cold,Poor
41,Male,53,2.27,High,Normal,Good
48,Female,103,2.34,Low,Cold,Poor
48,Male,48,3.45,High,Hot,Good
59,Male,93,3.31,Moderate,Hot,Good
59,Male,76,3.27,High,Hot,Good
40,Female,71,2.5,Moderate,Cold,Good
59,Female,103,3.44,Moderate,Cold,Good
68,Male,65,2.5,Moderate,Hot,Good
67,Male,84,1.89,Low,Cold,Poor
59,Male,60,2.11,High,Normal,Good
52,Female,107,4.34,Moderate,Hot,Good
41,Female,72,3.23,High,Cold,Good
46,Male,75,2.02,Moderate,Cold,Poor
59,Male,94,3.65,High,Cold,Good
22,Female,92,4.2,High,Normal,Good
20,Female,74,3.09,Low,Hot,Good
45,Male,106,3.67,Low,Hot,Good
32,Female,70,3.5,High,Hot,Good
26,Male,107,3.58,Low,Hot,Good
21,Female,92,4.35,High,Hot,Good
22,Female,50,1.5,Low,Cold,Good
68,Male,56,1.5,Moderate,Normal,Poor
26,Male,51,1.7,Moderate,Cold,Good
68,Female,99,3.26,Low,Hot,Good
39,Male,62,3.41,High,Hot,Good
66,Female,75,3.73,High,Hot,Good
43,Male,78,3.36,Low,Hot,Good
59,Female,49,3.04,High,Hot,Good
52,Male,45,2.11,High,Normal,Good
49,Female,107,5.02,High,Hot,Good
30,Male,74,3.51,High,Normal,Good
50,Male,83,2.39,Low,Normal,Poor
46,Female,74,2.27,Moderate,Normal,Good
56,Male,66,1.54,Moderate,Cold,Poor
39,Male,76,3.56,Moderate,Hot,Good
28,Female,61,3.02,Moderate,Hot,Good
44,Male,76,2.02,Low,Cold,Poor
45,Male,84,2.17,Low,Normal,Poor
31,Female,86,3.19,High,Cold,Good
19,Female,45,1.5,Low,Cold,Good
36,Female,108,4.24,Low,Hot,Good
35,Male,58,1.75,Moderate,Cold,Good
33,Female,98,3.46,Low,Hot,Good
33,Male,75,2.25,Low,Cold,Good
47,Female,67,2.27,Moderate,Cold,Good
30,Male,76,2.94,High,Normal,Good
59,Male,89,2.45,Low,Normal,Poor
21,Female,62,3.23,High,Normal,Good
45,Male,102,3.87,High,Cold,Good
43,Male,100,4.58,High,Hot,Good
45,Female,78,3.19,Low,Hot,Good
27,Male,66,2.34,Moderate,Cold,Good
61,Female,53,1.64,High,Cold,Good
59,Female,109,4.46,Moderate,Hot,Good
43,Female,62,2.62,Moderate,Hot,Good
63,Male,80,2.84,High,Normal,Good
61,Male,49,1.62,Low,Normal,Good
21,Female,93,2.66,Low,Cold,Poor
38,Male,52,1.7,Moderate,Cold,Good
69,Female,65,1.5,Low,Cold,Poor
22,Male,105,4.12,Low,Hot,Good
35,Male,48,1.81,Moderate,Cold,Good
32,Male,82,4.41,High,Hot,Good
65,Female,90,3.48,Moderate,Hot,Good
21,Female,63,3.32,High,Hot,Good
44,Female,86,3.26,Moderate,Cold,Good
65,Female,69,2.22,Low,Hot,Good
27,Male,106,3.33,Moderate,Cold,Good
24,Male,88,3.6,High,Cold,Good
44,Female,86,2.78,Low,Normal,Good
20,Female,57,2.26,Low,Hot,Good
55,Female,45,1.5,Moderate,Normal,Good
26,Female,53,3.22,Moderate,Hot,Good
41,Female,54,1.7,Low,Normal,Good
30,Female,73,2.21,Moderate,Normal,Good
44,Male,62,1.59,Low,Normal,Poor
26,Male,51,3.18,High,Hot,Good
47,Female,105,4.16,Moderate,Hot,Good
53,Male,61,2.07,Low,Hot,Good
23,Female,83,2.41,Low,Cold,Poor
59,Female,103,3.86,High,Normal,Good
48,Male,73,3.13,High,Normal,Good
18,Female,91,3.04,Low,Normal,Good
33,Male,91,3.18,Low,Hot,Good
56,Male,52,2.56,High,Normal,Good
43,Male,51,2.53,Moderate,Normal,Good
65,Male,47,1.5,Low,Normal,Good
42,Female,58,1.89,Low,Normal,Good
28,Male,47,1.5,Low,Cold,Good
48,Female,61,1.5,Low,Normal,Poor
36,Male,99,4.22,High,Hot,Good
59,Male,84,2.51,Low,Normal,Poor
40,Male,84,2.76,Moderate,Normal,Good
24,Male,94,2.75,Low,Cold,Poor
49,Female,45,1.97,Moderate,Normal,Good
53,Female,93,3.85,High,Hot,Good
20,Male,45,2.83,High,Normal,Good
55,Male,87,3.21,Moderate,Normal,Good
53,Male,77,1.61,Low,Cold,Poor
55,Male,55,2.2,Low,Hot,Good
18,Male,58,2.15,Low,Normal,Good
38,Female,78,3.98,High,Hot,Good
58,Female,58,2.74,High,Hot,Good
52,Male,86,3.81,Moderate,Hot,Good
26,Female,77,2.54,High,Cold,Good
21,Female,92,2.36,Low,Cold,Poor
64,Female,70,1.5,Low,Cold,Poor
39,Male,51,2.97,High,Normal,Good
27,Female,50,2.01,Moderate,Cold,Good
57,Female,59,2.95,High,Hot,Good
35,Male,49,2.12,Low,Hot,Good
27,Male,90,2.58,Moderate,Cold,Poor
62,Female,54,1.5,Moderate,Cold,Poor
30,Female,76,2.99,Low,Hot,Good
32,Male,59,3.23,High,Hot,Good
37,Female,94,3.68,Moderate,Normal,Good
34,Male,70,2.8,High,Cold,Good
29,Male,102,5.21,High,Hot,Good
31,Female,72,2.63,Moderate,Cold,Good
66,Male,85,3.34,Low,Hot,Good
40,Female,99,4.03,Low,Hot,Good
53,Female,70,1.63,Moderate,Cold,Poor
35,Female,57,2.71,Low,Hot,Good
57,Male,108,4.11,Low,Hot,Good
39,Female,104,2.67,Low,Cold,Poor
57,Female,72,3.52,Moderate,Hot,Good
20,Female,107,3.67,Low,Normal,Good
49,Female,72,2.47,Low,Normal,Good
20,Male,97,5.03,High,Hot,Good
64,Female,103,3.03,High,Cold,Poor
45,Male,106,3.48,Moderate,Cold,Good
24,Male,67,2.39,Moderate,Normal,Good
43,Female,72,3.62,High,Hot,Good
65,Female,93,2.16,Low,Normal,Poor
19,Female,51,2.09,High,Cold,Good
38,Male,53,1.5,Low,Normal,Poor
41,Male,77,2.6,Moderate,Normal,Good
35,Female,49,2.16,Moderate,Cold,Good
24,Male,58,2.46,Moderate,Hot,Good
53,Female,79,2.34,Low,Normal,Poor
41,Male,55,2.59,High,Normal,Good
61,Female,95,2.51,Low,Cold,Poor
23,Male,52,2.39,Moderate,Normal,Good
69,Female,72,2.15,Low,Normal,Poor
60,Male,81,2.88,Moderate,Normal,Good
41,Male,107,4.12,High,Normal,Good
46,Male,107,4.1,Moderate,Normal,Good
33,Female,81,4.16,High,Hot,Good
43,Male,63,2.53,Low,Hot,Good
35,Male,76,2.27,Low,Cold,Poor
29,Female,102,3.45,Low,Hot,Good
38,Male,73,2.75,High,Normal,Good
29,Male,102,3.13,Moderate,Cold,Good
29,Female,67,3.77,High,Hot,Good
43,Male,107,3.77,Moderate,Normal,Good
39,Male,83,3.1,Low,Hot,Good
45,Male,92,3.3,Moderate,Cold,Good
63,Female,91,3.17,Low,Hot,Good
58,Male,92,2.61,Low,Normal,Poor
52,Male,69,2.76,High,Normal,Good
44,Female,81,4.02,Moderate,Hot,Good
46,Female,102,4.72,High,Hot,Good
51,Male,75,3.58,High,Hot,Good
42,Female,85,3.28,High,Cold,Good
26,Female,103,3.93,High,Cold,Good
44,Male,103,2.8,Low,Cold,Poor
59,Male,47,2.06,Moderate,Hot,Good
35,Male,60,3.5,High,Hot,Good
49,Male,88,3.69,High,Cold,Good
20,Female,104,4.51,High,Hot,Good
46,Male,89,4.3,Moderate,Hot,Good
43,Female,79,3.16,Moderate,Hot,Good
52,Male,74,3.16,High,Hot,Good
65,Male,101,1.98,Low,Cold,Poor
54,Male,59,1.5,Low,Cold,Poor
65,Male,58,1.5,Moderate,Cold,Poor
50,Female,82,3.54,Low,Hot,Good
28,Female,55,2.64,Moderate,Normal,Good
43,Female,69,2.88,High,Normal,Good
39,Female,70,2.79,High,Normal,Good
26,Male,84,2.64,Moderate,Cold,Good
24,Male,74,1.54,Low,Cold,Poor
47,Female,102,3.83,Low,Hot,Good
30,Female,81,3.13,Low,Hot,Good
23,Female,70,2.47,Moderate,Normal,Good
31,Female,52,2.09,High,Normal,Good
57,Female,83,3.9,High,Hot,Good
60,Female,107,3.19,Moderate,Normal,Poor
30,Male,102,4.95,High,Hot,Good
24,Male,83,3.93,Moderate,Hot,Good
67,Female,60,3.2,Moderate,Hot,Good
68,Male,59,2.93,High,Hot,Good
55,Female,65,3.7,High,Hot,Good
20,Male,109,3.36,Low,Normal,Good
49,Male,56,2.36,Moderate,Normal,Good
19,Male,52,2.33,Low,Hot,Good
22,Female,89,2.5,Low,Normal,Poor
55,Male,47,1.77,Moderate,Cold,Good
55,Male,66,1.65,Low,Cold,Poor
69,Male,76,2.27,Moderate,Cold,Poor
35,Male,100,2.83,Low,Cold,Poor
23,Male,93,2.44,Low,Cold,Poor
48,Female,65,1.69,Low,Normal,Poor
49,Male,45,3.39,High,Hot,Good
25,Male,109,3.84,Moderate,Cold,Good
54,Female,68,2.7,High,Normal,Good
64,Male,106,3.05,Low,Cold,Poor
54,Male,79,3.38,Moderate,Hot,Good
32,Male,86,4.04,Moderate,Hot,Good
60,Female,83,2.57,Low,Hot,Good
58,Female,59,1.5,Moderate,Cold,Poor
35,Female,98,3.18,High,Cold,Good
45,Female,63,3.06,Low,Hot,Good
21,Male,54,3.1,High,Hot,Good
24,Female,88,3.03,Moderate,Cold,Good
47,Male,81,3.23,High,Normal,Good
43,Male,88,3.56,Moderate,Normal,Good
23,Female,95,3.75,Low,Hot,Good
48,Female,85,2.96,Moderate,Cold,Good
50,Male,87,1.97,Low,Cold,Poor
40,Male,47,1.72,Moderate,Normal,Good
58,Female,92,2.24,Low,Normal,Poor
30,Female,55,2.06,Moderate,Cold,Good
66,Female,108,2.94,Moderate,Cold,Poor
38,Female,63,2.16,Low,Normal,Good
47,Female,103,3.07,Low,Cold,Poor
40,Female,47,2.61,High,Normal,Good
41,Female,106,4.36,High,Normal,Good
64,Female,81,2.6,Moderate,Cold,Good
48,Male,109,3.97,High,Normal,Good
22,Female,106,4.15,Low,Hot,Good
20,Female,64,2.95,High,Cold,Good
60,Male,86,3.23,High,Normal,Good
22,Female,83,4.17,Moderate,Hot,Good
23,Male,86,2.88,Low,Hot,Good
27,Female,83,3.18,Low,Hot,Good
56,Male,55,1.5,Low,Cold,Poor
33,Female,77,2.58,Low,Hot,Good
49,Male,103,3.88,Low,Hot,Good
32,Male,87,3.7,High,Cold,Good
66,Male,104,2.62,Low,Cold,Poor
62,Male,91,2.84,Moderate,Normal,Good
25,Female,107,3.31,Moderate,Normal,Good
34,Female,46,1.5,Low,Cold,Good
21,Male,70,2.75,Low,Hot,Good
22,Male,49,2.87,Moderate,Hot,Good
44,Male,47,1.5,Low,Cold,Good
18,Female,52,2.83,High,Normal,Good
23,Male,94,2.1,Low,Cold,Poor
47,Male,84,2.59,Low,Normal,Good
27,Female,77,3.05,High,Normal,Good
66,Male,96,3.71,High,Normal,Good
26,Female,81,3.0,Low,Hot,Good
21,Female,104,3.87,Low,Hot,Good
27,Male,75,1.81,Low,Cold,Poor
30,Female,104,3.06,Low,Cold,Poor
63,Male,70,2.26,Low,Normal,Good
26,Male,79,2.16,Moderate,Cold,Poor
41,Female,75,3.34,Moderate,Hot,Good
19,Male,85,3.76,High,Hot,Good
51,Male,83,3.43,High,Normal,Good
40,Female,88,2.71,Low,Normal,Good
43,Male,66,3.03,High,Cold,Good
41,Male,84,4.05,Moderate,Hot,Good
69,Male,55,2.15,High,Normal,Good
29,Female,70,2.97,High,Normal,Good
20,Female,59,1.83,Low,Normal,Good
41,Male,55,3.2,High,Hot,Good
50,Male,101,3.27,Low,Hot,Good
60,Female,88,2.51,Low,Cold,Poor
53,Male,56,2.3,Low,Hot,Good
67,Female,73,2.23,High,Cold,Good
41,Male,60,1.9,Moderate,Cold,Good
23,Female,86,2.64,Moderate,Cold,Good
55,Female,52,3.26,High,Hot,Good
34,Male,102,2.34,Low,Cold,Poor
61,Male,53,2.76,Moderate,Hot,Good
58,Female,50,1.78,Moderate,Cold,Good
27,Male,62,2.31,Low,Normal,Good
36,Male,70,2.67,High,Cold,Good
23,Male,98,4.6,High,Hot,Good
21,Female,102,4.54,High,Hot,Good
59,Female,70,3.86,High,Hot,Good
57,Female,100,3.9,Moderate,Hot,Good
53,Female,83,2.93,High,Normal,Good
51,Female,65,2.83,High,Normal,Good
42,Female,66,3.65,High,Hot,Good
31,Female,70,2.32,Low,Normal,Good
43,Female,82,3.83,High,Hot,Good
56,Male,78,2.66,High,Normal,Good
30,Female,59,1.5,Low,Normal,Poor
44,Male,54,1.86,High,Cold,Good
54,Male,51,1.61,High,Cold,Good
69,Male,55,1.5,Low,Normal,Poor
62,Female,92,2.46,Moderate,Cold,Poor
46,Male,77,2.89,Low,Hot,Good
64,Male,97,4.6,High,Hot,Good
48,Female,71,2.08,Low,Cold,Poor
53,Male,93,3.42,Moderate,Normal,Good
54,Male,88,1.77,Low,Cold,Poor
40,Male,86,3.25,High,Normal,Good
30,Male,45,2.41,Low,Hot,Good
57,Female,90,3.23,Moderate,Hot,Good
40,Male,66,1.5,Low,Cold,Poor
69,Male,72,2.43,Moderate,Normal,Good
34,Male,108,3.5,Moderate,Normal,Good
67,Male,61,1.86,Low,Normal,Good
30,Male,97,3.92,High,Cold,Good
59,Male,70,1.84,Low,Normal,Poor
65,Male,74,1.81,Moderate,Cold,Poor
65,Female,55,2.0,Moderate,Cold,Good
43,Male,70,1.66,Low,Normal,Poor
48,Female,88,3.93,High,Normal,Good
40,Female,69,2.85,Low,Hot,Good
29,Male,109,3.81,Low,Hot,Good
51,Female,76,3.08,Low,Hot,Good
67,Male,109,2.85,Low,Cold,Poor
29,Male,57,1.94,Moderate,Cold,Good
38,Female,86,3.09,Moderate,Cold,Good
27,Female,104,3.18,Moderate,Cold,Good
28,Male,45,2.34,Moderate,Hot,Good
30,Male,106,4.67,High,Hot,Good
63,Female,71,1.81,Low,Cold,Poor
19,Male,72,3.01,Moderate,Normal,Good
60,Male,65,2.4,Moderate,Hot,Good
48,Male,58,1.93,Low,Normal,Good
56,Male,106,4.61,High,Hot,Good
55,Male,102,4.03,High,Hot,Good
39,Male,48,1.69,Low,Hot,Good
57,Male,52,2.7,High,Normal,Good
69,Female,102,3.72,Low,Hot,Good
26,Male,57,1.5,Low,Normal,Poor
38,Female,91,2.03,Low,Cold,Poor
61,Female,74,3.63,High,Hot,Good
57,Female,68,2.66,Low,Hot,Good
47,Female,95,3.97,Moderate,Hot,Good
31,Female,52,2.4,High,Normal,Good
55,Male,76,4.02,High,Hot,Good
62,Male,105,3.87,Moderate,Hot,Good
40,Male,91,2.95,Moderate,Normal,Good
24,Female,96,4.83,High,Hot,Good
42,Male,67,3.47,Moderate,Hot,Good
50,Female,55,2.34,High,Cold,Good
44,Male,91,2.99,Moderate,Cold,Good
25,Male,99,3.53,Low,Hot,Good
20,Male,64,1.58,Low,Cold,Poor
52,Female,64,1.89,Low,Normal,Poor
26,Female,60,2.47,High,Normal,Good
25,Male,102,3.51,Low,Normal,Good
29,Male,93,3.19,Low,Normal,Good
35,Male,51,2.65,High,Cold,Good
65,Female,46,2.13,Moderate,Hot,Good
54,Male,74,2.42,High,Normal,Good
36,Male,83,4.07,Moderate,Hot,Good
54,Male,97,2.68,Low,Normal,Poor
46,Male,75,3.97,High,Hot,Good
45,Female,82,3.08,Moderate,Cold,Good
61,Male,97,3.09,High,Cold,Good
21,Male,96,4.23,High,Hot,Good
31,Male,58,3.11,Moderate,Hot,Good
60,Female,103,2.75,Low,Normal,Poor
35,Male,104,4.68,High,Hot,Good
32,Female,103,2.91,Moderate,Cold,Poor
53,Female,80,2.4,Moderate,Cold,Good
55,Female,55,1.5,Low,Normal,Poor
62,Female,95,3.2,Moderate,Cold,Good
52,Female,91,3.48,Moderate,Hot,Good
59,Male,81,1.86,Low,Cold,Poor
47,Female,90,3.37,Moderate,Normal,Good
69,Male,59,1.73,Moderate,Normal,Poor
20,Female,85,3.16,Moderate,Cold,Good
22,Female,72,3.04,Moderate,Hot,Good
67,Male,62,1.79,Low,Hot,Poor
42,Female,71,3.06,Moderate,Normal,Good
24,Female,71,2.51,Low,Hot,Good
25,Female,75,2.06,Low,Normal,Poor
21,Female,48,1.78,Low,Normal,Good
40,Female,96,3.56,Low,Hot,Good
62,Male,56,2.55,High,Cold,Good
39,Male,85,3.41,High,Normal,Good
34,Male,101,4.22,Moderate,Hot,Good
50,Male,99,2.86,Moderate,Cold,Poor
26,Female,76,2.97,Moderate,Cold,Good
33,Male,56,1.59,Moderate,Cold,Poor
44,Male,53,3.04,Moderate,Hot,Good
63,Female,49,1.95,High,Normal,Good
38,Female,45,1.71,High,Cold,Good
26,Male,82,2.5,Moderate,Cold,Good
69,Male,63,2.73,High,Normal,Good
45,Female,92,3.33,Low,Hot,Good
55,Female,96,2.75,Low,Normal,Poor
35,Male,53,2.11,Low,Hot,Good
27,Female,82,4.61,High,Hot,Good
58,Female,64,1.5,Low,Cold,Poor
27,Female,60,2.7,High,Normal,Good
67,Male,64,2.59,High,Cold,Good
67,Female,51,2.23,High,Cold,Good
46,Male,49,2.44,High,Cold,Good
52,Male,109,3.27,Low,Normal,Good
35,Male,51,1.86,Low,Hot,Good
30,Male,82,3.46,Moderate,Normal,Good
59,Female,88,3.07,Moderate,Normal,Good
30,Male,69,2.47,Moderate,Normal,Good
46,Male,62,2.43,Moderate,Normal,Good
35,Female,107,2.99,Low,Normal,Poor
24,Female,99,3.33,High,Cold,Good
29,Female,96,3.03,Low,Cold,Good
63,Female,88,3.14,Low,Hot,Good
26,Female,56,2.17,High,Cold,Good
26,Male,66,2.98,Low,Hot,Good
50,Male,91,3.6,Moderate,Hot,Good
46,Male,77,2.97,Moderate,Cold,Good
44,Male,105,2.71,Low,Cold,Poor
65,Male,92,3.42,Moderate,Normal,Good
37,Female,46,1.84,Low,Hot,Good
39,Male,65,2.81,High,Cold,Good
49,Male,57,1.5,Low,Cold,Poor
41,Male,108,3.53,Low,Hot,Good
39,Female,105,2.87,Low,Cold,Poor
43,Female,48,2.17,High,Normal,Good
29,Female,77,4.34,High,Hot,Good
53,Male,96,2.84,Moderate,Cold,Poor
64,Male,100,2.12,Low,Cold,Poor
61,Female,79,2.43,Low,Hot,Good
46,Female,100,3.57,Moderate,Cold,Good
54,Male,104,3.64,Moderate,Normal,Good
65,Female,79,3.49,High,Normal,Good
68,Male,67,3.7,High,Hot,Good
46,Male,100,4.06,High,Cold,Good
26,Female,79,1.71,Low,Cold,Poor
35,Male,88,2.4,Moderate,Cold,Poor
65,Female,45,2.96,High,Hot,Good
57,Male,107,3.55,Moderate,Cold,Good
57,Female,63,1.5,Low,Cold,Poor
61,Male,109,3.43,Low,Normal,Good
30,Female,74,2.66,Moderate,Normal,Good
68,Female,107,3.83,High,Normal,Good
28,Male,93,3.67,High,Normal,Good
68,Female,84,2.18,Moderate,Cold,Poor
64,Male,47,1.99,Low,Hot,Good
55,Female,106,3.39,High,Cold,Good
39,Female,75,2.84,Moderate,Cold,Good
62,Male,58,1.97,Moderate,Cold,Good
44,Female,82,3.01,Moderate,Normal,Good
64,Male,98,3.55,Low,Hot,Good
26,Female,59,1.79,Low,Normal,Good
66,Female,60,1.5,Low,Cold,Poor
24,Male,87,2.91,Low,Normal,Good
19,Male,104,5.18,High,Hot,Good
20,Male,45,2.64,High,Normal,Good
40,Female,90,2.26,Low,Normal,Poor
35,Male,79,3.44,High,Cold,Good
40,Male,57,2.41,Moderate,Normal,Good
31,Male,81,2.02,Low,Cold,Poor
39,Male,72,2.32,Moderate,Normal,Good
67,Female,73,3.04,High,Normal,Good
37,Male,79,3.07,Moderate,Normal,Good
19,Female,102,3.26,Low,Normal,Good
47,Male,100,3.46,Low,Normal,Good
46,Male,96,2.92,Moderate,Cold,Good
46,Female,104,4.78,Moderate,Hot,Good
37,Male,50,1.5,Low,Cold,Good
39,Female,72,3.22,Moderate,Hot,Good
58,Female,107,4.33,High,Normal,Good
32,Female,73,2.86,High,Normal,Good
51,Male,46,2.4,High,Normal,Good
28,Female,63,1.92,Low,Normal,Good
50,Male,48,2.54,High,Cold,Good
20,Male,105,2.85,Moderate,Cold,Poor
23,Male,100,3.14,Moderate,Normal,Good
34,Male,86,2.64,Low,Cold,Good
41,Male,46,1.5,Low,Cold,Good
54,Female,61,1.58,Low,Cold,Poor
60,Male,83,2.3,Moderate,Cold,Poor
21,Male,65,3.15,High,Hot,Good
49,Female,58,1.5,Low,Cold,Poor
63,Female,64,1.5,Low,Normal,Poor
52,Female,92,2.53,Low,Normal,Poor
53,Male,88,3.04,Moderate,Normal,Good
59,Male,88,2.91,Low,Hot,Good
64,Male,50,1.89,High,Normal,Good
60,Female,53,2.78,Moderate,Hot,Good
62,Female,62,2.18,High,Cold,Good
42,Male,102,3.72,Low,Hot,Good
66,Female,45,2.82,High,Hot,Good
66,Female,73,3.62,High,Hot,Good
51,Female,63,2.4,High,Normal,Good
37,Female,96,3.74,Moderate,Normal,Good
21,Male,74,3.86,High,Hot,Good
37,Male,78,3.53,High,Normal,Good
67,Male,71,2.55,High,Normal,Good
58,Female,109,3.6,High,Cold,Good
66,Female,68,2.88,Moderate,Hot,Good
29,Female,55,2.28,Low,Hot,Good
30,Male,91,3.96,Moderate,Hot,Good
42,Male,61,2.31,Low,Hot,Good
68,Male,96,2.45,Low,Cold,Poor
34,Female,104,4.74,High,Hot,Good
33,Female,107,3.68,High,Cold,Good
66,Male,49,1.68,Low,Hot,Good
49,Female,71,2.88,Moderate,Hot,Good
65,Male,51,1.66,Moderate,Normal,Good
56,Female,62,2.26,Moderate,Normal,Good
56,Male,109,4.63,Moderate,Hot,Good
68,Male,82,2.89,High,Cold,Good
55,Female,86,2.82,High,Normal,Good
47,Male,108,3.96,High,Normal,Good
50,Male,101,3.5,Low,Hot,Good
46,Male,49,2.77,High,Hot,Good
21,Female,52,1.74,Low,Normal,Good
52,Female,57,2.25,Low,Hot,Good
57,Female,63,2.61,High,Normal,Good
21,Male,103,4.24,High,Normal,Good
41,Male,75,2.16,Moderate,Cold,Poor
26,Female,89,4.29,Moderate,Hot,Good
64,Female,46,1.83,Low,Hot,Good
43,Female,72,2.47,High,Cold,Good
62,Female,54,1.83,Moderate,Normal,Good
57,Male,101,3.38,Moderate,Normal,Good
44,Female,83,3.36,High,Cold,Good
36,Male,53,1.87,Low,Normal,Good
45,Female,105,3.97,High,Normal,Good
39,Female,77,2.45,Low,Normal,Good
18,Male,69,3.53,High,Normal,Good
35,Female,107,4.55,Moderate,Hot,Good
19,Female,84,2.81,Low,Hot,Good
19,Male,48,2.45,High,Cold,Good
22,Male,66,2.59,Low,Hot,Good
56,Female,91,2.94,High,Cold,Good
61,Male,78,2.6,Moderate,Normal,Good
46,Female,97,3.99,Moderate,Hot,Good
65,Female,51,1.84,Low,Hot,Good
31,Male,105,3.06,Low,Cold,Poor
41,Female,63,3.25,Moderate,Hot,Good
40,Male,89,4.52,High,Hot,Good
46,Female,45,1.5,Moderate,Normal,Good
61,Male,106,2.69,Low,Cold,Poor
32,Male,94,3.9,High,Normal,Good
50,Female,56,3.62,High,Hot,Good
38,Male,58,2.99,High,Hot,Good
38,Female,108,2.87,Low,Cold,Poor
67,Male,58,1.77,Low,Hot,Good
29,Female,90,3.19,Moderate,Cold,Good
22,Male,66,3.15,Moderate,Hot,Good
19,Female,73,1.58,Low,Cold,Poor
53,Male,60,1.67,Moderate,Cold,Poor
50,Male,58,1.64,Low,Cold,Poor
60,Female,99,3.95,Moderate,Hot,Good
48,Male,84,3.22,Low,Hot,Good
68,Male,51,1.5,Low,Cold,Poor
50,Male,52,2.37,High,Normal,Good
25,Female,104,3.56,Moderate,Normal,Good
24,Male,105,4.15,High,Normal,Good
53,Male,71,2.97,High,Cold,Good
40,Female,64,2.77,Moderate,Normal,Good
67,Female,47,1.5,Low,Normal,Good
52,Male,89,2.24,Low,Cold,Poor
48,Male,82,2.69,High,Cold,Good
25,Male,72,2.67,Low,Hot,Good
25,Female,98,3.39,Low,Hot,Good
68,Male,78,1.84,Low,Normal,Poor
27,Male,57,1.91,Low,Normal,Good
38,Female,109,2.97,Low,Cold,Poor
59,Female,55,2.33,Moderate,Hot,Good
24,Female,79,3.25,Moderate,Hot,Good
32,Female,64,1.5,Low,Cold,Poor
54,Male,47,2.51,Moderate,Hot,Good
54,Female,71,2.18,High,Cold,Good
63,Male,91,2.58,Moderate,Normal,Poor
20,Male,73,4.15,High,Hot,Good
67,Male,54,2.68,High,Normal,Good
52,Male,105,3.02,Low,Normal,Poor
28,Female,104,2.82,Low,Cold,Poor
44,Male,99,4.69,High,Hot,Good
47,Male,57,2.14,Moderate,Cold,Good
57,Female,65,3.65,High,Hot,Good
62,Female,82,1.7,Low,Normal,Poor
59,Male,95,4.17,Moderate,Hot,Good
63,Male,87,3.3,Moderate,Normal,Good
42,Male,74,2.66,Moderate,Normal,Good
27,Male,47,1.54,Moderate,Cold,Good
44,Male,89,4.64,High,Hot,Good
63,Male,88,3.59,High,Hot,Good
21,Male,60,2.01,Moderate,Normal,Good
65,Female,92,2.3,Moderate,Cold,Poor
30,Male,89,4.04,High,Hot,Good
36,Male,81,3.43,Low,Hot,Good
59,Female,88,2.17,Low,Cold,Poor
50,Female,65,2.41,Moderate,Normal,Good
68,Female,76,3.64,Moderate,Hot,Good
52,Male,62,2.07,High,Cold,Good
43,Female,104,3.24,Moderate,Normal,Good
41,Male,109,5.18,High,Hot,Good
51,Male,104,4.23,High,Hot,Good
34,Male,65,1.95,Low,Cold,Good
45,Male,88,2.36,Low,Normal,Poor
59,Female,66,2.52,High,Normal,Good
31,Male,70,3.07,High,Normal,Good
30,Female,63,2.9,Moderate,Hot,Good
67,Female,47,1.5,Low,Normal,Good
32,Male,98,3.77,Moderate,Normal,Good
55,Male,94,2.11,Low,Cold,Poor
35,Male,86,1.98,Low,Cold,Poor
38,Female,96,4.22,Moderate,Hot,Good
44,Female,83,2.72,High,Cold,Good
68,Male,86,2.28,Low,Normal,Poor
21,Male,103,3.29,Low,Normal,Good
50,Male,97,3.13,Low,Hot,Good
41,Male,49,2.14,High,Normal,Good
59,Female,104,2.66,Low,Normal,Poor
34,Male,99,3.37,Low,Normal,Good
22,Male,86,3.59,Moderate,Hot,Good
24,Female,99,4.29,Moderate,Hot,Good
32,Female,49,2.88,Moderate,Hot,Good
47,Male,97,3.41,Moderate,Normal,Good
47,Male,105,4.24,High,Normal,Good
21,Male,99,4.64,High,Hot,Good
24,Male,86,2.76,Low,Normal,Good
46,Female,79,1.87,Low,Normal,Poor
47,Male,73,3.41,High,Hot,Good
20,Male,101,3.74,Moderate,Hot,Good
39,Female,71,3.77,Moderate,Hot,Good
27,Female,93,4.19,High,Hot,Good
44,Male,80,3.53,High,Normal,Good
27,Male,98,2.54,Low,Cold,Poor
27,Female,82,3.86,High,Normal,Good
43,Male,48,2.48,High,Cold,Good
38,Male,80,2.87,Low,Normal,Good
48,Female,88,3.61,High,Cold,Good
35,Female,57,2.24,Moderate,Cold,Good
22,Female,83,2.24,Low,Normal,Poor
63,Male,77,2.62,High,Cold,Good
42,Male,83,3.52,High,Normal,Good
45,Female,88,3.16,Low,Hot,Good
68,Male,89,3.05,Moderate,Cold,Good
67,Male,71,1.92,Moderate,Cold,Poor
43,Male,83,2.41,Low,Normal,Poor
44,Female,90,3.28,Moderate,Normal,Good
39,Male,104,3.05,Moderate,Cold,Poor
26,Male,73,3.12,High,Cold,Good
27,Male,78,2.61,Low,Normal,Good
63,Female,48,2.37,Moderate,Hot,Good
63,Female,63,1.98,Low,Normal,Good
32,Male,64,3.2,High,Hot,Good
55,Female,99,3.44,High,Cold,Good
53,Male,102,3.38,Low,Hot,Good
48,Female,53,3.08,High,Hot,Good
43,Male,104,3.15,Moderate,Normal,Good
58,Female,102,2.86,Moderate,Normal,Poor
69,Female,58,1.5,Low,Cold,Poor
22,Female,76,2.24,Moderate,Cold,Poor
53,Female,59,3.51,High,Hot,Good
22,Male,59,2.27,Moderate,Normal,Good
41,Male,79,3.37,Low,Hot,Good
37,Female,90,3.11,Moderate,Cold,Good
53,Female,92,3.05,High,Normal,Good
46,Female,98,3.49,Moderate,Normal,Good
53,Male,96,3.25,High,Cold,Good
52,Female,106,3.88,High,Normal,Good
41,Male,52,2.6,Low,Hot,Good
56,Male,62,2.33,Moderate,Hot,Good
35,Male,45,2.54,High,Cold,Good
43,Male,96,3.96,Moderate,Hot,Good
55,Female,85,3.48,High,Normal,Good
29,Male,57,2.53,Low,Hot,Good
36,Female,92,2.37,Low,Cold,Poor
45,Male,63,3.24,High,Normal,Good
39,Female,92,3.52,Moderate,Hot,Good
36,Female,91,4.39,High,Hot,Good
65,Male,64,1.5,Low,Cold,Poor
59,Female,93,2.45,Moderate,Cold,Poor
21,Female,71,2.18,Low,Cold,Good
40,Female,59,2.11,Low,Normal,Good
43,Female,51,2.95,Moderate,Hot,Good
30,Male,64,2.55,Moderate,Cold,Good
67,Female,96,2.79,High,Cold,Poor
68,Female,71,1.5,Low,Cold,Poor
33,Male,103,3.17,Moderate,Cold,Good
34,Male,57,2.41,Moderate,Cold,Good
22,Female,71,3.77,Moderate,Hot,Good
61,Male,74,2.72,Moderate,Normal,Good
53,Female,60,2.19,High,Normal,Good
43,Female,61,3.29,High,Normal,Good
62,Female,100,3.2,High,Cold,Good
26,Female,61,3.64,High,Hot,Good
39,Male,82,3.18,High,Normal,Good
25,Male,88,4.6,High,Hot,Good
49,Male,80,2.18,Low,Cold,Poor
42,Female,86,3.03,Moderate,Cold,Good
30,Female,100,2.76,Moderate,Cold,Poor
68,Female,94,3.71,Moderate,Hot,Good
69,Male,77,3.62,High,Hot,Good
65,Female,102,3.27,High,Normal,Good
55,Male,47,2.31,High,Hot,Good
19,Male,67,3.12,Moderate,Hot,Good
64,Female,54,2.16,Moderate,Hot,Good
69,Male,100,3.18,Low,Normal,Good
39,Female,74,2.63,Low,Normal,Good
22,Male,97,3.77,Moderate,Hot,Good
40,Male,54,1.91,High,Cold,Good
50,Male,106,3.64,Low,Hot,Good
24,Female,71,3.29,Low,Hot,Good
28,Female,101,3.91,Moderate,Normal,Good
46,Female,58,2.03,Low,Hot,Good
42,Female,54,3.6,High,Hot,Good
57,Female,93,3.25,High,Normal,Good
31,Male,74,3.23,Moderate,Hot,Good
45,Male,58,1.5,Low,Cold,Poor
66,Male,62,1.69,Low,Normal,Poor
49,Female,72,2.91,High,Cold,Good
49,Female,69,3.18,High,Cold,Good
50,Female,74,1.89,Low,Normal,Poor
42,Male,52,1.5,Low,Cold,Poor
54,Female,45,1.5,Low,Cold,Good
64,Female,102,3.61,Low,Hot,Good
40,Female,52,2.35,Moderate,Normal,Good
20,Female,102,3.8,Moderate,Normal,Good
69,Male,93,2.31,Low,Cold,Poor
26,Male,90,2.66,Moderate,Cold,Poor
28,Female,73,3.82,Moderate,Hot,Good
55,Female,73,1.5,Low,Cold,Poor
48,Male,70,1.87,Low,Cold,Poor
28,Female,78,3.46,Moderate,Hot,Good
65,Female,71,2.43,High,Normal,Good
57,Male,75,2.46,Moderate,Cold,Good
51,Female,68,3.72,High,Hot,Good
21,Female,67,2.49,Moderate,Normal,Good
44,Female,60,2.01,Moderate,Cold,Good
26,Female,49,1.57,Moderate,Cold,Good
35,Female,79,2.2,Low,Normal,Poor
40,Female,90,3.7,High,Normal,Good
68,Female,68,2.07,High,Cold,Good
55,Male,92,3.8,High,Hot,Good
67,Female,92,2.52,Low,Normal,Poor
22,Male,55,1.5,Low,Normal,Poor
44,Female,51,1.68,Moderate,Cold,Good
20,Female,99,3.28,Low,Normal,Good
29,Male,71,2.46,High,Cold,Good
50,Male,99,2.73,Moderate,Cold,Poor
66,Female,59,2.27,High,Cold,Good
18,Male,47,3.43,High,Hot,Good
61,Male,49,1.5,Low,Normal,Good
60,Female,74,2.33,Moderate,Normal,Good
37,Male,71,1.89,Moderate,Cold,Poor
52,Male,107,3.8,High,Cold,Good
48,Male,63,2.37,High,Cold,Good
46,Female,106,4.15,Moderate,Hot,Good
54,Male,52,1.73,Low,Normal,Good
45,Male,61,3.2,High,Hot,Good
32,Female,74,3.11,Moderate,Hot,Good
23,Male,56,3.15,Moderate,Hot,Good
56,Female,80,2.34,Moderate,Cold,Poor
59,Female,107,2.44,Low,Cold,Poor
35,Female,75,2.68,Low,Normal,Good
56,Male,49,1.5,Moderate,Cold,Good
34,Male,48,1.63,Moderate,Normal,Good
41,Female,83,2.88,Moderate,Cold,Good
55,Male,98,2.83,Low,Normal,Poor
43,Female,96,4.14,Moderate,Hot,Good
56,Female,66,3.36,High,Hot,Good
64,Female,83,3.21,Low,Hot,Good
44,Male,93,4.24,High,Normal,Good
29,Female,57,2.66,Low,Hot,Good
48,Male,55,2.64,Low,Hot,Good
58,Male,87,2.24,Low,Cold,Poor
19,Female,105,4.5,High,Hot,Good
54,Male,93,3.59,High,Cold,Good
46,Male,50,2.94,High,Hot,Good
40,Female,70,2.65,Low,Hot,Good
50,Female,64,2.03,Moderate,Normal,Good
49,Male,96,3.78,Low,Hot,Good
36,Male,45,1.88,High,Cold,Good
39,Male,94,3.26,Moderate,Cold,Good
27,Female,70,3.44,Moderate,Hot,Good
59,Male,106,3.74,High,Cold,Good
40,Female,78,3.0,Moderate,Normal,Good
44,Male,52,1.5,Low,Cold,Poor
64,Female,70,2.06,Low,Hot,Poor
63,Male,70,2.1,Low,Hot,Good
22,Male,91,3.44,Moderate,Hot,Good
52,Male,74,1.5,Low,Cold,Poor
41,Female,74,2.2,Moderate,Cold,Poor
20,Male,76,2.02,Moderate,Cold,Poor
68,Male,94,2.83,High,Cold,Good
63,Male,79,2.46,High,Cold,Good
32,Female,95,3.09,High,Cold,Good
51,Male,69,2.54,Moderate,Hot,Good
36,Male,87,2.42,Moderate,Cold,Poor
30,Male,90,4.33,Moderate,Hot,Good
32,Male,97,3.33,Low,Hot,Good
19,Female,84,2.12,Low,Cold,Poor
22,Female,78,3.22,High,Normal,Good
59,Male,48,1.5,Low,Cold,Good
23,Male,71,3.33,High,Normal,Good
57,Female,71,1.6,Moderate,Cold,Poor
40,Male,108,4.09,Low,Hot,Good
51,Female,73,1.5,Low,Cold,Poor
68,Male,71,2.98,High,Cold,Good
54,Female,78,2.42,High,Cold,Good
53,Female,50,1.79,Low,Hot,Good
26,Male,66,2.44,Moderate,Cold,Good
28,Male,100,2.93,Low,Cold,Poor
48,Male,102,4.06,Low,Hot,Good
34,Male,74,4.1,High,Hot,Good
25,Female,81,2.49,Low,Normal,Good
23,Male,45,1.5,Moderate,Cold,Good
24,Female,108,3.91,High,Cold,Good
22,Female,95,3.71,Moderate,Normal,Good
46,Male,90,2.65,Moderate,Cold,Poor
63,Female,103,2.27,Low,Cold,Poor
21,Female,96,3.25,Moderate,Cold,Good
63,Female,62,2.01,Low,Hot,Good
40,Female,69,2.86,High,Normal,Good
21,Female,62,1.5,Low,Cold,Poor
61,Female,74,2.36,Moderate,Cold,Good
55,Male,51,1.53,Moderate,Normal,Good
27,Male,81,2.89,Low,Hot,Good
53,Female,87,3.14,Moderate,Normal,Good
24,Female,57,2.63,Moderate,Hot,Good
40,Female,107,4.25,High,Normal,Good
42,Male,57,1.7,Moderate,Cold,Poor
43,Female,56,1.9,Moderate,Cold,Good
35,Male,106,3.98,Low,Hot,Good
34,Male,104,4.09,High,Normal,Good
57,Female,59,1.88,High,Cold,Good
34,Male,53,1.99,Low,Hot,Good
47,Female,80,2.7,Low,Normal,Good
42,Female,64,2.51,Low,Hot,Good
52,Female,45,1.5,Low,Normal,Good
22,Female,84,3.08,Low,Hot,Good
51,Male,68,2.24,Moderate,Normal,Good
22,Female,57,2.8,Moderate,Hot,Good
54,Female,76,2.77,High,Cold,Good
49,Male,101,2.84,Moderate,Cold,Poor
60,Female,82,2.99,High,Normal,Good
43,Male,46,2.72,High,Hot,Good
60,Female,107,3.42,Moderate,Normal,Good
65,Female,49,1.5,Low,Normal,Good
52,Male,60,1.5,Low,Cold,Poor
60,Male,95,3.18,High,Cold,Good
35,Male,103,4.55,High,Normal,Good
30,Male,70,2.63,High,Normal,Good
40,Female,56,1.58,Low,Cold,Poor
32,Male,109,3.1,Low,Normal,Poor
64,Female,52,2.05,High,Cold,Good
34,Male,71,2.97,High,Cold,Good
44,Female,100,2.24,Low,Cold,Poor
51,Female,91,2.24,Moderate,Cold,Poor
48,Female,60,2.11,Moderate,Cold,Good
43,Male,73,2.29,Moderate,Cold,Good
56,Male,88,2.57,High,Cold,Poor
62,Female,46,1.68,Low,Hot,Good
32,Male,102,3.8,High,Normal,Good
69,Female,99,4.12,High,Hot,Good
25,Male,84,3.33,Moderate,Normal,Good
60,Female,57,1.5,Low,Normal,Poor
65,Female,81,1.78,Low,Cold,Poor
31,Female,109,2.62,Low,Cold,Poor
68,Female,66,1.91,Low,Hot,Poor
25,Male,108,3.56,Low,Normal,Good
64,Male,65,1.95,Moderate,Cold,Good
57,Male,89,3.51,High,Normal,Good
49,Female,96,3.21,Moderate,Cold,Good
54,Male,62,1.92,Moderate,Cold,Good
60,Male,109,3.59,High,Normal,Good
38,Female,73,2.32,Moderate,Cold,Good
24,Female,49,2.26,Moderate,Hot,Good
22,Female,64,1.93,Low,Normal,Good
34,Male,48,1.64,Low,Hot,Good
51,Male,84,2.17,Low,Normal,Poor
39,Female,58,1.69,Low,Cold,Poor
20,Male,90,3.31,Low,Hot,Good
67,Female,56,1.5,Moderate,Cold,Poor
69,Male,102,3.51,Moderate,Normal,Good
18,Female,99,3.25,Moderate,Normal,Good
57,Female,78,2.27,Low,Normal,Poor
35,Female,56,3.57,High,Hot,Good
27,Female,58,2.4,High,Normal,Good
57,Male,74,3.12,High,Normal,Good
63,Female,96,2.16,Low,Cold,Poor
51,Female,66,3.47,High,Hot,Good
29,Female,99,3.46,Moderate,Normal,Good
39,Male,82,3.6,Low,Hot,Good
19,Male,89,3.6,High,Cold,Good
61,Male,109,2.97,Low,Normal,Poor
58,Male,49,1.5,Moderate,Normal,Good
53,Female,61,1.5,Moderate,Cold,Poor
69,Male,64,2.52,Low,Hot,Good
19,Male,89,2.77,Moderate,Cold,Good
41,Female,99,2.91,Low,Cold,Poor
19,Male,90,4.37,Moderate,Hot,Good
18,Female,57,1.69,Moderate,Cold,Poor
34,Female,103,2.95,Low,Cold,Poor
60,Female,47,1.5,High,Cold,Good
23,Male,93,4.4,Moderate,Hot,Good
54,Female,79,2.6,Low,Hot,Good
24,Male,94,2.55,Moderate,Cold,Poor
27,Male,63,2.09,Moderate,Cold,Good
50,Female,53,2.61,Moderate,Hot,Good
32,Male,62,2.29,Moderate,Cold,Good
24,Male,73,3.75,Moderate,Hot,Good
69,Female,105,3.78,Moderate,Normal,Good
67,Male,100,2.83,Moderate,Normal,Poor
32,Female,64,3.1,High,Cold,Good
45,Female,60,2.64,Low,Hot,Good
42,Male,101,3.64,Moderate,Cold,Good
28,Male,53,1.71,Moderate,Cold,Good
58,Male,109,4.04,High,Cold,Good
27,Male,63,3.87,High,Hot,Good
54,Female,74,3.25,High,Hot,Good
41,Male,66,2.91,Moderate,Normal,Good
56,Female,64,2.23,Moderate,Cold,Good
22,Male,86,2.35,Low,Cold,Poor
51,Female,54,2.09,High,Normal,Good
30,Male,92,4.83,High,Hot,Good
52,Female,96,3.24,Moderate,Normal,Good
69,Female,91,2.54,Moderate,Normal,Poor
54,Female,67,2.11,High,Cold,Good
52,Male,76,1.85,Low,Normal,Poor
61,Female,60,2.71,High,Hot,Good
20,Male,98,4.02,Moderate,Hot,Good
50,Female,52,3.0,Moderate,Hot,Good
41,Male,97,3.21,Low,Hot,Good
54,Male,56,1.68,Moderate,Normal,Good
21,Female,75,1.85,Low,Normal,Poor
55,Male,81,2.91,High,Normal,Good
31,Male,68,2.25,Low,Normal,Good
60,Male,81,2.94,High,Cold,Good
49,Male,58,3.16,High,Hot,Good
41,Male,54,1.5,Low,Normal,Poor
33,Female,83,3.48,Low,Hot,Good
42,Female,51,1.64,Moderate,Normal,Good
64,Male,47,1.77,Moderate,Normal,Good
24,Female,103,4.25,High,Normal,Good
49,Female,61,3.75,High,Hot,Good
42,Male,65,3.23,High,Normal,Good
37,Female,93,3.14,Moderate,Cold,Good
43,Male,76,3.59,High,Normal,Good
65,Female,88,2.72,Low,Hot,Good
34,Female,62,3.31,High,Normal,Good
35,Male,89,3.84,Moderate,Hot,Good
43,Male,47,2.65,High,Normal,Good
52,Female,84,2.83,High,Cold,Good
37,Female,59,2.49,High,Normal,Good
56,Male,84,3.57,High,Hot,Good
49,Male,77,1.94,Low,Cold,Poor
49,Female,87,3.8,Low,Hot,Good
51,Female,93,1.73,Low,Cold,Poor
49,Male,53,1.5,Low,Cold,Poor
55,Male,62,3.22,Moderate,Hot,Good
32,Female,51,1.7,Low,Cold,Good
53,Male,60,2.38,Low,Hot,Good
45,Male,61,1.91,Moderate,Cold,Good
53,Female,102,4.12,Moderate,Hot,Good
58,Female,96,4.44,High,Hot,Good
59,Male,68,2.43,Moderate,Cold,Good
22,Male,76,2.75,Moderate,Normal,Good
28,Female,71,2.91,Low,Hot,Good
40,Male,78,2.89,High,Normal,Good
18,Male,76,2.58,Low,Hot,Good
35,Female,51,1.56,Moderate,Normal,Good
23,Male,58,3.38,High,Hot,Good
61,Male,90,1.9,Low,Normal,Poor
58,Male,46,1.86,Low,Hot,Good
43,Female,56,2.5,High,Normal,Good
30,Male,91,3.05,Moderate,Cold,Good
69,Female,63,2.31,High,Cold,Good
68,Female,52,1.97,High,Normal,Good
40,Female,75,2.59,High,Cold,Good
19,Male,55,1.5,Low,Cold,Poor
39,Male,63,3.95,High,Hot,Good
55,Male,73,1.79,Low,Normal,Poor
41,Male,52,3.37,High,Hot,Good
24,Female,80,3.08,Moderate,Normal,Good
30,Male,90,3.48,Low,Hot,Good
48,Male,67,3.75,High,Hot,Good
67,Female,90,3.01,Moderate,Normal,Good
27,Female,64,4.05,High,Hot,Good
20,Female,74,2.37,Low,Normal,Good
23,Female,79,3.04,Low,Hot,Good
52,Male,101,3.3,Moderate,Normal,Good
27,Male,73,2.82,Low,Hot,Good
24,Male,68,2.67,Moderate,Normal,Good
56,Female,69,1.84,Low,Normal,Poor
51,Female,97,2.45,Low,Normal,Poor
68,Female,97,2.98,High,Cold,Good
24,Female,107,3.77,Moderate,Normal,Good
28,Female,53,3.25,Moderate,Hot,Good
54,Female,109,4.24,High,Normal,Good
46,Female,70,2.59,Moderate,Normal,Good
20,Male,103,3.14,Moderate,Cold,Good
34,Female,79,2.97,Moderate,Normal,Good
62,Female,88,2.88,High,Normal,Good
65,Male,106,2.54,Low,Normal,Poor
67,Male,45,1.95,Moderate,Normal,Good
29,Female,84,4.28,High,Hot,Good
41,Male,64,2.53,High,Normal,Good
38,Male,53,2.37,Moderate,Normal,Good
47,Female,98,4.63,Moderate,Hot,Good
61,Female,87,4.38,High,Hot,Good
58,Female,92,2.83,Low,Hot,Good
39,Male,61,1.59,Moderate,Cold,Poor
23,Female,108,3.36,Moderate,Cold,Good
24,Male,48,1.5,Low,Cold,Good
45,Male,82,2.65,Moderate,Normal,Good
64,Female,69,1.86,Low,Normal,Poor
32,Male,84,2.79,Low,Hot,Good
68,Female,84,3.54,High,Hot,Good
54,Female,61,1.63,Low,Cold,Poor
62,Male,85,2.83,High,Cold,Good
59,Female,75,3.23,High,Normal,Good
46,Female,82,3.09,High,Cold,Good
57,Male,74,1.5,Low,Cold,Poor
55,Female,99,3.59,Moderate,Normal,Good
27,Male,76,2.87,Moderate,Cold,Good
46,Female,89,3.29,High,Normal,Good
37,Female,109,4.56,High,Hot,Good
43,Male,67,2.93,High,Normal,Good
43,Male,106,4.2,High,Cold,Good
43,Female,49,2.83,Moderate,Hot,Good
52,Female,60,1.59,Low,Normal,Poor
31,Male,69,2.27,Low,Hot,Good
53,Female,62,1.65,Low,Normal,Poor
19,Male,70,2.9,High,Cold,Good
30,Male,57,1.96,Low,Normal,Good
39,Male,71,2.93,High,Cold,Good
55,Male,58,2.24,High,Cold,Good
29,Female,99,3.63,High,Normal,Good
42,Female,89,3.21,High,Normal,Good
33,Male,67,3.1,Low,Hot,Good
34,Male,96,3.03,Moderate,Cold,Good
37,Male,83,2.45,Low,Normal,Poor
51,Female,98,3.27,Moderate,Normal,Good
47,Male,109,4.42,Moderate,Hot,Good
58,Female,107,3.76,High,Normal,Good
65,Female,89,3.23,High,Cold,Good
19,Male,78,2.87,Low,Hot,Good
23,Female,60,1.5,Low,Cold,Poor
69,Male,71,2.11,High,Cold,Poor
52,Female,93,3.56,High,Normal,Good
54,Female,69,2.29,Moderate,Normal,Good
68,Male,85,1.78,Low,Cold,Poor
58,Female,58,2.04,High,Cold,Good
19,Male,92,3.88,High,Cold,Good
29,Female,45,1.94,Low,Hot,Good
26,Female,78,2.64,Low,Normal,Good
65,Female,90,2.92,High,Normal,Good
36,Female,72,1.9,Moderate,Cold,Poor
68,Male,66,2.93,High,Normal,Good
18,Male,80,3.46,Low,Hot,Good
46,Female,109,3.72,High,Cold,Good
21,Female,94,2.18,Low,Cold,Poor
42,Male,88,2.88,High,Cold,Good
48,Female,87,2.37,Low,Cold,Poor
33,Male,86,3.08,Moderate,Normal,Good
67,Female,50,1.5,Low,Cold,Good
34,Male,101,3.3,Moderate,Cold,Good
69,Female,78,2.67,Moderate,Normal,Good
68,Female,64,2.66,Moderate,Hot,Good
68,Female,97,3.2,Moderate,Normal,Good
21,Male,62,2.12,Low,Hot,Good
52,Female,74,2.9,Moderate,Normal,Good
35,Male,65,2.16,Low,Normal,Good
22,Female,85,2.76,Low,Normal,Good
47,Male,100,4.49,High,Hot,Good
31,Male,65,2.1,Low,Normal,Good
43,Female,69,2.12,Low,Cold,Good
48,Male,97,3.27,Moderate,Cold,Good
65,Male,48,1.92,Moderate,Hot,Good
48,Female,73,3.99,High,Hot,Good
20,Female,97,3.98,High,Cold,Good
52,Male,56,1.5,Moderate,Normal,Poor
65,Female,82,3.69,High,Hot,Good
36,Female,53,2.05,Moderate,Cold,Good
20,Female,74,2.64,Low,Normal,Good
41,Female,97,2.59,Low,Normal,Poor
21,Male,101,2.72,Low,Cold,Poor
45,Male,60,1.93,Low,Cold,Good
65,Female,69,2.26,High,Cold,Good
57,Female,47,1.54,Low,Normal,Good
58,Female,55,1.5,Moderate,Cold,Poor
44,Female,68,1.5,Low,Cold,Poor
47,Male,109,4.28,High,Cold,Good
25,Male,78,3.15,Low,Hot,Good
21,Male,73,2.38,Moderate,Normal,Good
28,Male,52,2.45,Moderate,Hot,Good
50,Female,52,2.98,High,Hot,Good
43,Male,70,3.39,High,Hot,Good
44,Female,73,2.64,High,Cold,Good
26,Male,49,1.64,Low,Normal,Good
45,Female,89,3.2,High,Cold,Good
32,Male,80,2.88,Low,Hot,Good
68,Female,89,3.64,High,Hot,Good
58,Male,109,3.03,Moderate,Normal,Poor
62,Female,105,2.47,Low,Cold,Poor
49,Male,74,3.33,Moderate,Hot,Good
37,Female,74,3.91,High,Hot,Good
54,Female,103,3.02,Low,Normal,Poor
20,Female,75,3.21,Low,Hot,Good
27,Female,82,3.6,Moderate,Hot,Good
46,Male,69,2.94,Low,Hot,Good
68,Male,89,2.96,High,Cold,Good
35,Female,96,2.4,Low,Normal,Poor
30,Female,87,4.19,Moderate,Hot,Good
59,Male,65,1.91,Low,Hot,Poor
46,Male,97,3.88,Low,Hot,Good
22,Male,53,2.86,High,Normal,Good
27,Male,90,3.64,High,Cold,Good
45,Male,74,2.57,High,Cold,Good
68,Male,82,2.8,Low,Hot,Good
63,Female,76,4.03,High,Hot,Good
18,Male,101,2.96,Moderate,Cold,Poor
37,Female,86,2.01,Low,Cold,Poor
25,Male,78,3.54,Moderate,Hot,Good
60,Female,87,3.95,Moderate,Hot,Good
64,Female,63,1.61,Moderate,Cold,Poor
69,Female,47,1.5,Moderate,Normal,Good
49,Female,92,3.22,Moderate,Cold,Good
47,Female,72,3.07,High,Normal,Good
68,Male,77,3.54,High,Hot,Good
35,Female,70,3.01,Moderate,Hot,Good
61,Female,87,3.11,Low,Hot,Good
35,Female,57,1.53,Low,Cold,Poor
31,Female,61,2.79,Moderate,Hot,Good
30,Female,50,1.5,Low,Normal,Good
47,Male,81,2.88,High,Cold,Good
63,Male,48,2.2,High,Normal,Good
34,Female,86,4.24,High,Hot,Good
68,Female,61,2.16,Moderate,Normal,Good
47,Female,87,2.46,Low,Cold,Poor
26,Female,90,3.76,High,Normal,Good
31,Male,64,2.69,Moderate,Hot,Good
34,Male,76,3.06,Low,Hot,Good
47,Female,93,3.09,Low,Normal,Good
44,Male,90,4.78,High,Hot,Good
43,Male,58,2.09,High,Cold,Good
38,Male,59,2.58,High,Normal,Good
68,Male,98,4.65,High,Hot,Good
28,Female,72,3.63,Moderate,Hot,Good
45,Female,70,1.77,Low,Normal,Poor
49,Male,92,3.52,High,Normal,Good
23,Male,105,3.45,Moderate,Cold,Good
58,Female,89,2.96,High,Normal,Good
18,Female,57,2.17,Moderate,Normal,Good
34,Male,92,3.54,Moderate,Normal,Good
66,Male,102,4.24,High,Hot,Good
61,Male,105,4.37,High,Hot,Good
56,Female,102,3.37,Moderate,Cold,Good
48,Male,47,2.19,Low,Hot,Good
23,Female,55,2.26,High,Cold,Good
65,Female,87,3.21,High,Cold,Good
46,Female,86,2.64,Moderate,Normal,Good
20,Male,65,3.32,High,Normal,Good
58,Female,97,4.04,Moderate,Hot,Good
54,Male,82,1.88,Moderate,Cold,Poor
41,Female,82,2.95,Moderate,Cold,Good
46,Male,89,2.71,Low,Cold,Good
65,Male,106,3.85,Moderate,Normal,Good
43,Female,105,3.85,Low,Hot,Good
35,Female,53,1.5,Low,Cold,Poor
60,Male,46,1.5,Moderate,Normal,Good
60,Female,62,1.83,High,Cold,Poor
48,Female,58,2.94,Low,Hot,Good
50,Male,88,3.44,Low,Hot,Good
52,Female,46,2.01,Moderate,Normal,Good
53,Male,99,4.11,High,Normal,Good
22,Female,84,3.74,High,Normal,Good
57,Female,72,3.14,High,Hot,Good
24,Male,82,3.29,Moderate,Hot,Good
68,Male,89,2.23,Low,Cold,Poor
49,Male,45,2.13,Moderate,Normal,Good
21,Female,51,1.85,High,Cold,Good
28,Female,74,3.46,High,Hot,Good
56,Male,99,4.16,High,Hot,Good
63,Female,70,2.25,Moderate,Cold,Good
26,Male,59,2.51,High,Normal,Good
33,Female,69,2.68,High,Normal,Good
30,Male,90,3.37,Moderate,Normal,Good
31,Female,67,3.19,High,Normal,Good
30,Female,71,3.79,High,Hot,Good
47,Male,48,2.26,High,Normal,Good
31,Male,55,1.77,Low,Cold,Good
58,Female,47,1.5,Low,Cold,Good
26,Female,45,2.5,Low,Hot,Good
25,Female,90,2.67,Low,Cold,Poor
55,Male,85,3.47,High,Hot,Good
33,Female,106,3.14,Low,Normal,Poor
31,Female,103,3.49,Moderate,Cold,Good
37,Female,49,1.52,Low,Cold,Good
64,Male,54,1.5,Moderate,Normal,Poor
45,Male,89,2.82,Low,Cold,Good
30,Female,67,1.91,Moderate,Cold,Poor
29,Male,91,3.83,High,Cold,Good
37,Female,58,1.77,Low,Cold,Good
66,Female,60,2.36,Low,Hot,Good
30,Female,109,3.68,High,Cold,Good
35,Male,87,2.8,Moderate,Cold,Good
62,Male,51,2.91,Moderate,Hot,Good
52,Female,48,1.84,Low,Hot,Good
37,Female,79,2.23,Moderate,Cold,Poor
38,Female,89,3.51,High,Cold,Good
39,Male,92,3.71,Moderate,Normal,Good
53,Male,86,3.52,High,Hot,Good
49,Male,57,2.18,Low,Normal,Good
30,Female,98,3.36,High,Cold,Good
33,Female,85,2.62,Moderate,Cold,Good
38,Female,60,3.22,Moderate,Hot,Good
60,Male,109,3.36,High,Cold,Good
64,Male,103,3.25,High,Cold,Good
32,Female,55,2.56,Low,Hot,Good
61,Male,60,3.45,High,Hot,Good
18,Male,92,2.99,Low,Normal,Good
28,Female,77,2.93,Moderate,Normal,Good
68,Male,84,3.18,Moderate,Normal,Good
39,Female,82,2.58,Low,Normal,Good
22,Male,66,3.57,Moderate,Hot,Good
61,Female,66,2.28,Low,Hot,Good
44,Female,99,3.41,Moderate,Cold,Good
34,Male,47,2.95,Moderate,Hot,Good
42,Female,106,3.8,High,Normal,Good
57,Male,53,2.67,Moderate,Hot,Good
20,Female,77,3.56,High,Hot,Good
29,Male,76,2.59,Moderate,Cold,Good
21,Female,61,1.61,Low,Normal,Poor
36,Male,48,1.5,Low,Normal,Good
39,Male,86,3.44,High,Cold,Good
28,Male,97,3.16,Low,Normal,Good
46,Female,64,2.54,High,Cold,Good
51,Female,56,1.5,Low,Cold,Poor
23,Male,63,3.31,High,Normal,Good
30,Female,47,1.64,High,Cold,Good
65,Female,89,2.98,Moderate,Normal,Good
49,Female,45,2.13,Moderate,Normal,Good
32,Male,94,4.3,Moderate,Hot,Good
32,Male,103,4.49,High,Hot,Good
54,Female,65,2.89,Moderate,Hot,Good
40,Male,62,2.54,High,Cold,Good
65,Male,70,3.63,High,Hot,Good
62,Male,80,2.39,Low,Hot,Poor
28,Male,71,2.43,Low,Normal,Good
23,Female,55,2.18,Low,Hot,Good
35,Female,101,4.04,High,Cold,Good
58,Male,58,3.12,Moderate,Hot,Good
33,Female,70,2.47,Low,Hot,Good
23,Female,97,3.12,Low,Hot,Good
57,Female,100,2.01,Low,Cold,Poor
64,Male,49,1.5,Low,Normal,Good
34,Male,77,3.51,Moderate,Hot,Good
60,Female,59,3.03,High,Hot,Good
40,Male,50,2.49,High,Cold,Good
43,Female,56,2.34,Moderate,Normal,Good
68,Female,46,2.44,Moderate,Hot,Good
48,Female,105,4.22,Moderate,Hot,Good
21,Female,78,4.02,Moderate,Hot,Good
48,Male,52,2.77,High,Hot,Good
32,Female,49,2.08,High,Cold,Good
26,Male,101,3.98,Low,Hot,Good
69,Female,63,1.63,Moderate,Normal,Poor
63,Female,106,4.87,High,Hot,Good
22,Male,77,3.8,High,Hot,Good
36,Male,61,1.69,Moderate,Cold,Poor
45,Female,86,3.96,High,Normal,Good
56,Male,71,3.18,Moderate,Hot,Good
45,Male,96,3.43,High,Cold,Good
35,Male,66,2.95,Moderate,Normal,Good
28,Female,108,2.88,Low,Cold,Poor
24,Female,101,3.62,Low,Hot,Good
54,Female,94,3.13,High,Normal,Good
34,Male,77,2.63,Low,Normal,Good
30,Female,47,2.63,High,Normal,Good
62,Male,99,3.11,Low,Hot,Good
50,Male,104,4.89,High,Hot,Good
19,Female,62,2.65,Low,Hot,Good
47,Female,62,2.78,Moderate,Hot,Good
25,Female,53,1.72,Moderate,Normal,Good
31,Female,57,2.5,Low,Hot,Good
67,Female,66,1.81,Moderate,Cold,Poor
24,Female,74,2.48,Low,Hot,Good
48,Male,64,2.57,High,Normal,Good
46,Male,54,2.78,Moderate,Hot,Good
28,Male,74,2.54,Low,Normal,Good
40,Female,107,3.71,Low,Hot,Good
54,Female,102,3.52,Low,Hot,Good
23,Male,81,2.89,Low,Normal,Good
30,Female,106,3.68,High,Normal,Good
42,Male,84,3.74,High,Normal,Good
59,Female,53,2.56,High,Normal,Good
21,Male,78,3.68,Moderate,Hot,Good
34,Female,67,3.83,High,Hot,Good
64,Male,100,3.08,Moderate,Normal,Good
38,Male,86,2.62,Low,Cold,Good
66,Female,54,2.04,High,Cold,Good
38,Female,104,3.04,Moderate,Cold,Poor
30,Female,92,4.66,High,Hot,Good
29,Male,53,1.5,Low,Cold,Poor
66,Female,84,2.29,Moderate,Normal,Poor
47,Female,108,3.0,Low,Normal,Poor
27,Female,72,2.05,Low,Cold,Poor
28,Male,65,1.89,Low,Cold,Poor
43,Male,62,3.22,High,Normal,Good
58,Female,59,2.35,Moderate,Hot,Good
23,Female,104,4.15,High,Normal,Good
69,Male,53,1.83,Moderate,Cold,Good
47,Male,88,2.55,Low,Normal,Poor
45,Female,52,2.57,Moderate,Hot,Good
52,Male,74,2.1,Moderate,Cold,Poor
28,Male,64,2.82,Low,Hot,Good
51,Male,56,1.95,Moderate,Normal,Good
20,Male,107,3.43,Moderate,Cold,Good
69,Female,49,2.16,High,Cold,Good
18,Male,96,3.27,High,Cold,Good
36,Female,107,3.78,Low,Hot,Good
65,Female,83,3.04,High,Cold,Good
33,Female,61,3.12,High,Normal,Good
60,Female,93,3.51,Moderate,Hot,Good
20,Male,68,2.05,Moderate,Cold,Good
21,Male,88,3.36,High,Cold,Good
32,Male,75,2.41,Moderate,Normal,Good
28,Male,72,2.44,Moderate,Normal,Good
41,Female,83,3.57,Moderate,Hot,Good
29,Male,94,2.74,Moderate,Cold,Poor
53,Male,97,3.64,High,Normal,Good
36,Female,98,3.97,High,Cold,Good
28,Female,75,1.91,Low,Normal,Poor
53,Male,103,3.75,Moderate,Hot,Good
64,Female,93,3.35,Moderate,Normal,Good
35,Male,102,4.09,Low,Hot,Good
34,Female,69,3.58,High,Hot,Good
57,Female,87,3.49,High,Normal,Good
24,Male,88,2.77,Moderate,Cold,Good
36,Female,65,1.65,Low,Normal,Poor
45,Female,76,2.99,High,Normal,Good
44,Female,84,2.44,Low,Cold,Poor
41,Male,62,3.28,High,Normal,Good
32,Male,79,3.45,Moderate,Hot,Good
42,Male,47,2.9,High,Hot,Good
56,Female,76,2.97,High,Cold,Good
38,Female,53,1.83,Low,Hot,Good
21,Female,48,2.93,High,Hot,Good
51,Female,71,2.67,Moderate,Hot,Good
49,Female,85,4.0,Moderate,Hot,Good
61,Female,58,1.5,Moderate,Cold,Poor
18,Male,76,3.06,High,Normal,Good
65,Female,60,2.15,High,Cold,Good
49,Female,54,3.14,Moderate,Hot,Good
62,Female,89,4.4,High,Hot,Good
32,Male,99,2.32,Low,Cold,Poor
55,Male,99,3.04,Moderate,Cold,Good
26,Female,52,1.61,Moderate,Cold,Good
32,Male,59,3.31,Moderate,Hot,Good
29,Female,86,3.38,Moderate,Hot,Good
22,Female,71,3.16,High,Normal,Good
69,Female,90,2.8,Moderate,Normal,Good
51,Male,102,2.53,Moderate,Cold,Poor
46,Female,70,2.22,Moderate,Normal,Good
20,Male,79,2.61,Moderate,Cold,Good
52,Male,47,3.09,High,Hot,Good
30,Male,73,3.02,High,Normal,Good
39,Female,102,4.05,Low,Hot,Good
27,Male,69,2.53,Moderate,Cold,Good
29,Female,47,1.73,Low,Normal,Good
64,Female,99,2.74,Low,Cold,Poor
24,Female,78,3.9,High,Hot,Good
60,Female,67,3.41,High,Hot,Good
47,Male,96,2.3,Low,Cold,Poor
58,Male,80,2.35,Moderate,Normal,Poor
27,Male,104,4.15,High,Cold,Good
23,Female,49,3.31,High,Hot,Good
60,Female,96,3.25,Moderate,Cold,Good
23,Female,46,1.5,Low,Cold,Good
29,Female,88,2.96,Moderate,Normal,Good
24,Female,76,3.1,High,Cold,Good
56,Female,97,2.64,Low,Cold,Poor
42,Female,97,2.49,Low,Cold,Poor
46,Male,50,1.68,Low,Normal,Good
20,Male,79,3.29,Moderate,Normal,Good
50,Male,47,1.5,Low,Cold,Good
31,Female,62,1.53,Low,Cold,Poor
30,Female,69,3.46,Moderate,Hot,Good
28,Male,73,3.19,Low,Hot,Good
44,Male,86,3.36,Moderate,Normal,Good
43,Female,67,1.5,Low,Cold,Poor
59,Female,55,1.74,Moderate,Normal,Good
49,Female,56,3.83,High,Hot,Good
39,Female,70,2.38,Low,Normal,Good
22,Female,65,2.8,Moderate,Hot,Good
56,Male,49,1.5,Low,Normal,Good
64,Female,101,2.1,Low,Cold,Poor
36,Female,81,2.74,Moderate,Cold,Good
22,Female,76,4.13,High,Hot,Good
19,Male,95,3.8,High,Normal,Good
36,Female,59,1.86,Moderate,Normal,Good
64,Male,109,3.4,Low,Normal,Good
34,Male,89,3.05,Low,Hot,Good
23,Male,96,3.71,High,Cold,Good
20,Female,91,3.25,High,Normal,Good
39,Male,50,2.38,High,Cold,Good
63,Male,105,3.26,Low,Normal,Good
23,Female,64,2.21,Low,Hot,Good
58,Male,75,3.84,High,Hot,Good
43,Female,102,3.97,Low,Hot,Good
63,Female,68,1.91,Low,Normal,Poor
54,Male,85,3.72,High,Normal,Good
48,Male,46,3.27,High,Hot,Good
22,Male,105,2.97,Moderate,Cold,Poor
51,Female,81,2.63,Moderate,Cold,Good
46,Male,82,2.53,Low,Normal,Good
58,Female,77,3.09,Low,Hot,Good
34,Female,57,2.84,High,Cold,Good
25,Female,108,4.11,High,Normal,Good
26,Male,67,2.07,Low,Cold,Good
38,Male,45,2.55,High,Cold,Good
19,Female,88,2.07,Low,Cold,Poor
69,Female,49,3.16,High,Hot,Good
56,Female,89,2.27,Moderate,Cold,Poor
30,Female,76,2.14,Low,Normal,Poor
60,Female,52,2.27,High,Cold,Good
28,Female,72,2.65,High,Cold,Good
43,Male,70,2.4,Moderate,Normal,Good
45,Male,51,2.89,Moderate,Hot,Good
39,Female,66,1.83,Moderate,Cold,Poor
63,Male,94,2.67,Moderate,Normal,Poor
21,Male,59,1.5,Low,Normal,Poor
69,Male,83,2.24,Low,Normal,Poor
46,Female,106,2.49,Low,Cold,Poor
43,Male,62,1.8,Low,Cold,Poor
41,Female,86,3.29,High,Cold,Good
55,Female,98,2.95,High,Cold,Good
49,Female,102,3.3,Low,Normal,Good
31,Female,98,3.18,Low,Hot,Good
26,Male,87,3.74,Low,Hot,Good
31,Male,52,2.85,Moderate,Hot,Good
31,Female,96,3.94,High,Cold,Good
66,Female,52,2.77,Moderate,Hot,Good
19,Female,85,3.51,Moderate,Hot,Good
44,Female,64,3.02,High,Normal,Good
29,Male,86,3.67,Moderate,Hot,Good
67,Male,75,2.11,Low,Normal,Poor
55,Male,97,3.38,Low,Hot,Good
26,Male,83,2.81,High,Cold,Good
57,Female,74,2.24,Low,Hot,Good
45,Male,91,2.76,Moderate,Cold,Good
55,Male,76,2.39,Low,Hot,Good
49,Female,100,3.73,Low,Hot,Good
41,Male,79,2.46,Low,Cold,Good
50,Female,90,3.71,Low,Hot,Good
50,Female,108,3.98,High,Cold,Good
32,Male,73,2.31,Moderate,Cold,Good
49,Female,74,3.17,Low,Hot,Good
55,Female,56,2.21,Moderate,Normal,Good
65,Female,54,1.5,Low,Normal,Poor
40,Male,55,2.8,Low,Hot,Good
63,Male,58,3.59,High,Hot,Good
34,Male,86,2.18,Low,Cold,Poor
63,Female,93,4.52,High,Hot,Good
56,Male,46,1.89,Moderate,Normal,Good
41,Female,55,2.71,High,Cold,Good
25,Male,66,2.84,Moderate,Normal,Good
19,Male,49,1.5,Low,Cold,Good
61,Male,63,1.5,Low,Normal,Poor
21,Male,90,3.33,Moderate,Cold,Good
67,Female,70,1.65,Moderate,Cold,Poor
64,Female,88,3.06,Low,Hot,Good
41,Male,95,4.43,High,Hot,Good
55,Female,70,2.74,Low,Hot,Good
48,Male,89,3.58,High,Normal,Good
65,Female,89,1.72,Low,Cold,Poor
69,Female,96,4.07,High,Normal,Good
34,Female,106,5.23,High,Hot,Good
32,Female,93,3.77,Moderate,Hot,Good
68,Female,88,3.78,High,Hot,Good
61,Male,66,2.79,High,Cold,Good
33,Male,88,3.32,Low,Hot,Good
18,Female,105,4.54,High,Normal,Good
44,Female,69,2.21,Low,Cold,Good
48,Male,76,2.38,Moderate,Normal,Good
28,Female,54,2.15,Moderate,Normal,Good
58,Female,91,3.38,High,Normal,Good
41,Female,97,2.28,Low,Cold,Poor
45,Male,79,3.38,Low,Hot,Good
51,Female,99,2.36,Low,Cold,Poor
66,Female,86,2.08,Low,Cold,Poor
60,Female,103,3.77,High,Normal,Good
23,Female,64,1.5,Low,Cold,Poor
69,Female,66,1.9,High,Cold,Poor
49,Male,91,2.61,Low,Cold,Poor
44,Male,88,3.66,High,Normal,Good
44,Male,100,4.01,High,Cold,Good
36,Male,98,3.45,Moderate,Normal,Good
21,Female,97,4.12,Moderate,Hot,Good
55,Male,84,3.11,Low,Hot,Good
26,Female,54,2.41,Moderate,Hot,Good
27,Female,102,2.79,Low,Normal,Poor
61,Female,101,3.21,Low,Hot,Good
36,Female,67,2.13,Low,Cold,Good
66,Male,68,2.84,High,Cold,Good
21,Female,78,2.65,Low,Hot,Good
68,Male,109,2.33,Low,Cold,Poor
25,Male,98,2.66,Moderate,Cold,Poor
42,Male,103,3.58,Low,Normal,Good
56,Female,82,2.34,Moderate,Cold,Poor
18,Male,49,2.29,Low,Hot,Good
44,Female,87,3.54,Moderate,Hot,Good
43,Female,55,2.0,Low,Normal,Good
19,Male,65,2.83,High,Cold,Good
29,Male,49,2.23,High,Cold,Good
67,Male,54,2.66,High,Normal,Good
27,Female,80,3.45,High,Cold,Good
67,Female,81,2.73,Moderate,Normal,Good
55,Male,92,2.67,Low,Hot,Poor
33,Male,105,2.97,Moderate,Cold,Poor
64,Female,92,2.0,Low,Cold,Poor
37,Female,81,3.43,Moderate,Normal,Good
22,Female,96,3.19,Moderate,Cold,Good
69,Female,106,4.4,High,Hot,Good
37,Male,60,2.45,Moderate,Normal,Good
19,Male,56,1.5,Low,Cold,Poor
18,Female,102,3.76,Moderate,Cold,Good
43,Female,105,4.8,Moderate,Hot,Good
57,Female,70,2.73,Low,Hot,Good
34,Female,95,3.71,Moderate,Normal,Good
57,Male,71,1.5,Low,Cold,Poor
63,Male,55,2.15,Moderate,Normal,Good
44,Female,91,2.51,Low,Normal,Poor
38,Male,72,2.31,Moderate,Normal,Good
37,Female,89,3.17,Low,Hot,Good
66,Male,100,2.54,Moderate,Cold,Poor
54,Female,75,3.41,High,Normal,Good
56,Male,54,2.26,Moderate,Hot,Good
45,Female,57,3.06,High,Normal,Good
25,Male,49,2.46,Moderate,Normal,Good
20,Female,62,2.99,High,Cold,Good
55,Male,103,2.9,Moderate,Cold,Poor
38,Male,61,2.44,Moderate,Normal,Good
19,Female,108,4.04,Moderate,Hot,Good
36,Female,82,3.65,Low,Hot,Good
21,Female,47,1.5,Low,Cold,Good
27,Female,71,1.85,Moderate,Cold,Poor
44,Female,45,1.5,Moderate,Cold,Good
69,Male,69,1.96,Moderate,Cold,Poor
33,Female,55,2.53,Moderate,Normal,Good
30,Male,59,1.5,Low,Normal,Poor
55,Male,55,1.5,Low,Cold,Poor
50,Male,64,2.76,Low,Hot,Good
27,Female,98,3.25,Moderate,Normal,Good
46,Female,45,1.75,Low,Hot,Good
32,Male,77,3.65,High,Hot,Good
21,Female,102,3.96,High,Normal,Good
32,Female,61,2.8,High,Normal,Good
19,Female,48,2.27,High,Cold,Good
43,Female,90,4.61,High,Hot,Good
57,Female,96,4.12,Moderate,Hot,Good
56,Female,104,3.64,Moderate,Normal,Good
44,Male,99,4.01,Moderate,Hot,Good
59,Female,96,3.15,Low,Hot,Good
67,Male,54,1.81,Low,Normal,Good
30,Female,56,2.98,High,Hot,Good
44,Male,107,3.7,Low,Normal,Good
53,Male,87,2.72,High,Cold,Good
54,Female,73,2.9,High,Normal,Good
27,Male,55,2.27,High,Normal,Good
40,Male,65,2.22,Low,Hot,Good
69,Female,102,3.88,High,Cold,Good
59,Female,105,2.44,Low,Normal,Poor
54,Female,91,1.87,Low,Cold,Poor
45,Male,54,3.02,High,Hot,Good
51,Male,49,2.46,High,Hot,Good
23,Male,86,3.66,Moderate,Hot,Good
45,Female,57,2.66,High,Normal,Good
24,Female,102,3.75,High,Cold,Good
19,Female,82,2.8,High,Cold,Good
44,Female,59,2.7,Moderate,Hot,Good
68,Male,87,3.8,High,Normal,Good
57,Male,92,3.61,High,Cold,Good
61,Female,96,3.42,High,Cold,Good
46,Female,75,1.9,Low,Normal,Poor
35,Female,77,3.82,Moderate,Hot,Good
31,Male,102,3.51,Moderate,Cold,Good
28,Male,67,2.62,Low,Hot,Good
32,Male,100,4.3,High,Normal,Good
33,Female,84,3.45,Moderate,Hot,Good
64,Male,67,2.64,High,Normal,Good
25,Female,100,4.72,High,Hot,Good
29,Male,72,2.22,Moderate,Normal,Good
38,Female,106,3.5,Moderate,Cold,Good
28,Female,60,2.89,High,Cold,Good
44,Female,109,3.94,Moderate,Normal,Good
22,Female,90,4.28,High,Hot,Good
58,Female,88,2.43,Low,Normal,Poor
51,Male,59,2.66,High,Normal,Good
21,Female,86,2.89,Moderate,Cold,Good
20,Female,79,4.49,High,Hot,Good
26,Male,66,1.99,Low,Cold,Good
41,Male,67,2.7,High,Normal,Good
62,Female,59,2.28,Low,Hot,Good
31,Female,96,3.91,High,Normal,Good
56,Male,80,2.13,Low,Cold,Poor
43,Female,85,2.5,Moderate,Cold,Poor
36,Male,85,1.91,Low,Cold,Poor
56,Male,51,1.5,Low,Normal,Poor
29,Female,64,3.37,High,Normal,Good
46,Female,91,2.74,Low,Normal,Good
23,Male,62,2.62,Moderate,Hot,Good
54,Female,79,3.49,High,Hot,Good
26,Male,75,2.3,Moderate,Cold,Good
59,Male,87,3.29,High,Cold,Good
28,Male,61,2.8,Moderate,Hot,Good
19,Male,68,3.68,Moderate,Hot,Good
32,Female,72,3.28,High,Cold,Good
69,Male,98,3.05,High,Cold,Good
30,Female,94,2.12,Low,Cold,Poor
48,Female,92,4.54,High,Hot,Good
48,Male,48,2.42,Moderate,Normal,Good
20,Male,108,4.03,Moderate,Normal,Good
63,Female,100,2.3,Low,Normal,Poor
43,Male,104,2.82,Moderate,Cold,Poor
39,Male,92,3.97,Moderate,Hot,Good
58,Male,107,3.32,Low,Normal,Good
20,Male,51,2.34,Moderate,Hot,Good
19,Male,77,2.08,Low,Normal,Poor
29,Male,97,4.41,High,Hot,Good
58,Female,102,3.84,Low,Hot,Good
40,Female,80,2.25,Low,Normal,Poor
38,Male,65,2.35,High,Cold,Good
30,Male,66,2.9,Low,Hot,Good
22,Female,94,4.45,High,Hot,Good
43,Female,54,3.67,High,Hot,Good
55,Male,55,2.32,Moderate,Hot,Good
21,Male,46,2.04,High,Normal,Good
34,Female,67,2.71,Moderate,Cold,Good
30,Male,86,3.48,Low,Hot,Good
46,Female,60,3.94,High,Hot,Good
21,Female,60,3.09,Moderate,Hot,Good
59,Male,101,4.31,High,Hot,Good
40,Male,86,3.28,High,Normal,Good
49,Female,108,3.33,Moderate,Normal,Good
46,Female,63,2.0,Low,Normal,Good
50,Male,89,3.34,Low,Hot,Good
63,Male,57,2.01,Moderate,Cold,Good
29,Female,58,2.45,High,Normal,Good
45,Male,92,2.33,Low,Normal,Poor
18,Male,61,3.88,High,Hot,Good
50,Male,68,3.68,High,Hot,Good
23,Male,48,1.51,Moderate,Normal,Good
27,Female,80,2.13,Moderate,Cold,Poor
65,Male,75,2.92,High,Cold,Good
37,Female,52,1.5,Low,Cold,Poor
26,Male,87,2.38,Low,Cold,Poor
58,Female,70,2.28,Low,Hot,Good
18,Male,64,1.73,Moderate,Cold,Poor
41,Female,96,4.17,High,Normal,Good
38,Male,69,1.5,Low,Cold,Poor
53,Male,71,1.97,Moderate,Normal,Poor
39,Male,89,3.02,Low,Normal,Good
52,Male,90,3.0,High,Cold,Good
20,Female,50,2.27,Low,Hot,Good
63,Male,77,2.78,High,Normal,Good
56,Male,104,3.11,Moderate,Normal,Poor
31,Female,68,2.74,Moderate,Cold,Good
50,Female,51,2.22,Moderate,Cold,Good
18,Male,109,4.3,High,Normal,Good
19,Female,98,4.12,Low,Hot,Good
53,Male,107,3.72,Moderate,Hot,Good
56,Female,96,2.68,Moderate,Cold,Poor
54,Female,56,2.56,Moderate,Hot,Good
37,Female,76,2.43,Low,Cold,Good
61,Female,99,2.51,Low,Cold,Poor
24,Female,96,4.86,High,Hot,Good
63,Female,85,3.27,Low,Hot,Good
22,Female,107,4.59,High,Hot,Good
59,Male,52,1.83,Moderate,Normal,Good
51,Female,97,3.71,High,Normal,Good
46,Male,58,2.11,Moderate,Cold,Good
65,Male,71,2.68,Low,Hot,Good
46,Female,47,3.59,High,Hot,Good
53,Female,53,1.5,Low,Cold,Poor
40,Female,76,2.75,Moderate,Normal,Good
30,Female,93,3.21,High,Cold,Good
47,Male,84,4.52,High,Hot,Good
65,Male,51,1.6,Moderate,Normal,Good
33,Female,66,2.41,Low,Hot,Good
62,Female,85,3.45,High,Cold,Good
20,Male,96,3.71,High,Cold,Good
54,Male,66,2.78,Moderate,Hot,Good
19,Male,66,3.32,High,Normal,Good
34,Male,100,3.53,Moderate,Cold,Good
62,Male,75,1.5,Low,Cold,Poor
25,Female,97,4.05,High,Cold,Good
21,Male,78,2.18,Moderate,Cold,Poor
37,Female,50,1.79,High,Cold,Good
22,Male,105,3.49,Low,Hot,Good
55,Female,79,3.69,High,Hot,Good
30,Male,70,1.84,Low,Cold,Poor
32,Male,55,1.78,Low,Normal,Good
64,Male,102,4.3,Moderate,Hot,Good
33,Male,56,2.98,High,Normal,Good
44,Male,94,2.92,Low,Cold,Good
23,Male,106,2.76,Low,Normal,Poor
69,Male,106,3.72,Low,Hot,Good
30,Male,98,4.04,High,Cold,Good
49,Male,72,2.46,Moderate,Cold,Good
66,Female,77,2.46,Low,Normal,Good
22,Male,45,1.5,Low,Cold,Good
38,Male,89,3.2,Moderate,Cold,Good
45,Female,84,3.55,Low,Hot,Good
66,Female,105,3.35,High,Cold,Good
66,Female,68,2.99,High,Normal,Good
65,Male,45,1.84,High,Cold,Good
38,Female,83,4.41,High,Hot,Good
21,Female,70,2.31,High,Cold,Good
30,Female,105,4.18,Low,Hot,Good
44,Female,46,1.5,Low,Cold,Good
42,Male,63,2.19,Low,Hot,Good
64,Male,68,2.92,Moderate,Hot,Good
33,Female,93,3.81,Low,Hot,Good
66,Male,75,2.53,Moderate,Normal,Good
19,Male,105,3.87,High,Normal,Good
65,Male,87,4.5,High,Hot,Good
57,Male,74,3.16,High,Hot,Good
61,Female,58,2.72,Moderate,Hot,Good
61,Male,78,2.96,High,Normal,Good
42,Female,56,2.84,High,Normal,Good
58,Male,105,3.55,Low,Hot,Good
65,Male,86,2.92,High,Cold,Good
26,Male,75,2.46,Moderate,Normal,Good
45,Male,91,1.99,Low,Cold,Poor
39,Female,68,2.67,High,Cold,Good
36,Male,68,4.2,High,Hot,Good
37,Male,71,3.52,Moderate,Hot,Good
46,Female,109,4.91,Moderate,Hot,Good
53,Female,98,4.42,High,Hot,Good
56,Female,51,1.5,Low,Cold,Poor
37,Male,69,1.5,Low,Cold,Poor
26,Female,71,2.71,High,Normal,Good
53,Female,53,2.96,Moderate,Hot,Good
38,Male,94,3.76,Moderate,Normal,Good
43,Male,88,2.72,Moderate,Normal,Good
51,Female,90,3.79,Moderate,Hot,Good
24,Female,93,2.26,Low,Cold,Poor
26,Male,76,2.83,High,Cold,Good
49,Female,87,2.82,High,Cold,Good
44,Female,103,3.8,Moderate,Normal,Good
33,Female,70,2.97,Low,Hot,Good
51,Female,85,2.64,Low,Hot,Good
48,Male,107,3.78,High,Cold,Good
38,Female,80,4.49,High,Hot,Good
43,Female,62,2.15,High,Cold,Good
39,Female,72,2.25,Moderate,Cold,Good
24,Male,107,3.49,Moderate,Cold,Good
59,Male,68,2.77,High,Normal,Good
66,Female,103,3.62,Low,Hot,Good
39,Male,105,3.13,Low,Normal,Poor
22,Male,104,3.57,Moderate,Normal,Good
38,Male,55,1.5,Low,Cold,Poor
32,Male,95,2.86,Moderate,Cold,Good
67,Female,47,3.22,High,Hot,Good
45,Female,75,2.4,Moderate,Cold,Good
66,Male,91,3.97,Moderate,Hot,Good
52,Female,89,3.8,High,Hot,Good
67,Female,65,3.7,High,Hot,Good
38,Male,102,4.63,High,Hot,Good
34,Female,90,3.79,Low,Hot,Good
47,Female,69,1.93,Low,Normal,Poor
54,Female,90,3.35,Moderate,Normal,Good
43,Female,107,3.76,High,Cold,Good
29,Male,101,3.64,High,Normal,Good
48,Male,48,2.53,High,Normal,Good
18,Female,50,1.5,Low,Cold,Good
44,Female,66,3.25,Moderate,Hot,Good
46,Female,61,3.92,High,Hot,Good
39,Female,102,4.48,Moderate,Hot,Good
64,Male,48,1.5,High,Cold,Good
30,Male,105,3.69,Moderate,Cold,Good
30,Male,77,2.95,Moderate,Normal,Good
46,Female,105,3.73,Low,Hot,Good
35,Male,89,2.9,Moderate,Normal,Good
69,Female,64,2.5,Low,Hot,Good
24,Male,46,2.3,Moderate,Normal,Good
38,Female,73,2.61,High,Cold,Good
29,Male,103,3.79,Low,Hot,Good
56,Female,95,3.09,High,Normal,Good
63,Male,90,3.21,Moderate,Normal,Good
65,Male,102,3.0,High,Cold,Poor
32,Male,98,3.27,Low,Normal,Good
65,Male,71,2.22,Moderate,Normal,Good
40,Male,58,3.01,Moderate,Hot,Good
29,Male,69,2.89,Low,Hot,Good
41,Female,97,2.67,Moderate,Cold,Poor
26,Male,94,3.76,Moderate,Hot,Good
56,Male,88,2.41,Moderate,Cold,Poor
47,Male,49,1.5,Low,Cold,Good
69,Male,109,3.74,Moderate,Normal,Good
41,Female,59,2.91,Low,Hot,Good
23,Male,83,3.63,Moderate,Hot,Good
56,Male,73,2.22,High,Cold,Good
63,Male,75,2.91,Low,Hot,Good
32,Female,64,2.21,Moderate,Cold,Good
30,Male,105,3.94,High,Normal,Good
61,Female,54,3.33,High,Hot,Good
40,Male,92,3.87,High,Cold,Good
25,Male,87,2.96,High,Cold,Good
67,Female,95,3.63,Low,Hot,Good
62,Male,85,2.8,Moderate,Normal,Good
35,Male,74,2.7,Low,Hot,Good
65,Male,67,1.91,Moderate,Normal,Poor
24,Female,97,4.35,Moderate,Hot,Good
62,Male,93,2.86,Low,Hot,Good
35,Male,91,3.65,High,Cold,Good
44,Female,71,2.72,High,Cold,Good
34,Female,88,4.2,High,Hot,Good
41,Male,104,4.78,High,Hot,Good
40,Male,60,2.06,Low,Hot,Good
51,Female,69,1.5,Low,Cold,Poor
22,Male,84,3.21,High,Normal,Good
45,Female,53,2.16,Moderate,Normal,Good
34,Male,84,1.96,Low,Cold,Poor
62,Male,87,3.74,Moderate,Hot,Good
18,Female,103,3.9,Low,Hot,Good
35,Male,109,4.95,High,Hot,Good
65,Male,98,2.54,Low,Cold,Poor
33,Female,64,1.96,Moderate,Cold,Good
50,Male,51,2.71,Moderate,Hot,Good
50,Female,84,3.58,High,Normal,Good
62,Female,85,2.85,Moderate,Cold,Good
34,Female,94,4.27,High,Hot,Good
21,Female,100,3.25,High,Cold,Good
56,Male,45,1.5,Moderate,Cold,Good
36,Female,105,4.97,High,Hot,Good
47,Male,59,1.53,Low,Cold,Poor
23,Female,82,2.31,Low,Cold,Poor
52,Male,46,2.15,High,Cold,Good
68,Male,63,3.61,High,Hot,Good
48,Female,66,1.5,Low,Cold,Poor
39,Female,81,2.55,Moderate,Normal,Good
22,Male,108,3.76,High,Cold,Good
46,Female,57,2.14,High,Cold,Good
39,Male,54,1.5,Low,Cold,Poor
59,Male,103,2.39,Low,Normal,Poor
28,Female,106,3.88,Moderate,Normal,Good
44,Male,99,5.03,High,Hot,Good
22,Female,47,1.5,Low,Normal,Good
39,Male,56,1.52,Low,Normal,Poor
20,Female,80,3.33,Low,Hot,Good
18,Male,93,3.17,Moderate,Cold,Good
43,Female,87,2.76,Moderate,Cold,Good
41,Male,81,2.9,Low,Normal,Good
27,Female,62,3.49,High,Hot,Good
46,Female,48,1.76,Moderate,Normal,Good
65,Male,63,1.5,Low,Normal,Poor
55,Male,69,2.36,High,Cold,Good
27,Female,72,2.79,Low,Hot,Good
42,Male,95,4.38,High,Hot,Good
53,Female,102,2.33,Low,Cold,Poor
54,Male,55,2.03,Moderate,Normal,Good
20,Male,46,2.41,High,Normal,Good
51,Male,46,1.5,Moderate,Normal,Good
48,Male,88,2.17,Low,Normal,Poor
51,Male,98,3.52,Low,Hot,Good
27,Male,90,3.07,High,Cold,Good
36,Female,68,1.85,Low,Normal,Poor
25,Female,72,3.8,High,Hot,Good
33,Male,70,2.79,High,Cold,Good
66,Female,75,2.79,Moderate,Normal,Good
53,Male,103,4.65,High,Hot,Good
40,Male,47,1.73,Moderate,Normal,Good
49,Male,59,2.58,High,Cold,Good
19,Female,107,4.15,Low,Hot,Good
18,Female,49,2.49,High,Normal,Good
52,Female,49,1.5,Moderate,Cold,Good
45,Female,88,4.0,High,Hot,Good
31,Male,66,2.94,High,Normal,Good
40,Female,87,2.75,Low,Cold,Good
43,Female,85,2.68,Low,Cold,Good
34,Male,53,2.45,Moderate,Hot,Good
23,Female,108,3.47,Moderate,Cold,Good
60,Female,100,3.52,Moderate,Normal,Good
65,Female,92,3.23,High,Cold,Good
42,Male,107,3.52,Moderate,Cold,Good
31,Female,64,3.05,Moderate,Hot,Good
28,Female,83,3.04,Low,Hot,Good
60,Female,105,4.22,Moderate,Hot,Good
18,Male,67,3.03,High,Cold,Good
27,Male,107,4.17,Moderate,Hot,Good
19,Male,64,2.14,Low,Hot,Good
47,Male,82,3.6,High,Cold,Good
31,Male,68,1.75,Low,Normal,Poor
63,Female,78,2.31,High,Cold,Poor
58,Male,59,2.52,High,Cold,Good
29,Female,82,3.62,High,Normal,Good
55,Female,93,2.08,Low,Cold,Poor
57,Female,68,2.02,Low,Normal,Poor
57,Female,64,2.11,Low,Normal,Good
52,Male,92,3.62,Low,Hot,Good
57,Male,100,2.81,Moderate,Cold,Poor
61,Female,55,2.86,High,Hot,Good
56,Male,58,2.96,High,Hot,Good
29,Female,61,3.32,High,Hot,Good
31,Male,69,2.36,Low,Hot,Good
42,Male,104,3.5,High,Cold,Good
60,Female,64,2.71,High,Normal,Good
42,Female,71,2.0,Low,Normal,Poor
27,Male,94,4.21,Moderate,Hot,Good
21,Male,51,1.99,Moderate,Normal,Good
18,Female,73,2.64,Moderate,Normal,Good
43,Male,61,2.56,High,Normal,Good
25,Male,45,1.65,Moderate,Cold,Good
24,Female,90,1.96,Low,Cold,Poor
44,Male,64,2.24,Low,Hot,Good
19,Male,105,4.87,High,Hot,Good
47,Female,74,1.65,Low,Cold,Poor
62,Male,68,2.22,Low,Hot,Good
36,Male,105,4.22,Low,Hot,Good
33,Female,100,3.39,Low,Hot,Good
29,Female,47,1.5,Low,Cold,Good
26,Male,90,3.03,High,Cold,Good
28,Female,54,2.03,Low,Hot,Good
19,Male,61,2.82,Moderate,Hot,Good
33,Male,54,1.54,Low,Normal,Poor
43,Female,102,4.12,Moderate,Hot,Good
41,Female,60,2.73,High,Normal,Good
26,Female,50,2.5,Moderate,Hot,Good
31,Female,68,3.01,High,Cold,Good
62,Female,71,1.94,Moderate,Cold,Poor
53,Male,47,1.65,Moderate,Normal,Good
27,Male,61,1.5,Low,Normal,Poor
65,Female,93,4.06,High,Hot,Good
24,Male,65,3.86,High,Hot,Good
34,Male,105,2.91,Low,Normal,Poor
69,Female,57,1.81,High,Cold,Good
58,Female,48,1.5,Low,Cold,Good
32,Female,52,2.41,High,Normal,Good
19,Female,90,3.53,High,Cold,Good
53,Female,70,1.84,Moderate,Normal,Poor
58,Male,95,4.21,Moderate,Hot,Good
26,Female,47,2.33,Low,Hot,Good
66,Male,89,3.27,High,Cold,Good
24,Female,85,2.85,High,Cold,Good
67,Male,45,1.5,Low,Cold,Good
37,Male,57,1.94,Low,Hot,Good
40,Female,85,4.05,High,Hot,Good
26,Female,73,2.18,Low,Cold,Poor
49,Female,55,2.04,Moderate,Normal,Good
46,Male,75,2.57,Low,Hot,Good
69,Male,98,4.1,High,Hot,Good
42,Female,98,2.82,Low,Cold,Poor
26,Male,79,2.58,High,Cold,Good
63,Female,99,3.28,Moderate,Normal,Good
62,Male,45,1.61,Low,Hot,Good
37,Male,60,2.78,Low,Hot,Good
38,Female,109,3.59,Low,Normal,Good
64,Male,45,1.82,High,Normal,Good
33,Male,71,2.81,High,Normal,Good
61,Female,94,4.58,High,Hot,Good
31,Male,96,3.91,Moderate,Hot,Good
28,Male,94,3.36,Moderate,Normal,Good
44,Male,61,2.27,High,Cold,Good
20,Male,106,4.03,Moderate,Normal,Good
50,Male,45,1.86,Moderate,Normal,Good
21,Male,66,3.68,High,Hot,Good
61,Female,101,3.16,Moderate,Cold,Good
69,Female,100,3.43,High,Cold,Good
56,Female,51,2.27,High,Normal,Good
43,Female,62,3.33,High,Hot,Good
41,Female,101,3.64,Moderate,Normal,Good
68,Male,69,2.76,Moderate,Normal,Good
49,Female,47,2.66,High,Normal,Good
19,Female,64,1.81,Low,Normal,Poor
35,Male,98,3.35,Moderate,Cold,Good
53,Female,105,2.72,Low,Normal,Poor
53,Female,88,3.38,High,Cold,Good
61,Female,73,2.93,High,Cold,Good
45,Female,52,1.81,Low,Normal,Good
47,Female,91,4.53,High,Hot,Good
27,Female,54,2.81,High,Normal,Good
33,Female,104,4.53,High,Hot,Good
53,Female,102,3.34,Moderate,Normal,Good
47,Male,49,1.9,Low,Hot,Good
48,Female,55,1.8,Low,Normal,Good
24,Female,103,3.87,High,Normal,Good
62,Female,85,3.41,Low,Hot,Good
45,Male,107,3.8,Low,Hot,Good
54,Female,76,1.5,Low,Cold,Poor
62,Male,62,2.02,Low,Hot,Good
63,Female,105,2.94,Moderate,Cold,Poor
29,Male,95,3.08,Moderate,Normal,Good
58,Male,66,2.51,Moderate,Hot,Good
31,Male,55,2.7,High,Cold,Good
45,Male,108,3.18,Low,Cold,Poor
23,Female,99,4.24,Moderate,Hot,Good
42,Female,67,3.05,High,Normal,Good
25,Male,61,2.71,Low,Hot,Good
28,Male,106,4.22,Moderate,Hot,Good
20,Male,84,3.5,High,Cold,Good
38,Female,72,2.87,Low,Hot,Good
68,Female,90,3.11,Low,Hot,Good
43,Female,73,3.05,High,Normal,Good
28,Female,90,4.32,High,Hot,Good
33,Female,69,2.56,Low,Hot,Good
35,Female,60,3.63,High,Hot,Good
61,Male,78,1.8,Low,Normal,Poor
40,Male,87,3.15,Moderate,Cold,Good
60,Female,67,2.58,Moderate,Hot,Good
46,Female,73,2.8,Moderate,Cold,Good
29,Male,54,1.66,Low,Normal,Good
34,Male,99,3.86,High,Cold,Good
43,Female,56,2.19,Low,Hot,Good
49,Male,93,4.47,Moderate,Hot,Good
30,Female,103,3.73,Moderate,Cold,Good
52,Male,83,3.32,Low,Hot,Good
24,Male,70,1.54,Low,Cold,Poor
19,Male,83,2.57,Moderate,Cold,Good
63,Male,59,1.5,Low,Normal,Poor
43,Female,60,2.43,Low,Hot,Good
28,Male,80,3.54,Low,Hot,Good
30,Male,93,2.8,Moderate,Normal,Good
59,Male,88,2.82,Low,Hot,Good
18,Female,51,2.41,High,Cold,Good
38,Female,60,1.67,Moderate,Cold,Poor
60,Female,95,3.23,Moderate,Normal,Good
48,Female,83,2.67,Low,Normal,Good
31,Male,102,2.42,Low,Cold,Poor
41,Female,108,3.37,Low,Normal,Good
51,Male,48,1.5,Low,Normal,Good
39,Male,48,1.5,Low,Normal,Good
28,Female,89,3.83,Moderate,Hot,Good
69,Female,71,3.75,High,Hot,Good
64,Female,92,2.25,Moderate,Cold,Poor
48,Female,93,3.14,Low,Hot,Good
31,Female,45,1.6,Moderate,Normal,Good
50,Female,79,2.74,Low,Hot,Good
32,Male,48,1.92,Moderate,Normal,Good
56,Female,66,1.8,Moderate,Cold,Poor
28,Male,50,2.55,High,Cold,Good
56,Female,81,1.98,Moderate,Cold,Poor
68,Female,104,3.77,Low,Hot,Good
68,Female,106,3.44,Low,Hot,Good
45,Female,80,2.92,High,Normal,Good
53,Male,104,3.61,Moderate,Normal,Good
26,Female,80,2.55,Low,Cold,Good
26,Female,74,4.17,High,Hot,Good
44,Male,73,2.18,Moderate,Cold,Poor
18,Male,107,4.56,High,Hot,Good
34,Female,95,2.36,Low,Cold,Poor
41,Male,53,2.64,High,Normal,Good
30,Male,97,2.76,Moderate,Cold,Poor
41,Male,93,2.52,Low,Cold,Poor
52,Male,60,1.99,Moderate,Normal,Good
28,Female,46,2.54,High,Normal,Good
36,Female,89,3.28,Low,Hot,Good
66,Female,86,2.77,Low,Hot,Good
58,Male,63,2.91,High,Normal,Good
24,Male,83,3.09,Moderate,Normal,Good
44,Female,88,3.32,Moderate,Cold,Good
24,Female,92,2.64,Low,Normal,Poor
51,Male,53,1.82,Moderate,Cold,Good
57,Male,56,1.5,Moderate,Cold,Poor
45,Male,92,3.21,Low,Hot,Good
28,Female,51,2.54,High,Normal,Good
31,Male,63,2.32,Moderate,Cold,Good
62,Male,78,1.76,Low,Cold,Poor
48,Male,83,2.49,Low,Normal,Good
69,Male,91,3.55,Low,Hot,Good
50,Male,96,3.89,Low,Hot,Good
22,Female,101,4.02,Moderate,Normal,Good
36,Male,71,2.44,Low,Hot,Good
54,Female,105,2.92,Moderate,Cold,Poor
42,Male,64,2.0,Low,Normal,Good
66,Female,59,2.11,Moderate,Normal,Good
42,Male,66,1.64,Low,Cold,Poor
58,Male,104,3.6,High,Cold,Good
46,Male,70,1.74,Low,Normal,Poor
49,Male,102,3.05,Moderate,Cold,Poor
36,Female,54,2.08,Moderate,Cold,Good
36,Female,102,3.97,High,Normal,Good
38,Male,50,3.34,High,Hot,Good
25,Female,46,1.5,Low,Normal,Good
39,Male,101,3.93,High,Cold,Good
45,Female,79,3.9,High,Hot,Good
53,Female,87,4.18,High,Hot,Good
25,Female,52,2.17,Low,Hot,Good
24,Male,65,2.22,High,Cold,Good
62,Male,96,3.66,High,Normal,Good
31,Female,95,3.41,Low,Hot,Good
39,Male,100,3.76,Moderate,Hot,Good
62,Female,60,3.03,Moderate,Hot,Good
56,Male,60,3.34,High,Hot,Good
30,Female,49,1.5,Low,Normal,Good
64,Female,83,2.68,Low,Hot,Good
37,Male,46,1.91,High,Cold,Good
27,Female,108,2.95,Low,Normal,Poor
46,Male,97,3.92,Moderate,Hot,Good
65,Female,105,3.55,Moderate,Cold,Good
55,Female,88,2.91,Moderate,Normal,Good
24,Male,74,3.22,High,Normal,Good
66,Female,55,1.5,Low,Cold,Poor
59,Male,73,3.27,High,Hot,Good
46,Female,50,2.68,Moderate,Hot,Good
68,Female,82,3.1,Moderate,Normal,Good
39,Male,98,3.19,High,Cold,Good
63,Female,84,2.08,Low,Normal,Poor
41,Male,85,2.61,Moderate,Normal,Good
55,Female,87,2.85,High,Cold,Good
42,Male,69,1.8,Low,Normal,Poor
41,Male,106,4.03,Low,Hot,Good
55,Male,70,2.08,High,Cold,Poor
47,Female,88,3.11,Low,Hot,Good
46,Female,102,3.23,Low,Normal,Good
66,Female,55,1.5,Low,Cold,Poor
47,Female,109,2.85,Low,Normal,Poor
54,Male,98,3.68,High,Cold,Good
67,Female,68,2.64,Moderate,Normal,Good
47,Female,95,3.51,Moderate,Normal,Good
64,Male,90,2.17,Low,Normal,Poor
66,Female,64,2.46,Moderate,Normal,Good
42,Male,53,2.46,Moderate,Normal,Good
30,Male,81,2.07,Low,Normal,Poor
31,Female,74,1.94,Low,Cold,Poor
22,Male,56,3.01,High,Hot,Good
59,Male,109,3.34,Low,Normal,Good
59,Female,87,1.75,Low,Cold,Poor
51,Male,107,3.72,Low,Hot,Good
45,Male,79,3.31,High,Normal,Good
33,Male,50,1.5,Low,Normal,Good
69,Male,52,1.5,Low,Cold,Poor
50,Male,50,3.02,Moderate,Hot,Good
31,Male,47,1.53,Low,Cold,Good
50,Female,50,3.52,High,Hot,Good
25,Female,68,2.97,Moderate,Normal,Good
68,Male,72,2.98,High,Cold,Good
22,Male,69,2.67,Low,Hot,Good
62,Female,57,1.5,Low,Normal,Poor
54,Female,107,3.85,Moderate,Normal,Good
57,Male,105,2.89,Low,Cold,Poor
42,Male,90,3.56,High,Cold,Good
33,Female,107,3.62,Moderate,Cold,Good
21,Female,83,2.18,Low,Normal,Poor
24,Female,99,3.04,Moderate,Cold,Good
44,Female,46,2.7,Moderate,Hot,Good
38,Female,45,1.88,High,Cold,Good
29,Female,58,1.5,Low,Cold,Poor
35,Male,61,2.05,Low,Normal,Good
35,Male,100,3.5,Moderate,Normal,Good
35,Female,92,4.29,Moderate,Hot,Good
52,Female,90,3.56,Moderate,Hot,Good
26,Male,76,3.18,Low,Hot,Good
57,Male,55,1.62,Moderate,Normal,Poor
65,Female,87,2.8,Low,Hot,Good
59,Male,70,1.71,Moderate,Cold,Poor
42,Female,84,3.76,High,Normal,Good
59,Male,96,3.62,High,Cold,Good
56,Female,79,3.11,Low,Hot,Good
57,Female,66,2.56,Moderate,Hot,Good
31,Male,94,3.11,Moderate,Normal,Good
43,Female,87,2.05,Low,Cold,Poor
57,Male,56,1.89,Low,Hot,Good
51,Female,67,2.74,High,Cold,Good
18,Female,62,2.34,High,Cold,Good
59,Female,45,1.5,Low,Normal,Good
45,Female,80,2.68,Moderate,Normal,Good
49,Female,90,3.31,Low,Hot,Good
66,Male,83,4.33,High,Hot,Good
37,Male,52,3.19,Moderate,Hot,Good
37,Female,79,3.32,Moderate,Normal,Good
38,Female,97,3.97,High,Cold,Good
39,Female,87,2.79,Low,Normal,Good
61,Female,48,2.24,Low,Hot,Good
45,Female,102,4.32,High,Normal,Good
56,Female,82,2.0,Low,Normal,Poor
46,Female,84,3.46,High,Cold,Good
58,Male,79,1.5,Low,Cold,Poor
60,Female,60,1.83,Moderate,Normal,Good
55,Male,78,1.69,Low,Cold,Poor
31,Male,109,3.87,Low,Hot,Good
63,Female,65,2.09,Moderate,Normal,Good
65,Female,82,3.62,Moderate,Hot,Good
39,Male,104,2.4,Low,Cold,Poor
23,Female,83,3.32,Low,Hot,Good
22,Male,53,2.27,Moderate,Cold,Good
36,Female,74,3.78,High,Hot,Good
69,Male,76,2.64,Moderate,Cold,Good
18,Female,78,2.87,Moderate,Cold,Good
31,Female,70,2.77,High,Normal,Good
50,Male,57,2.68,Moderate,Normal,Good
25,Male,106,4.42,Moderate,Hot,Good
58,Male,100,4.69,High,Hot,Good
51,Male,93,2.46,Low,Cold,Poor
52,Female,71,1.81,Moderate,Cold,Poor
66,Male,84,2.25,Moderate,Cold,Poor
69,Male,84,3.11,High,Normal,Good
20,Female,59,2.19,Moderate,Normal,Good
28,Female,83,1.85,Low,Cold,Poor
55,Male,64,2.56,High,Normal,Good
31,Female,48,2.46,Low,Hot,Good
42,Female,91,3.05,Moderate,Cold,Good
66,Male,71,1.5,Low,Cold,Poor
50,Male,106,3.46,Moderate,Normal,Good
40,Female,90,3.22,High,Cold,Good
57,Male,78,2.78,High,Normal,Good
54,Female,45,1.52,Low,Hot,Good
39,Male,61,1.5,Low,Normal,Poor
67,Female,73,2.4,Moderate,Normal,Good
31,Male,57,2.69,Low,Hot,Good
47,Male,49,1.5,Low,Cold,Good
26,Female,58,1.5,Low,Normal,Poor
50,Male,84,3.85,High,Normal,Good
53,Female,105,3.07,High,Cold,Poor
66,Male,68,1.8,Moderate,Normal,Poor
36,Female,106,3.73,Low,Hot,Good
47,Female,82,2.92,Moderate,Normal,Good
52,Male,66,2.23,Low,Hot,Good
25,Male,73,2.2,Low,Normal,Good
25,Male,79,3.44,High,Normal,Good
62,Female,77,2.06,Moderate,Normal,Poor
54,Female,61,2.7,High,Cold,Good
55,Male,76,2.41,Moderate,Normal,Good
37,Female,66,3.59,High,Hot,Good
50,Male,49,3.38,High,Hot,Good
63,Male,51,2.86,Moderate,Hot,Good
64,Female,53,2.13,Moderate,Normal,Good
65,Female,87,3.33,Low,Hot,Good
63,Female,97,3.12,Moderate,Normal,Good
44,Female,48,2.11,Low,Hot,Good
48,Male,109,4.21,High,Normal,Good
36,Male,93,3.76,Moderate,Hot,Good
61,Male,99,3.87,High,Normal,Good
29,Female,82,2.76,Moderate,Cold,Good
30,Male,64,1.67,Low,Cold,Poor
62,Male,103,4.25,Moderate,Hot,Good
42,Female,45,2.8,High,Normal,Good
35,Male,45,1.5,Low,Normal,Good
27,Male,75,2.89,Moderate,Cold,Good
55,Female,52,1.52,Moderate,Normal,Poor
42,Female,71,3.51,Moderate,Hot,Good
49,Male,60,3.52,High,Hot,Good
48,Female,91,3.5,Moderate,Normal,Good
34,Male,98,3.74,Low,Hot,Good
68,Male,96,3.25,Moderate,Normal,Good
46,Male,55,1.87,Low,Hot,Good
35,Male,101,2.86,Low,Normal,Poor
23,Female,99,2.71,Moderate,Cold,Poor
27,Female,48,2.6,Low,Hot,Good
26,Male,106,4.15,High,Cold,Good
59,Male,68,3.76,High,Hot,Good
21,Female,89,3.0,Moderate,Normal,Good
18,Female,107,3.42,Moderate,Cold,Good
43,Male,93,2.82,Moderate,Normal,Good
49,Female,94,3.15,Moderate,Cold,Good
69,Male,67,2.8,Low,Hot,Good
23,Male,74,3.61,Moderate,Hot,Good
49,Male,79,3.37,Low,Hot,Good
21,Male,76,3.79,High,Hot,Good
52,Female,60,1.76,High,Cold,Poor
32,Female,96,3.45,Low,Hot,Good
31,Male,73,2.82,Moderate,Cold,Good
35,Male,48,1.5,Moderate,Cold,Good
55,Female,69,2.77,Low,Hot,Good
46,Female,78,3.22,Moderate,Normal,Good
47,Male,80,3.85,Moderate,Hot,Good
25,Female,97,4.51,Moderate,Hot,Good
51,Female,63,2.55,High,Cold,Good
27,Male,88,3.11,Low,Hot,Good
44,Female,78,2.76,Moderate,Cold,Good
41,Female,100,3.77,High,Cold,Good
68,Male,52,2.12,Moderate,Hot,Good
38,Male,52,2.88,Moderate,Hot,Good
41,Female,86,4.75,High,Hot,Good
21,Male,103,3.66,Moderate,Cold,Good
47,Female,57,2.56,High,Cold,Good
66,Male,102,3.16,High,Cold,Good
34,Female,55,2.24,High,Cold,Good
61,Male,61,3.36,High,Hot,Good
22,Female,105,4.1,Low,Hot,Good
41,Female,92,3.73,High,Cold,Good
61,Female,77,2.39,High,Cold,Good
38,Male,49,2.11,Moderate,Cold,Good
38,Male,76,3.13,Moderate,Normal,Good
51,Male,68,3.11,High,Hot,Good
49,Male,99,3.49,Low,Hot,Good
58,Female,51,1.58,Low,Normal,Good
69,Female,70,2.52,High,Cold,Good
29,Female,63,2.97,High,Normal,Good
49,Male,49,1.78,Low,Normal,Good
67,Female,101,3.46,High,Normal,Good
66,Male,62,2.22,High,Cold,Good
27,Female,67,2.04,Low,Normal,Good
35,Male,96,3.15,Moderate,Cold,Good
23,Male,70,2.66,Moderate,Cold,Good
58,Female,87,3.83,Moderate,Hot,Good
31,Male,107,4.21,High,Normal,Good
22,Female,91,4.34,High,Hot,Good
67,Female,100,4.11,High,Hot,Good
39,Male,75,4.01,High,Hot,Good
61,Female,93,3.03,Low,Hot,Good
21,Male,83,2.39,Low,Normal,Poor
66,Female,59,1.72,Low,Normal,Poor
69,Male,89,3.06,High,Normal,Good
36,Male,91,3.82,Low,Hot,Good
55,Female,71,3.84,High,Hot,Good
30,Male,106,3.58,Low,Normal,Good
31,Female,91,3.08,Low,Normal,Good
49,Male,109,2.98,Moderate,Cold,Poor
60,Male,51,1.5,Moderate,Cold,Poor
47,Female,69,3.76,High,Hot,Good
24,Male,79,2.69,Low,Normal,Good
31,Female,94,3.73,High,Normal,Good
18,Male,85,2.35,Moderate,Cold,Poor
25,Female,100,3.46,Low,Hot,Good
21,Male,65,2.19,Low,Normal,Good
40,Male,77,3.57,High,Normal,Good
36,Male,48,3.19,High,Hot,Good
66,Male,49,1.5,Low,Cold,Good
20,Male,100,3.83,Moderate,Normal,Good
40,Male,46,3.12,High,Hot,Good
38,Male,96,4.75,High,Hot,Good
55,Male,64,1.84,High,Cold,Poor
56,Male,104,4.28,High,Normal,Good
61,Male,83,3.06,Moderate,Normal,Good
50,Male,73,2.83,Moderate,Cold,Good
29,Female,47,2.26,Moderate,Normal,Good
48,Female,71,3.36,Moderate,Hot,Good
52,Female,53,1.5,Moderate,Cold,Poor
23,Male,70,3.66,Moderate,Hot,Good
33,Female,67,2.95,Moderate,Hot,Good
46,Male,82,3.23,Moderate,Hot,Good
65,Male,64,2.95,High,Normal,Good
67,Female,77,2.51,Low,Hot,Good
43,Male,98,3.64,Moderate,Cold,Good
26,Female,80,2.74,Moderate,Normal,Good
63,Female,51,1.5,Low,Cold,Poor
33,Male,95,2.93,Moderate,Cold,Good
48,Female,76,2.69,Moderate,Normal,Good
44,Female,66,2.72,High,Cold,Good
21,Female,52,2.59,Moderate,Hot,Good
33,Male,92,3.47,Moderate,Hot,Good
66,Female,101,3.58,Moderate,Hot,Good
61,Male,81,3.48,High,Normal,Good
45,Male,82,2.36,Low,Normal,Poor
53,Male,70,2.92,High,Cold,Good
65,Male,107,3.81,High,Normal,Good
55,Female,59,1.5,Low,Normal,Poor
50,Male,66,3.03,Low,Hot,Good
54,Female,101,2.31,Low,Normal,Poor
67,Male,56,2.45,Moderate,Hot,Good
56,Male,85,2.95,Moderate,Cold,Good
42,Male,106,2.63,Low,Cold,Poor
58,Female,88,1.82,Low,Cold,Poor
52,Female,77,1.65,Low,Normal,Poor
39,Female,45,2.31,Moderate,Hot,Good
63,Female,98,4.07,High,Normal,Good
50,Female,97,4.77,High,Hot,Good
41,Male,77,3.29,High,Cold,Good
60,Male,78,3.02,Moderate,Normal,Good
19,Female,52,1.5,Low,Cold,Poor
47,Female,76,2.9,High,Cold,Good
24,Female,92,3.6,Low,Hot,Good
26,Female,46,2.29,Low,Hot,Good
39,Male,108,3.2,Low,Normal,Poor
69,Female,65,2.41,Low,Hot,Good
69,Female,98,4.35,High,Hot,Good
23,Female,58,2.43,High,Cold,Good
55,Female,70,2.17,Moderate,Cold,Good
41,Male,92,3.4,High,Normal,Good
62,Male,99,3.35,High,Cold,Good
27,Male,56,2.2,Moderate,Cold,Good
55,Female,91,1.94,Low,Normal,Poor
58,Male,71,2.69,Moderate,Hot,Good
29,Female,73,3.09,Moderate,Hot,Good
31,Female,56,2.37,Moderate,Normal,Good
62,Male,67,2.65,High,Cold,Good
51,Male,65,2.54,High,Normal,Good
27,Male,54,3.04,Moderate,Hot,Good
69,Male,74,2.3,Low,Hot,Good
19,Male,93,3.74,Moderate,Hot,Good
34,Female,72,2.85,Low,Hot,Good
34,Male,103,3.95,High,Normal,Good
27,Female,62,3.33,High,Normal,Good
68,Male,62,2.16,Moderate,Cold,Good
54,Female,84,3.3,Low,Hot,Good
52,Female,70,2.84,High,Cold,Good
47,Male,68,2.16,Low,Cold,Good
31,Female,53,3.11,Moderate,Hot,Good
64,Male,62,1.58,Moderate,Normal,Poor
56,Male,63,1.52,Moderate,Cold,Poor
35,Male,77,2.91,Moderate,Normal,Good
30,Male,93,3.28,High,Cold,Good
18,Female,56,2.41,Moderate,Hot,Good
18,Male,51,1.5,Moderate,Cold,Poor
54,Male,83,2.73,Moderate,Normal,Good
48,Female,47,1.71,Low,Normal,Good
64,Male,59,2.29,Moderate,Normal,Good
35,Female,65,1.95,Low,Cold,Good
20,Female,45,1.73,Moderate,Cold,Good
33,Female,65,2.85,Moderate,Hot,Good
48,Female,93,4.98,High,Hot,Good
49,Male,86,3.9,High,Hot,Good
60,Female,56,3.34,High,Hot,Good
61,Female,95,3.38,High,Normal,Good
24,Female,72,3.49,High,Normal,Good
31,Male,76,3.2,Low,Hot,Good
67,Male,103,3.43,Moderate,Normal,Good
44,Female,78,3.39,High,Normal,Good
54,Male,84,2.28,Moderate,Normal,Poor
49,Female,85,3.68,High,Cold,Good
25,Female,51,2.27,Moderate,Normal,Good
50,Female,46,1.5,Low,Cold,Good
31,Male,59,3.25,Moderate,Hot,Good
57,Male,83,3.58,High,Hot,Good
26,Female,53,2.46,Low,Hot,Good
55,Female,59,2.71,Moderate,Hot,Good
58,Female,91,2.92,Moderate,Cold,Good
23,Male,83,2.96,Low,Hot,Good
45,Male,53,2.05,Moderate,Cold,Good
63,Female,50,2.25,High,Cold,Good
40,Male,73,3.95,High,Hot,Good
57,Female,84,1.5,Low,Cold,Poor
23,Female,84,2.68,Moderate,Normal,Good
31,Female,89,2.92,Moderate,Cold,Good
23,Male,67,2.55,Low,Hot,Good
34,Male,72,4.28,High,Hot,Good
62,Female,64,2.34,Moderate,Hot,Good
52,Male,108,3.69,Moderate,Normal,Good
60,Female,62,2.38,High,Cold,Good
24,Male,45,2.26,Moderate,Hot,Good
66,Female,79,3.45,Moderate,Hot,Good
52,Male,53,1.63,High,Cold,Good
59,Male,56,2.81,High,Hot,Good
24,Male,48,2.13,Low,Hot,Good
64,Female,94,3.76,High,Hot,Good
27,Male,92,3.65,Moderate,Normal,Good
40,Male,52,2.34,Low,Hot,Good
60,Male,97,3.61,High,Normal,Good
41,Female,58,2.39,Low,Hot,Good
21,Female,102,2.97,Moderate,Cold,Poor
54,Male,92,2.3,Low,Cold,Poor
45,Female,57,1.6,Low,Normal,Poor
58,Male,76,2.83,Low,Hot,Good
20,Male,96,3.07,Moderate,Normal,Good
66,Male,73,2.36,Moderate,Normal,Good
23,Female,52,1.71,Moderate,Normal,Good
63,Female,46,1.5,Low,Normal,Good
34,Male,103,2.65,Low,Normal,Poor
33,Female,102,3.6,Moderate,Cold,Good
38,Male,70,2.9,High,Normal,Good
63,Female,94,3.13,Moderate,Cold,Good
65,Male,63,3.51,High,Hot,Good
25,Male,62,2.62,Moderate,Hot,Good
65,Female,102,4.04,High,Normal,Good
34,Female,103,3.0,Moderate,Cold,Poor
32,Female,70,2.85,Moderate,Normal,Good
34,Male,53,2.76,High,Cold,Good
44,Female,99,3.56,Moderate,Cold,Good
26,Female,52,2.26,High,Cold,Good
59,Male,81,3.56,High,Hot,Good
26,Female,68,3.53,High,Normal,Good
53,Male,48,1.5,Low,Cold,Good
52,Female,60,2.1,Moderate,Normal,Good
56,Female,102,3.69,High,Normal,Good
21,Male,69,3.06,High,Cold,Good
56,Male,68,2.28,Moderate,Cold,Good
50,Male,77,3.17,Low,Hot,Good
19,Male,82,3.16,Moderate,Normal,Good
56,Female,65,2.31,High,Cold,Good
52,Female,104,3.64,High,Cold,Good
40,Male,86,2.57,Low,Cold,Poor
19,Male,85,4.68,High,Hot,Good
26,Male,101,2.99,Low,Normal,Poor
34,Female,62,3.97,High,Hot,Good
25,Male,70,2.24,Low,Normal,Good
37,Female,57,2.61,Moderate,Normal,Good
34,FemaÛÍû×fòµë(š+myÖÖÆRÃc2Ããs"ÄÖöFW&FRÄ6öÆBÅö÷ £S"ÄÖÆRÃS"ÃãRÄÆ÷rÄ6öÆBÅö÷ £3rÄfVÖÆRÃSÃãs’ÄÆ÷rÄæ÷&ÖÂÄvöö@£3BÄÖÆRÃƒ‚ÃãƒBÄÆ÷rÄ6öÆBÅö÷ £C"ÄfVÖÆRÃ“Ã"ãƒBÄÖöFW&FRÄ6öÆBÄvöö@£C‚ÄÖÆRÃƒ‚Ã2ãÄÖöFW&FRÄ6öÆBÄvöö@£#’ÄfVÖÆRÃ‚Ã"ãSRÄÆ÷rÄ6öÆBÅö÷ £CÄÖÆRÃƒÃ"ã#’ÄÆ÷rÄæ÷&ÖÂÅö÷ £cBÄÖÆRÃÃ2ã“‚Ä†–v‚Äæ÷&ÖÂÄvöö@£#"ÄfVÖÆRÃƒÃ"ãSbÄÖöFW&FRÄ6öÆBÄvöö@£#rÄfVÖÆRÃÃ2ãBÄÖöFW&FRÄæ÷&ÖÂÄvöö@£CrÄÖÆRÃcbÃ2ã’ÄÖöFW&FRÄ†÷BÄvöö@£SRÄfVÖÆRÃÃ2ãƒrÄ†–v‚Äæ÷&ÖÂÄvöö@£S2ÄfVÖÆRÃSRÃ"ãÄ†–v‚Ä6öÆBÄvöö@£3RÄfVÖÆRÃs‚Ã"ã3"ÄÆ÷rÄ6öÆBÅö÷ £#BÄÖÆRÃƒrÃ2ã#2Ä†–v‚Äæ÷&ÖÂÄvöö@£3rÄÖÆRÃSÃ2ãSÄ†–v‚Ä†÷BÄvöö@£SBÄÖÆRÃ“Ã2ã"ÄÖöFW&FRÄ†÷BÄvöö@£crÄfVÖÆRÃsbÃ"ãSRÄÖöFW&FRÄæ÷&ÖÂÄvöö@£C2ÄfVÖÆRÃsBÃ"ãCRÄÆ÷rÄæ÷&ÖÂÄvöö@£SbÄÖÆRÃS2ÃãRÄÆ÷rÄæ÷&ÖÂÅö÷ £#BÄÖÆRÃcrÃBã2Ä†–v‚Ä†÷BÄvöö@£3‚ÄÖÆRÃcrÃ"ã3’ÄÖöFW&FRÄæ÷&ÖÂÄvöö@£SBÄÖÆRÃƒÃ2ãRÄÖöFW&FRÄ†÷BÄvöö@£#ÄÖÆRÃCRÃã“BÄÖöFW&FRÄ6öÆBÄvöö@£#BÄÖÆRÃ"ÃBãCÄ†–v‚Äæ÷&ÖÂÄvöö@£3ÄÖÆRÃS’Ãã“‚ÄÖöFW&FRÄæ÷&ÖÂÄvöö@£SÄÖÆRÃƒRÃ2ãbÄÖöFW&FRÄæ÷&ÖÂÄvöö@£3rÄfVÖÆRÃ“BÃ"ãƒBÄÆ÷rÄ6öÆBÄvöö@£3"ÄfVÖÆRÃSBÃã“bÄÆ÷rÄ†÷BÄvöö@£cÄÖÆRÃ’Ã2ãƒRÄÆ÷rÄ†÷BÄvöö@£SÄfVÖÆRÃ“"Ã2ãrÄÆ÷rÄ†÷BÄvöö@£cbÄÖÆRÃCrÃã“‚ÄÖöFW&FRÄæ÷&ÖÂÄvöö@£CrÄfVÖÆRÃƒ2Ã2ãc‚Ä†–v‚Ä6öÆBÄvöö@£C’ÄÖÆRÃcÃãƒ2ÄÖöFW&FRÄæ÷&ÖÂÄvöö@£S2ÄfVÖÆRÃsbÃ2ã’Ä†–v‚Ä†÷BÄvöö@£CBÄÖÆRÃC’Ã2ã3BÄ†–v‚Ä†÷BÄvöö@£3RÄÖÆRÃCrÃãcBÄÆ÷rÄæ÷&ÖÂÄvöö@£SÄfVÖÆRÃcbÃ"ã#‚Ä†–v‚Ä6öÆBÄvöö@£SÄÖÆRÃ“"Ã2ãRÄ†–v‚Äæ÷&ÖÂÄvöö@£3bÄÖÆRÃ“bÃ"ãsBÄÆ÷rÄæ÷&ÖÂÅö÷ £S‚ÄfVÖÆRÃ’Ã2ã‚Ä†–v‚Äæ÷&ÖÂÄvöö@£SÄfVÖÆRÃcÃ"ãcRÄÖöFW&FRÄ†÷BÄvöö@£c‚ÄÖÆRÃ“’Ã2ãÄÆ÷rÄæ÷&ÖÂÄvöö@£c2ÄfVÖÆRÃ2Ã"ãsbÄÆ÷rÄ6öÆBÅö÷ £3rÄÖÆRÃƒRÃ"ã32ÄÖöFW&FRÄ6öÆBÅö÷ £#BÄfVÖÆRÃƒ"Ã2ãƒÄ†–v‚Ä†÷BÄvöö@£#ÄfVÖÆRÃƒ"Ã2ãS2ÄÆ÷rÄ†÷BÄvöö@£C2ÄÖÆRÃc’Ã"ãƒ2ÄÆ÷rÄ†÷BÄvöö@£crÄfVÖÆRÃƒbÃ"ãC"ÄÖöFW&FRÄæ÷&ÖÂÅö÷ £S"ÄÖÆRÃsRÃ"ã3RÄÖöFW&FRÄ6öÆBÄvöö@£c2ÄfVÖÆRÃcÃ"ã“bÄ†–v‚Äæ÷&ÖÂÄvöö@£C2ÄÖÆRÃ“rÃ"ã“ÄÆ÷rÄ6öÆBÄvöö@£S‚ÄfVÖÆRÃCrÃãRÄÆ÷rÄæ÷&ÖÂÄvöö@£S2ÄÖÆRÃ“Ã"ã3BÄÖöFW&FRÄ6öÆBÅö÷ £crÄfVÖÆRÃS"Ãã‚ÄÆ÷rÄ†÷BÄvöö@£3"ÄfVÖÆRÃ“Ã2ã“bÄ†–v‚Äæ÷&ÖÂÄvöö@£3’ÄfVÖÆRÃc’Ã"ã“‚ÄÖöFW&FRÄ†÷BÄvöö@£SbÄfVÖÆRÃSÃãRÄÆ÷rÄæ÷&ÖÂÅö÷ £CÄÖÆRÃ“‚Ã"ã32ÄÆ÷rÄ6öÆBÅö÷ £3‚ÄÖÆRÃc2Ã"ã“2ÄÆ÷rÄ†÷BÄvöö@£3bÄÖÆRÃs‚Ã2ã‚ÄÖöFW&FRÄ†÷BÄvöö@£S2ÄfVÖÆRÃc’Ã"ãƒRÄ†–v‚Äæ÷&ÖÂÄvöö@£3‚ÄfVÖÆRÃs‚Ã"ã‚ÄÆ÷rÄ6öÆBÅö÷ £3RÄÖÆRÃSRÃãSRÄÆ÷rÄæ÷&ÖÂÅö÷ £cbÄÖÆRÃs‚Ã2ã#2Ä†–v‚Äæ÷&ÖÂÄvöö@£c"ÄfVÖÆRÃƒ"ÃBã#’Ä†–v‚Ä†÷BÄvöö@£CÄÖÆRÃBÃ2ãCÄ†–v‚Ä6öÆBÄvöö@£CbÄfVÖÆRÃS‚ÃãsBÄÆ÷rÄæ÷&ÖÂÄvöö@£#RÄfVÖÆRÃSRÃ2ãRÄÖöFW&FRÄ†÷BÄvöö@£cÄÖÆRÃƒ"Ã2ã#"ÄÆ÷rÄ†÷BÄvöö@£SRÄÖÆRÃbÃ"ã“2ÄÖöFW&FRÄæ÷&ÖÂÅö÷ £C2ÄÖÆRÃcÃ2ãS’Ä†–v‚Ä†÷BÄvöö@£SBÄÖÆRÃsÃãƒBÄÖöFW&FRÄ6öÆBÅö÷ £S‚ÄfVÖÆRÃc’Ã"ã3’ÄÆ÷rÄ†÷BÄvöö@£#’ÄfVÖÆRÃ“2Ã2ãS’ÄÖöFW&FRÄ†÷BÄvöö@£S’ÄfVÖÆRÃCRÃ"ã"ÄÖöFW&FRÄ†÷BÄvöö@£3‚ÄfVÖÆRÃCRÃ"ãRÄÖöFW&FRÄæ÷&ÖÂÄvöö@£CÄÖÆRÃCrÃãRÄÆ÷rÄ6öÆBÄvöö@£cRÄÖÆRÃbÃ"ãSBÄÆ÷rÄæ÷&ÖÂÅö÷ £3RÄÖÆRÃ’Ã2ãƒRÄ†–v‚Äæ÷&ÖÂÄvöö@£c’ÄfVÖÆRÃcRÃãs2ÄÆ÷rÄ6öÆBÅö÷ £SBÄÖÆRÃcBÃ2ã’Ä†–v‚Äæ÷&ÖÂÄvöö@£C’ÄÖÆRÃ“rÃ2ãƒ‚ÄÖöFW&FRÄ†÷BÄvöö@£C‚ÄfVÖÆRÃc’Ã"ãsBÄÖöFW&FRÄ6öÆBÄvöö@£3BÄfVÖÆRÃcBÃ"ãc2Ä†–v‚Äæ÷&ÖÂÄvöö@£CbÄfVÖÆRÃ“BÃ2ãrÄ†–v‚Ä6öÆBÄvöö@£CRÄfVÖÆRÃsrÃ"ãƒ’ÄÖöFW&FRÄæ÷&ÖÂÄvöö@£CbÄÖÆRÃcbÃ"ã’Ä†–v‚Äæ÷&ÖÂÄvöö@£CÄÖÆRÃCrÃãRÄÖöFW&FRÄ6öÆBÄvöö@£SrÄfVÖÆRÃC’ÃãRÄÖöFW&FRÄæ÷&ÖÂÄvöö@£CÄfVÖÆRÃC’Ã2ãSRÄ†–v‚Ä†÷BÄvöö@£S"ÄfVÖÆRÃƒbÃ2ãbÄÆ÷rÄ†÷BÄvöö@£#RÄfVÖÆRÃs"Ã"ã3’Ä†–v‚Ä6öÆBÄvöö@£CÄfVÖÆRÃSÃãRÄÆ÷rÄæ÷&ÖÂÅö÷ £c"ÄÖÆRÃÃ2ã32ÄÆ÷rÄ†÷BÄvöö@£#2ÄÖÆRÃSBÃ"ãSrÄ†–v‚Ä6öÆBÄvöö@£c’ÄfVÖÆRÃÃ2ã“‚Ä†–v‚Äæ÷&ÖÂÄvöö@£crÄÖÆRÃ2Ã"ã2ÄÆ÷rÄ6öÆBÅö÷ £‚ÄfVÖÆRÃsBÃ"ãCÄÆ÷rÄæ÷&ÖÂÄvöö@£#RÄfVÖÆRÃbÃ2ãcÄ†–v‚Ä6öÆBÄvöö@£cRÄÖÆRÃBÃ"ãSRÄÆ÷rÄ6öÆBÅö÷ £SRÄÖÆRÃsÃãSbÄÆ÷rÄ6öÆBÅö÷ £S’ÄfVÖÆRÃƒbÃ"ãsrÄÆ÷rÄæ÷&ÖÂÄvöö@£cRÄfVÖÆRÃsRÃ2ã’ÄÖöFW&FRÄ†÷BÄvöö@£S‚ÄÖÆRÃc‚ÃãcRÄÖöFW&FRÄ6öÆBÅö÷ £c‚ÄÖÆRÃsrÃ"ãCRÄÆ÷rÄ†÷BÄvöö@£C2ÄfVÖÆRÃrÃ2ãSÄ†–v‚Ä6öÆBÄvöö@£3RÄfVÖÆRÃCbÃ"ãrÄ†–v‚Ä6öÆBÄvöö@£C2ÄÖÆRÃƒ2Ã2ã3ÄÆ÷rÄ†÷BÄvöö@£32ÄfVÖÆRÃsÃ"ãRÄ†–v‚Ä6öÆBÄvöö@£S’ÄfVÖÆRÃrÃ"ãsBÄÆ÷rÄæ÷&ÖÂÅö÷ £’ÄfVÖÆRÃS‚Ã"ãÄÖöFW&FRÄæ÷&ÖÂÄvöö@£CÄfVÖÆRÃs"Ã"ã“2ÄÆ÷rÄ†÷BÄvöö@£C"ÄfVÖÆRÃSÃ2ãS"Ä†–v‚Ä†÷BÄvöö@£C‚ÄfVÖÆRÃs‚ÃãƒbÄÆ÷rÄæ÷&ÖÂÅö÷ £CRÄfVÖÆRÃ“rÃ2ã3"ÄÖöFW&FRÄ6öÆBÄvöö@£‚ÄfVÖÆRÃÃBãƒBÄ†–v‚Ä†÷BÄvöö@£CBÄÖÆRÃ“2ÃBãƒÄ†–v‚Ä†÷BÄvöö@£#2ÄfVÖÆRÃSÃãcrÄÖöFW&FRÄ6öÆBÄvöö@£#rÄÖÆRÃƒrÃ2ãSBÄÆ÷rÄ†÷BÄvöö@£C‚ÄfVÖÆRÃc"ÃãƒÄÆ÷rÄæ÷&ÖÂÅö÷ £CRÄÖÆRÃ“rÃ2ãC’Ä†–v‚Äæ÷&ÖÂÄvöö@£#2ÄÖÆRÃSRÃãƒ‚ÄÆ÷rÄ†÷BÄvöö@£#"ÄÖÆRÃ“Ã2ãc2ÄÆ÷rÄ†÷BÄvöö@£cÄfVÖÆRÃ“RÃ"ãSÄÖöFW&FRÄ6öÆBÅö÷ £CÄÖÆRÃ“BÃ2ã’ÄÖöFW&FRÄ6öÆBÄvöö@£CRÄfVÖÆRÃƒ‚Ã"ã3’ÄÖöFW&FRÄ6öÆBÅö÷ £cRÄfVÖÆRÃcÃ"ã3RÄ†–v‚Äæ÷&ÖÂÄvöö@£CrÄfVÖÆRÃsBÃ2ã‚ÄÖöFW&FRÄ†÷BÄvöö@£C"ÄfVÖÆRÃsRÃBã#’Ä†–v‚Ä†÷BÄvöö@£CBÄfVÖÆRÃ“‚Ã2ãÄÆ÷rÄæ÷&ÖÂÄvöö@£3rÄÖÆRÃÃ2ãCbÄÆ÷rÄæ÷&ÖÂÄvöö@£3’ÄfVÖÆRÃbÃBã32ÄÆ÷rÄ†÷BÄvöö@£C‚ÄÖÆRÃS’Ããs’ÄÖöFW&FRÄ6öÆBÄvöö@£C‚ÄÖÆRÃC’ÃãRÄÆ÷rÄæ÷&ÖÂÄvöö@£CRÄfVÖÆRÃCrÃ"ãBÄ†–v‚Äæ÷&ÖÂÄvöö@£CBÄfVÖÆRÃƒÃ2ã’Ä†–v‚Äæ÷&ÖÂÄvöö@£c‚ÄÖÆRÃ“‚Ã2ãSrÄÆ÷rÄ†÷BÄvöö@£CrÄÖÆRÃƒrÃ2ãBÄ†–v‚Äæ÷&ÖÂÄvöö@£C2ÄÖÆRÃÃ2ãcÄ†–v‚Äæ÷&ÖÂÄvöö@£CBÄÖÆRÃsÃ"ãrÄÖöFW&FRÄ6öÆBÄvöö@£SÄÖÆRÃBÃBã32Ä†–v‚Ä†÷BÄvöö@£CÄÖÆRÃSbÃ"ã‚ÄÆ÷rÄæ÷&ÖÂÄvöö@£3‚ÄfVÖÆRÃƒÃãƒ2ÄÆ÷rÄ6öÆBÅö÷ £CRÄÖÆRÃc‚Ã"ãBÄÆ÷rÄ6öÆBÄvöö@£3ÄÖÆRÃCRÃãRÄÆ÷rÄ6öÆBÄvöö@£3BÄÖÆRÃƒRÃ2ãcbÄÆ÷rÄ†÷BÄvöö@£cBÄÖÆRÃsÃ2ã‚Ä†–v‚Äæ÷&ÖÂÄvöö@£SrÄfVÖÆRÃsbÃ"ãC‚ÄÆ÷rÄ†÷BÄvöö@£#’ÄÖÆRÃƒrÃ"ãc‚ÄÆ÷rÄæ÷&ÖÂÄvöö@£32ÄÖÆRÃs‚Ã"ãS’ÄÖöFW&FRÄæ÷&ÖÂÄvöö@£3RÄÖÆRÃƒ2Ã2ãc’Ä†–v‚Ä†÷BÄvöö@£#BÄfVÖÆRÃSÃãsRÄ†–v‚Ä6öÆBÄvöö@£‚ÄfVÖÆRÃs2Ãã“ÄÆ÷rÄ6öÆBÅö÷ £3‚ÄfVÖÆRÃ“2Ã"ãc’ÄÆ÷rÄæ÷&ÖÂÅö÷ £c"ÄÖÆRÃ“Ã2ã‚ÄÖöFW&FRÄ†÷BÄvöö@£C’ÄfVÖÆRÃSrÃ2ã"Ä†–v‚Äæ÷&ÖÂÄvöö@£‚ÄfVÖÆRÃÃ2ãCBÄÖöFW&FRÄ6öÆBÄvöö@£#‚ÄÖÆRÃ“Ã"ãc"ÄÆ÷rÄæ÷&ÖÂÅö÷ £#BÄÖÆRÃc‚Ã"ãCÄÖöFW&FRÄæ÷&ÖÂÄvöö@£CrÄfVÖÆRÃƒrÃ2ãsBÄ†–v‚Äæ÷&ÖÂÄvöö@£S2ÄÖÆRÃCRÃãRÄÆ÷rÄ†÷BÄvöö@£C2ÄfVÖÆRÃsBÃã“"ÄÆ÷rÄ6öÆBÅö÷ £3"ÄÖÆRÃrÃ2ãRÄ†–v‚Ä6öÆBÄvöö@£3rÄfVÖÆRÃcbÃ"ã#"ÄÖöFW&FRÄæ÷&ÖÂÄvöö@£S2ÄfVÖÆRÃƒÃ"ã“2Ä†–v‚Äæ÷&ÖÂÄvöö@£c"ÄÖÆRÃsÃ"ã#‚ÄÖöFW&FRÄ6öÆBÄvöö@£32ÄfVÖÆRÃ“‚Ã"ã“bÄÖöFW&FRÄæ÷&ÖÂÄvöö@£SÄfVÖÆRÃs‚Ã2ã#BÄ†–v‚Ä6öÆBÄvöö@£S2ÄÖÆRÃ“rÃ2ãƒbÄ†–v‚Äæ÷&ÖÂÄvöö@£C‚ÄfVÖÆRÃC‚Ã"ãcBÄ†–v‚Ä†÷BÄvöö@£3bÄfVÖÆRÃÃBãRÄÆ÷rÄ†÷BÄvöö@£cRÄÖÆRÃ“Ã"ãSÄÆ÷rÄ6öÆBÅö÷ £crÄÖÆRÃSÃ"ã3"Ä†–v‚Ä6öÆBÄvöö@£cBÄfVÖÆRÃ“’Ã2ã“rÄÖöFW&FRÄ†÷BÄvöö@£#2ÄÖÆRÃs’Ã2ãRÄ†–v‚Äæ÷&ÖÂÄvöö@£#2ÄfVÖÆRÃrÃ2ãbÄÆ÷rÄ6öÆBÅö÷ £3RÄfVÖÆRÃsRÃ2ã#‚ÄÖöFW&FRÄ†÷BÄvöö@£#ÄÖÆRÃbÃ"ãsrÄÆ÷rÄ6öÆBÅö÷ £#"ÄfVÖÆRÃ“rÃBãÄ†–v‚Äæ÷&ÖÂÄvöö@£C‚ÄÖÆRÃcÃ"ãƒrÄ†–v‚Ä6öÆBÄvöö@£S‚ÄfVÖÆRÃƒ2Ã"ãbÄÆ÷rÄ6öÆBÅö÷ £#rÄÖÆRÃsbÃ"ãRÄÖöFW&FRÄ6öÆBÅö÷ £SÄÖÆRÃƒ"Ã"ãBÄÖöFW&FRÄ6öÆBÅö÷ £3"ÄÖÆRÃS"Ããs2ÄÖöFW&FRÄ6öÆBÄvöö@£S"ÄfVÖÆRÃcÃ"ã3‚Ä†–v‚Ä6öÆBÄvöö@£32ÄfVÖÆRÃcRÃ2ã’ÄÆ÷rÄ†÷BÄvöö@£#‚ÄÖÆRÃS"Ã"ã“rÄ†–v‚Ä†÷BÄvöö@£3ÄÖÆRÃ“2Ã"ãS’ÄÖöFW&FRÄ6öÆBÅö÷ £SÄÖÆRÃc‚Ã"ãƒ"Ä†–v‚Äæ÷&ÖÂÄvöö@£3"ÄfVÖÆRÃ“BÃ2ã“’Ä†–v‚Äæ÷&ÖÂÄvöö@£3BÄfVÖÆRÃCbÃ2ã3Ä†–v‚Ä†÷BÄvöö@£3ÄfVÖÆRÃSbÃãc‚ÄÖöFW&FRÄ6öÆBÄvöö@£c‚ÄÖÆRÃSBÃ"ã3rÄ†–v‚Äæ÷&ÖÂÄvöö@£SbÄÖÆRÃƒBÃBã3rÄ†–v‚Ä†÷BÄvöö@£#2ÄÖÆRÃsRÃã“‚ÄÆ÷rÄ6öÆBÅö÷ £cÄfVÖÆRÃƒ"Ã"ãƒ"ÄÖöFW&FRÄ6öÆBÄvöö@£3BÄfVÖÆRÃcÃ2ãS‚Ä†–v‚Ä†÷BÄvöö@£SbÄfVÖÆRÃS’Ã"ã#’Ä†–v‚Ä6öÆBÄvöö@£3rÄÖÆRÃRÃ2ãcÄÆ÷rÄ†÷BÄvöö@£CBÄfVÖÆRÃ“Ã2ãc’Ä†–v‚Ä6öÆBÄvöö@£#2ÄfVÖÆRÃƒRÃ"ã#‚ÄÆ÷rÄæ÷&ÖÂÅö÷ £3ÄÖÆRÃRÃ2ãƒ‚Ä†–v‚Äæ÷&ÖÂÄvöö@£cÄfVÖÆRÃC’ÃãRÄÆ÷rÄæ÷&ÖÂÄvöö@£3’ÄÖÆRÃƒBÃ"ã3‚ÄÖöFW&FRÄ6öÆBÅö÷ £#2ÄfVÖÆRÃƒ2Ã"ã3‚ÄÆ÷rÄæ÷&ÖÂÅö÷ £3rÄfVÖÆRÃC‚Ã"ã3BÄ†–v‚Äæ÷&ÖÂÄvöö@£cbÄÖÆRÃS2Ããc’ÄÖöFW&FRÄ6öÆBÄvöö@£#ÄfVÖÆRÃSRÃ"ã“2ÄÖöFW&FRÄ†÷BÄvöö@£cbÄfVÖÆRÃc‚Ã"ã3rÄ†–v‚Ä6öÆBÄvöö@£3RÄÖÆRÃSÃ"ãƒ"Ä†–v‚Äæ÷&ÖÂÄvöö@£cÄÖÆRÃS‚Ã"ãc"Ä†–v‚Äæ÷&ÖÂÄvöö@£3rÄÖÆRÃc"Ã2ã"Ä†–v‚Äæ÷&ÖÂÄvöö@£3"ÄfVÖÆRÃCRÃ"ã3BÄÖöFW&FRÄ†÷BÄvöö@£SÄÖÆRÃ“bÃ2ãBÄÖöFW&FRÄ6öÆBÄvöö@£CÄÖÆRÃc‚Ã"ãÄÆ÷rÄ6öÆBÄvöö@£c‚ÄfVÖÆRÃ“ÃBã#"Ä†–v‚Ä†÷BÄvöö@£S’ÄfVÖÆRÃS‚Ã"ãc2ÄÆ÷rÄ†÷BÄvöö@£32ÄÖÆRÃsbÃãc‚ÄÆ÷rÄ6öÆBÅö÷ £C‚ÄÖÆRÃSbÃ"ãBÄÆ÷rÄ†÷BÄvöö@£#‚ÄfVÖÆRÃ“rÃBã#‚ÄÖöFW&FRÄ†÷BÄvöö@£cBÄfVÖÆRÃsÃãRÄÆ÷rÄ6öÆBÅö÷ £32ÄfVÖÆRÃS’Ã2ã3"Ä†–v‚Ä†÷BÄvöö@£3"ÄfVÖÆRÃƒ’Ã2ãrÄÖöFW&FRÄæ÷&ÖÂÄvöö@£SÄfVÖÆRÃsÃ2ã2ÄÖöFW&FRÄ†÷BÄvöö@£CbÄÖÆRÃsbÃ"ã2ÄÖöFW&FRÄ6öÆBÅö÷ £c"ÄÖÆRÃ“’Ã2ãCbÄ†–v‚Ä6öÆBÄvöö@£cRÄÖÆRÃ2Ã"ã3‚ÄÆ÷rÄ6öÆBÅö÷ £SBÄfVÖÆRÃsRÃ"ãƒ2ÄÆ÷rÄ†÷BÄvöö@£#ÄÖÆRÃ2ÃRã#rÄ†–v‚Ä†÷BÄvöö@£#rÄfVÖÆRÃCrÃã“Ä†–v‚Ä6öÆBÄvöö@£CRÄÖÆRÃ2ÃBãc’Ä†–v‚Ä†÷BÄvöö@£#bÄfVÖÆRÃsÃãSRÄÆ÷rÄ6öÆBÅö÷ £CBÄÖÆRÃrÃ2ãƒÄÖöFW&FRÄæ÷&ÖÂÄvöö@£C’ÄfVÖÆRÃc"Ããƒ"ÄÆ÷rÄ6öÆBÅö÷ £3’ÄÖÆRÃcÃ2ã"ÄÖöFW&FRÄ†÷BÄvöö@£C2ÄÖÆRÃC’ÃãƒrÄÖöFW&FRÄ6öÆBÄvöö@£cÄfVÖÆRÃc‚ÃãRÄÆ÷rÄ6öÆBÅö÷ £c‚ÄÖÆRÃSÃãRÄÆ÷rÄ6öÆBÅö÷ £cÄÖÆRÃc2ÃãRÄÆ÷rÄ6öÆBÅö÷ £cÄÖÆRÃƒ‚Ã"ãbÄÆ÷rÄ†÷BÅö÷ £SbÄfVÖÆRÃc’Ã2ã‚Ä†–v‚Ä†÷BÄvöö@£SbÄÖÆRÃ2Ã2ãCRÄ†–v‚Ä6öÆBÄvöö@£32ÄÖÆRÃ“rÃ"ã“bÄÖöFW&FRÄæ÷&ÖÂÄvöö@£CbÄfVÖÆRÃSBÃ"ãC‚ÄÖöFW&FRÄ†÷BÄvöö@£3ÄfVÖÆRÃ“‚Ã"ãCrÄÆ÷rÄ6öÆBÅö÷ £3ÄfVÖÆRÃ“RÃ"ãsÄÆ÷rÄæ÷&ÖÂÅö÷ £SRÄÖÆRÃs‚Ã"ã#ÄÖöFW&FRÄæ÷&ÖÂÅö÷ £CÄÖÆRÃcrÃ"ãRÄ†–v‚Ä6öÆBÄvöö@£cÄfVÖÆRÃBÃBã#’Ä†–v‚Äæ÷&ÖÂÄvöö@£‚ÄÖÆRÃc2Ã"ãs’ÄÖöFW&FRÄæ÷&ÖÂÄvöö@£SÄfVÖÆRÃCRÃãsÄÖöFW&FRÄæ÷&ÖÂÄvöö@£CÄÖÆRÃSBÃ"ãCrÄ†–v‚Äæ÷&ÖÂÄvöö@£SBÄfVÖÆRÃCbÃãRÄÖöFW&FRÄ6öÆBÄvöö@£c2ÄfVÖÆRÃƒRÃ2ã#BÄ†–v‚Ä6öÆBÄvöö@£#’ÄÖÆRÃƒ‚Ã2ã3rÄÖöFW&FRÄæ÷&ÖÂÄvöö@£CbÄÖÆRÃƒRÃ2ã"ÄÆ÷rÄ†÷BÄvöö@£3"ÄfVÖÆRÃbÃ2ã’Ä†–v‚Ä6öÆBÄvöö@£SÄÖÆRÃs2ÃãcrÄÆ÷rÄ6öÆBÅö÷ £CÄfVÖÆRÃc"Ã"ã‚ÄÆ÷rÄ†÷BÄvöö@£#bÄÖÆRÃcBÃ"ã3ÄÖöFW&FRÄ6öÆBÄvöö@£3‚ÄÖÆRÃ“BÃ2ãÄÆ÷rÄæ÷&ÖÂÄvöö@£c"ÄfVÖÆRÃcÃ"ãs’Ä†–v‚Äæ÷&ÖÂÄvöö@£#bÄfVÖÆRÃsbÃ"ãbÄÆ÷rÄ6öÆBÅö÷ £CRÄfVÖÆRÃBÃ2ãsbÄ†–v‚Ä6öÆBÄvöö@£#2ÄfVÖÆRÃ“rÃBã3‚Ä†–v‚Ä†÷BÄvöö@£SÄÖÆRÃc’Ããƒ2ÄÖöFW&FRÄ6öÆBÅö÷ £32ÄfVÖÆRÃSrÃ"ãƒ"Ä†–v‚Äæ÷&ÖÂÄvöö@£‚ÄfVÖÆRÃsRÃ2ã#’ÄÖöFW&FRÄ†÷BÄvöö@£CÄfVÖÆRÃÃ"ãcrÄÆ÷rÄæ÷&ÖÂÅö÷ £CRÄÖÆRÃƒ‚ÃBã#bÄ†–v‚Ä†÷BÄvöö@£S’ÄfVÖÆRÃ2Ã2ãCRÄÖöFW&FRÄ6öÆBÄvöö@£#‚ÄÖÆRÃC‚Ãã“"Ä†–v‚Ä6öÆBÄvöö@£CÄfVÖÆRÃ“‚Ã"ãcbÄÆ÷rÄæ÷&ÖÂÅö÷ £c"ÄÖÆRÃcÃãƒ2ÄÆ÷rÄ†÷BÄvöö@£3ÄÖÆRÃ“RÃ2ã#BÄÆ÷rÄæ÷&ÖÂÄvöö@£#ÄfVÖÆRÃS2Ããƒ"ÄÆ÷rÄæ÷&ÖÂÄvöö@£#ÄÖÆRÃÃBãCrÄÖöFW&FRÄ†÷BÄvöö@£CbÄfVÖÆRÃ“Ã2ã2ÄÆ÷rÄæ÷&ÖÂÄvöö@£#"ÄÖÆRÃ‚Ã2ãbÄÖöFW&FRÄ6öÆBÅö÷ £S"ÄfVÖÆRÃC’ÃãRÄÖöFW&FRÄæ÷&ÖÂÄvöö@£3"ÄfVÖÆRÃc‚Ã"ãS"Ä†–v‚Ä6öÆBÄvöö@£3bÄfVÖÆRÃƒ’Ã2ãƒ"ÄÆ÷rÄ†÷BÄvöö@£#rÄÖÆRÃƒ’Ã"ã“’Ä†–v‚Ä6öÆBÄvöö@£c"ÄfVÖÆRÃƒRÃ2ãƒ‚ÄÖöFW&FRÄ†÷BÄvöö@£#2ÄfVÖÆRÃ’Ã2ã#2ÄÆ÷rÄ6öÆBÅö÷ £cRÄÖÆRÃƒBÃ2ã#"ÄÖöFW&FRÄæ÷&ÖÂÄvöö@£3BÄfVÖÆRÃSrÃ"ãC2ÄÆ÷rÄ†÷BÄvöö@£SRÄfVÖÆRÃsRÃ"ãcÄÆ÷rÄ†÷BÄvöö@£3rÄÖÆRÃcrÃ2ã‚Ä†–v‚Ä†÷BÄvöö@£3"ÄÖÆRÃƒ"Ãã“’ÄÆ÷rÄæ÷&ÖÂÅö÷ £3ÄfVÖÆRÃSrÃ"ãcÄÖöFW&FRÄ†÷BÄvöö@£‚ÄÖÆRÃSBÃ"ãS"ÄÆ÷rÄ†÷BÄvöö@£S’ÄÖÆRÃƒÃBã#’Ä†–v‚Ä†÷BÄvöö@£3‚ÄfVÖÆRÃRÃ2ãS‚ÄÖöFW&FRÄ6öÆBÄvöö@£#’ÄÖÆRÃƒ2Ã"ãƒ"ÄÆ÷rÄ†÷BÄvöö@£3bÄfVÖÆRÃCbÃã“"ÄÆ÷rÄ†÷BÄvöö@£c‚ÄfVÖÆRÃCrÃ"ã3RÄ†–v‚Äæ÷&ÖÂÄvöö@£CRÄfVÖÆRÃƒRÃ"ãSrÄÖöFW&FRÄæ÷&ÖÂÄvöö@£3ÄfVÖÆRÃCRÃãRÄÆ÷rÄæ÷&ÖÂÄvöö@£c’ÄÖÆRÃSBÃ"ãcBÄ†–v‚Ä†÷BÄvöö@£#2ÄÖÆRÃ“"Ã2ãCBÄÆ÷rÄ†÷BÄvöö@£#’ÄÖÆRÃcRÃ"ã’ÄÆ÷rÄ†÷BÄvöö@£C’ÄÖÆRÃƒÃ"ãsBÄÖöFW&FRÄ6öÆBÄvöö@£CÄÖÆRÃ“’Ã"ãƒ‚ÄÖöFW&FRÄ6öÆBÅö÷ £SÄfVÖÆRÃcBÃãƒ"ÄÆ÷rÄæ÷&ÖÂÅö÷ £#ÄfVÖÆRÃs2Ã"ãÄÖöFW&FRÄ6öÆBÅö÷ £#‚ÄÖÆRÃ“2Ã"ã“BÄÆ÷rÄæ÷&ÖÂÄvöö@£S’ÄfVÖÆRÃsrÃ"ã“2ÄÖöFW&FRÄ†÷BÄvöö@£SrÄÖÆRÃƒÃ2ã3bÄ†–v‚Äæ÷&ÖÂÄvöö@£CÄÖÆRÃ“’Ã2ã“’ÄÆ÷rÄ†÷BÄvöö@£cÄfVÖÆRÃƒ‚Ã2ãS‚ÄÖöFW&FRÄ†÷BÄvöö@£‚ÄÖÆRÃSÃ"ãƒ‚Ä†–v‚Äæ÷&ÖÂÄvöö@£cÄÖÆRÃSbÃãRÄÆ÷rÄæ÷&ÖÂÅö÷ £c’ÄÖÆRÃsBÃ2ã’ÄÖöFW&FRÄ†÷BÄvöö@£CrÄÖÆRÃ“’Ã2ã“’Ä†–v‚Äæ÷&ÖÂÄvöö@£3RÄfVÖÆRÃSÃ"ãS’ÄÆ÷rÄ†÷BÄvöö@£3rÄfVÖÆRÃ“’Ã2ãÄÆ÷rÄæ÷&ÖÂÄvöö@£’ÄfVÖÆRÃ‚ÃBã#bÄÆ÷rÄ†÷BÄvöö@£CÄÖÆRÃC‚ÃãsBÄÖöFW&FRÄæ÷&ÖÂÄvöö@£SrÄfVÖÆRÃƒrÃ"ãS’ÄÖöFW&FRÄ6öÆBÅö÷ £C"ÄÖÆRÃ’ÃBã’Ä†–v‚Äæ÷&ÖÂÄvöö@£c"ÄfVÖÆRÃsrÃãRÄÆ÷rÄ6öÆBÅö÷ £#’ÄfVÖÆRÃsÃãƒrÄÖöFW&FRÄ6öÆBÅö÷ £3ÄÖÆRÃcbÃ2ã3RÄ†–v‚Ä†÷BÄvöö@£SÄÖÆRÃÃBã3rÄ†–v‚Ä†÷BÄvöö@£3RÄfVÖÆRÃSbÃ2ã32Ä†–v‚Ä†÷BÄvöö@£SBÄÖÆRÃƒ’Ã2ãC"ÄÖöFW&FRÄ†÷BÄvöö@£SÄÖÆRÃSÃ"ã#"ÄÆ÷rÄ†÷BÄvöö@£3’ÄÖÆRÃC‚Ã"ãcbÄ†–v‚Ä†÷BÄvöö@£c2ÄfVÖÆRÃS2ÃãRÄÆ÷rÄæ÷&ÖÂÅö÷ £32ÄfVÖÆRÃ“RÃ2ã#’Ä†–v‚Ä6öÆBÄvöö@£3bÄÖÆRÃSÃ"ãC‚Ä†–v‚Äæ÷&ÖÂÄvöö@£#2ÄÖÆRÃC’ÃãsRÄ†–v‚Ä6öÆBÄvöö@£CBÄfVÖÆRÃƒ’Ã2ã#rÄÆ÷rÄ†÷BÄvöö@£C2ÄÖÆRÃs"ÃBãBÄ†–v‚Ä†÷BÄvöö@£C"ÄfVÖÆRÃ“rÃ2ãcBÄ†–v‚Äæ÷&ÖÂÄvöö@£CrÄÖÆRÃ“rÃ2ãCrÄÆ÷rÄ†÷BÄvöö@£#bÄfVÖÆRÃƒÃ2ã3"Ä†–v‚Äæ÷&ÖÂÄvöö@£c2ÄfVÖÆRÃsÃ2ãrÄ†–v‚Ä†÷BÄvöö@£SBÄfVÖÆRÃSBÃ"ã3‚ÄÆ÷rÄ†÷BÄvöö@£C"ÄÖÆRÃ“bÃ2ã“BÄ†–v‚Ä6öÆBÄvöö@£#ÄÖÆRÃc‚Ã"ã#BÄ†–v‚Ä6öÆBÄvöö@£CBÄÖÆRÃ’Ã2ãS’Ä†–v‚Ä6öÆBÄvöö@£3ÄfVÖÆRÃƒÃ2ã32ÄÆ÷rÄ†÷BÄvöö@£#"ÄÖÆRÃSBÃ2ã"Ä†–v‚Äæ÷&ÖÂÄvöö@£CbÄÖÆRÃ“rÃ2ãÄÆ÷rÄæ÷&ÖÂÄvöö@£CbÄÖÆRÃs"Ã"ã#bÄÆ÷rÄæ÷&ÖÂÄvöö@£3BÄÖÆRÃƒÃ"ãƒrÄÖöFW&FRÄ6öÆBÄvöö@£c2ÄfVÖÆRÃƒ’Ãã“BÄÆ÷rÄ6öÆBÅö÷ £#bÄÖÆRÃƒÃ2ãs"Ä†–v‚Äæ÷&ÖÂÄvöö@£#bÄfVÖÆRÃ“BÃ"ãSRÄÖöFW&FRÄ6öÆBÅö÷ £c2ÄÖÆRÃ“Ã2ãSrÄ†–v‚Ä6öÆBÄvöö@£SÄfVÖÆRÃƒ"Ã2ãsbÄ†–v‚Äæ÷&ÖÂÄvöö@£cRÄÖÆRÃƒÃãs’ÄÆ÷rÄæ÷&ÖÂÅö÷ £#rÄfVÖÆRÃ“2Ã"ãRÄÖöFW&FRÄ6öÆBÅö÷ £#RÄÖÆRÃsBÃ"ãC’Ä†–v‚Ä6öÆBÄvöö@£S"ÄfVÖÆRÃ“Ã2ãRÄ†–v‚Ä6öÆBÄvöö@£32ÄfVÖÆRÃSBÃ"ã#rÄÖöFW&FRÄæ÷&ÖÂÄvöö@£crÄfVÖÆRÃCbÃãƒ"Ä†–v‚Äæ÷&ÖÂÄvöö@£#‚ÄÖÆRÃBÃBãrÄ†–v‚Ä6öÆBÄvöö@£c"ÄÖÆRÃƒÃ"ãSBÄÆ÷rÄæ÷&ÖÂÄvöö@£cRÄfVÖÆRÃ‚Ã2ãbÄÖöFW&FRÄ6öÆBÅö÷ £3"ÄfVÖÆRÃ“RÃBã#2ÄÖöFW&FRÄ†÷BÄvöö@£3‚ÄÖÆRÃ“rÃ2ã#‚Ä†–v‚Ä6öÆBÄvöö@£CbÄÖÆRÃƒbÃ2ã’ÄÖöFW&FRÄ6öÆBÄvöö@£#2ÄÖÆRÃs’Ã2ãc"Ä†–v‚Äæ÷&ÖÂÄvöö@£CBÄÖÆRÃƒrÃBãrÄÖöFW&FRÄ†÷BÄvöö@£#’ÄÖÆRÃƒ‚Ã2ãBÄ†–v‚Äæ÷&ÖÂÄvöö@£S‚ÄÖÆRÃc’Ã"ã3bÄ†–v‚Ä6öÆBÄvöö@£’ÄÖÆRÃ’Ã"ãcbÄÆ÷rÄ6öÆBÅö÷ £CbÄÖÆRÃS‚Ã"ãs’Ä†–v‚Äæ÷&ÖÂÄvöö@£3’ÄÖÆRÃƒÃBãÄÖöFW&FRÄ†÷BÄvöö@£#rÄÖÆRÃS2Ã"ã3‚Ä†–v‚Äæ÷&ÖÂÄvöö@£c2ÄfVÖÆRÃ“Ã"ã#ÄÆ÷rÄæ÷&ÖÂÅö÷ £C"ÄÖÆRÃs’Ã2ãRÄÖöFW&FRÄæ÷&ÖÂÄvöö@£c"ÄÖÆRÃ“’Ã2ãbÄ†–v‚Ä6öÆBÄvöö@£S‚ÄÖÆRÃSbÃ"ã’Ä†–v‚Ä6öÆBÄvöö@£#bÄfVÖÆRÃƒÃã“RÄÆ÷rÄ6öÆBÅö÷ £3bÄfVÖÆRÃcbÃãs"ÄÖöFW&FRÄ6öÆBÅö÷ £3bÄÖÆRÃSbÃ"ã’Ä†–v‚Ä†÷BÄvöö@£C2ÄfVÖÆRÃcBÃ"ã#BÄÆ÷rÄæ÷&ÖÂÄvöö@£32ÄÖÆRÃ"Ã2ã"ÄÖöFW&FRÄ6öÆBÄvöö@£‚ÄfVÖÆRÃC’Ã"ãC"ÄÖöFW&FRÄ†÷BÄvöö@£3‚ÄÖÆRÃSbÃã“BÄ†–v‚Ä6öÆBÄvöö@£#‚ÄfVÖÆRÃS2Ãã’ÄÆ÷rÄæ÷&ÖÂÄvöö@£CBÄfVÖÆRÃbÃ2ã‚ÄÖöFW&FRÄ6öÆBÄvöö@£3RÄÖÆRÃCbÃãc’ÄÖöFW&FRÄæ÷&ÖÂÄvöö@£SbÄÖÆRÃsÃ2ãRÄ†–v‚Ä†÷BÄvöö@£c2ÄfVÖÆRÃrÃ2ã32ÄÖöFW&FRÄæ÷&ÖÂÄvöö@£CÄÖÆRÃcÃãc2ÄÖöFW&FRÄ6öÆBÅö÷ £CbÄfVÖÆRÃ“bÃ2ã"ÄÖöFW&FRÄæ÷&ÖÂÄvöö@£CÄfVÖÆRÃs’Ã"ã“rÄÖöFW&FRÄæ÷&ÖÂÄvöö@£SBÄÖÆRÃ“RÃBã#rÄ†–v‚Ä†÷BÄvöö@£SrÄÖÆRÃs’Ã"ãS2ÄÆ÷rÄæ÷&ÖÂÄvöö@£3bÄÖÆRÃc’Ã2ãBÄ†–v‚Ä6öÆBÄvöö@£C‚ÄÖÆRÃ“bÃ2ãrÄÖöFW&FRÄæ÷&ÖÂÄvöö@£CÄÖÆRÃ“2Ã2ãCRÄÖöFW&FRÄ6öÆBÄvöö@£crÄÖÆRÃ‚Ã"ã2ÄÆ÷rÄ6öÆBÅö÷ £c‚ÄfVÖÆRÃ“‚Ã2ãƒÄ†–v‚Äæ÷&ÖÂÄvöö@£3‚ÄfVÖÆRÃcÃãƒÄÖöFW&FRÄ6öÆBÅö÷ £CrÄÖÆRÃs‚Ã"ãsRÄÖöFW&FRÄ6öÆBÄvöö@£S’ÄÖÆRÃ’Ã2ã‚ÄÆ÷rÄ†÷BÅö÷ £C"ÄÖÆRÃsrÃ"ãƒBÄÆ÷rÄ†÷BÄvöö@£S2ÄfVÖÆRÃc"Ã"ãRÄÖöFW&FRÄ6öÆBÄvöö@£SrÄfVÖÆRÃƒ‚ÃBãRÄ†–v‚Ä†÷BÄvöö@£SbÄÖÆRÃÃ2ãC"ÄÆ÷rÄ†÷BÄvöö@£#’ÄÖÆRÃcrÃ"ã#RÄÆ÷rÄæ÷&ÖÂÄvöö@£c2ÄfVÖÆRÃ“’ÃBã"ÄÖöFW&FRÄ†÷BÄvöö@£3ÄÖÆRÃƒ"Ã2ãƒ"Ä†–v‚Ä†÷BÄvöö@£3’ÄfVÖÆRÃSRÃãRÄÖöFW&FRÄ6öÆBÅö÷ £3bÄÖÆRÃSÃ"ãcÄÆ÷rÄ†÷BÄvöö@£CBÄfVÖÆRÃs‚Ã"ã‚ÄÖöFW&FRÄæ÷&ÖÂÄvöö@£#"ÄÖÆRÃƒÃ"ãƒrÄ†–v‚Ä6öÆBÄvöö@£#"ÄfVÖÆRÃsÃ"ãrÄÖöFW&FRÄæ÷&ÖÂÄvöö@£C’ÄfVÖÆRÃS’Ã"ãC2ÄÆ÷rÄ†÷BÄvöö@£S"ÄfVÖÆRÃ“‚ÃBãƒÄ†–v‚Ä†÷BÄvöö@£CÄfVÖÆRÃs‚ÃãƒrÄÆ÷rÄæ÷&ÖÂÅö÷ £c‚ÄfVÖÆRÃ“Ã"ã3BÄÖöFW&FRÄ6öÆBÅö÷ £3‚ÄÖÆRÃƒ2Ã"ã“bÄÆ÷rÄæ÷&ÖÂÄvöö@£S2ÄÖÆRÃ“’Ã"ãCBÄÖöFW&FRÄ6öÆBÅö÷ £crÄfVÖÆRÃ"Ã2ãc2ÄÖöFW&FRÄ†÷BÄvöö@£SRÄÖÆRÃc‚Ãã“’ÄÆ÷rÄæ÷&ÖÂÅö÷ £c"ÄfVÖÆRÃsÃ"ã“RÄÆ÷rÄ†÷BÄvöö@£cÄfVÖÆRÃ’ÃBãcBÄ†–v‚Ä†÷BÄvöö@£crÄÖÆRÃ"Ã2ãsÄÆ÷rÄ†÷BÄvöö@£SRÄÖÆRÃcÃãRÄÆ÷rÄ6öÆBÅö÷ £S‚ÄÖÆRÃs"Ã"ã‚ÄÖöFW&FRÄ†÷BÄvöö@£c2ÄÖÆRÃsbÃãrÄÆ÷rÄ6öÆBÅö÷ £cRÄÖÆRÃSRÃ"ã’Ä†–v‚Äæ÷&ÖÂÄvöö@£crÄÖÆRÃƒ‚Ã2ãC"Ä†–v‚Äæ÷&ÖÂÄvöö@£C"ÄfVÖÆRÃ“BÃ2ã#ÄÆ÷rÄ†÷BÄvöö@£c"ÄÖÆRÃsbÃ"ãRÄÆ÷rÄ6öÆBÅö÷ £c’ÄfVÖÆRÃc’Ã"ãSbÄÖöFW&FRÄæ÷&ÖÂÄvöö@£c’ÄfVÖÆRÃÃ"ãC2ÄÆ÷rÄæ÷&ÖÂÅö÷ £c2ÄfVÖÆRÃcbÃãRÄÆ÷rÄ6öÆBÅö÷ £c‚ÄÖÆRÃ’Ã2ã’ÄÖöFW&FRÄ6öÆBÅö÷ £S‚ÄÖÆRÃ“Ã"ãCrÄÆ÷rÄæ÷&ÖÂÅö÷ £S2ÄfVÖÆRÃcbÃ"ãcrÄÖöFW&FRÄ†÷BÄvöö@£S‚ÄÖÆRÃƒ"Ã2ã#rÄÖöFW&FRÄ†÷BÄvöö@£3BÄÖÆRÃƒ’Ã"ã2ÄÆ÷rÄ6öÆBÅö÷ £#RÄfVÖÆRÃS’Ã"ã‚ÄÆ÷rÄ†÷BÄvöö@£cbÄÖÆRÃSBÃ"ã3’Ä†–v‚Äæ÷&ÖÂÄvöö@£SBÄfVÖÆRÃrÃRã"Ä†–v‚Ä†÷BÄvöö@£SÄÖÆRÃC‚ÃãRÄÆ÷rÄæ÷&ÖÂÄvöö@£SÄfVÖÆRÃs’ÃBãC2Ä†–v‚Ä†÷BÄvöö@£3ÄfVÖÆRÃÃBã#‚Ä†–v‚Ä†÷BÄvöö@£cÄfVÖÆRÃ“rÃBã#BÄÖöFW&FRÄ†÷BÄvöö@£c‚ÄfVÖÆRÃS‚Ããƒ‚ÄÖöFW&FRÄ6öÆBÄvöö@£cbÄfVÖÆRÃƒ’Ã"ãC‚ÄÆ÷rÄæ÷&ÖÂÅö÷ £CbÄfVÖÆRÃ“rÃBãÄÆ÷rÄ†÷BÄvöö@£cBÄÖÆRÃ“BÃ2ãrÄÖöFW&FRÄæ÷&ÖÂÄvöö@£crÄÖÆRÃcBÃ"ã3BÄ†–v‚Ä6öÆBÄvöö@£#BÄÖÆRÃcrÃ"ãƒ"Ä†–v‚Äæ÷&ÖÂÄvöö@£CÄfVÖÆRÃSRÃãRÄÆ÷rÄ6öÆBÅö÷ £SbÄÖÆRÃsRÃ"ãcrÄ†–v‚Äæ÷&ÖÂÄvöö@£3RÄfVÖÆRÃ2Ã2ãSÄÖöFW&FRÄæ÷&ÖÂÄvöö@£c"ÄfVÖÆRÃCrÃãbÄ†–v‚Ä6öÆBÄvöö@£#2ÄfVÖÆRÃCbÃ"ãsÄ†–v‚Ä†÷BÄvöö@£SÄÖÆRÃs2ÃBã"Ä†–v‚Ä†÷BÄvöö@£c2ÄfVÖÆRÃƒBÃ2ãÄ†–v‚Äæ÷&ÖÂÄvöö@£#2ÄfVÖÆRÃsÃ2ã“2Ä†–v‚Ä†÷BÄvöö@£S‚ÄÖÆRÃƒbÃãƒRÄÆ÷rÄæ÷&ÖÂÅö÷ £cRÄfVÖÆRÃRÃ2ãc2ÄÖöFW&FRÄ†÷BÄvöö@£#ÄÖÆRÃcRÃ2ãS’ÄÖöFW&FRÄ†÷BÄvöö@£cÄfVÖÆRÃcRÃãRÄÆ÷rÄæ÷&ÖÂÅö÷ £CÄfVÖÆRÃƒ’ÃBãsrÄ†–v‚Ä†÷BÄvöö@£3‚ÄÖÆRÃCbÃãƒBÄÆ÷rÄæ÷&ÖÂÄvöö@£SBÄÖÆRÃ“Ã"ãC2ÄÆ÷rÄ6öÆBÅö÷ £cRÄÖÆRÃS"Ã"ãƒBÄÖöFW&FRÄ†÷BÄvöö@£SBÄfVÖÆRÃs"Ã"ã#2ÄÖöFW&FRÄæ÷&ÖÂÄvöö@£#‚ÄÖÆRÃ“’Ã"ãcRÄÆ÷rÄ6öÆBÅö÷ £3’ÄfVÖÆRÃƒ2Ã2ãBÄ†–v‚Äæ÷&ÖÂÄvöö@£CrÄÖÆRÃƒbÃ"ã‚ÄÆ÷rÄæ÷&ÖÂÄvöö@£c"ÄfVÖÆRÃ‚ÃBã#bÄÖöFW&FRÄ†÷BÄvöö@£#’ÄfVÖÆRÃ“bÃ2ã3ÄÆ÷rÄæ÷&ÖÂÄvöö@£SrÄÖÆRÃs’ÃãRÄÆ÷rÄ6öÆBÅö÷ £#2ÄfVÖÆRÃcbÃ"ãƒRÄÖöFW&FRÄ†÷BÄvöö@£3ÄÖÆRÃcrÃ"ã32ÄÆ÷rÄæ÷&ÖÂÄvöö@£c2ÄfVÖÆRÃS2Ãã“BÄÆ÷rÄ†÷BÄvöö@£SBÄfVÖÆRÃsBÃ2ãcrÄ†–v‚Ä†÷BÄvöö@£cÄÖÆRÃ“2Ã2ãSrÄ†–v‚Ä6öÆBÄvöö@£3’ÄÖÆRÃ“rÃBã3BÄÖöFW&FRÄ†÷BÄvöö@£#ÄÖÆRÃƒbÃ2ã2ÄÆ÷rÄæ÷&ÖÂÄvöö@£#bÄfVÖÆRÃcRÃãs’ÄÖöFW&FRÄ6öÆBÅö÷ £SÄfVÖÆRÃBÃ2ã2ÄÆ÷rÄ6öÆBÄvöö@£#ÄfVÖÆRÃbÃ"ãƒ2ÄÆ÷rÄ6öÆBÅö÷ £’ÄfVÖÆRÃ“BÃBã#rÄÖöFW&FRÄ†÷BÄvöö@£#’ÄfVÖÆRÃsÃ"ã#BÄÖöFW&FRÄæ÷&ÖÂÄvöö@£SBÄfVÖÆRÃ“’Ã2ãRÄÆ÷rÄ†÷BÄvöö@£CÄÖÆRÃsBÃ2ãƒ’ÄÖöFW&FRÄ†÷BÄvöö@£S’ÄfVÖÆRÃSbÃ"ãCÄÆ÷rÄ†÷BÄvöö@£#ÄfVÖÆRÃs’Ã2ãRÄ†–v‚Ä6öÆBÄvöö@£CbÄfVÖÆRÃƒÃ2ã2ÄÖöFW&FRÄ6öÆBÄvöö@£SÄfVÖÆRÃƒÃ"ãÄÆ÷rÄæ÷&ÖÂÅö÷ £#‚ÄÖÆRÃ2ÃBãÄÆ÷rÄ†÷BÄvöö@£#’ÄÖÆRÃcRÃ"ã“’ÄÆ÷rÄ†÷BÄvöö@£3RÄfVÖÆRÃSÃãRÄÆ÷rÄ6öÆBÄvöö@£c"ÄfVÖÆRÃ’ÃBãs’Ä†–v‚Ä†÷BÄvöö@£3RÄÖÆRÃ“bÃBãcBÄ†–v‚Ä†÷BÄvöö@£C‚ÄfVÖÆRÃbÃ2ã#BÄÖöFW&FRÄæ÷&ÖÂÄvöö@£C"ÄfVÖÆRÃs2ÃãSRÄÆ÷rÄ6öÆBÅö÷ £CRÄfVÖÆRÃc2Ã2ã3"Ä†–v‚Ä†÷BÄvöö@£C‚ÄfVÖÆRÃ“‚ÃBã2Ä†–v‚Ä6öÆBÄvöö@£3ÄfVÖÆRÃ“BÃ2ãs"Ä†–v‚Äæ÷&ÖÂÄvöö@£#2ÄÖÆRÃ"Ã2ãs"Ä†–v‚Äæ÷&ÖÂÄvöö@£S‚ÄfVÖÆRÃsÃ"ã“BÄÖöFW&FRÄ†÷BÄvöö@£S2ÄÖÆRÃ"Ã"ã“RÄÖöFW&FRÄæ÷&ÖÂÅö÷ £32ÄfVÖÆRÃbÃ2ã“BÄ†–v‚Äæ÷&ÖÂÄvöö@£SbÄfVÖÆRÃCrÃ"ãBÄ†–v‚Ä6öÆBÄvöö@£S‚ÄÖÆRÃÃ"ã3RÄÆ÷rÄ6öÆBÅö÷ £#2ÄfVÖÆRÃsrÃ"ãbÄÖöFW&FRÄ6öÆBÅö÷ £CBÄÖÆRÃsBÃ"ãCBÄ†–v‚Ä6öÆBÄvöö@£CrÄÖÆRÃS’Ã"ãC‚ÄÖöFW&FRÄ†÷BÄvöö@£#’ÄÖÆRÃbÃ2ãs2Ä†–v‚Ä6öÆBÄvöö@£cbÄfVÖÆRÃCRÃã“Ä†–v‚Ä6öÆBÄvöö@£C"ÄfVÖÆRÃ“Ã2ãbÄ†–v‚Ä6öÆBÄvöö@£cÄfVÖÆRÃsÃ"ãrÄ†–v‚Ä6öÆBÅö÷ £CBÄfVÖÆRÃ“’Ã"ãc2ÄÆ÷rÄæ÷&ÖÂÅö÷ £SbÄÖÆRÃcÃãƒ2ÄÖöFW&FRÄ6öÆBÄvöö@£CrÄfVÖÆRÃÃBãcRÄ†–v‚Ä†÷BÄvöö@£c2ÄÖÆRÃcÃãƒbÄÆ÷rÄ†÷BÄvöö@£#rÄfVÖÆRÃ“2Ã2ãc2ÄÖöFW&FRÄæ÷&ÖÂÄvöö@£3RÄfVÖÆRÃcbÃãƒrÄÖöFW&FRÄ6öÆBÅö÷ £32ÄÖÆRÃÃBã3BÄÖöFW&FRÄ†÷BÄvöö@£c‚ÄfVÖÆRÃ“rÃBãÄ†–v‚Ä†÷BÄvöö@£SbÄÖÆRÃcRÃ"ãÄÆ÷rÄ†÷BÄvöö@£CrÄÖÆRÃ“Ã2ãC2ÄÖöFW&FRÄæ÷&ÖÂÄvöö@£SbÄfVÖÆRÃsBÃ2ã‚Ä†–v‚Äæ÷&ÖÂÄvöö@£crÄfVÖÆRÃcÃ"ãƒrÄ†–v‚Ä†÷BÄvöö@£#ÄÖÆRÃRÃ2ã3BÄÆ÷rÄæ÷&ÖÂÄvöö@£3RÄfVÖÆRÃƒBÃ2ã’ÄÖöFW&FRÄ6öÆBÄvöö@£CÄÖÆRÃCbÃ"ã"ÄÆ÷rÄ†÷BÄvöö@£C2ÄfVÖÆRÃÃBãÄ†–v‚Ä6öÆBÄvöö@£#2ÄfVÖÆRÃcRÃBãbÄ†–v‚Ä†÷BÄvöö@£SÄfVÖÆRÃ2Ã2ã"ÄÆ÷rÄæ÷&ÖÂÄvöö@£S‚ÄÖÆRÃc2Ããs"ÄÆ÷rÄ6öÆBÅö÷ £#rÄÖÆRÃ‚ÃBã3ÄÖöFW&FRÄ†÷BÄvöö@£CbÄfVÖÆRÃcBÃ2ã3‚ÄÖöFW&FRÄ†÷BÄvöö@£3ÄfVÖÆRÃc’Ã"ã#ÄÆ÷rÄ6öÆBÄvöö@£c’ÄfVÖÆRÃS’ÃãRÄÆ÷rÄæ÷&ÖÂÅö÷ £CrÄÖÆRÃƒ"ÃBã"Ä†–v‚Ä†÷BÄvöö@£crÄÖÆRÃs’Ã"ãsRÄÆ÷rÄ†÷BÄvöö@£CÄÖÆRÃC’Ã"ã#’Ä†–v‚Ä6öÆBÄvöö@£C‚ÄÖÆRÃ“rÃ2ã32ÄÆ÷rÄæ÷&ÖÂÄvöö@£3’ÄfVÖÆRÃ’Ã2ã‚ÄÆ÷rÄ6öÆBÅö÷ £SbÄÖÆRÃ“bÃBãBÄ†–v‚Äæ÷&ÖÂÄvöö@£CÄfVÖÆRÃcrÃ"ãƒ2Ä†–v‚Äæ÷&ÖÂÄvöö@£C‚ÄfVÖÆRÃSÃ"ãCÄÆ÷rÄ†÷BÄvöö@£3RÄfVÖÆRÃ“bÃ2ãc2ÄÖöFW&FRÄæ÷&ÖÂÄvöö@£cRÄÖÆRÃ“‚Ã2ãc2ÄÖöFW&FRÄæ÷&ÖÂÄvöö@£32ÄfVÖÆRÃ“‚ÃBãrÄ†–v‚Ä6öÆBÄvöö@£SrÄfVÖÆRÃs’Ã2ã#BÄÖöFW&FRÄ†÷BÄvöö@£CrÄÖÆRÃƒÃ"ãcBÄÆ÷rÄæ÷&ÖÂÄvöö@£SÄfVÖÆRÃc‚Ã"ã#’ÄÆ÷rÄ†÷BÄvöö@£S‚ÄÖÆRÃ“BÃ"ãc’ÄÆ÷rÄæ÷&ÖÂÅö÷ £CÄÖÆRÃƒÃ"ãƒ2ÄÆ÷rÄæ÷&ÖÂÄvöö@£CbÄÖÆRÃƒÃBãÄÖöFW&FRÄ†÷BÄvöö@£#‚ÄÖÆRÃ“’Ã2ãrÄÆ÷rÄæ÷&ÖÂÄvöö@£3‚ÄfVÖÆRÃ“’Ã"ã“rÄÆ÷rÄ6öÆBÄvöö@£#ÄÖÆRÃc’Ããƒ’ÄÆ÷rÄ6öÆBÅö÷ £3bÄÖÆRÃS"Ã"ãBÄÖöFW&FRÄæ÷&ÖÂÄvöö@£3rÄÖÆRÃS‚Ã2ã3Ä†–v‚Ä†÷BÄvöö@£#’ÄfVÖÆRÃÃBãÄ†–v‚Äæ÷&ÖÂÄvöö@£32ÄÖÆRÃS"Ããs’ÄÆ÷rÄæ÷&ÖÂÄvöö@£3rÄfVÖÆRÃs"Ã"ãsRÄÆ÷rÄ†÷BÄvöö@£#ÄfVÖÆRÃSBÃ2ãs‚Ä†–v‚Ä†÷BÄvöö@£3RÄfVÖÆRÃƒ’Ã"ã#’ÄÆ÷rÄæ÷&ÖÂÅö÷ £SrÄÖÆRÃs’Ã"ãC2ÄÆ÷rÄæ÷&ÖÂÄvöö@£CÄfVÖÆRÃƒrÃ2ãƒÄ†–v‚Äæ÷&ÖÂÄvöö@£cÄfVÖÆRÃƒBÃ2ã"ÄÖöFW&FRÄ†÷BÄvöö@£#ÄÖÆRÃcÃ"ãrÄ†–v‚Ä6öÆBÄvöö@£’ÄfVÖÆRÃc2Ã2ãÄÖöFW&FRÄ†÷BÄvöö@£SrÄÖÆRÃS"Ã"ãÄÆ÷rÄ†÷BÄvöö@£#BÄÖÆRÃc"Ã"ãcrÄÖöFW&FRÄ†÷BÄvöö@£#ÄÖÆRÃƒRÃ"ã‚ÄÆ÷rÄ†÷BÄvöö@£#’ÄÖÆRÃƒÃ"ãC’ÄÖöFW&FRÄæ÷&ÖÂÄvöö@£c"ÄÖÆRÃƒ2Ã2ãSBÄ†–v‚Äæ÷&ÖÂÄvöö@£3ÄÖÆRÃc"Ã"ãc‚ÄÖöFW&FRÄæ÷&ÖÂÄvöö@£S‚ÄfVÖÆRÃƒBÃBã"Ä†–v‚Ä†÷BÄvöö@£SBÄfVÖÆRÃ“"Ã"ã3"ÄÖöFW&FRÄ6öÆBÅö÷ £S"ÄfVÖÆRÃc‚Ã"ã3’ÄÖöFW&FRÄæ÷&ÖÂÄvöö@£#‚ÄfVÖÆRÃ“BÃBãƒrÄ†–v‚Ä†÷BÄvöö@£CRÄÖÆRÃ“’Ã"ã“RÄÆ÷rÄ6öÆBÅö÷ £#ÄÖÆRÃSÃãs2ÄÆ÷rÄæ÷&ÖÂÄvöö@£3BÄfVÖÆRÃc2Ããc"ÄÖöFW&FRÄ6öÆBÅö÷ £3BÄfVÖÆRÃ“2Ã2ã“‚ÄÆ÷rÄ†÷BÄvöö@£SÄÖÆRÃbÃ2ãc2ÄÖöFW&FRÄæ÷&ÖÂÄvöö@£CÄÖÆRÃs‚Ã"ãcbÄÆ÷rÄæ÷&ÖÂÄvöö@£cÄÖÆRÃS’Ã"ã’ÄÖöFW&FRÄ6öÆBÄvöö@£SbÄÖÆRÃS2ÃãRÄÆ÷rÄ6öÆBÅö÷ £S"ÄÖÆRÃSBÃ"ãBÄÆ÷rÄ†÷BÄvöö@£CbÄfVÖÆRÃ“Ã2ãSRÄÆ÷rÄ†÷BÄvöö@£C2ÄÖÆRÃƒ’Ã2ã“‚ÄÖöFW&FRÄ†÷BÄvöö@£cÄfVÖÆRÃ“rÃ2ãcbÄÖöFW&FRÄ†÷BÄvöö@£#ÄfVÖÆRÃc2Ã"ã‚ÄÖöFW&FRÄ6öÆBÄvöö@£3bÄÖÆRÃsbÃ"ãƒ‚ÄÖöFW&FRÄ6öÆBÄvöö@£cbÄÖÆRÃc’ÃãRÄÆ÷rÄ6öÆBÅö÷ £#’ÄfVÖÆRÃ“2ÃBã#RÄ†–v‚Ä†÷BÄvöö@£3RÄfVÖÆRÃCRÃ2ãBÄ†–v‚Ä†÷BÄvöö@£#’ÄfVÖÆRÃsÃ"ãÄÖöFW&FRÄæ÷&ÖÂÄvöö@£3"ÄÖÆRÃ“bÃ2ãc2ÄÆ÷rÄ†÷BÄvöö@£3"ÄfVÖÆRÃS"Ã2ã3rÄ†–v‚Ä†÷BÄvöö@£cÄfVÖÆRÃS"Ããƒ"Ä†–v‚Ä6öÆBÄvöö@£CbÄÖÆRÃcÃ2ãC2Ä†–v‚Ä†÷BÄvöö@£cbÄÖÆRÃƒ’Ã2ãbÄ†–v‚Äæ÷&ÖÂÄvöö@£32ÄÖÆRÃc2Ã"ãCrÄÆ÷rÄ†÷BÄvöö@£3ÄfVÖÆRÃBÃBã’Ä†–v‚Ä6öÆBÄvöö@£C’ÄfVÖÆRÃ‚ÃBãÄ†–v‚Äæ÷&ÖÂÄvöö@£CÄfVÖÆRÃs"Ã"ã#‚ÄÖöFW&FRÄ6öÆBÄvöö@£3‚ÄfVÖÆRÃƒ"Ã2ãS"ÄÖöFW&FRÄ†÷BÄvöö@£CBÄfVÖÆRÃ“’Ã2ãs2Ä†–v‚Äæ÷&ÖÂÄvöö@£3‚ÄfVÖÆRÃc’ÃãRÄÆ÷rÄ6öÆBÅö÷ £c2ÄÖÆRÃC‚ÃãRÄÆ÷rÄæ÷&ÖÂÄvöö@£CÄfVÖÆRÃ“’Ã"ãs’ÄÆ÷rÄæ÷&ÖÂÅö÷ £#RÄfVÖÆRÃ’ÃBãBÄ†–v‚Ä6öÆBÄvöö@£#’ÄfVÖÆRÃc’Ã"ãcrÄ†–v‚Ä6öÆBÄvöö@£SÄfVÖÆRÃ“bÃ"ãS’ÄÖöFW&FRÄ6öÆBÅö÷ £#ÄÖÆRÃsrÃã“’ÄÆ÷rÄæ÷&ÖÂÅö÷ £S‚ÄfVÖÆRÃsÃ2ã3rÄ†–v‚Ä†÷BÄvöö@£3RÄÖÆRÃs’Ã2ãs‚Ä†–v‚Ä†÷BÄvöö@£#‚ÄfVÖÆRÃƒ’Ã2ãBÄ†–v‚Ä6öÆBÄvöö@£3ÄÖÆRÃ“bÃ2ãBÄÆ÷rÄ†÷BÄvöö@£SRÄÖÆRÃ“‚Ã2ãC2Ä†–v‚Ä6öÆBÄvöö@£CRÄÖÆRÃRÃ"ãƒ’ÄÆ÷rÄ6öÆBÅö÷ £c2ÄfVÖÆRÃƒÃãƒ2ÄÆ÷rÄ6öÆBÅö÷ £SrÄfVÖÆRÃƒ’ÃBã3’Ä†–v‚Ä†÷BÄvöö@£CÄÖÆRÃcÃã“"ÄÆ÷rÄ6öÆBÄvöö@£#rÄÖÆRÃs‚Ã2ãSBÄ†–v‚Ä†÷BÄvöö@£32ÄÖÆRÃbÃ"ãsrÄÆ÷rÄæ÷&ÖÂÅö÷ £#RÄÖÆRÃ‚Ã2ãCÄÆ÷rÄæ÷&ÖÂÄvöö@£SrÄfVÖÆRÃS‚ÃãRÄÆ÷rÄ6öÆBÅö÷ £3RÄÖÆRÃƒÃ"ãc‚ÄÖöFW&FRÄæ÷&ÖÂÄvöö@£SrÄÖÆRÃƒRÃ"ã3‚ÄÆ÷rÄæ÷&ÖÂÅö÷ £CRÄÖÆRÃƒbÃ2ã3rÄÆ÷rÄ†÷BÄvöö@£‚ÄfVÖÆRÃc"Ã"ã’ÄÖöFW&FRÄ†÷BÄvöö@£3bÄfVÖÆRÃSÃ2ãRÄ†–v‚Ä†÷BÄvöö@£#BÄfVÖÆRÃs"Ã"ãS‚ÄÆ÷rÄæ÷&ÖÂÄvöö@£3BÄÖÆRÃsBÃ"ãc’Ä†–v‚Ä6öÆBÄvöö@£SBÄÖÆRÃƒÃ2ã“bÄ†–v‚Ä†÷BÄvöö@£3"ÄfVÖÆRÃsÃ"ãSbÄÆ÷rÄæ÷&ÖÂÄvöö@£#rÄÖÆRÃcbÃ2ã"Ä†–v‚Äæ÷&ÖÂÄvöö@£S’ÄfVÖÆRÃƒRÃ"ãƒBÄ†–v‚Ä6öÆBÄvöö@£c‚ÄfVÖÆRÃCRÃ"ãÄÆ÷rÄ†÷BÄvöö@£SBÄfVÖÆRÃc‚Ã2ãƒÄ†–v‚Ä†÷BÄvöö@£cÄÖÆRÃ“2Ã2ãS’Ä†–v‚Ä6öÆBÄvöö@£#ÄÖÆRÃƒÃ2ãÄ†–v‚Äæ÷&ÖÂÄvöö@£#‚ÄÖÆRÃSBÃ"ãcÄÖöFW&FRÄæ÷&ÖÂÄvöö@£S’ÄfVÖÆRÃS"Ã"ãCBÄ†–v‚Äæ÷&ÖÂÄvöö@£CÄfVÖÆRÃ“RÃ"ãƒRÄÖöFW&FRÄæ÷&ÖÂÄvöö@£3‚ÄfVÖÆRÃ“rÃ"ãƒ"ÄÆ÷rÄ6öÆBÅö÷ £#’ÄfVÖÆRÃSrÃ"ã#BÄÖöFW&FRÄ6öÆBÄvöö@£#bÄfVÖÆRÃsÃ"ãƒÄÆ÷rÄ†÷BÄvöö@£3BÄÖÆRÃ“RÃ"ãcÄÆ÷rÄæ÷&ÖÂÅö÷ £SrÄfVÖÆRÃbÃ"ãS‚ÄÖöFW&FRÄ6öÆBÅö÷ £SbÄÖÆRÃS"ÃãRÄÆ÷rÄ†÷BÅö÷ £C‚ÄfVÖÆRÃƒbÃ"ãƒBÄÖöFW&FRÄæ÷&ÖÂÄvöö@£’ÄfVÖÆRÃƒRÃ"ãƒ"ÄÆ÷rÄæ÷&ÖÂÄvöö@£crÄÖÆRÃsrÃ"ãcrÄÖöFW&FRÄæ÷&ÖÂÄvöö@£#‚ÄÖÆRÃ“Ã2ã3"ÄÖöFW&FRÄæ÷&ÖÂÄvöö@£#ÄÖÆRÃ“’Ã2ãBÄÖöFW&FRÄæ÷&ÖÂÄvöö@£’ÄÖÆRÃƒÃ2ãc2Ä†–v‚Ä†÷BÄvöö@£3bÄfVÖÆRÃcrÃ"ãc2ÄÖöFW&FRÄ6öÆBÄvöö@£#’ÄfVÖÆRÃs’Ã"ã3rÄÖöFW&FRÄ6öÆBÄvöö@£3ÄfVÖÆRÃ‚ÃBãbÄÖöFW&FRÄ†÷BÄvöö@£c’ÄÖÆRÃcÃ2ã#Ä†–v‚Ä†÷BÄvöö@£SÄfVÖÆRÃ“bÃ"ãs2ÄÆ÷rÄ6öÆBÅö÷ £3rÄfVÖÆRÃƒ’Ã2ã2ÄÖöFW&FRÄ6öÆBÄvöö@£crÄfVÖÆRÃ"Ã2ãbÄÆ÷rÄæ÷&ÖÂÄvöö@£’ÄfVÖÆRÃs‚Ã2ã‚ÄÖöFW&FRÄæ÷&ÖÂÄvöö@£3rÄÖÆRÃcÃãƒbÄÆ÷rÄ6öÆBÄvöö@£cbÄfVÖÆRÃsÃãƒÄÖöFW&FRÄ6öÆBÅö÷ £3ÄfVÖÆRÃƒBÃ2ã#RÄ†–v‚Ä6öÆBÄvöö@£3ÄÖÆRÃ"Ã2ã#2ÄÖöFW&FRÄæ÷&ÖÂÄvöö@£C2ÄÖÆRÃ2ÃBãC‚ÄÖöFW&FRÄ†÷BÄvöö@£SÄÖÆRÃ“ÃBã3ÄÖöFW&FRÄ†÷BÄvöö@£’ÄÖÆRÃC‚Ããs"Ä†–v‚Ä6öÆBÄvöö@£#ÄÖÆRÃcÃãc’ÄÆ÷rÄæ÷&ÖÂÅö÷ £#bÄÖÆRÃ“’Ã2ã#’ÄÖöFW&FRÄæ÷&ÖÂÄvöö@£C’ÄÖÆRÃ“2ÃBãcbÄ†–v‚Ä†÷BÄvöö@£C"ÄÖÆRÃc‚Ã"ãÄÆ÷rÄæ÷&ÖÂÄvöö@£CRÄfVÖÆRÃcBÃ2ã#rÄ†–v‚Ä†÷BÄvöö@£#rÄfVÖÆRÃsÃ2ãSÄ†–v‚Ä†÷BÄvöö@£#ÄÖÆRÃÃ2ã“RÄ†–v‚Ä6öÆBÄvöö@£c"ÄfVÖÆRÃS’Ã"ã’ÄÖöFW&FRÄ†÷BÄvöö@£CBÄÖÆRÃƒRÃ"ã“ÄÖöFW&FRÄ6öÆBÄvöö@£cÄÖÆRÃsrÃ2ãbÄÖöFW&FRÄ†÷BÄvöö@£c2ÄÖÆRÃcrÃ"ã#rÄ†–v‚Ä6öÆBÄvöö@£cÄfVÖÆRÃc’Ã"ã#BÄÖöFW&FRÄæ÷&ÖÂÄvöö@£SBÄÖÆRÃ2Ã2ã3bÄÖöFW&FRÄæ÷&ÖÂÄvöö@£#BÄÖÆRÃ“’Ã2ã#BÄ†–v‚Ä6öÆBÄvöö@£3"ÄÖÆRÃ“‚Ã2ãsbÄ†–v‚Ä6öÆBÄvöö@£#"ÄÖÆRÃs2Ã2ãc’Ä†–v‚Ä†÷BÄvöö@£CBÄfVÖÆRÃSbÃ"ãcBÄÆ÷rÄ†÷BÄvöö@£CÄÖÆRÃ“BÃ2ãƒ2Ä†–v‚Äæ÷&ÖÂÄvöö@£#’ÄfVÖÆRÃsÃ"ãBÄÆ÷rÄæ÷&ÖÂÅö÷ £SÄfVÖÆRÃ“RÃ2ã3BÄÆ÷rÄ†÷BÄvöö@£#2ÄÖÆRÃC‚ÃãsBÄÖöFW&FRÄ6öÆBÄvöö@£C2ÄÖÆRÃs‚Ã"ãcÄÖöFW&FRÄ6öÆBÄvöö@£cBÄÖÆRÃS"Ã"ãC"ÄÆ÷rÄ†÷BÄvöö@£3bÄfVÖÆRÃsbÃ"ãc’ÄÆ÷rÄæ÷&ÖÂÄvöö@£CÄÖÆRÃƒbÃBãRÄ†–v‚Ä†÷BÄvöö@£CRÄfVÖÆRÃ“bÃ2ãS‚Ä†–v‚Ä6öÆBÄvöö@£#bÄfVÖÆRÃ“bÃBãBÄÖöFW&FRÄ†÷BÄvöö@£S2ÄfVÖÆRÃƒ2Ã2ãc"ÄÖöFW&FRÄ†÷BÄvöö@£3BÄÖÆRÃsÃ"ã’ÄÖöFW&FRÄ6öÆBÅö÷ £C’ÄÖÆRÃSrÃ"ãcÄÖöFW&FRÄ†÷BÄvöö@£3RÄÖÆRÃcÃ2ã#"Ä†–v‚Ä†÷BÄvöö@£32ÄÖÆRÃc’Ã"ã3‚ÄÆ÷rÄæ÷&ÖÂÄvöö@£3ÄfVÖÆRÃ“BÃ2ãƒ’Ä†–v‚Äæ÷&ÖÂÄvöö@£3BÄfVÖÆRÃs"Ã2ãsbÄ†–v‚Ä†÷BÄvöö@£CÄfVÖÆRÃ“Ã2ãsBÄÆ÷rÄ†÷BÄvöö@£3rÄÖÆRÃ“bÃ2ã#Ä†–v‚Ä6öÆBÄvöö@£32ÄfVÖÆRÃcRÃ"ãc"ÄÖöFW&FRÄæ÷&ÖÂÄvöö@£3‚ÄfVÖÆRÃSRÃ"ã3’Ä†–v‚Äæ÷&ÖÂÄvöö@£SBÄÖÆRÃƒ‚Ã"ã"ÄÆ÷rÄ6öÆBÅö÷ £3rÄÖÆRÃƒrÃ2ãBÄÖöFW&FRÄ6öÆBÄvöö@£SÄÖÆRÃcÃ"ãS2Ä†–v‚Ä6öÆBÄvöö@£SBÄÖÆRÃsRÃ2ãƒ2Ä†–v‚Ä†÷BÄvöö@£crÄfVÖÆRÃƒ"ÃãRÄÆ÷rÄ6öÆBÅö÷ £SRÄfVÖÆRÃc‚Ã"ã“BÄ†–v‚Äæ÷&ÖÂÄvöö@£C’ÄfVÖÆRÃsBÃ"ãƒBÄÆ÷rÄ†÷BÄvöö@£#"ÄÖÆRÃC‚ÃãRÄÆ÷rÄæ÷&ÖÂÄvöö@£#bÄfVÖÆRÃ“’Ã"ã3rÄÆ÷rÄ6öÆBÅö÷ £CbÄÖÆRÃsRÃ2ãÄ†–v‚Ä6öÆBÄvöö@£c"ÄÖÆRÃ“‚Ã"ã“Ä†–v‚Ä6öÆBÅö÷ £’ÄÖÆRÃcBÃ2ãCrÄÖöFW&FRÄ†÷BÄvöö@£3‚ÄÖÆRÃRÃBã#’ÄÖöFW&FRÄ†÷BÄvöö@£3rÄÖÆRÃcBÃ"ãBÄÖöFW&FRÄæ÷&ÖÂÄvöö@£c2ÄÖÆRÃc"Ã2ãSRÄ†–v‚Ä†÷BÄvöö@£#rÄÖÆRÃc"ÃãƒbÄÖöFW&FRÄ6öÆBÄvöö@£SÄfVÖÆRÃCrÃã’ÄÖöFW&FRÄæ÷&ÖÂÄvöö@£#‚ÄfVÖÆRÃ“ÃBã3bÄÖöFW&FRÄ†÷BÄvöö@£S’ÄfVÖÆRÃcÃ2ã3RÄ†–v‚Ä†÷BÄvöö@£cÄÖÆRÃS"ÃãRÄÆ÷rÄ6öÆBÅö÷ £3rÄfVÖÆRÃs"Ã2ãBÄÆ÷rÄ†÷BÄvöö@£32ÄÖÆRÃ“‚Ã2ãs’ÄÖöFW&FRÄæ÷&ÖÂÄvöö@£#ÄÖÆRÃc‚Ã2ãÄÆ÷rÄ†÷BÄvöö@£cBÄfVÖÆRÃ“‚Ã2ã“Ä†–v‚Ä†÷BÄvöö@£cbÄÖÆRÃrÃ2ãÄÆ÷rÄ6öÆBÅö÷ £#RÄÖÆRÃSÃ"ãsÄÖöFW&FRÄ†÷BÄvöö@£cBÄÖÆRÃRÃ2ãC"ÄÖöFW&FRÄ6öÆBÄvöö@£#"ÄfVÖÆRÃSÃãs2ÄÆ÷rÄæ÷&ÖÂÄvöö@£cÄfVÖÆRÃSbÃãRÄÆ÷rÄ6öÆBÅö÷ £3bÄfVÖÆRÃs"ÃãS"ÄÆ÷rÄ6öÆBÅö÷ £CRÄÖÆRÃc2Ã"ã#"ÄÖöFW&FRÄ6öÆBÄvöö@£#bÄÖÆRÃƒRÃ"ãSbÄÆ÷rÄæ÷&ÖÂÄvöö@£#rÄfVÖÆRÃ“‚ÃBãRÄÖöFW&FRÄ†÷BÄvöö@£SrÄÖÆRÃsbÃãƒRÄÆ÷rÄæ÷&ÖÂÅö÷ £#2ÄfVÖÆRÃrÃ2ãsbÄÆ÷rÄ†÷BÄvöö@£SÄfVÖÆRÃƒrÃ2ãbÄ†–v‚Ä6öÆBÄvöö@£3bÄfVÖÆRÃ“‚Ã2ãBÄÆ÷rÄ†÷BÄvöö@£cbÄfVÖÆRÃSRÃãc2ÄÆ÷rÄ†÷BÅö÷ £#rÄÖÆRÃcRÃ"ãcÄ†–v‚Ä6öÆBÄvöö@£c2ÄfVÖÆRÃcBÃ2ã’ÄÖöFW&FRÄ†÷BÄvöö@£SBÄfVÖÆRÃS‚Ã"ãƒ‚Ä†–v‚Ä†÷BÄvöö@£#"ÄfVÖÆRÃc‚Ããc2ÄÆ÷rÄæ÷&ÖÂÅö÷ £CÄÖÆRÃ“Ã2ãS"Ä†–v‚Äæ÷&ÖÂÄvöö@£32ÄfVÖÆRÃ“bÃ2ãS2ÄÆ÷rÄ†÷BÄvöö@£c"ÄfVÖÆRÃS"Ã2ã3’Ä†–v‚Ä†÷BÄvöö@£3’ÄfVÖÆRÃcÃ"ãSRÄÆ÷rÄ†÷BÄvöö@£crÄfVÖÆRÃSbÃ"ãC’ÄÖöFW&FRÄ†÷BÄvöö@£3ÄfVÖÆRÃ2Ã2ãBÄ†–v‚Ä6öÆBÄvöö@£CRÄfVÖÆRÃC’Ã"ãCbÄ†–v‚Ä6öÆBÄvöö@£C‚ÄfVÖÆRÃcÃ2ãbÄÖöFW&FRÄ†÷BÄvöö@£CÄfVÖÆRÃcRÃ2ãSbÄÖöFW&FRÄ†÷BÄvöö@£32ÄÖÆRÃSRÃ"ãSBÄÖöFW&FRÄæ÷&ÖÂÄvöö@£#bÄÖÆRÃCbÃ"ãÄÆ÷rÄ†÷BÄvöö@£c"ÄfVÖÆRÃSBÃãcrÄÆ÷rÄ†÷BÄvöö@£CÄfVÖÆRÃcRÃ"ã“bÄ†–v‚Äæ÷&ÖÂÄvöö@£cÄÖÆRÃSÃ"ã2ÄÆ÷rÄ†÷BÄvöö@£cRÄfVÖÆRÃSRÃ"ã“bÄÖöFW&FRÄ†÷BÄvöö@£C’ÄÖÆRÃ“2Ã2ãc"ÄÖöFW&FRÄæ÷&ÖÂÄvöö@£3‚ÄÖÆRÃƒÃãƒÄÆ÷rÄ6öÆBÅö÷ £CBÄfVÖÆRÃSRÃãRÄÆ÷rÄæ÷&ÖÂÅö÷ £SÄfVÖÆRÃƒ’Ã2ãC"Ä†–v‚Ä6öÆBÄvöö@£#2ÄÖÆRÃƒrÃ2ã2ÄÖöFW&FRÄ6öÆBÄvöö@£SbÄÖÆRÃbÃ2ãrÄÖöFW&FRÄæ÷&ÖÂÄvöö@£3BÄÖÆRÃ“Ã"ãsÄÖöFW&FRÄ6öÆBÄvöö@£#2ÄfVÖÆRÃsrÃ2ã“rÄ†–v‚Ä†÷BÄvöö@£crÄÖÆRÃ“"Ã"ãS"ÄÆ÷rÄæ÷&ÖÂÅö÷ £#2ÄÖÆRÃ"ÃBã#‚ÄÖöFW&FRÄ†÷BÄvöö@£‚ÄÖÆRÃs"Ã2ã“’Ä†–v‚Ä†÷BÄvöö@£CRÄfVÖÆRÃƒRÃ"ãÄÆ÷rÄæ÷&ÖÂÅö÷ £C’ÄfVÖÆRÃcbÃ"ãS’ÄÆ÷rÄ†÷BÄvöö@£3’ÄÖÆRÃƒRÃ"ãsbÄ†–v‚Ä6öÆBÄvöö@£crÄfVÖÆRÃCbÃ"ã"ÄÖöFW&FRÄ†÷BÄvöö@£S2ÄÖÆRÃS"ÃãRÄÖöFW&FRÄ6öÆBÅö÷ £#ÄfVÖÆRÃc"ÃãrÄÆ÷rÄæ÷&ÖÂÅö÷ £3bÄÖÆRÃSBÃ"ãƒ"Ä†–v‚Äæ÷&ÖÂÄvöö@£S‚ÄfVÖÆRÃcbÃ"ãSÄÖöFW&FRÄ†÷BÄvöö@£‚ÄfVÖÆRÃsBÃ"ãS"ÄÖöFW&FRÄ6öÆBÄvöö@£cBÄfVÖÆRÃsÃãƒ"ÄÖöFW&FRÄ6öÆBÅö÷ £c2ÄfVÖÆRÃsRÃ2ã3"Ä†–v‚Ä†÷BÄvöö@£#’ÄfVÖÆRÃcÃ"ãc2ÄÖöFW&FRÄæ÷&ÖÂÄvöö@£cbÄÖÆRÃƒ2Ã"ã“Ä†–v‚Äæ÷&ÖÂÄvöö@£SÄfVÖÆRÃS"Ã"ã“bÄ†–v‚Ä†÷BÄvöö@£#’ÄÖÆRÃs’Ã2ãbÄÖöFW&FRÄ†÷BÄvöö@£3‚ÄÖÆRÃƒÃ2ãÄÆ÷rÄ†÷BÄvöö@£#"ÄfVÖÆRÃcÃ2ã“bÄ†–v‚Ä†÷BÄvöö@£SÄÖÆRÃc’Ã"ãÄÖöFW&FRÄ6öÆBÄvöö@£CrÄfVÖÆRÃƒÃBãcÄ†–v‚Ä†÷BÄvöö@£’ÄÖÆRÃSrÃ"ãSrÄ†–v‚Äæ÷&ÖÂÄvöö@£SrÄfVÖÆRÃƒbÃ2ãCBÄ†–v‚Äæ÷&ÖÂÄvöö@£#‚ÄfVÖÆRÃc’Ã"ã#ÄÆ÷rÄ6öÆBÄvöö@£C‚ÄfVÖÆRÃƒrÃ"ãcbÄÖöFW&FRÄæ÷&ÖÂÄvöö@£C"ÄÖÆRÃs"Ã2ãBÄÆ÷rÄ†÷BÄvöö@£S‚ÄÖÆRÃRÃ2ãC‚Ä†–v‚Ä6öÆBÄvöö@£SÄÖÆRÃSRÃãs’ÄÆ÷rÄæ÷&ÖÂÄvöö@£C’ÄÖÆRÃ‚Ã2ã“’ÄÆ÷rÄ†÷BÄvöö@£#bÄÖÆRÃƒ"Ã2ã#"ÄÆ÷rÄ†÷BÄvöö@£#rÄfVÖÆRÃSbÃ"ã3rÄÆ÷rÄ†÷BÄvöö@£3RÄÖÆRÃSbÃ"ãRÄ†–v‚Ä6öÆBÄvöö@£SÄfVÖÆRÃsÃ"ã#’ÄÆ÷rÄ†÷BÄvöö@£#rÄfVÖÆRÃSrÃ"ã#RÄ†–v‚Äæ÷&ÖÂÄvöö@£cBÄÖÆRÃc’Ãã“’ÄÆ÷rÄ†÷BÅö÷ £#2ÄÖÆRÃs"Ã"ã3’ÄÆ÷rÄ†÷BÄvöö@£S‚ÄfVÖÆRÃC‚Ã"ã“rÄ†–v‚Ä†÷BÄvöö@£3’ÄfVÖÆRÃc‚Ã2ã3BÄ†–v‚Ä†÷BÄvöö@£#"ÄfVÖÆRÃÃ2ãÄÆ÷rÄæ÷&ÖÂÄvöö@£#RÄfVÖÆRÃcÃ"ãSrÄÆ÷rÄ†÷BÄvöö@£#"ÄÖÆRÃSBÃ"ãƒ’Ä†–v‚Ä†÷BÄvöö@£3ÄÖÆRÃsÃ"ãƒBÄÆ÷rÄ†÷BÄvöö@£3"ÄÖÆRÃs"Ã"ãSrÄÆ÷rÄ†÷BÄvöö@£#’ÄÖÆRÃS"ÃãS’ÄÖöFW&FRÄ6öÆBÄvöö@£S"ÄfVÖÆRÃBÃBãsrÄ†–v‚Ä†÷BÄvöö@£CrÄÖÆRÃƒrÃ"ãs‚ÄÆ÷rÄ6öÆBÄvöö@£SÄÖÆRÃSÃ"ãSBÄÖöFW&FRÄ†÷BÄvöö@£#‚ÄfVÖÆRÃƒ‚Ã"ã“RÄÖöFW&FRÄæ÷&ÖÂÄvöö@£CÄÖÆRÃƒÃ"ãÄÆ÷rÄæ÷&ÖÂÅö÷ £‚ÄÖÆRÃSÃãƒRÄ†–v‚Ä6öÆBÄvöö@£cÄfVÖÆRÃÃ2ã“’Ä†–v‚Ä†÷BÄvöö@£#2ÄÖÆRÃ’ÃBã3rÄÖöFW&FRÄ†÷BÄvöö@£cRÄfVÖÆRÃs’Ã2ã#rÄ†–v‚Äæ÷&ÖÂÄvöö@£#ÄÖÆRÃ“RÃBã#Ä†–v‚Ä†÷BÄvöö@£’ÄfVÖÆRÃBÃ2ã32ÄÆ÷rÄæ÷&ÖÂÄvöö@£c2ÄÖÆRÃ“’Ã2ãSRÄ†–v‚Ä6öÆBÄvöö@£3bÄÖÆRÃƒBÃBã"Ä†–v‚Ä†÷BÄvöö@£c’ÄfVÖÆRÃƒÃ"ãcÄÆ÷rÄ†÷BÄvöö@£#’ÄÖÆRÃS2Ã"ãƒBÄ†–v‚Ä†÷BÄvöö@£SbÄfVÖÆRÃsBÃ"ã’ÄÖöFW&FRÄ6öÆBÅö÷ £3"ÄfVÖÆRÃ‚ÃRã#"Ä†–v‚Ä†÷BÄvöö@£cbÄfVÖÆRÃsÃã‚ÄÆ÷rÄæ÷&ÖÂÅö÷ £#2ÄfVÖÆRÃsbÃ2ã#2ÄÖöFW&FRÄ†÷BÄvöö@£3BÄfVÖÆRÃ“Ã2ã#rÄÖöFW&FRÄæ÷&ÖÂÄvöö@£S2ÄfVÖÆRÃC‚Ã"ãsRÄ†–v‚Ä†÷BÄvöö@£CRÄÖÆRÃcÃãs’ÄÆ÷rÄæ÷&ÖÂÅö÷ £SbÄÖÆRÃsBÃ"ãsRÄ†–v‚Ä6öÆBÄvöö@£SbÄfVÖÆRÃƒbÃ2ã’Ä†–v‚Äæ÷&ÖÂÄvöö@£3’ÄÖÆRÃC‚Ã"ã#RÄÖöFW&FRÄæ÷&ÖÂÄvöö@£CÄfVÖÆRÃ“bÃ2ãBÄ†–v‚Ä6öÆBÄvöö@£C‚ÄfVÖÆRÃ“rÃ"ã“BÄÖöFW&FRÄ6öÆBÄvöö@£S"ÄfVÖÆRÃsRÃ2ãsbÄ†–v‚Ä†÷BÄvöö@£#’ÄÖÆRÃSBÃãRÄÖöFW&FRÄ6öÆBÅö÷ £cÄÖÆRÃÃ2ãcrÄÖöFW&FRÄ†÷BÄvöö@£3bÄÖÆRÃSRÃãsBÄÆ÷rÄ6öÆBÄvöö@£c"ÄÖÆRÃƒ’Ã2ãsbÄÖöFW&FRÄ†÷BÄvöö@£3ÄÖÆRÃs"Ã2ã#RÄ†–v‚Ä6öÆBÄvöö@£SRÄÖÆRÃc’Ã"ãRÄ†–v‚Ä6öÆBÅö÷ £3bÄfVÖÆRÃCbÃãRÄÆ÷rÄ6öÆBÄvöö@£’ÄÖÆRÃ“RÃ2ãƒbÄ†–v‚Äæ÷&ÖÂÄvöö@£cbÄfVÖÆRÃS"ÃãRÄÆ÷rÄ6öÆBÅö÷ £SBÄfVÖÆRÃcÃ"ã‚ÄÆ÷rÄ†÷BÄvöö@£C"ÄfVÖÆRÃSRÃãS2ÄÖöFW&FRÄ6öÆBÅö÷ £S"ÄÖÆRÃƒrÃBãÄÖöFW&FRÄ†÷BÄvöö@£#ÄÖÆRÃs2Ã"ãs2ÄÖöFW&FRÄ6öÆBÄvöö@£cBÄÖÆRÃC’ÃãRÄÖöFW&FRÄ6öÆBÄvöö@£#"ÄfVÖÆRÃ“2Ã2ãsbÄÖöFW&FRÄ†÷BÄvöö@£CrÄÖÆRÃs"Ã2ãSÄ†–v‚Ä†÷BÄvöö@£3RÄÖÆRÃÃ2ãs‚Ä†–v‚Äæ÷&ÖÂÄvöö@£C"ÄÖÆRÃC’Ã2ãS’Ä†–v‚Ä†÷BÄvöö@£SbÄÖÆRÃÃBãs"Ä†–v‚Ä†÷BÄvöö@£#‚ÄÖÆRÃc’Ã"ãƒbÄÆ÷rÄ†÷BÄvöö@£3rÄfVÖÆRÃƒÃ"ãSrÄÆ÷rÄ6öÆBÄvöö@£cRÄÖÆRÃ“Ã2ãCBÄ†–v‚Ä6öÆBÄvöö@£#ÄÖÆRÃ“Ã2ã’Ä†–v‚Äæ÷&ÖÂÄvöö@£SRÄfVÖÆRÃƒÃ"ã“2ÄÖöFW&FRÄ†÷BÄvöö@£#’ÄÖÆRÃs’Ã2ãC2Ä†–v‚Äæ÷&ÖÂÄvöö@£c2ÄfVÖÆRÃcrÃ2ã3RÄÖöFW&FRÄ†÷BÄvöö@£cÄÖÆRÃCRÃãƒ"Ä†–v‚Ä6öÆBÄvöö@£’ÄÖÆRÃSbÃ"ãs"ÄÖöFW&FRÄ†÷BÄvöö@£3rÄÖÆRÃSÃ"ã"ÄÖöFW&FRÄæ÷&ÖÂÄvöö@£SbÄfVÖÆRÃcRÃãRÄÆ÷rÄ6öÆBÅö÷ £#2ÄfVÖÆRÃƒ‚Ã"ã#’ÄÆ÷rÄæ÷&ÖÂÅö÷ £#rÄfVÖÆRÃCRÃãRÄÆ÷rÄ6öÆBÄvöö@£32ÄÖÆRÃS‚Ã"ãC’ÄÖöFW&FRÄ†÷BÄvöö@£SrÄfVÖÆRÃsrÃãƒBÄÆ÷rÄ6öÆBÅö÷ £#BÄfVÖÆRÃCrÃ"ã"Ä†–v‚Äæ÷&ÖÂÄvöö@£SBÄfVÖÆRÃsÃ"ãcrÄ†–v‚Ä6öÆBÄvöö@£SrÄÖÆRÃƒrÃ"ã3‚ÄÖöFW&FRÄæ÷&ÖÂÅö÷ £cÄÖÆRÃs2Ã"ãRÄ†–v‚Ä6öÆBÅö÷ £C2ÄÖÆRÃÃBãBÄ†–v‚Ä6öÆBÄvöö@£3’ÄÖÆRÃSÃãRÄÆ÷rÄ6öÆBÄvöö@£3bÄÖÆRÃ“bÃ"ãCÄÆ÷rÄæ÷&ÖÂÅö÷ £cbÄÖÆRÃcrÃ"ã#2ÄÖöFW&FRÄæ÷&ÖÂÄvöö@£#rÄfVÖÆRÃS"ÃãcRÄÆ÷rÄ6öÆBÄvöö@£C‚ÄfVÖÆRÃ“RÃ2ãƒ‚ÄÖöFW&FRÄ†÷BÄvöö@£cBÄfVÖÆRÃ“bÃ2ã"ÄÆ÷rÄæ÷&ÖÂÄvöö@£cbÄfVÖÆRÃƒÃãƒBÄÖöFW&FRÄ6öÆBÅö÷ £CrÄfVÖÆRÃ“"Ã2ã“BÄ†–v‚Ä6öÆBÄvöö@£32ÄfVÖÆRÃsbÃ2ã“BÄÖöFW&FRÄ†÷BÄvöö@£#rÄÖÆRÃS’Ã"ãƒbÄÖöFW&FRÄ†÷BÄvöö@£cRÄÖÆRÃcrÃ"ãCÄ†–v‚Äæ÷&ÖÂÄvöö@£3ÄfVÖÆRÃ“‚Ã2ãBÄÖöFW&FRÄ6öÆBÄvöö@£cÄÖÆRÃƒ’Ã"ãsÄÆ÷rÄæ÷&ÖÂÄvöö@£3RÄfVÖÆRÃƒ‚Ã"ãc‚ÄÖöFW&FRÄ6öÆBÄvöö@£#bÄfVÖÆRÃc"Ã2ãcRÄ†–v‚Ä†÷BÄvöö@£3"ÄÖÆRÃ"Ã2ãS2ÄÖöFW&FRÄ6öÆBÄvöö@£3‚ÄÖÆRÃƒrÃ2ã#‚Ä†–v‚Äæ÷&ÖÂÄvöö@£#BÄÖÆRÃSbÃ2ãS’Ä†–v‚Ä†÷BÄvöö@£#"ÄÖÆRÃs"Ã"ã#‚ÄÖöFW&FRÄæ÷&ÖÂÄvöö@£’ÄfVÖÆRÃ“RÃ2ãCrÄÖöFW&FRÄ6öÆBÄvöö@£c2ÄÖÆRÃ“Ã"ãC’ÄÖöFW&FRÄæ÷&ÖÂÅö÷ £#’ÄfVÖÆRÃc2Ã"ãRÄÆ÷rÄ6öÆBÄvöö@£#rÄfVÖÆRÃSBÃãc"ÄÆ÷rÄ6öÆBÄvöö@£SBÄÖÆRÃƒrÃ2ãrÄÆ÷rÄ†÷BÄvöö@£C’ÄfVÖÆRÃ“"Ã2ã3"ÄÖöFW&FRÄæ÷&ÖÂÄvöö@£#’ÄfVÖÆRÃc‚Ã"ãs’ÄÆ÷rÄ†÷BÄvöö@£crÄfVÖÆRÃ“Ã2ãcrÄ†–v‚Ä†÷BÄvöö@£C’ÄfVÖÆRÃcÃãsbÄÖöFW&FRÄ6öÆBÅö÷ £‚ÄÖÆRÃSrÃ"ãCBÄ†–v‚Ä6öÆBÄvöö@£SRÄfVÖÆRÃSbÃ2ãC2Ä†–v‚Ä†÷BÄvöö@£SbÄÖÆRÃc‚ÃãƒÄÖöFW&FRÄ6öÆBÅö÷ £crÄfVÖÆRÃcRÃ"ã3"ÄÖöFW&FRÄæ÷&ÖÂÄvöö@£SÄÖÆRÃSRÃãRÄÆ÷rÄæ÷&ÖÂÅö÷ £#rÄfVÖÆRÃSÃ"ã#"ÄÖöFW&FRÄæ÷&ÖÂÄvöö@£S2ÄfVÖÆRÃCRÃ"ãC2Ä†–v‚Ä†÷BÄvöö@£C2ÄÖÆRÃcÃ"ãRÄÖöFW&FRÄæ÷&ÖÂÄvöö@£#rÄfVÖÆRÃsbÃ"ãsÄÖöFW&FRÄ6öÆBÄvöö@£C2ÄfVÖÆRÃÃ2ãCrÄÆ÷rÄ†÷BÄvöö@£#bÄÖÆRÃC’Ã"ãƒ‚Ä†–v‚Äæ÷&ÖÂÄvöö@£‚ÄÖÆRÃSbÃ"ã3BÄÖöFW&FRÄ6öÆBÄvöö@£#RÄfVÖÆRÃc’Ã2ã’ÄÖöFW&FRÄ†÷BÄvöö@£#rÄÖÆRÃƒBÃ"ãs"ÄÆ÷rÄ6öÆBÄvöö@£SBÄÖÆRÃcÃ2ã‚ÄÖöFW&FRÄ†÷BÄvöö@£S"ÄÖÆRÃ“’ÃBãSRÄ†–v‚Ä†÷BÄvöö@£3"ÄfVÖÆRÃcÃ"ãÄÆ÷rÄ6öÆBÄvöö@£3‚ÄÖÆRÃcRÃ"ãc’Ä†–v‚Äæ÷&ÖÂÄvöö@£#’ÄÖÆRÃ“"Ã2ã"ÄÖöFW&FRÄæ÷&ÖÂÄvöö@£CRÄÖÆRÃc’ÃãcbÄÆ÷rÄæ÷&ÖÂÅö÷ £SBÄÖÆRÃcrÃãrÄÖöFW&FRÄ6öÆBÅö÷ £‚ÄÖÆRÃcÃ2ã#’ÄÖöFW&FRÄ†÷BÄvöö@£3ÄÖÆRÃs’Ã"ãbÄ†–v‚Ä6öÆBÄvöö@£CÄfVÖÆRÃc’Ã"ã3‚ÄÖöFW&FRÄæ÷&ÖÂÄvöö@£c"ÄfVÖÆRÃsrÃ2ã"Ä†–v‚Äæ÷&ÖÂÄvöö@£S"ÄfVÖÆRÃ‚Ã2ã32ÄÖöFW&FRÄ6öÆBÄvöö@£cÄfVÖÆRÃ“Ã"ãƒBÄ†–v‚Ä6öÆBÄvöö@£C"ÄÖÆRÃ“Ã"ã“rÄÆ÷rÄæ÷&ÖÂÄvöö@£SÄÖÆRÃcRÃ"ã“RÄ†–v‚Ä†÷BÄvöö@£SÄfVÖÆRÃ“bÃ"ãs’ÄÖöFW&FRÄæ÷&ÖÂÅö÷ £3bÄfVÖÆRÃC‚ÃãRÄÆ÷rÄæ÷&ÖÂÄvöö@£C2ÄÖÆRÃs"Ã"ã3rÄÆ÷rÄæ÷&ÖÂÄvöö@£#rÄÖÆRÃƒRÃ2ã3ÄÆ÷rÄ†÷BÄvöö@£3ÄfVÖÆRÃ“rÃ2ãsrÄ†–v‚Äæ÷&ÖÂÄvöö@£S’ÄfVÖÆRÃƒÃãsÄÆ÷rÄ6öÆBÅö÷ £SBÄÖÆRÃƒBÃ"ãS’ÄÖöFW&FRÄæ÷&ÖÂÄvöö@£#2ÄfVÖÆRÃbÃ2ã3RÄÖöFW&FRÄæ÷&ÖÂÄvöö@£cÄÖÆRÃcRÃ"ãC"ÄÖöFW&FRÄ†÷BÄvöö@£‚ÄÖÆRÃsRÃ2ãc’Ä†–v‚Äæ÷&ÖÂÄvöö@£CRÄÖÆRÃCrÃ"ã’Ä†–v‚Ä6öÆBÄvöö@£CÄÖÆRÃƒBÃ"ã#rÄÖöFW&FRÄ6öÆBÅö÷ £#2ÄÖÆRÃSbÃã“‚ÄÆ÷rÄ†÷BÄvöö@£#BÄÖÆRÃ“"Ã2ã‚ÄÆ÷rÄ†÷BÄvöö@£#ÄÖÆRÃSrÃãsrÄÆ÷rÄ6öÆBÄvöö@£S‚ÄfVÖÆRÃcrÃ"ã#"ÄÖöFW&FRÄæ÷&ÖÂÄvöö@£SÄÖÆRÃsRÃ2ãCrÄÖöFW&FRÄ†÷BÄvöö@£S2ÄÖÆRÃƒÃ"ã#"ÄÖöFW&FRÄ6öÆBÅö÷ £C’ÄÖÆRÃ“rÃ2ãcBÄÆ÷rÄ†÷BÄvöö@£cBÄÖÆRÃsbÃ"ãƒ"ÄÖöFW&FRÄæ÷&ÖÂÄvöö@£cBÄfVÖÆRÃCRÃ"ã2ÄÖöFW&FRÄæ÷&ÖÂÄvöö@£#BÄfVÖÆRÃ‚Ã2ãSÄÖöFW&FRÄ6öÆBÄvöö@£#ÄÖÆRÃ“BÃ"ã’ÄÖöFW&FRÄæ÷&ÖÂÄvöö@£32ÄfVÖÆRÃS‚Ã"ã“"ÄÖöFW&FRÄ†÷BÄvöö@£#BÄÖÆRÃÃ2ã#’ÄÆ÷rÄæ÷&ÖÂÄvöö@£c"ÄfVÖÆRÃbÃBã#"ÄÖöFW&FRÄ†÷BÄvöö@£SRÄÖÆRÃsRÃ"ã“Ä†–v‚Ä6öÆBÄvöö@£#ÄfVÖÆRÃCRÃã“bÄ†–v‚Ä6öÆBÄvöö@£CBÄÖÆRÃ“BÃ2ã#ÄÖöFW&FRÄ6öÆBÄvöö@£#RÄfVÖÆRÃ“‚Ã2ã“‚ÄÆ÷rÄ†÷BÄvöö@£CbÄÖÆRÃcÃ"ãcrÄ†–v‚Ä6öÆBÄvöö@£C‚ÄÖÆRÃ2ÃBãCÄ†–v‚Äæ÷&ÖÂÄvöö@£C’ÄfVÖÆRÃc‚Ã"ãS’Ä†–v‚Äæ÷&ÖÂÄvöö@£#rÄfVÖÆRÃ“‚Ã2ãRÄÖöFW&FRÄ6öÆBÄvöö@£C’ÄfVÖÆRÃƒrÃ2ãCÄÆ÷rÄ†÷BÄvöö@£‚ÄÖÆRÃRÃ2ãsRÄÆ÷rÄ†÷BÄvöö@£SRÄÖÆRÃRÃ2ãÄÖöFW&FRÄ6öÆBÅö÷ £#RÄfVÖÆRÃ“‚Ã"ãSrÄÆ÷rÄæ÷&ÖÂÅö÷ £c2ÄfVÖÆRÃsRÃ2ãRÄ†–v‚Äæ÷&ÖÂÄvöö@£C‚ÄfVÖÆRÃrÃ2ãƒbÄÆ÷rÄ†÷BÄvöö@£SrÄfVÖÆRÃsÃãRÄÆ÷rÄæ÷&ÖÂÅö÷ £SBÄfVÖÆRÃsÃãsBÄÖöFW&FRÄ6öÆBÅö÷ £CÄÖÆRÃc’Ã"ãS"ÄÆ÷rÄ†÷BÄvöö@£S2ÄfVÖÆRÃƒ’Ã"ãs"ÄÖöFW&FRÄæ÷&ÖÂÄvöö@£3ÄfVÖÆRÃ"ÃBãBÄ†–v‚Ä6öÆBÄvöö@£CÄÖÆRÃS"Ã"ãRÄÆ÷rÄ†÷BÄvöö@£C"ÄÖÆRÃƒrÃ"ãsbÄÆ÷rÄæ÷&ÖÂÄvöö@£crÄÖÆRÃ“Ã2ã"ÄÖöFW&FRÄæ÷&ÖÂÄvöö@£3"ÄÖÆRÃ“2Ã"ãs’ÄÆ÷rÄæ÷&ÖÂÄvöö@£CbÄÖÆRÃSÃ"ãBÄÆ÷rÄ†÷BÄvöö@£32ÄÖÆRÃS’Ã"ãBÄÖöFW&FRÄæ÷&ÖÂÄvöö@£SbÄÖÆRÃ“RÃ"ã#BÄÆ÷rÄæ÷&ÖÂÅö÷ £CÄÖÆRÃ’Ã2ã“BÄ†–v‚Äæ÷&ÖÂÄvöö@£3ÄfVÖÆRÃƒ"Ã2ãS"Ä†–v‚Äæ÷&ÖÂÄvöö@£SBÄÖÆRÃÃ2ãc’Ä†–v‚Äæ÷&ÖÂÄvöö@£#BÄÖÆRÃSRÃãRÄÆ÷rÄ6öÆBÅö÷ £S"ÄfVÖÆRÃƒÃ2ãCÄ†–v‚Äæ÷&ÖÂÄvöö@£#"ÄfVÖÆRÃƒbÃ"ã“‚ÄÖöFW&FRÄæ÷&ÖÂÄvöö@£3‚ÄÖÆRÃCRÃ"ã#’ÄÖöFW&FRÄæ÷&ÖÂÄvöö@£#rÄÖÆRÃƒ’Ã2ãÄÆ÷rÄ†÷BÄvöö@£3bÄfVÖÆRÃƒbÃ"ãƒbÄÖöFW&FRÄ6öÆBÄvöö@£S‚ÄÖÆRÃcBÃ"ã3’Ä†–v‚Äæ÷&ÖÂÄvöö@£#’ÄfVÖÆRÃ‚Ã2ãcrÄÖöFW&FRÄæ÷&ÖÂÄvöö@£SRÄÖÆRÃ"Ã2ã#2ÄÆ÷rÄ†÷BÄvöö@£crÄfVÖÆRÃSRÃãRÄÆ÷rÄ6öÆBÅö÷ £3bÄfVÖÆRÃ“"Ã"ãBÄÆ÷rÄ6öÆBÅö÷ £CrÄfVÖÆRÃcRÃ"ã“bÄ†–v‚Ä6öÆBÄvöö@£S2ÄÖÆRÃSÃãƒ’ÄÆ÷rÄ†÷BÄvöö@£C‚ÄfVÖÆRÃc’ÃãsBÄÆ÷rÄæ÷&ÖÂÅö÷ £C"ÄfVÖÆRÃs‚Ã"ã“ÄÆ÷rÄ†÷BÄvöö@£#BÄfVÖÆRÃ“RÃBã‚ÄÖöFW&FRÄ†÷BÄvöö@£c2ÄfVÖÆRÃs"ÃãrÄÆ÷rÄ6öÆBÅö÷ £SBÄfVÖÆRÃ“’Ã2ãƒrÄ†–v‚Äæ÷&ÖÂÄvöö@£c’ÄÖÆRÃÃ2ã3‚ÄÖöFW&FRÄæ÷&ÖÂÄvöö@£CbÄfVÖÆRÃ“"Ã2ã’ÄÖöFW&FRÄ†÷BÄvöö@£c2ÄÖÆRÃƒÃ"ã3RÄÆ÷rÄ†÷BÅö÷ £3ÄfVÖÆRÃ“BÃ"ã“’ÄÖöFW&FRÄæ÷&ÖÂÄvöö@£cRÄÖÆRÃ"ÃBã#RÄ†–v‚Ä†÷BÄvöö@£#BÄfVÖÆRÃÃ2ãSRÄÖöFW&FRÄ6öÆBÄvöö@£3’ÄÖÆRÃc‚Ã"ãCBÄÆ÷rÄæ÷&ÖÂÄvöö@£3‚ÄfVÖÆRÃRÃBã"ÄÖöFW&FRÄ†÷BÄvöö@£#2ÄfVÖÆRÃs"Ã2ãSRÄÖöFW&FRÄ†÷BÄvöö@£SÄÖÆRÃƒ’Ã"ãS’ÄÖöFW&FRÄ6öÆBÅö÷ £#ÄfVÖÆRÃc"Ã"ã“bÄ†–v‚Ä6öÆBÄvöö@£’ÄfVÖÆRÃCrÃãRÄÆ÷rÄ6öÆBÄvöö@£cRÄÖÆRÃ’Ã2ãcrÄÆ÷rÄ†÷BÄvöö@£3BÄÖÆRÃc2Ã2ã#BÄ†–v‚Äæ÷&ÖÂÄvöö@£cRÄÖÆRÃCbÃãRÄÆ÷rÄæ÷&ÖÂÄvöö@£3bÄfVÖÆRÃ“BÃRãÄ†–v‚Ä†÷BÄvöö@£CrÄÖÆRÃcbÃ"ã3’ÄÖöFW&FRÄ6öÆBÄvöö@£#"ÄÖÆRÃBÃ2ãƒbÄ†–v‚Äæ÷&ÖÂÄvöö@£CRÄÖÆRÃCRÃãS‚ÄÖöFW&FRÄæ÷&ÖÂÄvöö@£c"ÄÖÆRÃ“RÃBã’Ä†–v‚Ä†÷BÄvöö@£S’ÄÖÆRÃ“RÃBãBÄ†–v‚Ä†÷BÄvöö@£crÄfVÖÆRÃsBÃ"ãS‚Ä†–v‚Ä6öÆBÄvöö@£CBÄfVÖÆRÃƒRÃ"ã’ÄÆ÷rÄ6öÆBÅö÷ £3ÄfVÖÆRÃs‚Ã"ã“2ÄÖöFW&FRÄæ÷&ÖÂÄvöö@£c’ÄÖÆRÃ“Ã"ã3‚ÄÆ÷rÄæ÷&ÖÂÅö÷ £c"ÄfVÖÆRÃsrÃ"ã3ÄÆ÷rÄæ÷&ÖÂÄvöö@£3’ÄÖÆRÃsÃ"ãs2ÄÆ÷rÄ†÷BÄvöö@£3‚ÄÖÆRÃ“rÃBãRÄ†–v‚Ä†÷BÄvöö@£cBÄfVÖÆRÃ“BÃ"ã#‚ÄÆ÷rÄ6öÆBÅö÷ £cBÄÖÆRÃs"Ã"ãcbÄÆ÷rÄ†÷BÄvöö@£S‚ÄÖÆRÃRÃ2ã“ÄÆ÷rÄ†÷BÄvöö@£SBÄÖÆRÃ"Ã2ãÄÖöFW&FRÄ6öÆBÅö÷ £SÄÖÆRÃc2Ã"ãƒÄÖöFW&FRÄ†÷BÄvöö@£3ÄfVÖÆRÃƒÃ2ãc’ÄÖöFW&FRÄ†÷BÄvöö@£cÄÖÆRÃs‚ÃãRÄÆ÷rÄ6öÆBÅö÷ £S’ÄÖÆRÃsrÃ"ã#rÄÆ÷rÄæ÷&ÖÂÅö÷ £C"ÄfVÖÆRÃs"Ã"ã3BÄÆ÷rÄæ÷&ÖÂÄvöö@£SbÄÖÆRÃsRÃã“rÄÆ÷rÄæ÷&ÖÂÅö÷ £#ÄfVÖÆRÃS2Ã"ãƒ2ÄÖöFW&FRÄ†÷BÄvöö@£CÄÖÆRÃ’ÃBãC"Ä†–v‚Ä6öÆBÄvöö@£S2ÄfVÖÆRÃƒÃ"ãcrÄÖöFW&FRÄ6öÆBÄvöö@£c"ÄÖÆRÃcBÃãRÄÆ÷rÄæ÷&ÖÂÅö÷ £C2ÄfVÖÆRÃSRÃ"ãs‚Ä†–v‚Ä6öÆBÄvöö@£‚ÄÖÆRÃ"ÃBã3’ÄÖöFW&FRÄ†÷BÄvöö@£cÄÖÆRÃS‚Ãã“bÄÆ÷rÄ†÷BÄvöö@£c’ÄfVÖÆRÃs‚Ã2ãS"Ä†–v‚Ä†÷BÄvöö@£CBÄÖÆRÃSbÃ"ãcÄÆ÷rÄ†÷BÄvöö@£S2ÄfVÖÆRÃÃBãSrÄ†–v‚Ä†÷BÄvöö@£SrÄÖÆRÃcRÃãs’ÄÆ÷rÄ6öÆBÅö÷ £#’ÄÖÆRÃsÃã“ÄÖöFW&FRÄ6öÆBÅö÷ £3ÄÖÆRÃs‚ÃBã3’Ä†–v‚Ä†÷BÄvöö@£#RÄfVÖÆRÃƒ2Ã"ãƒRÄÖöFW&FRÄ6öÆBÄvöö@£CbÄfVÖÆRÃsRÃ2ãRÄ†–v‚Äæ÷&ÖÂÄvöö@£3bÄÖÆRÃSBÃ2ãsÄ†–v‚Ä†÷BÄvöö@£cÄÖÆRÃ“"Ã2ã’Ä†–v‚Ä6öÆBÄvöö@£c2ÄÖÆRÃCRÃ"ã3"Ä†–v‚Äæ÷&ÖÂÄvöö@£CÄÖÆRÃc’ÃãƒÄÆ÷rÄ6öÆBÅö÷ £SbÄÖÆRÃs"Ã"ãrÄÖöFW&FRÄ6öÆBÅö÷ £S"ÄÖÆRÃc‚Ã"ãSrÄÖöFW&FRÄ†÷BÄvöö@£’ÄfVÖÆRÃcrÃ"ãS2ÄÖöFW&FRÄæ÷&ÖÂÄvöö@£3ÄÖÆRÃbÃ2ãS2ÄÖöFW&FRÄ6öÆBÄvöö@£CÄÖÆRÃC‚ÃãRÄÖöFW&FRÄ6öÆBÄvöö@£C‚ÄÖÆRÃ2ÃBãcrÄ†–v‚Ä†÷BÄvöö@£#"ÄfVÖÆRÃS‚Ã"ãRÄÆ÷rÄ†÷BÄvöö@£CÄfVÖÆRÃcÃ"ãcRÄ†–v‚Ä6öÆBÄvöö@£c2ÄfVÖÆRÃsRÃ"ãc’ÄÖöFW&FRÄ†÷BÄvöö@£#BÄÖÆRÃÃ2ã‚ÄÆ÷rÄ6öÆBÄvöö@£’ÄfVÖÆRÃSÃ"ãƒ‚Ä†–v‚Ä†÷BÄvöö@£SÄÖÆRÃcÃãRÄÆ÷rÄ6öÆBÅö÷ £3rÄÖÆRÃƒRÃ2ãrÄ†–v‚Ä6öÆBÄvöö@£S"ÄÖÆRÃ“‚Ã"ã“ÄÖöFW&FRÄæ÷&ÖÂÅö÷ £SRÄfVÖÆRÃcbÃ"ãc"Ä†–v‚Äæ÷&ÖÂÄvöö@£#BÄÖÆRÃC’ÃãsbÄÆ÷rÄæ÷&ÖÂÄvöö@£c"ÄÖÆRÃƒBÃBã#‚Ä†–v‚Ä†÷BÄvöö@£c’ÄÖÆRÃSÃãsbÄÖöFW&FRÄ6öÆBÄvöö@£CrÄÖÆRÃcRÃ"ãÄÖöFW&FRÄæ÷&ÖÂÄvöö@£cÄfVÖÆRÃÃ2ãc2ÄÖöFW&FRÄ†÷BÄvöö@£3rÄfVÖÆRÃcbÃãsÄÆ÷rÄæ÷&ÖÂÅö÷ £#ÄÖÆRÃCrÃ"ãS"ÄÆ÷rÄ†÷BÄvöö@£#ÄfVÖÆRÃsbÃ2ãCBÄ†–v‚Äæ÷&ÖÂÄvöö@£c"ÄfVÖÆRÃƒRÃ2ãcÄ†–v‚Ä†÷BÄvöö@£cBÄÖÆRÃSRÃãRÄÆ÷rÄæ÷&ÖÂÅö÷ £#ÄfVÖÆRÃ“‚Ã"ãcRÄÆ÷rÄ6öÆBÅö÷ £#ÄfVÖÆRÃCbÃ"ã#’Ä†–v‚Äæ÷&ÖÂÄvöö@£3ÄÖÆRÃ“"ÃBãS"Ä†–v‚Ä†÷BÄvöö@£cÄfVÖÆRÃbÃ2ãBÄÖöFW&FRÄæ÷&ÖÂÅö÷ £3bÄfVÖÆRÃc2Ã2ã#bÄÖöFW&FRÄ†÷BÄvöö@£3"ÄÖÆRÃs2Ãã“bÄÖöFW&FRÄ6öÆBÅö÷ £3’ÄÖÆRÃ“Ã2ãSbÄ†–v‚Ä6öÆBÄvöö@£#BÄÖÆRÃCRÃãc’Ä†–v‚Ä6öÆBÄvöö@£3’ÄfVÖÆRÃÃ2ãcÄÖöFW&FRÄæ÷&ÖÂÄvöö@£#bÄÖÆRÃ"Ã2ã“rÄÆ÷rÄ†÷BÄvöö@£CÄÖÆRÃSrÃ"ãÄÆ÷rÄ†÷BÄvöö@£32ÄÖÆRÃ“"Ã2ãCBÄ†–v‚Ä6öÆBÄvöö@£SÄÖÆRÃƒBÃ"ã3ÄÖöFW&FRÄ6öÆBÅö÷ £CÄÖÆRÃS2Ã"ãRÄÆ÷rÄ†÷BÄvöö@£cbÄfVÖÆRÃƒ’Ã2ã32ÄÖöFW&FRÄ†÷BÄvöö@£C"ÄfVÖÆRÃƒÃ"ãcRÄÆ÷rÄ†÷BÄvöö@£c"ÄÖÆRÃS"ÃãRÄÆ÷rÄæ÷&ÖÂÅö÷ £cBÄfVÖÆRÃƒÃ"ãc"Ä†–v‚Äæ÷&ÖÂÄvöö@£3RÄfVÖÆRÃSBÃ"ãrÄÖöFW&FRÄæ÷&ÖÂÄvöö@£#ÄÖÆRÃS’Ã2ã"Ä†–v‚Äæ÷&ÖÂÄvöö@£3"ÄÖÆRÃCrÃãRÄÆ÷rÄæ÷&ÖÂÄvöö@£3rÄÖÆRÃÃ2ãCrÄÆ÷rÄæ÷&ÖÂÄvöö@£S"ÄÖÆRÃƒbÃã“"ÄÆ÷rÄæ÷&ÖÂÅö÷ £cBÄÖÆRÃc‚ÃãcbÄÆ÷rÄæ÷&ÖÂÅö÷ £#’ÄÖÆRÃ“RÃ2ãrÄÆ÷rÄ†÷BÄvöö@£3ÄfVÖÆRÃSBÃãSRÄÆ÷rÄæ÷&ÖÂÅö÷ £S’ÄfVÖÆRÃ“"Ã"ã’ÄÆ÷rÄæ÷&ÖÂÄvöö@£#’ÄfVÖÆRÃBÃ2ãcrÄÆ÷rÄ†÷BÄvöö@£c‚ÄfVÖÆRÃS2ÃãSBÄÖöFW&FRÄæ÷&ÖÂÅö÷ £C2ÄfVÖÆRÃsÃ"ãBÄÆ÷rÄ†÷BÄvöö@£SrÄÖÆRÃ“‚Ã"ã#rÄÆ÷rÄ6öÆBÅö÷ £3"ÄfVÖÆRÃ“RÃ"ãS‚ÄÖöFW&FRÄ6öÆBÅö÷ £SBÄfVÖÆRÃƒrÃ2ã‚ÄÖöFW&FRÄ†÷BÄvöö@£’ÄÖÆRÃsBÃ"ã“RÄÖöFW&FRÄ†÷BÄvöö@£c’ÄÖÆRÃsrÃ"ã“rÄÖöFW&FRÄ†÷BÄvöö@£#’ÄÖÆRÃSBÃ"ãs‚ÄÖöFW&FRÄ†÷BÄvöö@£#‚ÄfVÖÆRÃcBÃ2ã3Ä†–v‚Äæ÷&ÖÂÄvöö@£CÄfVÖÆRÃsbÃ"ãƒBÄÖöFW&FRÄ6öÆBÄvöö@£S’ÄfVÖÆRÃƒ‚ÃBãÄÖöFW&FRÄ†÷BÄvöö@£S’ÄÖÆRÃc‚Ã"ãsBÄÖöFW&FRÄæ÷&ÖÂÄvöö@£#’ÄfVÖÆRÃ“BÃ"ãBÄÆ÷rÄ6öÆBÅö÷ £S2ÄfVÖÆRÃc’Ã"ãcbÄÖöFW&FRÄ†÷BÄvöö@£3ÄfVÖÆRÃs2Ã"ã#RÄÆ÷rÄ6öÆBÄvöö@£S2ÄÖÆRÃÃBãS"Ä†–v‚Ä†÷BÄvöö@£#’ÄÖÆRÃ“BÃ"ãc‚ÄÆ÷rÄæ÷&ÖÂÅö÷ £S2ÄfVÖÆRÃ“"Ã"ã“ÄÆ÷rÄæ÷&ÖÂÄvöö@£cRÄfVÖÆRÃ“rÃ"ãƒ‚ÄÆ÷rÄ†÷BÅö÷ £CBÄfVÖÆRÃ“RÃ2ãƒBÄÖöFW&FRÄ†÷BÄvöö@£cÄÖÆRÃs’Ã"ãƒ"ÄÆ÷rÄ†÷BÄvöö@£S"ÄÖÆRÃƒRÃBã3Ä†–v‚Ä†÷BÄvöö@£C"ÄfVÖÆRÃsBÃãƒ’ÄÆ÷rÄ6öÆBÅö÷ £c2ÄÖÆRÃBÃ"ãƒrÄÖöFW&FRÄæ÷&ÖÂÅö÷ £CÄÖÆRÃƒÃ2ãÄÖöFW&FRÄ6öÆBÄvöö@£3ÄÖÆRÃƒ2Ã"ãSBÄÖöFW&FRÄ6öÆBÄvöö@£32ÄÖÆRÃƒRÃ2ãRÄ†–v‚Ä6öÆBÄvöö@£SBÄÖÆRÃ“bÃ"ãƒ’ÄÆ÷rÄæ÷&ÖÂÄvöö@£S’ÄÖÆRÃ’Ã2ãsRÄÆ÷rÄ†÷BÄvöö@£CbÄfVÖÆRÃƒ2Ã"ã#BÄÖöFW&FRÄ6öÆBÅö÷ £#"ÄÖÆRÃ2Ã2ã3bÄ†–v‚Ä6öÆBÄvöö@£#2ÄfVÖÆRÃSÃ"ãsÄÖöFW&FRÄ†÷BÄvöö@£S’ÄfVÖÆRÃs2Ã"ãs"ÄÖöFW&FRÄæ÷&ÖÂÄvöö@£’ÄÖÆRÃc’ÃãRÄÆ÷rÄ6öÆBÅö÷ £3RÄÖÆRÃSÃ"ãc‚ÄÆ÷rÄ†÷BÄvöö@£cÄfVÖÆRÃƒRÃ"ãsRÄÆ÷rÄ†÷BÄvöö@£S‚ÄÖÆRÃc‚ÃãsRÄÖöFW&FRÄ6öÆBÅö÷ £SÄfVÖÆRÃSBÃãRÄÆ÷rÄæ÷&ÖÂÅö÷ £CBÄfVÖÆRÃ“’Ã2ãRÄÖöFW&FRÄæ÷&ÖÂÄvöö@£C’ÄÖÆRÃC’ÃãƒÄÖöFW&FRÄæ÷&ÖÂÄvöö@£3’ÄfVÖÆRÃ2ÃBã3bÄ†–v‚Ä†÷BÄvöö@£SÄfVÖÆRÃ“bÃ2ã2ÄÆ÷rÄ†÷BÄvöö@£#2ÄÖÆRÃS‚Ããs’ÄÖöFW&FRÄæ÷&ÖÂÄvöö@£SBÄfVÖÆRÃ"Ã"ãcRÄÖöFW&FRÄ6öÆBÅö÷ £3rÄfVÖÆRÃRÃBã#bÄ†–v‚Äæ÷&ÖÂÄvöö@£c"ÄfVÖÆRÃ“bÃ2ã#bÄÖöFW&FRÄæ÷&ÖÂÄvöö@£cRÄfVÖÆRÃSRÃ"ã2ÄÖöFW&FRÄæ÷&ÖÂÄvöö@£3RÄfVÖÆRÃ“Ã2ãRÄÖöFW&FRÄ6öÆBÄvöö@£#’ÄfVÖÆRÃ“BÃ2ã3’ÄÖöFW&FRÄ6öÆBÄvöö@£S‚ÄfVÖÆRÃƒBÃ2ãbÄ†–v‚Ä6öÆBÄvöö@£3bÄfVÖÆRÃsÃ"ãSbÄÆ÷rÄ†÷BÄvöö@£#BÄfVÖÆRÃrÃBãƒ"Ä†–v‚Ä†÷BÄvöö@£#’ÄfVÖÆRÃsRÃã“RÄÆ÷rÄæ÷&ÖÂÅö÷ £SRÄÖÆRÃsbÃãbÄÆ÷rÄ6öÆBÅö÷ £3ÄfVÖÆRÃcbÃã“’ÄÆ÷rÄæ÷&ÖÂÄvöö@£CrÄfVÖÆRÃƒ2ÃBã2Ä†–v‚Ä†÷BÄvöö@£CÄfVÖÆRÃcÃ"ãs"ÄÖöFW&FRÄæ÷&ÖÂÄvöö@£3rÄÖÆRÃsÃ"ãƒ‚ÄÆ÷rÄ†÷BÄvöö@£S2ÄÖÆRÃsRÃãS‚ÄÆ÷rÄæ÷&ÖÂÅö÷ £SrÄÖÆRÃsÃãsRÄÖöFW&FRÄ6öÆBÅö÷ £CbÄfVÖÆRÃcÃã“RÄÖöFW&FRÄæ÷&ÖÂÄvöö@£cbÄÖÆRÃSrÃ"ã3BÄÆ÷rÄ†÷BÄvöö@£3"ÄfVÖÆRÃBÃ2ãC‚ÄÖöFW&FRÄæ÷&ÖÂÄvöö@£cÄÖÆRÃsbÃ"ãsRÄ†–v‚Ä6öÆBÄvöö@£c‚ÄÖÆRÃc’Ã"ãC‚ÄÖöFW&FRÄ†÷BÄvöö@£c"ÄÖÆRÃs2Ããs"ÄÆ÷rÄæ÷&ÖÂÅö÷ £S2ÄÖÆRÃCrÃ"ãS‚Ä†–v‚Äæ÷&ÖÂÄvöö@£SÄfVÖÆRÃSÃ"ãbÄ†–v‚Ä6öÆBÄvöö@£C’ÄfVÖÆRÃƒbÃ2ã3Ä†–v‚Ä6öÆBÄvöö@£c2ÄfVÖÆRÃÃBã3rÄÖöFW&FRÄ†÷BÄvöö@£3’ÄfVÖÆRÃsBÃ"ãƒ"ÄÆ÷rÄ†÷BÄvöö@£crÄfVÖÆRÃCbÃãRÄÆ÷rÄ†÷BÄvöö@£#BÄfVÖÆRÃsÃ2ãbÄÆ÷rÄ†÷BÄvöö@£c2ÄfVÖÆRÃsÃ"ã3RÄ†–v‚Ä6öÆBÄvöö@£‚ÄÖÆRÃCbÃ"ã"ÄÖöFW&FRÄ†÷BÄvöö@£3"ÄÖÆRÃ‚Ã2ã#RÄÆ÷rÄæ÷&ÖÂÄvöö@£CÄÖÆRÃBÃ2ãcbÄÖöFW&FRÄ6öÆBÄvöö@£3"ÄÖÆRÃƒÃ"ãs‚Ä†–v‚Ä6öÆBÄvöö@£c"ÄfVÖÆRÃs"Ã"ãsrÄ†–v‚Ä6öÆBÄvöö@£S’ÄÖÆRÃs’ÃãƒÄÆ÷rÄ6öÆBÅö÷ £3rÄÖÆRÃbÃBãc"Ä†–v‚Äæ÷&ÖÂÄvöö@£CRÄfVÖÆRÃ“rÃ2ãÄÆ÷rÄæ÷&ÖÂÄvöö@£CrÄÖÆRÃBÃ2ãCRÄÖöFW&FRÄ6öÆBÄvöö@£3’ÄÖÆRÃs2Ã"ã#’ÄÆ÷rÄæ÷&ÖÂÄvöö@£#‚ÄÖÆRÃsÃ"ãC2ÄÆ÷rÄæ÷&ÖÂÄvöö@£CrÄÖÆRÃƒÃ2ãbÄÆ÷rÄ†÷BÄvöö@£#bÄfVÖÆRÃSÃãRÄÖöFW&FRÄ6öÆBÅö÷ £#2ÄfVÖÆRÃƒ’Ã"ã#rÄÆ÷rÄ6öÆBÅö÷ £3"ÄfVÖÆRÃsbÃ2ãSÄ†–v‚Ä†÷BÄvöö@£32ÄÖÆRÃCbÃ"ãrÄÆ÷rÄ†÷BÄvöö@£S‚ÄÖÆRÃ“RÃ"ã3rÄÆ÷rÄæ÷&ÖÂÅö÷ £CrÄÖÆRÃ“2Ã2ã“ÄÖöFW&FRÄ†÷BÄvöö@£CBÄfVÖÆRÃƒ2Ã"ãRÄÆ÷rÄæ÷&ÖÂÅö÷ £#rÄÖÆRÃC‚Ãã“Ä†–v‚Ä6öÆBÄvöö@£’ÄÖÆRÃs"Ã"ã‚ÄÆ÷rÄ6öÆBÅö÷ £#bÄfVÖÆRÃsBÃ"ãc’ÄÖöFW&FRÄ6öÆBÄvöö@£#’ÄfVÖÆRÃRÃBãsrÄ†–v‚Ä†÷BÄvöö@£3ÄÖÆRÃS‚Ã2ã"Ä†–v‚Äæ÷&ÖÂÄvöö@£3BÄÖÆRÃsRÃ2ãcrÄÖöFW&FRÄ†÷BÄvöö@£c‚ÄÖÆRÃc"ÃãRÄÆ÷rÄ6öÆBÅö÷ £#bÄÖÆRÃ“’ÃBã3bÄÖöFW&FRÄ†÷BÄvöö@£#ÄfVÖÆRÃcÃ"ãcRÄÖöFW&FRÄ†÷BÄvöö@£#ÄfVÖÆRÃƒ’Ã"ãS"ÄÆ÷rÄæ÷&ÖÂÅö÷ £C"ÄÖÆRÃcbÃ"ã#‚Ä†–v‚Ä6öÆBÄvöö@£cbÄfVÖÆRÃcRÃã“’ÄÖöFW&FRÄ6öÆBÄvöö@£CBÄfVÖÆRÃ“’ÃBã#RÄ†–v‚Ä†÷BÄvöö@£#2ÄfVÖÆRÃ2Ã2ãSÄÖöFW&FRÄ6öÆBÄvöö@£cbÄfVÖÆRÃƒ2Ã2ãsrÄÖöFW&FRÄ†÷BÄvöö@£‚ÄÖÆRÃÃ2ãC2Ä†–v‚Ä6öÆBÄvöö@£#RÄÖÆRÃcRÃ2ã’ÄÖöFW&FRÄ†÷BÄvöö@£cBÄÖÆRÃcrÃ"ã3RÄÖöFW&FRÄæ÷&ÖÂÄvöö@£CBÄfVÖÆRÃSÃ"ãBÄÖöFW&FRÄ6öÆBÄvöö@£CÄÖÆRÃsRÃ2ãRÄ†–v‚Ä6öÆBÄvöö@£CbÄfVÖÆRÃs’Ã"ãƒÄÖöFW&FRÄæ÷&ÖÂÄvöö@£SbÄfVÖÆRÃ"Ã2ãS2ÄÆ÷rÄ†÷BÄvöö@£3‚ÄÖÆRÃƒbÃ2ãSrÄ†–v‚Äæ÷&ÖÂÄvöö@£SRÄfVÖÆRÃ‚ÃBã“RÄ†–v‚Ä†÷BÄvöö@£c‚ÄÖÆRÃSBÃ"ãC‚ÄÖöFW&FRÄ†÷BÄvöö@£c‚ÄÖÆRÃ“Ã"ãCBÄÖöFW&FRÄæ÷&ÖÂÅö÷ £SbÄfVÖÆRÃƒ‚Ã2ãbÄÖöFW&FRÄ†÷BÄvöö@£SrÄfVÖÆRÃ“BÃ"ã“‚ÄÖöFW&FRÄ6öÆBÄvöö@£C2ÄÖÆRÃ“rÃ2ãBÄÖöFW&FRÄ6öÆBÄvöö@£‚ÄÖÆRÃsBÃã’ÄÆ÷rÄæ÷&ÖÂÅö÷ £SÄÖÆRÃsÃ"ãcBÄ†–v‚Äæ÷&ÖÂÄvöö@£S’ÄfVÖÆRÃƒ2Ã"ã3bÄÆ÷rÄ6öÆBÅö÷ £cBÄÖÆRÃƒbÃBã3rÄ†–v‚Ä†÷BÄvöö@£c’ÄÖÆRÃsrÃ2ãrÄ†–v‚Ä6öÆBÄvöö@£CbÄfVÖÆRÃc2Ã"ãSRÄ†–v‚Ä6öÆBÄvöö@£S"ÄfVÖÆRÃs"ÃãRÄÆ÷rÄ6öÆBÅö÷ £#ÄfVÖÆRÃcÃãƒBÄÖöFW&FRÄæ÷&ÖÂÄvöö@£3RÄfVÖÆRÃC‚Ããs2ÄÖöFW&FRÄæ÷&ÖÂÄvöö@£#ÄfVÖÆRÃcBÃ"ã3ÄÖöFW&FRÄæ÷&ÖÂÄvöö@£S"ÄfVÖÆRÃƒ’Ã2ã"Ä†–v‚Äæ÷&ÖÂÄvöö@£CÄÖÆRÃcBÃ"ã"ÄÖöFW&FRÄæ÷&ÖÂÄvöö@£SRÄfVÖÆRÃc‚Ã"ãÄÆ÷rÄæ÷&ÖÂÄvöö@£#2ÄfVÖÆRÃc’Ã2ãÄ†–v‚Äæ÷&ÖÂÄvöö@£3BÄÖÆRÃcÃ"ãCbÄÖöFW&FRÄæ÷&ÖÂÄvöö@£3rÄfVÖÆRÃCbÃãcRÄÖöFW&FRÄæ÷&ÖÂÄvöö@£SrÄÖÆRÃSÃãc2Ä†–v‚Ä6öÆBÄvöö@£3‚ÄfVÖÆRÃrÃBã"Ä†–v‚Äæ÷&ÖÂÄvöö@£CrÄfVÖÆRÃcRÃ"ãc"ÄÆ÷rÄ†÷BÄvöö@£CrÄÖÆRÃ“Ã2ãBÄÖöFW&FRÄ6öÆBÄvöö@£c’ÄfVÖÆRÃƒ’Ã2ã3ÄÖöFW&FRÄæ÷&ÖÂÄvöö@£S"ÄÖÆRÃcbÃã“‚ÄÖöFW&FRÄ6öÆBÄvöö@£CÄÖÆRÃ“RÃ2ã“bÄ†–v‚Äæ÷&ÖÂÄvöö@£cRÄÖÆRÃs"Ã"ãbÄÖöFW&FRÄæ÷&ÖÂÄvöö@£3rÄfVÖÆRÃƒrÃBãsBÄ†–v‚Ä†÷BÄvöö@£c‚ÄfVÖÆRÃrÃ2ã#2ÄÆ÷rÄæ÷&ÖÂÄvöö@£3"ÄÖÆRÃCbÃ"ã#RÄ†–v‚Ä6öÆBÄvöö@£CÄÖÆRÃSbÃ"ã“RÄ†–v‚Ä†÷BÄvöö@£SÄÖÆRÃƒ‚Ã"ã“"ÄÆ÷rÄæ÷&ÖÂÄvöö@£S"ÄfVÖÆRÃs’Ã"ãCRÄÆ÷rÄ†÷BÄvöö@£#ÄfVÖÆRÃbÃ2ãSrÄÖöFW&FRÄ6öÆBÄvöö@£#‚ÄÖÆRÃsbÃ2ãS‚Ä†–v‚Ä†÷BÄvöö@£c‚ÄÖÆRÃ2Ã"ãƒ’ÄÆ÷rÄ6öÆBÅö÷ £c‚ÄfVÖÆRÃƒ"Ã2ãSBÄ†–v‚Ä†÷BÄvöö@£cÄfVÖÆRÃ“‚Ã"ãcrÄÖöFW&FRÄ6öÆBÅö÷ £3RÄfVÖÆRÃsBÃ"ã‚ÄÖöFW&FRÄæ÷&ÖÂÄvöö@£CÄÖÆRÃ“‚ÃBã2Ä†–v‚Äæ÷&ÖÂÄvöö@£#ÄfVÖÆRÃsÃ2ãÄÆ÷rÄ†÷BÄvöö@£cÄfVÖÆRÃÃ2ãCrÄ†–v‚Äæ÷&ÖÂÄvöö@£32ÄfVÖÆRÃ‚Ã2ã“"ÄÖöFW&FRÄæ÷&ÖÂÄvöö@£SÄfVÖÆRÃ2Ã2ã"ÄÆ÷rÄ6öÆBÄvöö@£CBÄÖÆRÃcbÃ"ãS‚ÄÆ÷rÄ†÷BÄvöö@£cBÄÖÆRÃ“’Ã2ãCBÄÆ÷rÄ†÷BÄvöö@£crÄfVÖÆRÃ‚Ã"ã“bÄÖöFW&FRÄæ÷&ÖÂÅö÷ £S"ÄÖÆRÃƒ2Ã2ã#2Ä†–v‚Ä6öÆBÄvöö@£CbÄfVÖÆRÃS"ÃãRÄÖöFW&FRÄ6öÆBÅö÷ £#"ÄfVÖÆRÃsrÃ2ã3‚Ä†–v‚Ä6öÆBÄvöö@£3‚ÄfVÖÆRÃSBÃ"ãS’Ä†–v‚Ä6öÆBÄvöö@£#‚ÄÖÆRÃc2Ã"ã32ÄÆ÷rÄ†÷BÄvöö@£3ÄfVÖÆRÃS’Ã"ãrÄÖöFW&FRÄ6öÆBÄvöö@£C’ÄÖÆRÃƒ"ÃBãcÄ†–v‚Ä†÷BÄvöö@£cbÄfVÖÆRÃ“2Ãã‚ÄÆ÷rÄ6öÆBÅö÷ £3’ÄfVÖÆRÃƒrÃ2ãcbÄÆ÷rÄ†÷BÄvöö@£3bÄfVÖÆRÃc"Ã2ãƒ2Ä†–v‚Ä†÷BÄvöö@£cbÄfVÖÆRÃƒRÃ2ã‚Ä†–v‚Äæ÷&ÖÂÄvöö@£CÄfVÖÆRÃsÃ2ãƒ"ÄÖöFW&FRÄ†÷BÄvöö@£3’ÄfVÖÆRÃS2ÃãSRÄÖöFW&FRÄ6öÆBÅö÷ £#ÄfVÖÆRÃƒbÃ2ã#’Ä†–v‚Äæ÷&ÖÂÄvöö@£cRÄfVÖÆRÃÃ"ã#’ÄÆ÷rÄæ÷&ÖÂÅö÷ £#"ÄÖÆRÃ“‚Ã"ãc’ÄÆ÷rÄæ÷&ÖÂÅö÷ £#"ÄÖÆRÃc‚Ã"ã#’ÄÖöFW&FRÄ6öÆBÄvöö@£32ÄÖÆRÃSBÃ"ãc2ÄÆ÷rÄ†÷BÄvöö@£cBÄÖÆRÃS’Ã"ã#2ÄÖöFW&FRÄæ÷&ÖÂÄvöö@£c’ÄÖÆRÃƒBÃ2ãc’ÄÖöFW&FRÄ†÷BÄvöö@£S‚ÄfVÖÆRÃƒ"Ã"ãc’ÄÖöFW&FRÄæ÷&ÖÂÄvöö@£SBÄfVÖÆRÃcbÃ"ãcBÄÆ÷rÄ†÷BÄvöö@£#ÄfVÖÆRÃ“bÃBãSrÄ†–v‚Ä†÷BÄvöö@£‚ÄÖÆRÃ"ÃBã"ÄÖöFW&FRÄ†÷BÄvöö@£crÄfVÖÆRÃ“’Ã2ãs2Ä†–v‚Äæ÷&ÖÂÄvöö@£CRÄfVÖÆRÃS‚Ã"ã"ÄÖöFW&FRÄ6öÆBÄvöö@£C"ÄÖÆRÃ“Ã2ãBÄ†–v‚Äæ÷&ÖÂÄvöö@£#ÄfVÖÆRÃCrÃãRÄÖöFW&FRÄ6öÆBÄvöö@£SrÄfVÖÆRÃc2Ã2ã2Ä†–v‚Äæ÷&ÖÂÄvöö@£3rÄfVÖÆRÃ“Ã2ã#bÄÖöFW&FRÄ6öÆBÄvöö@£c2ÄÖÆRÃCbÃ"ãCbÄ†–v‚Äæ÷&ÖÂÄvöö@£CÄfVÖÆRÃc2Ã2ãCÄ†–v‚Ä†÷BÄvöö@£c2ÄfVÖÆRÃƒRÃ"ã“BÄÖöFW&FRÄ6öÆBÄvöö@£3ÄfVÖÆRÃcBÃ"ãSbÄÆ÷rÄ†÷BÄvöö@£C"ÄfVÖÆRÃC‚Ã"ãsÄÖöFW&FRÄ†÷BÄvöö@£’ÄfVÖÆRÃcRÃ"ã“RÄ†–v‚Ä6öÆBÄvöö@£C"ÄfVÖÆRÃ“bÃ"ãbÄÆ÷rÄ6öÆBÅö÷ £3BÄÖÆRÃS’Ã2ãrÄ†–v‚Ä†÷BÄvöö@£C‚ÄÖÆRÃbÃ2ã2ÄÆ÷rÄ6öÆBÅö÷ £SrÄÖÆRÃƒ‚Ã"ãcrÄÆ÷rÄ†÷BÄvöö@£3RÄfVÖÆRÃƒ’Ã2ãcbÄÖöFW&FRÄæ÷&ÖÂÄvöö@£CRÄfVÖÆRÃsÃ2ãcRÄ†–v‚Ä†÷BÄvöö@£SBÄfVÖÆRÃc‚Ã"ãs’ÄÖöFW&FRÄ†÷BÄvöö@£C‚ÄÖÆRÃ“BÃBãC’ÄÖöFW&FRÄ†÷BÄvöö@£#RÄfVÖÆRÃsRÃ"ãS‚ÄÖöFW&FRÄ6öÆBÄvöö@£SbÄÖÆRÃcRÃ"ã#Ä†–v‚Äæ÷&ÖÂÄvöö@£S2ÄÖÆRÃS’ÃãsÄÖöFW&FRÄæ÷&ÖÂÅö÷ £SRÄÖÆRÃƒ"Ã2ãRÄ†–v‚Äæ÷&ÖÂÄvöö@£crÄÖÆRÃCRÃãƒrÄÖöFW&FRÄ†÷BÄvöö@£3bÄfVÖÆRÃs2Ã2ã3‚Ä†–v‚Äæ÷&ÖÂÄvöö@£SÄÖÆRÃ“‚Ã2ãbÄÖöFW&FRÄæ÷&ÖÂÄvöö@£#ÄfVÖÆRÃsBÃ2ã“bÄ†–v‚Ä†÷BÄvöö@£#"ÄÖÆRÃs2Ã"ãsbÄÆ÷rÄ†÷BÄvöö@£3"ÄÖÆRÃ“rÃ2ã“"ÄÆ÷rÄ†÷BÄvöö@£c’ÄfVÖÆRÃ“rÃ2ãcBÄÆ÷rÄ†÷BÄvöö@£3RÄÖÆRÃƒ"Ã2ãcBÄÖöFW&FRÄ†÷BÄvöö@£#‚ÄfVÖÆRÃ“rÃ"ãƒRÄÆ÷rÄ6öÆBÅö÷ £C"ÄÖÆRÃbÃ2ãsRÄÖöFW&FRÄæ÷&ÖÂÄvöö@£C‚ÄÖÆRÃ“’Ã2ãCRÄÖöFW&FRÄ6öÆBÄvöö@£#’ÄÖÆRÃSÃ"ãSbÄ†–v‚Ä6öÆBÄvöö@£CbÄfVÖÆRÃ“ÃBã’ÄÖöFW&FRÄ†÷BÄvöö@£c‚ÄÖÆRÃS‚Ã"ãƒbÄ†–v‚Äæ÷&ÖÂÄvöö@£3ÄÖÆRÃ’Ã"ãƒrÄÆ÷rÄ6öÆBÅö÷ £#ÄÖÆRÃcÃ2ãC"ÄÖöFW&FRÄ†÷BÄvöö@£3rÄÖÆRÃsbÃã“"ÄÆ÷rÄæ÷&ÖÂÅö÷ £CrÄfVÖÆRÃcBÃãSÄÆ÷rÄæ÷&ÖÂÅö÷ £CÄfVÖÆRÃCRÃ"ãC‚ÄÖöFW&FRÄ†÷BÄvöö@£CBÄÖÆRÃcRÃ2ãƒBÄ†–v‚Ä†÷BÄvöö@£C’ÄfVÖÆRÃƒ‚ÃBãC"Ä†–v‚Ä†÷BÄvöö@£3’ÄfVÖÆRÃƒbÃ"ã"ÄÆ÷rÄæ÷&ÖÂÅö÷ £cRÄfVÖÆRÃS"ÃãRÄÖöFW&FRÄ6öÆBÅö÷ £CRÄfVÖÆRÃC‚Ã"ã3’ÄÖöFW&FRÄ†÷BÄvöö@£‚ÄÖÆRÃSÃãSbÄÆ÷rÄæ÷&ÖÂÄvöö@£c’ÄÖÆRÃc‚Ã"ãbÄÖöFW&FRÄ†÷BÄvöö@£3’ÄfVÖÆRÃc‚Ã"ã3bÄÆ÷rÄæ÷&ÖÂÄvöö@£3rÄÖÆRÃs‚Ã2ã’ÄÆ÷rÄ†÷BÄvöö@£#ÄfVÖÆRÃ“rÃ"ãc2ÄÆ÷rÄæ÷&ÖÂÅö÷ £SÄÖÆRÃ“BÃ2ã“rÄÖöFW&FRÄ†÷BÄvöö@£crÄfVÖÆRÃƒÃ"ãsRÄ†–v‚Ä6öÆBÄvöö@£crÄfVÖÆRÃ“BÃã“"ÄÆ÷rÄ6öÆBÅö÷ £SBÄÖÆRÃsÃã“"ÄÆ÷rÄ6öÆBÅö÷ £3bÄfVÖÆRÃcbÃ"ã“rÄ†–v‚Äæ÷&ÖÂÄvöö@£3‚ÄfVÖÆRÃÃ"ãRÄÆ÷rÄæ÷&ÖÂÅö÷ £C‚ÄfVÖÆRÃ2ÃBã#‚Ä†–v‚Ä6öÆBÄvöö@£cBÄfVÖÆRÃƒrÃ"ã“BÄ†–v‚Ä6öÆBÄvöö@£3RÄfVÖÆRÃ“’ÃBãƒÄ†–v‚Ä†÷BÄvöö@£c‚ÄÖÆRÃSbÃ"ãƒBÄ†–v‚Ä†÷BÄvöö@£#BÄÖÆRÃcÃã“2ÄÖöFW&FRÄ6öÆBÄvöö@£3‚ÄfVÖÆRÃBÃBãrÄÆ÷rÄ†÷BÄvöö@£C‚ÄÖÆRÃ“BÃ"ãc2ÄÆ÷rÄ6öÆBÅö÷ £c2ÄÖÆRÃ“’Ã2ãC’ÄÆ÷rÄ†÷BÄvöö@£3bÄfVÖÆRÃC’Ã"ãc"Ä†–v‚Äæ÷&ÖÂÄvöö@£3RÄfVÖÆRÃ“BÃ2ãcbÄÖöFW&FRÄæ÷&ÖÂÄvöö@£c’ÄÖÆRÃƒÃ2ã"Ä†–v‚Äæ÷&ÖÂÄvöö@£SrÄfVÖÆRÃ“bÃ2ã#bÄ†–v‚Äæ÷&ÖÂÄvöö@£#BÄfVÖÆRÃsBÃãSrÄÆ÷rÄ6öÆBÅö÷ £#ÄfVÖÆRÃcbÃ"ã3"ÄÆ÷rÄæ÷&ÖÂÄvöö@£’ÄÖÆRÃƒÃ2ãrÄ†–v‚Ä†÷BÄvöö@£3’ÄÖÆRÃ’ÃRã2Ä†–v‚Ä†÷BÄvöö@£cRÄfVÖÆRÃ“2Ã2ãrÄ†–v‚Ä†÷BÄvöö@£#bÄÖÆRÃS"ÃãRÄÆ÷rÄæ÷&ÖÂÅö÷ £3’ÄfVÖÆRÃ“‚Ã2ãC2Ä†–v‚Ä6öÆBÄvöö@£S‚ÄÖÆRÃs"Ã"ã3ÄÖöFW&FRÄ6öÆBÄvöö@£c2ÄfVÖÆRÃsRÃ"ã2ÄÆ÷rÄæ÷&ÖÂÅö÷ £c"ÄÖÆRÃsRÃãƒrÄÆ÷rÄ6öÆBÅö÷ £C‚ÄfVÖÆRÃƒÃBãSÄ†–v‚Ä†÷BÄvöö@£#‚ÄÖÆRÃs‚Ã"ã“"ÄÖöFW&FRÄ6öÆBÄvöö@£cRÄÖÆRÃCrÃ"ã#’Ä†–v‚Äæ÷&ÖÂÄvöö@£#ÄÖÆRÃ“rÃ2ãSrÄÆ÷rÄ†÷BÄvöö@£3BÄfVÖÆRÃƒ"Ã"ãsÄÆ÷rÄ†÷BÄvöö@£#2ÄfVÖÆRÃc"Ã2ã‚Ä†–v‚Äæ÷&ÖÂÄvöö@£SbÄfVÖÆRÃ“RÃ2ã’ÄÆ÷rÄ†÷BÄvöö@£CÄfVÖÆRÃs‚Ã2ã2ÄÖöFW&FRÄ6öÆBÄvöö@£CÄÖÆRÃc’Ã2ã“‚Ä†–v‚Ä†÷BÄvöö@£c‚ÄÖÆRÃsBÃãsbÄÆ÷rÄ6öÆBÅö÷ £3"ÄfVÖÆRÃ“‚ÃBãÄ†–v‚Ä6öÆBÄvöö@£C"ÄÖÆRÃC’Ã"ãÄ†–v‚Ä6öÆBÄvöö@£32ÄÖÆRÃrÃ2ã#"ÄÆ÷rÄæ÷&ÖÂÄvöö@£SRÄfVÖÆRÃcÃ"ã"ÄÖöFW&FRÄ6öÆBÄvöö@£#2ÄfVÖÆRÃƒÃ"ãƒbÄÖöFW&FRÄæ÷&ÖÂÄvöö@£#bÄfVÖÆRÃSBÃãS‚ÄÆ÷rÄ6öÆBÅö÷ £SrÄfVÖÆRÃCbÃãRÄÖöFW&FRÄ6öÆBÄvöö@£SÄfVÖÆRÃS‚Ã"ã3‚Ä†–v‚Äæ÷&ÖÂÄvöö@£SBÄÖÆRÃSÃãRÄÆ÷rÄ†÷BÄvöö@£crÄÖÆRÃ“RÃ2ãsrÄ†–v‚Äæ÷&ÖÂÄvöö@£CRÄfVÖÆRÃƒ‚Ã2ã#bÄÆ÷rÄ†÷BÄvöö@£3bÄÖÆRÃÃ2ãc"ÄÆ÷rÄ†÷BÄvöö@£CRÄfVÖÆRÃS’Ã"ã#"ÄÆ÷rÄæ÷&ÖÂÄvöö@£SÄÖÆRÃ“rÃ"ã“bÄÖöFW&FRÄ6öÆBÄvöö@£‚ÄfVÖÆRÃ“‚Ã"ãc2ÄÆ÷rÄ6öÆBÅö÷ £SbÄfVÖÆRÃ“RÃ2ãSÄÖöFW&FRÄæ÷&ÖÂÄvöö@£C"ÄÖÆRÃSRÃ"ãƒ’Ä†–v‚Äæ÷&ÖÂÄvöö@£c’ÄÖÆRÃ“‚Ã2ãcbÄÖöFW&FRÄ†÷BÄvöö@£#BÄÖÆRÃSbÃãƒrÄÖöFW&FRÄ6öÆBÄvöö@£3‚ÄÖÆRÃƒÃ"ã“’ÄÆ÷rÄ†÷BÄvöö@£3bÄÖÆRÃCrÃ2ãÄ†–v‚Ä†÷BÄvöö@£CrÄÖÆRÃs‚ÃBãC2Ä†–v‚Ä†÷BÄvöö@£c’ÄfVÖÆRÃÃBã#"ÄÖöFW&FRÄ†÷BÄvöö@£crÄfVÖÆRÃc2ÃãRÄÆ÷rÄ6öÆBÅö÷ £c‚ÄfVÖÆRÃ“2Ã2ã3rÄ†–v‚Ä6öÆBÄvöö@£3’ÄÖÆRÃbÃ2ãÄÆ÷rÄ6öÆBÅö÷ £32ÄÖÆRÃSÃãSRÄÆ÷rÄæ÷&ÖÂÄvöö@£C‚ÄfVÖÆRÃC‚Ã"ã‚Ä†–v‚Ä†÷BÄvöö@£cÄÖÆRÃCrÃ"ãcRÄÖöFW&FRÄ†÷BÄvöö@£SÄÖÆRÃƒ"Ã2ãCbÄ†–v‚Äæ÷&ÖÂÄvöö@£#ÄÖÆRÃ“"Ã2ã"ÄÖöFW&FRÄ6öÆBÄvöö@£SBÄfVÖÆRÃRÃ2ãC"ÄÖöFW&FRÄ6öÆBÄvöö@£3BÄfVÖÆRÃRÃBãÄ†–v‚Ä6öÆBÄvöö@£SbÄÖÆRÃcRÃ"ãsÄ†–v‚Ä6öÆBÄvöö@£CRÄÖÆRÃsÃ"ãsbÄÖöFW&FRÄ6öÆBÄvöö@£#’ÄÖÆRÃ’ÃBã#RÄ†–v‚Ä6öÆBÄvöö@£SrÄÖÆRÃS2Ã2ãBÄ†–v‚Ä†÷BÄvöö@£c"ÄfVÖÆRÃcÃ"ã3bÄ†–v‚Äæ÷&ÖÂÄvöö@£#ÄfVÖÆRÃƒBÃã“bÄÆ÷rÄ6öÆBÅö÷ £3bÄfVÖÆRÃBÃ2ã#bÄÆ÷rÄ6öÆBÄvöö@£CBÄÖÆRÃCrÃãRÄÖöFW&FRÄæ÷&ÖÂÄvöö@£S2ÄfVÖÆRÃ2ÃBã3’ÄÖöFW&FRÄ†÷BÄvöö@£cRÄfVÖÆRÃƒÃBãRÄ†–v‚Ä†÷BÄvöö@£CÄÖÆRÃƒ‚Ã"ã“Ä†–v‚Ä6öÆBÄvöö@£cBÄfVÖÆRÃSÃãRÄÆ÷rÄæ÷&ÖÂÄvöö@£3‚ÄfVÖÆRÃÃ"ãs‚ÄÆ÷rÄ6öÆBÅö÷ £CÄÖÆRÃrÃ2ãrÄÖöFW&FRÄ6öÆBÄvöö@£c2ÄfVÖÆRÃs‚Ã"ãbÄÆ÷rÄæ÷&ÖÂÅö÷ £SBÄfVÖÆRÃƒRÃ"ãBÄÖöFW&FRÄ6öÆBÅö÷ £3"ÄfVÖÆRÃƒrÃ2ãbÄÖöFW&FRÄæ÷&ÖÂÄvöö@£SRÄfVÖÆRÃS’Ã2ãcbÄ†–v‚Ä†÷BÄvöö@£#ÄfVÖÆRÃ“Ã2ã3rÄÆ÷rÄ†÷BÄvöö@£32ÄÖÆRÃs’Ã"ã“bÄÖöFW&FRÄæ÷&ÖÂÄvöö@£S‚ÄfVÖÆRÃSBÃ"ãCBÄÆ÷rÄ†÷BÄvöö@£#’ÄÖÆRÃs"Ã"ã3ÄÖöFW&FRÄ6öÆBÄvöö@£3RÄfVÖÆRÃ’ÃBãcrÄ†–v‚Äæ÷&ÖÂÄvöö@£CÄÖÆRÃƒ’Ã"ãS‚ÄÆ÷rÄ6öÆBÅö÷ £c2ÄÖÆRÃ’ÃBã#bÄÖöFW&FRÄ†÷BÄvöö@£#ÄÖÆRÃS’Ãã‚ÄÆ÷rÄæ÷&ÖÂÄvöö@£c‚ÄfVÖÆRÃs’Ãã“ÄÆ÷rÄ6öÆBÅö÷ £S"ÄÖÆRÃsbÃãƒ2ÄÆ÷rÄ6öÆBÅö÷ £CrÄÖÆRÃS2Ã"ã#"ÄÆ÷rÄ†÷BÄvöö@£CrÄfVÖÆRÃ’ÃBã3RÄÆ÷rÄ†÷BÄvöö@£CÄÖÆRÃC’Ã"ã3RÄÖöFW&FRÄæ÷&ÖÂÄvöö@£’ÄfVÖÆRÃƒrÃ"ãcBÄÖöFW&FRÄæ÷&ÖÂÄvöö@£cRÄfVÖÆRÃ"ÃBãÄÖöFW&FRÄ†÷BÄvöö@£#ÄÖÆRÃrÃ2ã3bÄÆ÷rÄæ÷&ÖÂÄvöö@£SrÄÖÆRÃSÃ"ã3‚ÄÆ÷rÄ†÷BÄvöö@£cbÄfVÖÆRÃsrÃ"ãbÄÖöFW&FRÄ6öÆBÄvöö@£#’ÄÖÆRÃƒrÃ"ãsBÄÆ÷rÄæ÷&ÖÂÄvöö@£3bÄfVÖÆRÃRÃ2ãÄÖöFW&FRÄ6öÆBÅö÷ £S’ÄfVÖÆRÃc"ÃãRÄÆ÷rÄ6öÆBÅö÷ £SbÄÖÆRÃ’Ã2ãCbÄÖöFW&FRÄ6öÆBÄvöö@£3rÄfVÖÆRÃƒÃ2ãsrÄÖöFW&FRÄ†÷BÄvöö@£c"ÄfVÖÆRÃSBÃ"ãs2ÄÖöFW&FRÄ†÷BÄvöö@£3BÄfVÖÆRÃsrÃãsRÄÆ÷rÄ6öÆBÅö÷ £’ÄfVÖÆRÃcÃ"ãRÄÖöFW&FRÄ6öÆBÄvöö@£‚ÄÖÆRÃs’Ã"ãc’ÄÆ÷rÄæ÷&ÖÂÄvöö@£cÄÖÆRÃ“’Ã"ãƒbÄÆ÷rÄ6öÆBÅö÷ £#ÄÖÆRÃrÃBãbÄ†–v‚Ä6öÆBÄvöö@£3’ÄfVÖÆRÃÃBã2ÄÆ÷rÄ†÷BÄvöö@£3BÄÖÆRÃsÃ"ãƒBÄ†–v‚Ä6öÆBÄvöö@£#ÄfVÖÆRÃsÃãcÄÆ÷rÄæ÷&ÖÂÅö÷ £3BÄÖÆRÃsBÃBã2Ä†–v‚Ä†÷BÄvöö@£CrÄÖÆRÃƒ‚ÃBãSBÄ†–v‚Ä†÷BÄvöö@£#bÄÖÆRÃ“"Ã"ã‚ÄÆ÷rÄ6öÆBÅö÷ £#ÄfVÖÆRÃSÃ"ã3"ÄÆ÷rÄ†÷BÄvöö@£C"ÄÖÆRÃcRÃ"ãRÄÖöFW&FRÄ6öÆBÄvöö@£’ÄfVÖÆRÃ“"Ã2ãc‚ÄÖöFW&FRÄæ÷&ÖÂÄvöö@£C"ÄfVÖÆRÃƒrÃ"ã"ÄÆ÷rÄæ÷&ÖÂÅö÷ £#rÄfVÖÆRÃ“2Ã"ãc2ÄÆ÷rÄæ÷&ÖÂÅö÷ £C"ÄfVÖÆRÃs’Ã2ãC"Ä†–v‚Äæ÷&ÖÂÄvöö@£S’ÄÖÆRÃÃ2ãsrÄ†–v‚Äæ÷&ÖÂÄvöö@£cÄfVÖÆRÃBÃ2ãC2ÄÖöFW&FRÄ6öÆBÄvöö@£C’ÄÖÆRÃc‚ÃBãBÄ†–v‚Ä†÷BÄvöö@£cÄfVÖÆRÃsBÃ"ãC2Ä†–v‚Äæ÷&ÖÂÄvöö@£SÄfVÖÆRÃƒ’Ã2ã"Ä†–v‚Äæ÷&ÖÂÄvöö@£c’ÄÖÆRÃ“rÃ"ãCRÄÆ÷rÄ6öÆBÅö÷ £SRÄfVÖÆRÃC‚ÃãRÄÆ÷rÄ6öÆBÄvöö@£#rÄÖÆRÃsRÃ2ãSBÄ†–v‚Ä†÷BÄvöö@£#ÄfVÖÆRÃƒ"Ã"ãsrÄÆ÷rÄ†÷BÄvöö@£SrÄÖÆRÃsbÃ"ãrÄÆ÷rÄæ÷&ÖÂÅö÷ £c‚ÄfVÖÆRÃsrÃ"ã3RÄ†–v‚Ä6öÆBÄvöö@£3ÄÖÆRÃ“Ã2ã‚Ä†–v‚Ä6öÆBÄvöö@£c’ÄÖÆRÃ“bÃ"ãƒ"ÄÖöFW&FRÄæ÷&ÖÂÅö÷ £SÄÖÆRÃRÃ2ãÄÖöFW&FRÄ6öÆBÅö÷ £CrÄÖÆRÃ2ÃBãƒ"Ä†–v‚Ä†÷BÄvöö@£#"ÄÖÆRÃCbÃ2ãrÄ†–v‚Ä†÷BÄvöö@£SRÄfVÖÆRÃBÃ2ãÄÆ÷rÄæ÷&ÖÂÅö÷ £CBÄfVÖÆRÃS’ÃãRÄÆ÷rÄ6öÆBÅö÷ £SRÄÖÆRÃ“‚Ã"ã“BÄÖöFW&FRÄ6öÆBÄvöö@£3ÄÖÆRÃc"Ãã“‚ÄÆ÷rÄ6öÆBÄvöö@£#BÄfVÖÆRÃÃ2ãBÄÖöFW&FRÄæ÷&ÖÂÄvöö@£SRÄfVÖÆRÃSÃãSbÄÖöFW&FRÄæ÷&ÖÂÄvöö@£S’ÄÖÆRÃcbÃ2ãS’Ä†–v‚Ä†÷BÄvöö@£c2ÄÖÆRÃ“‚ÃBãbÄ†–v‚Ä†÷BÄvöö@£c‚ÄfVÖÆRÃÃ2ãSBÄÆ÷rÄ†÷BÄvöö@£3ÄÖÆRÃ“‚ÃBã3BÄÖöFW&FRÄ†÷BÄvöö@£S"ÄfVÖÆRÃS2ÃãcrÄÖöFW&FRÄ6öÆBÄvöö@£SrÄfVÖÆRÃƒÃ2ã3rÄ†–v‚Äæ÷&ÖÂÄvöö@£S‚ÄÖÆRÃSÃ"ã3’ÄÖöFW&FRÄ†÷BÄvöö@£#‚ÄfVÖÆRÃSrÃ"ãƒRÄ†–v‚Ä6öÆBÄvöö@£3rÄÖÆRÃ"Ã2ã2ÄÆ÷rÄ6öÆBÅö÷ £SBÄfVÖÆRÃcBÃ"ãc"ÄÆ÷rÄ†÷BÄvöö@£cÄfVÖÆRÃc"Ã2ã#RÄÖöFW&FRÄ†÷BÄvöö@£#RÄÖÆRÃ“Ã2ã#rÄ†–v‚Ä6öÆBÄvöö@£3rÄfVÖÆRÃs‚Ã"ãBÄÆ÷rÄæ÷&ÖÂÄvöö@£crÄÖÆRÃ“rÃ2ã#’ÄÖöFW&FRÄæ÷&ÖÂÄvöö@£#‚ÄfVÖÆRÃS"ÃãRÄÆ÷rÄæ÷&ÖÂÅö÷ £3BÄÖÆRÃsÃãƒ2ÄÆ÷rÄæ÷&ÖÂÅö÷ £C2ÄfVÖÆRÃcbÃ"ã3BÄÆ÷rÄæ÷&ÖÂÄvöö@£3ÄÖÆRÃrÃ"ãc‚ÄÆ÷rÄ6öÆBÅö÷ £#’ÄÖÆRÃƒ2Ã2ãRÄÖöFW&FRÄæ÷&ÖÂÄvöö@£3‚ÄÖÆRÃ“rÃ2ã“’ÄÖöFW&FRÄ†÷BÄvöö@£’ÄfVÖÆRÃ“2Ã"ã#rÄÆ÷rÄ6öÆBÅö÷ £C‚ÄfVÖÆRÃƒRÃ"ã“BÄÆ÷rÄæ÷&ÖÂÄvöö@£S2ÄÖÆRÃƒ2Ã"ã‚ÄÖöFW&FRÄ6öÆBÅö÷ £CrÄfVÖÆRÃƒRÃ2ãbÄÆ÷rÄ†÷BÄvöö@£3‚ÄfVÖÆRÃSÃã“RÄÖöFW&FRÄæ÷&ÖÂÄvöö@£32ÄfVÖÆRÃc2Ã"ã3"ÄÖöFW&FRÄæ÷&ÖÂÄvöö@£SBÄfVÖÆRÃ‚Ã2ãCrÄÆ÷rÄ†÷BÄvöö@£#"ÄfVÖÆRÃSÃã“’Ä†–v‚Ä6öÆBÄvöö@£cBÄÖÆRÃ“BÃ"ã’ÄÆ÷rÄ†÷BÄvöö@£CÄfVÖÆRÃsrÃBã"Ä†–v‚Ä†÷BÄvöö@£3BÄfVÖÆRÃcRÃ"ã2ÄÖöFW&FRÄ6öÆBÄvöö@£3"ÄÖÆRÃƒ‚Ã"ã“2ÄÆ÷rÄæ÷&ÖÂÄvöö@£S2ÄfVÖÆRÃ“ÃBã‚ÄÖöFW&FRÄ†÷BÄvöö@£C’ÄÖÆRÃCrÃãRÄÆ÷rÄ6öÆBÄvöö@£SÄfVÖÆRÃƒ’Ã2ãBÄÖöFW&FRÄ6öÆBÄvöö@£S2ÄfVÖÆRÃs’Ã"ã3‚ÄÖöFW&FRÄæ÷&ÖÂÄvöö@£cRÄÖÆRÃc"Ã"ãCRÄÆ÷rÄ†÷BÄvöö@£C‚ÄfVÖÆRÃƒ2Ã"ãrÄ†–v‚Ä6öÆBÄvöö@£c’ÄfVÖÆRÃSBÃ2ãÄÖöFW&FRÄ†÷BÄvöö@£SÄfVÖÆRÃ“rÃ"ãS"ÄÆ÷rÄ6öÆBÅö÷ £c2ÄÖÆRÃ‚Ã2ãCbÄÖöFW&FRÄæ÷&ÖÂÄvöö@£’ÄÖÆRÃcÃ"ã‚ÄÆ÷rÄ†÷BÄvöö@£#BÄfVÖÆRÃCbÃ"ãcÄ†–v‚Äæ÷&ÖÂÄvöö@£C"ÄÖÆRÃSbÃ2ã"Ä†–v‚Ä†÷BÄvöö@£C‚ÄÖÆRÃƒBÃBãc‚Ä†–v‚Ä†÷BÄvöö@£CRÄfVÖÆRÃ“bÃ2ãƒBÄÆ÷rÄ†÷BÄvöö@£3RÄfVÖÆRÃƒÃBãCÄ†–v‚Ä†÷BÄvöö@£cBÄfVÖÆRÃs’Ã2ã‚Ä†–v‚Äæ÷&ÖÂÄvöö@£c2ÄÖÆRÃSBÃ2ãBÄ†–v‚Ä†÷BÄvöö@£3BÄfVÖÆRÃ“bÃ2ã#’ÄÆ÷rÄæ÷&ÖÂÄvöö@£SÄfVÖÆRÃcÃãSRÄÆ÷rÄæ÷&ÖÂÅö÷ £cbÄÖÆRÃSÃãRÄÆ÷rÄæ÷&ÖÂÅö÷ £cRÄÖÆRÃ’Ã2ã"ÄÆ÷rÄæ÷&ÖÂÅö÷ £#‚ÄÖÆRÃSBÃ2ãrÄ†–v‚Ä†÷BÄvöö@£‚ÄÖÆRÃƒrÃ"ãs"ÄÆ÷rÄæ÷&ÖÂÄvöö@£cRÄÖÆRÃ’Ã"ãsbÄÆ÷rÄæ÷&ÖÂÅö÷ £cbÄÖÆRÃBÃ2ãsBÄÖöFW&FRÄ†÷BÄvöö@£cRÄfVÖÆRÃS‚Ã"ãrÄÖöFW&FRÄ6öÆBÄvöö@£c"ÄÖÆRÃCbÃ"ã3‚Ä†–v‚Ä†÷BÄvöö@£#RÄfVÖÆRÃƒÃ2ãƒbÄ†–v‚Äæ÷&ÖÂÄvöö@£3"ÄfVÖÆRÃs‚Ã2ãÄÆ÷rÄ†÷BÄvöö@£#bÄfVÖÆRÃƒBÃBã"Ä†–v‚Äæ÷&ÖÂÄvöö@£cÄfVÖÆRÃcbÃãs2ÄÖöFW&FRÄæ÷&ÖÂÅö÷ £#BÄfVÖÆRÃS’Ããc2ÄÆ÷rÄ6öÆBÅö÷ £SÄÖÆRÃcRÃãcrÄÆ÷rÄ6öÆBÅö÷ £cBÄfVÖÆRÃRÃ"ãsBÄÖöFW&FRÄ6öÆBÅö÷ £CÄfVÖÆRÃ“ÃBãƒrÄ†–v‚Ä†÷BÄvöö@£#BÄfVÖÆRÃc"ÃãS‚ÄÆ÷rÄæ÷&ÖÂÅö÷ £CÄÖÆRÃsÃ2ãRÄÆ÷rÄ†÷BÄvöö@£’ÄÖÆRÃcbÃ2ãRÄÆ÷rÄ†÷BÄvöö@£S’ÄÖÆRÃs"Ã"ãƒrÄÖöFW&FRÄ†÷BÄvöö@£c‚ÄfVÖÆRÃ2Ã2ãBÄÖöFW&FRÄ6öÆBÅö÷ £S"ÄfVÖÆRÃ“BÃ2ãRÄÖöFW&FRÄ6öÆBÄvöö@£3ÄÖÆRÃƒ"ÃBãCrÄ†–v‚Ä†÷BÄvöö@£3rÄÖÆRÃBÃBã#BÄ†–v‚Ä6öÆBÄvöö@£3BÄÖÆRÃsÃãs‚ÄÆ÷rÄæ÷&ÖÂÅö÷ £#BÄÖÆRÃs’Ã2ãCÄÆ÷rÄ†÷BÄvöö@£cBÄfVÖÆRÃƒ‚ÃBãC‚Ä†–v‚Ä†÷BÄvöö@£‚ÄÖÆRÃc’Ã2ã“’Ä†–v‚Ä†÷BÄvöö@£3"ÄÖÆRÃCrÃ"ãrÄÖöFW&FRÄ†÷BÄvöö@£c"ÄfVÖÆRÃ“RÃ"ãsÄÆ÷rÄæ÷&ÖÂÅö÷ £3rÄÖÆRÃc"Ã"ãRÄÆ÷rÄæ÷&ÖÂÄvöö@£S"ÄÖÆRÃs2Ã"ãc2ÄÖöFW&FRÄæ÷&ÖÂÄvöö@£3"ÄfVÖÆRÃSbÃ"ãs‚Ä†–v‚Ä6öÆBÄvöö@£c‚ÄÖÆRÃSbÃ2ãbÄÖöFW&FRÄ†÷BÄvöö@£SÄÖÆRÃS"Ã"ã#ÄÖöFW&FRÄ†÷BÄvöö@£c"ÄÖÆRÃRÃ"ãCrÄÆ÷rÄæ÷&ÖÂÅö÷ £SÄfVÖÆRÃƒ’Ã2ãc‚Ä†–v‚Ä†÷BÄvöö@£‚ÄfVÖÆRÃc‚Ããƒ’ÄÆ÷rÄ6öÆBÅö÷ £3RÄfVÖÆRÃ“"ÃBãrÄ†–v‚Ä†÷BÄvöö@£S‚ÄÖÆRÃ“bÃ"ãcBÄÆ÷rÄ6öÆBÅö÷ £S‚ÄfVÖÆRÃƒÃ2ãC2Ä†–v‚Ä†÷BÄvöö@£CÄÖÆRÃs’Ã2ã3"Ä†–v‚Äæ÷&ÖÂÄvöö@£CrÄÖÆRÃƒbÃ"ãs"ÄÆ÷rÄ6öÆBÄvöö@£SRÄfVÖÆRÃsÃ"ã3"ÄÖöFW&FRÄ6öÆBÄvöö@£c’ÄfVÖÆRÃBÃBãrÄÖöFW&FRÄ†÷BÄvöö@£S"ÄfVÖÆRÃs‚Ã"ã“bÄ†–v‚Äæ÷&ÖÂÄvöö@£cÄÖÆRÃ“bÃ"ãƒbÄÖöFW&FRÄæ÷&ÖÂÅö÷ £CBÄÖÆRÃc2Ã2ã#2Ä†–v‚Äæ÷&ÖÂÄvöö@£3"ÄÖÆRÃƒÃ2ãC’Ä†–v‚Ä6öÆBÄvöö@£CbÄfVÖÆRÃƒ‚ÃãƒRÄÆ÷rÄ6öÆBÅö÷ £3rÄfVÖÆRÃcRÃ2ã3bÄ†–v‚Äæ÷&ÖÂÄvöö@£3"ÄfVÖÆRÃ‚Ã2ãÄÆ÷rÄ6öÆBÅö÷ £3‚ÄÖÆRÃ“’Ã2ã2ÄÆ÷rÄæ÷&ÖÂÄvöö@£SbÄfVÖÆRÃc2Ãã“’ÄÆ÷rÄ†÷BÄvöö@£S2ÄfVÖÆRÃ“bÃ"ãs‚ÄÆ÷rÄæ÷&ÖÂÅö÷ £SÄÖÆRÃƒBÃ2ã3BÄ†–v‚Äæ÷&ÖÂÄvöö@£3bÄÖÆRÃƒ‚Ã"ãƒ2ÄÖöFW&FRÄ6öÆBÄvöö@£C‚ÄÖÆRÃcBÃãƒbÄÖöFW&FRÄ6öÆBÅö÷ £cBÄÖÆRÃSÃãsBÄ†–v‚Ä6öÆBÄvöö@£SBÄfVÖÆRÃCbÃ"ãC’Ä†–v‚Ä†÷BÄvöö@£c2ÄÖÆRÃƒ"Ã"ã3‚ÄÖöFW&FRÄæ÷&ÖÂÅö÷ £cBÄfVÖÆRÃSrÃ"ãsbÄ†–v‚Äæ÷&ÖÂÄvöö@£#ÄÖÆRÃ“’Ã"ã“‚ÄÆ÷rÄæ÷&ÖÂÄvöö@£SÄfVÖÆRÃS‚Ã2ã"Ä†–v‚Äæ÷&ÖÂÄvöö@£#"ÄÖÆRÃ“‚ÃBã"Ä†–v‚Ä6öÆBÄvöö@£C’ÄÖÆRÃÃ2ãsRÄ†–v‚Ä6öÆBÄvöö@£3ÄfVÖÆRÃSRÃ2ãSbÄ†–v‚Ä†÷BÄvöö@£SRÄfVÖÆRÃc‚Ã"ã#rÄÆ÷rÄ†÷BÄvöö@£3’ÄÖÆRÃc"ÃãsbÄÆ÷rÄ6öÆBÅö÷ £#’ÄfVÖÆRÃ“Ãã“BÄÆ÷rÄ6öÆBÅö÷ £3bÄÖÆRÃSBÃ"ã3rÄÖöFW&FRÄæ÷&ÖÂÄvöö@£c’ÄÖÆRÃSRÃãRÄÖöFW&FRÄ6öÆBÅö÷ £#ÄÖÆRÃRÃ2ã3’ÄÖöFW&FRÄ6öÆBÄvöö@£#rÄfVÖÆRÃC’Ã"ã3bÄ†–v‚Äæ÷&ÖÂÄvöö@£#’ÄÖÆRÃsBÃã“"ÄÖöFW&FRÄ6öÆBÅö÷ £SBÄÖÆRÃcrÃ"ã#bÄÖöFW&FRÄæ÷&ÖÂÄvöö@£#BÄfVÖÆRÃc2Ã2ãƒrÄ†–v‚Ä†÷BÄvöö@£cRÄÖÆRÃsbÃ"ãRÄÆ÷rÄ6öÆBÅö÷ £#2ÄÖÆRÃSÃãrÄ†–v‚Ä6öÆBÄvöö@£C"ÄfVÖÆRÃC‚Ã2ãcBÄ†–v‚Ä†÷BÄvöö@£S’ÄÖÆRÃRÃ"ã“rÄÆ÷rÄæ÷&ÖÂÅö÷ £SBÄfVÖÆRÃS‚ÃãRÄÆ÷rÄ6öÆBÅö÷ £c‚ÄfVÖÆRÃSÃãƒ"Ä†–v‚Ä6öÆBÄvöö@£cÄfVÖÆRÃs"Ããƒ‚ÄÖöFW&FRÄ6öÆBÅö÷ £S"ÄfVÖÆRÃ“rÃ2ãCrÄÆ÷rÄ†÷BÄvöö@£cÄÖÆRÃs"Ã2ã#’Ä†–v‚Ä†÷BÄvöö@£#ÄÖÆRÃsÃ"ãSrÄ†–v‚Ä6öÆBÄvöö@£3"ÄÖÆRÃƒ2ÃBãSÄ†–v‚Ä†÷BÄvöö@£CBÄÖÆRÃs’Ã2ãS2Ä†–v‚Äæ÷&ÖÂÄvöö@£c’ÄfVÖÆRÃƒRÃ2ãSÄ†–v‚Ä†÷BÄvöö@£3rÄfVÖÆRÃƒÃ2ãÄÖöFW&FRÄæ÷&ÖÂÄvöö@£#2ÄÖÆRÃc‚ÃãsRÄÖöFW&FRÄ6öÆBÅö÷ £3rÄÖÆRÃcBÃ"ãrÄÖöFW&FRÄ6öÆBÄvöö@£S‚ÄfVÖÆRÃƒBÃ"ãS"ÄÆ÷rÄæ÷&ÖÂÄvöö@£crÄfVÖÆRÃs’Ã2ã‚ÄÆ÷rÄ†÷BÄvöö@£c"ÄÖÆRÃƒ"Ã"ãs’ÄÖöFW&FRÄæ÷&ÖÂÄvöö@£SBÄfVÖÆRÃsÃãRÄÆ÷rÄ6öÆBÅö÷ £#bÄfVÖÆRÃCrÃãRÄÖöFW&FRÄæ÷&ÖÂÄvöö@£S2ÄfVÖÆRÃsBÃãRÄÆ÷rÄ6öÆBÅö÷ £32ÄfVÖÆRÃs2Ã"ãÄÖöFW&FRÄ6öÆBÅö÷ £#rÄÖÆRÃc‚Ã2ãBÄÆ÷rÄ†÷BÄvöö@£SBÄÖÆRÃ“Ã2ã3rÄÖöFW&FRÄ†÷BÄvöö@£cRÄfVÖÆRÃc’Ã"ã32ÄÆ÷rÄ†÷BÄvöö@£SÄfVÖÆRÃ’Ã2ãƒBÄÖöFW&FRÄ†÷BÄvöö@£CbÄÖÆRÃsbÃ"ã#"ÄÆ÷rÄæ÷&ÖÂÅö÷ £c2ÄÖÆRÃRÃ2ãC‚ÄÆ÷rÄ†÷BÄvöö@£C2ÄfVÖÆRÃSbÃãRÄÆ÷rÄ6öÆBÅö÷ £#2ÄÖÆRÃƒÃ"ã“RÄ†–v‚Ä6öÆBÄvöö@£SBÄfVÖÆRÃ2ÃBãCbÄÖöFW&FRÄ†÷BÄvöö@£#ÄfVÖÆRÃ“bÃ2ãSrÄÖöFW&FRÄæ÷&ÖÂÄvöö@£3ÄfVÖÆRÃ“RÃ2ã3bÄ†–v‚Äæ÷&ÖÂÄvöö@£SÄÖÆRÃsÃ2ãSrÄ†–v‚Ä†÷BÄvöö@£#‚ÄfVÖÆRÃC’Ã"ãrÄÖöFW&FRÄ6öÆBÄvöö@£c’ÄÖÆRÃ“rÃ2ã#"ÄÖöFW&FRÄ6öÆBÄvöö@£3bÄfVÖÆRÃ’Ã2ãRÄÖöFW&FRÄ6öÆBÄvöö@£3bÄfVÖÆRÃ“"ÃBãÄ†–v‚Äæ÷&ÖÂÄvöö@£3RÄfVÖÆRÃƒ2Ã2ã"Ä†–v‚Äæ÷&ÖÂÄvöö@£cÄfVÖÆRÃ“RÃ2ã’Ä†–v‚Äæ÷&ÖÂÄvöö@£SÄfVÖÆRÃBÃBãs‚Ä†–v‚Ä†÷BÄvöö@£SÄfVÖÆRÃsÃ"ã‚Ä†–v‚Ä6öÆBÅö÷ £3ÄfVÖÆRÃƒrÃBã#‚ÄÖöFW&FRÄ†÷BÄvöö@£3rÄÖÆRÃs’Ã"ã3bÄÖöFW&FRÄ6öÆBÅö÷ £3BÄÖÆRÃCbÃãbÄÖöFW&FRÄ6öÆBÄvöö@£C2ÄfVÖÆRÃsbÃ2ãrÄÆ÷rÄ†÷BÄvöö@£CRÄÖÆRÃ“"Ã"ãSRÄÖöFW&FRÄ6öÆBÅö÷ £S"ÄÖÆRÃƒBÃãƒÄÆ÷rÄ6öÆBÅö÷ £#ÄfVÖÆRÃSRÃ"ãSBÄÖöFW&FRÄæ÷&ÖÂÄvöö@£CÄÖÆRÃƒrÃBãbÄÖöFW&FRÄ†÷BÄvöö@£C‚ÄÖÆRÃsÃBã"Ä†–v‚Ä†÷BÄvöö@£CrÄÖÆRÃÃ"ãƒÄÆ÷rÄ6öÆBÅö÷ £3bÄÖÆRÃ“‚Ã"ãƒ"ÄÖöFW&FRÄ6öÆBÅö÷ £CÄfVÖÆRÃsrÃ"ãsÄÆ÷rÄæ÷&ÖÂÄvöö@£#‚ÄfVÖÆRÃc"Ãã“bÄÆ÷rÄæ÷&ÖÂÄvöö@£#ÄÖÆRÃƒÃ2ã3RÄÖöFW&FRÄæ÷&ÖÂÄvöö@£crÄÖÆRÃsrÃBã"Ä†–v‚Ä†÷BÄvöö@£cRÄÖÆRÃƒÃã“2ÄÖöFW&FRÄ6öÆBÅö÷ £crÄÖÆRÃRÃ2ãc2ÄÖöFW&FRÄ†÷BÄvöö@£SBÄfVÖÆRÃƒ"Ã"ãƒRÄ†–v‚Ä6öÆBÄvöö@£3"ÄfVÖÆRÃƒÃ"ã“2ÄÆ÷rÄæ÷&ÖÂÄvöö@£‚ÄÖÆRÃs2Ã"ãSRÄÖöFW&FRÄæ÷&ÖÂÄvöö@£SÄÖÆRÃSÃ"ã#rÄ†–v‚Äæ÷&ÖÂÄvöö@£SRÄfVÖÆRÃS"ÃãRÄÆ÷rÄæ÷&ÖÂÅö÷ £3"ÄÖÆRÃ“‚ÃBãSÄÖöFW&FRÄ†÷BÄvöö@£C’ÄfVÖÆRÃsÃ"ã3"Ä†–v‚Ä6öÆBÄvöö@£#‚ÄfVÖÆRÃcrÃãsbÄÆ÷rÄ6öÆBÅö÷ £3BÄfVÖÆRÃCbÃ"ãS"Ä†–v‚Äæ÷&ÖÂÄvöö@£#ÄfVÖÆRÃSbÃãƒBÄÆ÷rÄ6öÆBÄvöö@£S’ÄÖÆRÃƒbÃ"ã‚ÄÖöFW&FRÄ6öÆBÄvöö@£crÄÖÆRÃSÃãRÄÖöFW&FRÄ6öÆBÅö÷ £c2ÄÖÆRÃcbÃãRÄÆ÷rÄ6öÆBÅö÷ £3rÄfVÖÆRÃC’Ã"ã#‚ÄÖöFW&FRÄ†÷BÄvöö@£#ÄÖÆRÃ"Ã2ãs"Ä†–v‚Ä6öÆBÄvöö@£#ÄÖÆRÃ‚Ã2ãÄÆ÷rÄ6öÆBÅö÷ £3’ÄÖÆRÃƒbÃ2ã3Ä†–v‚Ä6öÆBÄvöö@£S"ÄÖÆRÃc2Ã"ãƒÄÖöFW&FRÄ†÷BÄvöö@£3"ÄfVÖÆRÃsRÃ"ãS2ÄÆ÷rÄ†÷BÄvöö@£#bÄfVÖÆRÃcRÃ2ãS’ÄÖöFW&FRÄ†÷BÄvöö@£‚ÄfVÖÆRÃs‚ÃBã"Ä†–v‚Ä†÷BÄvöö@£32ÄfVÖÆRÃƒRÃ2ã#BÄ†–v‚Ä6öÆBÄvöö@£‚ÄÖÆRÃcbÃ"ãBÄÖöFW&FRÄ6öÆBÄvöö@£3’ÄfVÖÆRÃRÃ2ãƒBÄÆ÷rÄ†÷BÄvöö@£’ÄÖÆRÃƒ’Ã"ãƒ"ÄÖöFW&FRÄ6öÆBÄvöö@£#"ÄÖÆRÃ‚Ã2ã3bÄÖöFW&FRÄ6öÆBÄvöö@£#‚ÄfVÖÆRÃs"Ã"ãC2ÄÆ÷rÄ†÷BÄvöö@£cÄÖÆRÃs2Ã"ã"ÄÆ÷rÄ†÷BÅö÷ £S"ÄfVÖÆRÃS"Ã"ãsBÄ†–v‚Ä†÷BÄvöö@£#"ÄfVÖÆRÃcÃ"ãs’ÄÖöFW&FRÄ†÷BÄvöö@£3ÄÖÆRÃS"Ã"ãS2ÄÆ÷rÄ†÷BÄvöö@£#"ÄÖÆRÃS2ÃãsÄÆ÷rÄ6öÆBÄvöö@£#BÄÖÆRÃsBÃ"ãCBÄÖöFW&FRÄæ÷&ÖÂÄvöö@£cÄÖÆRÃ’Ã2ãƒbÄ†–v‚Ä6öÆBÄvöö@£cBÄÖÆRÃsRÃãRÄÆ÷rÄ6öÆBÅö÷ £#‚ÄfVÖÆRÃS2ÃãRÄÆ÷rÄ6öÆBÅö÷ £cBÄÖÆRÃRÃ2ãs‚ÄÖöFW&FRÄ†÷BÄvöö@£SÄÖÆRÃSÃãƒ"ÄÆ÷rÄ†÷BÄvöö@£3ÄfVÖÆRÃƒÃ2ãRÄ†–v‚Äæ÷&ÖÂÄvöö@£C2ÄfVÖÆRÃcÃ"ã3rÄ†–v‚Ä6öÆBÄvöö@£S"ÄfVÖÆRÃc’Ã"ãS‚Ä†–v‚Äæ÷&ÖÂÄvöö@£#BÄÖÆRÃsRÃ2ãS’Ä†–v‚Äæ÷&ÖÂÄvöö@£cRÄfVÖÆRÃcÃ"ãSÄÖöFW&FRÄ†÷BÄvöö@£#2ÄÖÆRÃsrÃ"ãS‚ÄÖöFW&FRÄæ÷&ÖÂÄvöö@£S"ÄfVÖÆRÃ“2Ã2ã3BÄ†–v‚Äæ÷&ÖÂÄvöö@£S2ÄÖÆRÃ“‚ÃBãÄ†–v‚Ä†÷BÄvöö@£SÄÖÆRÃƒ‚Ã"ãSrÄÆ÷rÄæ÷&ÖÂÅö÷ £#rÄfVÖÆRÃƒ‚Ã2ãS’ÄÆ÷rÄ†÷BÄvöö@£S"ÄÖÆRÃ“RÃ2ãƒrÄ†–v‚Ä†÷BÄvöö@£3‚ÄfVÖÆRÃCRÃ2ãC’Ä†–v‚Ä†÷BÄvöö@£cRÄfVÖÆRÃ“Ã"ãS’ÄÆ÷rÄ6öÆBÅö÷ £C2ÄfVÖÆRÃ“BÃ2ãs2Ä†–v‚Ä6öÆBÄvöö@£‚ÄfVÖÆRÃrÃ2ãƒ2Ä†–v‚Äæ÷&ÖÂÄvöö@£SbÄÖÆRÃƒrÃ2ã#rÄÖöFW&FRÄæ÷&ÖÂÄvöö@£3"ÄfVÖÆRÃCRÃãRÄÖöFW&FRÄ6öÆBÄvöö@£C’ÄÖÆRÃC’ÃãRÄÆ÷rÄæ÷&ÖÂÄvöö@£3RÄfVÖÆRÃ“Ã2ã’Ä†–v‚Ä6öÆBÄvöö@£CRÄfVÖÆRÃƒRÃ"ã“RÄ†–v‚Ä6öÆBÄvöö@£C’ÄÖÆRÃ"Ã2ãs‚Ä†–v‚Äæ÷&ÖÂÄvöö@£3RÄfVÖÆRÃsrÃ"ã#rÄÖöFW&FRÄ6öÆBÅö÷ £C’ÄfVÖÆRÃ“BÃ2ã#ÄÆ÷rÄæ÷&ÖÂÄvöö@£3ÄfVÖÆRÃc2Ã"ã#BÄÖöFW&FRÄæ÷&ÖÂÄvöö@£CBÄÖÆRÃcÃ2ã2ÄÖöFW&FRÄ†÷BÄvöö@£cbÄfVÖÆRÃƒ‚Ã2ã#BÄ†–v‚Ä6öÆBÄvöö@£SÄÖÆRÃs"Ã"ã#BÄÖöFW&FRÄæ÷&ÖÂÄvöö@£SÄfVÖÆRÃ“‚Ã2ãƒ"ÄÖöFW&FRÄ†÷BÄvöö@£CRÄÖÆRÃcÃãRÄÆ÷rÄ6öÆBÅö÷ £3RÄÖÆRÃs"Ã"ã2ÄÖöFW&FRÄ6öÆBÄvöö@£32ÄfVÖÆRÃsrÃ2ãRÄ†–v‚Ä6öÆBÄvöö@£cBÄÖÆRÃƒ’Ã2ãbÄÆ÷rÄ†÷BÄvöö@£c’ÄÖÆRÃ‚ÃBãSrÄÖöFW&FRÄ†÷BÄvöö@£cRÄÖÆRÃSRÃã“BÄ†–v‚Ä6öÆBÄvöö@£C2ÄfVÖÆRÃCrÃ"ãƒÄ†–v‚Ä†÷BÄvöö@£’ÄÖÆRÃÃ2ãÄÖöFW&FRÄ6öÆBÄvöö@£#ÄÖÆRÃƒBÃ2ãÄ†–v‚Ä6öÆBÄvöö@£c‚ÄfVÖÆRÃCRÃ"ãRÄÆ÷rÄ†÷BÄvöö@£3BÄÖÆRÃC‚Ã"ãSBÄÖöFW&FRÄ†÷BÄvöö@£3rÄfVÖÆRÃ“2Ã2ãBÄÆ÷rÄ†÷BÄvöö@£S‚ÄfVÖÆRÃƒ2Ã2ãÄ†–v‚Ä6öÆBÄvöö@£3"ÄfVÖÆRÃs"Ãã“‚ÄÆ÷rÄ6öÆBÅö÷ £CRÄÖÆRÃsbÃ"ãS’ÄÖöFW&FRÄæ÷&ÖÂÄvöö@£SbÄÖÆRÃcÃ"ãcbÄ†–v‚Äæ÷&ÖÂÄvöö@£c’ÄÖÆRÃ“rÃ"ãƒ’ÄÖöFW&FRÄæ÷&ÖÂÅö÷ £3RÄÖÆRÃcBÃ"ãSÄÖöFW&FRÄ6öÆBÄvöö@£SbÄfVÖÆRÃSbÃ"ãÄÆ÷rÄ†÷BÄvöö@£3bÄfVÖÆRÃcÃ"ãÄÆ÷rÄæ÷&ÖÂÄvöö@£cbÄfVÖÆRÃCrÃãRÄÆ÷rÄ6öÆBÄvöö@£CÄÖÆRÃ“2ÃBãBÄ†–v‚Äæ÷&ÖÂÄvöö@£C"ÄÖÆRÃ“Ã2ãS’Ä†–v‚Äæ÷&ÖÂÄvöö@£3"ÄÖÆRÃsbÃBã3RÄ†–v‚Ä†÷BÄvöö@£#ÄÖÆRÃs2Ã"ãRÄÆ÷rÄæ÷&ÖÂÄvöö@£CÄfVÖÆRÃCrÃ"ã‚ÄÖöFW&FRÄ6öÆBÄvöö@£3‚ÄfVÖÆRÃƒ‚Ã2ãc‚Ä†–v‚Ä6öÆBÄvöö@£#"ÄfVÖÆRÃ“bÃBã"Ä†–v‚Äæ÷&ÖÂÄvöö@£’ÄÖÆRÃSbÃ"ã‚ÄÆ÷rÄ†÷BÄvöö@£#"ÄfVÖÆRÃÃBãRÄÖöFW&FRÄ†÷BÄvöö@£#RÄfVÖÆRÃc"Ã"ã“‚ÄÖöFW&FRÄ†÷BÄvöö@£cÄfVÖÆRÃcbÃ"ãSbÄÆ÷rÄ†÷BÄvöö@£3‚ÄÖÆRÃrÃBãc"Ä†–v‚Ä†÷BÄvöö@£‚ÄÖÆRÃs2Ã"ãBÄÆ÷rÄ†÷BÄvöö@£‚ÄÖÆRÃcRÃ"ãS‚Ä†–v‚Äæ÷&ÖÂÄvöö@£3RÄfVÖÆRÃ“bÃBãbÄÆ÷rÄ†÷BÄvöö@£c‚ÄfVÖÆRÃbÃ2ãCbÄÖöFW&FRÄ6öÆBÄvöö@£#2ÄÖÆRÃ“’Ã2ã‚Ä†–v‚Äæ÷&ÖÂÄvöö@£#‚ÄfVÖÆRÃcÃ"ãsRÄ†–v‚Ä6öÆBÄvöö@£CBÄÖÆRÃcbÃ"ã3bÄ†–v‚Ä6öÆBÄvöö@£c‚ÄÖÆRÃcRÃã“RÄ†–v‚Ä6öÆBÄvöö@£C"ÄÖÆRÃƒÃ"ãRÄÆ÷rÄæ÷&ÖÂÄvöö@£SbÄfVÖÆRÃcBÃ"ã’ÄÆ÷rÄ†÷BÄvöö@£cÄÖÆRÃcRÃ"ã‚ÄÖöFW&FRÄæ÷&ÖÂÄvöö@£CbÄfVÖÆRÃCrÃãRÄÆ÷rÄ6öÆBÄvöö@£S‚ÄÖÆRÃƒRÃ2ãRÄ†–v‚Ä†÷BÄvöö@£c2ÄfVÖÆRÃcÃãs’ÄÖöFW&FRÄæ÷&ÖÂÅö÷ £cBÄÖÆRÃs"Ããc2ÄÆ÷rÄæ÷&ÖÂÅö÷ £cÄfVÖÆRÃSRÃ"ãÄÖöFW&FRÄ6öÆBÄvöö@£#’ÄfVÖÆRÃÃ2ãSbÄ†–v‚Äæ÷&ÖÂÄvöö@£S"ÄfVÖÆRÃ“bÃ"ã3RÄÆ÷rÄæ÷&ÖÂÅö÷ £c’ÄfVÖÆRÃCbÃãƒbÄÖöFW&FRÄæ÷&ÖÂÄvöö@£3‚ÄÖÆRÃrÃRã3RÄ†–v‚Ä†÷BÄvöö@£SbÄÖÆRÃƒÃã“"ÄÆ÷rÄæ÷&ÖÂÅö÷ £S’ÄÖÆRÃƒrÃãƒrÄÆ÷rÄ6öÆBÅö÷ £C2ÄfVÖÆRÃ“BÃ"ã“bÄÆ÷rÄ6öÆBÄvöö@£c’ÄfVÖÆRÃCrÃ"ãRÄÖöFW&FRÄæ÷&ÖÂÄvöö@£c‚ÄÖÆRÃsbÃ2ã2ÄÖöFW&FRÄ†÷BÄvöö@£#"ÄÖÆRÃƒrÃ"ã3ÄÆ÷rÄæ÷&ÖÂÅö÷ £C‚ÄfVÖÆRÃcbÃ"ã3"Ä†–v‚Ä6öÆBÄvöö@£c’ÄfVÖÆRÃ“Ã2ãSRÄÖöFW&FRÄ†÷BÄvöö@£3’ÄÖÆRÃ“2Ã2ãRÄÖöFW&FRÄæ÷&ÖÂÄvöö@£C‚ÄÖÆRÃ2Ã2ãƒÄÆ÷rÄ†÷BÄvöö@£#’ÄÖÆRÃƒrÃ"ãC"ÄÆ÷rÄ6öÆBÅö÷ £#rÄfVÖÆRÃC’Ã"ãS"ÄÖöFW&FRÄ†÷BÄvöö@£3"ÄÖÆRÃCbÃ"ã‚ÄÆ÷rÄ†÷BÄvöö@£#RÄfVÖÆRÃcÃ2ã#’Ä†–v‚Äæ÷&ÖÂÄvöö@£3rÄfVÖÆRÃc‚Ã"ãs’Ä†–v‚Ä6öÆBÄvöö@£3BÄfVÖÆRÃBÃBãSÄ†–v‚Ä†÷BÄvöö@£3ÄfVÖÆRÃ“‚Ã2ãÄÆ÷rÄæ÷&ÖÂÄvöö@£SÄfVÖÆRÃ’ÃBãÄ†–v‚Äæ÷&ÖÂÄvöö@£3rÄÖÆRÃSÃãƒRÄÖöFW&FRÄæ÷&ÖÂÄvöö@£c‚ÄfVÖÆRÃCrÃ"ã#BÄÖöFW&FRÄ†÷BÄvöö@£3ÄÖÆRÃsBÃ"ã‚ÄÆ÷rÄ6öÆBÅö÷ £C"ÄÖÆRÃC’Ãã“ÄÖöFW&FRÄ6öÆBÄvöö@£S’ÄfVÖÆRÃS2Ããƒ‚ÄÖöFW&FRÄ6öÆBÄvöö@£S‚ÄÖÆRÃƒÃ"ãrÄÆ÷rÄ6öÆBÅö÷ £3‚ÄfVÖÆRÃ“BÃ2ã“’Ä†–v‚Äæ÷&ÖÂÄvöö@£#BÄÖÆRÃ“2Ã2ãSRÄÆ÷rÄ†÷BÄvöö@£#‚ÄÖÆRÃSÃ2ã3rÄ†–v‚Ä†÷BÄvöö@£3ÄfVÖÆRÃcÃ2ãƒ‚Ä†–v‚Ä†÷BÄvöö@£CrÄfVÖÆRÃsbÃ2ã’ÄÖöFW&FRÄ†÷BÄvöö@£#BÄÖÆRÃcÃ2ãƒRÄ†–v‚Ä†÷BÄvöö@£3ÄÖÆRÃƒ’ÃBãs2Ä†–v‚Ä†÷BÄvöö@£cBÄÖÆRÃsrÃ2ã#bÄÖöFW&FRÄ†÷BÄvöö@£CÄÖÆRÃs’ÃBã3BÄ†–v‚Ä†÷BÄvöö@£CÄÖÆRÃBÃ2ãcrÄ†–v‚Äæ÷&ÖÂÄvöö@£3RÄfVÖÆRÃ"Ã"ãcBÄÆ÷rÄ6öÆBÅö÷ £#ÄfVÖÆRÃƒbÃ"ãc"ÄÖöFW&FRÄæ÷&ÖÂÄvöö@£S‚ÄfVÖÆRÃ’Ã"ãs‚ÄÆ÷rÄæ÷&ÖÂÅö÷ £CBÄfVÖÆRÃsRÃ2ãcbÄ†–v‚Ä†÷BÄvöö@£SrÄfVÖÆRÃ“RÃ"ãS’ÄÆ÷rÄ6öÆBÅö÷ £SRÄfVÖÆRÃƒÃ2ã2ÄÖöFW&FRÄ†÷BÄvöö@£S‚ÄfVÖÆRÃÃ2ãs’ÄÆ÷rÄ†÷BÄvöö@£C2ÄÖÆRÃ“RÃ2ã’ÄÆ÷rÄ†÷BÄvöö@£SRÄÖÆRÃ2Ã2ã"ÄÆ÷rÄæ÷&ÖÂÄvöö@£3"ÄÖÆRÃCbÃãRÄÖöFW&FRÄ6öÆBÄvöö@£SrÄfVÖÆRÃƒrÃ"ã‚ÄÆ÷rÄæ÷&ÖÂÄvöö@£#"ÄÖÆRÃÃ2ãƒ‚Ä†–v‚Äæ÷&ÖÂÄvöö@£#’ÄÖÆRÃ“RÃ2ã3BÄÖöFW&FRÄ6öÆBÄvöö@£CRÄfVÖÆRÃs2Ã"ãcrÄÆ÷rÄæ÷&ÖÂÄvöö@£cÄÖÆRÃSrÃ"ãrÄÖöFW&FRÄ6öÆBÄvöö@£SÄÖÆRÃ“Ã2ãc‚ÄÖöFW&FRÄ†÷BÄvöö@£cRÄfVÖÆRÃƒÃBãÄ†–v‚Ä†÷BÄvöö@£#ÄÖÆRÃƒ‚Ã"ã“RÄÖöFW&FRÄæ÷&ÖÂÄvöö@£#ÄfVÖÆRÃrÃ"ãsÄÆ÷rÄæ÷&ÖÂÅö÷ £S2ÄÖÆRÃRÃ2ãcRÄÖöFW&FRÄæ÷&ÖÂÄvöö@£c’ÄfVÖÆRÃsRÃ"ãCBÄÆ÷rÄ†÷BÄvöö@£cbÄfVÖÆRÃ“Ã2ãs‚Ä†–v‚Ä†÷BÄvöö@£#‚ÄÖÆRÃ’Ã2ã‚ÄÆ÷rÄ†÷BÄvöö@£c’ÄÖÆRÃs"Ã2ã#‚Ä†–v‚Äæ÷&ÖÂÄvöö@£#rÄfVÖÆRÃS2ÃãRÄÆ÷rÄ6öÆBÅö÷ £C‚ÄfVÖÆRÃCrÃãRÄÆ÷rÄ6öÆBÄvöö@£SÄÖÆRÃ“BÃ2ãbÄÆ÷rÄ†÷BÄvöö@£CrÄfVÖÆRÃcbÃ"ãc’Ä†–v‚Äæ÷&ÖÂÄvöö@£#bÄÖÆRÃcbÃ"ãsbÄ†–v‚Äæ÷&ÖÂÄvöö@£SÄÖÆRÃS2Ãã“RÄÖöFW&FRÄ6öÆBÄvöö@£S2ÄfVÖÆRÃc2ÃãRÄÖöFW&FRÄ6öÆBÅö÷ £c"ÄÖÆRÃsrÃãRÄÆ÷rÄ6öÆBÅö÷ £C2ÄfVÖÆRÃs‚Ã"ãs"ÄÆ÷rÄ†÷BÄvöö@£32ÄfVÖÆRÃSÃã“’Ä†–v‚Ä6öÆBÄvöö@£3rÄfVÖÆRÃƒÃ"ãbÄÖöFW&FRÄ6öÆBÅö÷ £#2ÄfVÖÆRÃƒ’Ã2ãbÄ†–v‚Äæ÷&ÖÂÄvöö@£cRÄÖÆRÃC‚ÃãRÄÆ÷rÄ6öÆBÄvöö@£3rÄfVÖÆRÃs"Ã2ã3RÄÆ÷rÄ†÷BÄvöö@£3‚ÄÖÆRÃƒbÃ2ãƒ"Ä†–v‚Ä†÷BÄvöö@£crÄÖÆRÃCrÃã“‚ÄÖöFW&FRÄæ÷&ÖÂÄvöö@£cÄfVÖÆRÃC’Ã"ã#‚Ä†–v‚Äæ÷&ÖÂÄvöö@£S"ÄÖÆRÃ’Ã2ã“bÄÖöFW&FRÄ†÷BÄvöö@£CÄfVÖÆRÃc"Ã"ãƒ‚ÄÆ÷rÄ†÷BÄvöö@£S2ÄÖÆRÃCRÃãRÄÆ÷rÄæ÷&ÖÂÄvöö@£S‚ÄfVÖÆRÃcbÃ"ã’Ä†–v‚Äæ÷&ÖÂÄvöö@£S‚ÄÖÆRÃƒ’Ã"ãC‚ÄÖöFW&FRÄ6öÆBÅö÷ £CÄfVÖÆRÃSbÃ"ã#BÄÖöFW&FRÄæ÷&ÖÂÄvöö@£C’ÄfVÖÆRÃbÃBã"ÄÆ÷rÄ†÷BÄvöö@£cÄÖÆRÃs2Ã"ãC2ÄÖöFW&FRÄ6öÆBÄvöö@£S2ÄÖÆRÃSrÃãRÄÖöFW&FRÄ6öÆBÅö÷ £#‚ÄfVÖÆRÃs"Ã2ãS2ÄÖöFW&FRÄ†÷BÄvöö@£S2ÄÖÆRÃc"Ã"ã’Ä†–v‚Äæ÷&ÖÂÄvöö@£’ÄfVÖÆRÃ“Ã"ãsÄÖöFW&FRÄæ÷&ÖÂÄvöö@£S"ÄÖÆRÃsrÃ2ãcÄÖöFW&FRÄ†÷BÄvöö@£CrÄÖÆRÃcbÃã‚ÄÆ÷rÄæ÷&ÖÂÅö÷ £C"ÄfVÖÆRÃ“Ã2ãƒ"Ä†–v‚Ä6öÆBÄvöö@£crÄfVÖÆRÃs‚Ã2ãRÄ†–v‚Äæ÷&ÖÂÄvöö@£#ÄfVÖÆRÃS2ÃãRÄÆ÷rÄ6öÆBÅö÷ £C"ÄfVÖÆRÃc’Ã2ãÄ†–v‚Ä6öÆBÄvöö@£3"ÄfVÖÆRÃƒRÃ2ã“BÄÖöFW&FRÄ†÷BÄvöö@£C’ÄfVÖÆRÃsrÃ"ãCrÄÆ÷rÄæ÷&ÖÂÄvöö@£‚ÄÖÆRÃBÃBãrÄ†–v‚Äæ÷&ÖÂÄvöö@£cÄÖÆRÃ“"Ã"ã3ÄÆ÷rÄæ÷&ÖÂÅö÷ £C"ÄfVÖÆRÃc’Ã"ãÄÖöFW&FRÄ6öÆBÅö÷ £3ÄÖÆRÃSbÃ2ã3‚ÄÖöFW&FRÄ†÷BÄvöö@£CRÄfVÖÆRÃrÃBãC’Ä†–v‚Äæ÷&ÖÂÄvöö@£c’ÄÖÆRÃs"Ã"ã3"ÄÖöFW&FRÄ6öÆBÄvöö@£CÄÖÆRÃƒbÃ2ãCÄÖöFW&FRÄæ÷&ÖÂÄvöö@£SRÄfVÖÆRÃC’Ã"ãcÄ†–v‚Äæ÷&ÖÂÄvöö@£S"ÄÖÆRÃ“"Ã"ãbÄÖöFW&FRÄæ÷&ÖÂÅö÷ £C2ÄfVÖÆRÃƒrÃ2ãCBÄ†–v‚Äæ÷&ÖÂÄvöö@£CÄÖÆRÃc"ÃBã"Ä†–v‚Ä†÷BÄvöö@£crÄÖÆRÃcRÃ"ãRÄÆ÷rÄ†÷BÄvöö@£SrÄfVÖÆRÃsBÃ"ãcbÄ†–v‚Ä6öÆBÄvöö@£c"ÄfVÖÆRÃc’Ããs’ÄÖöFW&FRÄæ÷&ÖÂÅö÷ £3’ÄfVÖÆRÃÃ2ãƒÄÆ÷rÄ†÷BÄvöö@£CrÄfVÖÆRÃcÃ"ã2ÄÆ÷rÄ6öÆBÄvöö@£crÄÖÆRÃC’Ããƒ2Ä†–v‚Äæ÷&ÖÂÄvöö@£SbÄfVÖÆRÃƒ’Ã"ãƒ‚ÄÆ÷rÄ†÷BÄvöö@£S"ÄÖÆRÃ2Ã"ãsÄÆ÷rÄæ÷&ÖÂÅö÷ £#RÄfVÖÆRÃsBÃ"ã#ÄÆ÷rÄæ÷&ÖÂÅö÷ £c‚ÄÖÆRÃc‚Ã"ãSBÄ†–v‚Äæ÷&ÖÂÄvöö@£3rÄÖÆRÃ“2ÃBãCRÄ†–v‚Ä†÷BÄvöö@£CbÄÖÆRÃSBÃãSbÄÆ÷rÄ6öÆBÅö÷ £cÄÖÆRÃrÃ2ãbÄ†–v‚Äæ÷&ÖÂÄvöö@£32ÄfVÖÆRÃsbÃ"ã“BÄÖöFW&FRÄæ÷&ÖÂÄvöö@£3ÄÖÆRÃcbÃ"ã’Ä†–v‚Äæ÷&ÖÂÄvöö@£C2ÄfVÖÆRÃ“2Ã"ãc"ÄÆ÷rÄæ÷&ÖÂÅö÷ £3’ÄfVÖÆRÃƒbÃ"ãCBÄÆ÷rÄæ÷&ÖÂÅö÷ £3ÄfVÖÆRÃ‚ÃBãÄÆ÷rÄ†÷BÄvöö@£CrÄÖÆRÃSrÃãRÄÆ÷rÄæ÷&ÖÂÅö÷ £C’ÄfVÖÆRÃ“Ã"ã“RÄÆ÷rÄ†÷BÄvöö@£CÄfVÖÆRÃs‚Ã2ãCBÄ†–v‚Ä6öÆBÄvöö@£#’ÄÖÆRÃs"Ã"ãrÄÖöFW&FRÄ6öÆBÅö÷ £SÄfVÖÆRÃs‚Ãã“BÄÖöFW&FRÄ6öÆBÅö÷ £#BÄfVÖÆRÃsÃ2ãC"ÄÖöFW&FRÄ†÷BÄvöö@£S"ÄÖÆRÃcÃãRÄÆ÷rÄæ÷&ÖÂÅö÷ £#ÄfVÖÆRÃCRÃ"ãSbÄ†–v‚Äæ÷&ÖÂÄvöö@£#BÄÖÆRÃ‚Ã2ã2ÄÖöFW&FRÄ6öÆBÅö÷ £CÄÖÆRÃ“’ÃBãcÄ†–v‚Ä†÷BÄvöö@£S‚ÄÖÆRÃsbÃ"ãrÄÖöFW&FRÄ6öÆBÅö÷ £S’ÄÖÆRÃS2Ã"ã“"ÄÖöFW&FRÄ†÷BÄvöö@£CÄfVÖÆRÃc2Ãã“BÄÆ÷rÄæ÷&ÖÂÄvöö@£’ÄÖÆRÃSBÃãSrÄÆ÷rÄ6öÆBÅö÷ £#2ÄfVÖÆRÃbÃ2ã“ÄÖöFW&FRÄ†÷BÄvöö@£#ÄÖÆRÃ2Ã2ãBÄÖöFW&FRÄ6öÆBÅö÷ £S2ÄÖÆRÃS"ÃãRÄÆ÷rÄ†÷BÅö÷ £3BÄÖÆRÃ2Ã2ãS‚ÄÆ÷rÄ†÷BÄvöö@£SrÄÖÆRÃS"Ããƒ’ÄÖöFW&FRÄæ÷&ÖÂÄvöö@£3ÄfVÖÆRÃƒrÃ"ãƒ"ÄÆ÷rÄæ÷&ÖÂÄvöö@£3BÄÖÆRÃSbÃ"ãS2Ä†–v‚Äæ÷&ÖÂÄvöö@£cbÄÖÆRÃ“bÃ"ã‚ÄÆ÷rÄæ÷&ÖÂÅö÷ £#bÄfVÖÆRÃƒÃ"ãSRÄÆ÷rÄ6öÆBÄvöö@£3rÄfVÖÆRÃs2Ã2ãrÄ†–v‚Äæ÷&ÖÂÄvöö@£S‚ÄÖÆRÃs"Ã"ã#ÄÖöFW&FRÄ6öÆBÄvöö@£CÄfVÖÆRÃcÃãs’ÄÖöFW&FRÄ6öÆBÅö÷ £3BÄfVÖÆRÃCRÃãRÄÆ÷rÄ6öÆBÄvöö@£#’ÄÖÆRÃcBÃãS"ÄÆ÷rÄæ÷&ÖÂÅö÷ £3"ÄÖÆRÃc’Ãã’ÄÖöFW&FRÄ6öÆBÅö÷ £c‚ÄfVÖÆRÃ“ÃBã3bÄ†–v‚Ä†÷BÄvöö@£3RÄfVÖÆRÃ‚Ã2ãC2ÄÆ÷rÄ6öÆBÄvöö@£3"ÄÖÆRÃCbÃãRÄÆ÷rÄæ÷&ÖÂÄvöö@£S2ÄÖÆRÃc’Ããƒ’ÄÖöFW&FRÄæ÷&ÖÂÅö÷ £CRÄfVÖÆRÃS’Ã2ãBÄÖöFW&FRÄ†÷BÄvöö@£SRÄÖÆRÃcrÃ"ãƒrÄÆ÷rÄ†÷BÄvöö@£C’ÄfVÖÆRÃƒ‚Ã"ãc‚ÄÆ÷rÄæ÷&ÖÂÄvöö@£c’ÄfVÖÆRÃ"Ã"ãc’ÄÖöFW&FRÄ6öÆBÅö÷ £c‚ÄfVÖÆRÃbÃ2ãRÄÆ÷rÄ6öÆBÅö÷ £C‚ÄfVÖÆRÃ2ÃBãCÄ†–v‚Äæ÷&ÖÂÄvöö@£3bÄÖÆRÃcÃ"ãCÄÖöFW&FRÄ6öÆBÄvöö@£#ÄfVÖÆRÃ2ÃBãbÄÖöFW&FRÄæ÷&ÖÂÄvöö@£cBÄfVÖÆRÃSÃ"ã#‚Ä†–v‚Äæ÷&ÖÂÄvöö@£SBÄfVÖÆRÃSbÃãRÄÆ÷rÄ6öÆBÅö÷ £3"ÄÖÆRÃƒÃ"ã“bÄ†–v‚Ä6öÆBÄvöö@£SÄÖÆRÃsRÃ"ãCÄÆ÷rÄ6öÆBÄvöö@£3ÄÖÆRÃC’ÃãSRÄÆ÷rÄ6öÆBÄvöö@£C’ÄÖÆRÃ“rÃBãÄ†–v‚Äæ÷&ÖÂÄvöö@£c"ÄfVÖÆRÃcRÃ"ã#rÄÖöFW&FRÄæ÷&ÖÂÄvöö@£SÄÖÆRÃƒRÃ"ã32ÄÆ÷rÄ6öÆBÅö÷ £SÄÖÆRÃS"ÃãRÄÆ÷rÄ6öÆBÅö÷ £SÄÖÆRÃs2Ã2ã’Ä†–v‚Äæ÷&ÖÂÄvöö@£CrÄÖÆRÃRÃBã#ÄÆ÷rÄ†÷BÄvöö@£crÄÖÆRÃ“’Ã"ã“‚ÄÖöFW&FRÄæ÷&ÖÂÄvöö@£cÄÖÆRÃsÃ"ã’ÄÆ÷rÄ†÷BÄvöö@£SRÄfVÖÆRÃCbÃãƒ2Ä†–v‚Äæ÷&ÖÂÄvöö@£3RÄfVÖÆRÃ“BÃBãs2Ä†–v‚Ä†÷BÄvöö@£3"ÄÖÆRÃSÃ"ãƒ‚Ä†–v‚Äæ÷&ÖÂÄvöö@£CBÄÖÆRÃƒBÃ"ã3rÄÖöFW&FRÄ6öÆBÅö÷ £32ÄfVÖÆRÃrÃ"ãƒRÄÆ÷rÄ6öÆBÅö÷ £3ÄfVÖÆRÃBÃRãrÄ†–v‚Ä†÷BÄvöö@£3RÄfVÖÆRÃ“bÃ2ãÄÆ÷rÄæ÷&ÖÂÄvöö@£cbÄfVÖÆRÃ“2Ã2ãcbÄÖöFW&FRÄ†÷BÄvöö@£c‚ÄfVÖÆRÃƒrÃ2ãRÄ†–v‚Ä6öÆBÄvöö@£#BÄfVÖÆRÃS2Ã"ãƒBÄ†–v‚Ä†÷BÄvöö@£C2ÄÖÆRÃCbÃ"ãCÄÖöFW&FRÄ†÷BÄvöö@£3‚ÄfVÖÆRÃS2Ã"ãS’ÄÆ÷rÄ†÷BÄvöö@£c‚ÄÖÆRÃƒÃ"ã“Ä†–v‚Ä6öÆBÄvöö@£SrÄfVÖÆRÃÃ2ãSÄ†–v‚Äæ÷&ÖÂÄvöö@£C2ÄfVÖÆRÃ“Ã"ã#RÄÆ÷rÄ6öÆBÅö÷ £c’ÄÖÆRÃsbÃ2ã2Ä†–v‚Ä6öÆBÄvöö@£cBÄfVÖÆRÃRÃBãSrÄ†–v‚Ä†÷BÄvöö@£’ÄÖÆRÃcrÃ"ãs2Ä†–v‚Äæ÷&ÖÂÄvöö@£#ÄfVÖÆRÃƒÃ2ãcBÄ†–v‚Ä†÷BÄvöö@£S2ÄÖÆRÃS’Ã"ã#rÄÆ÷rÄ†÷BÄvöö@£cRÄÖÆRÃsBÃ"ã3‚ÄÆ÷rÄæ÷&ÖÂÄvöö@£CÄfVÖÆRÃsrÃ"ã#‚ÄÆ÷rÄæ÷&ÖÂÅö÷ £#ÄfVÖÆRÃS2Ã"ãÄÆ÷rÄ†÷BÄvöö@£3ÄÖÆRÃƒ’Ã2ãÄ†–v‚Ä6öÆBÄvöö@£3‚ÄfVÖÆRÃcrÃBã#Ä†–v‚Ä†÷BÄvöö@£C"ÄÖÆRÃsBÃ"ãc"ÄÖöFW&FRÄ6öÆBÄvöö@£CÄÖÆRÃ‚Ã2ã“rÄÖöFW&FRÄæ÷&ÖÂÄvöö@£SbÄÖÆRÃ“’Ã2ã3Ä†–v‚Äæ÷&ÖÂÄvöö@£SbÄÖÆRÃcBÃãRÄÆ÷rÄ6öÆBÅö÷ £C’ÄfVÖÆRÃS’Ã2ãÄ†–v‚Äæ÷&ÖÂÄvöö@£3"ÄfVÖÆRÃs‚Ã2ãSRÄ†–v‚Äæ÷&ÖÂÄvöö@£#"ÄfVÖÆRÃÃ2ã#ÄÆ÷rÄ†÷BÄvöö@£c2ÄfVÖÆRÃƒ‚Ã2ãCrÄ†–v‚Äæ÷&ÖÂÄvöö@£S’ÄÖÆRÃc"Ã"ãSÄÖöFW&FRÄ†÷BÄvöö@£#ÄÖÆRÃS‚Ã"ãBÄ†–v‚Äæ÷&ÖÂÄvöö@£SÄÖÆRÃ“rÃBãƒRÄ†–v‚Ä†÷BÄvöö@£’ÄfVÖÆRÃS’Ã"ã’ÄÆ÷rÄ†÷BÄvöö@£S"ÄfVÖÆRÃƒ’Ã"ã"ÄÖöFW&FRÄ6öÆBÅö÷ £c2ÄÖÆRÃCrÃãRÄÆ÷rÄæ÷&ÖÂÄvöö@£S‚ÄÖÆRÃcBÃã’ÄÖöFW&FRÄ6öÆBÅö÷ £3"ÄfVÖÆRÃÃ2ã"ÄÆ÷rÄ6öÆBÄvöö@£CÄfVÖÆRÃcBÃ"ãS2Ä†–v‚Ä6öÆBÄvöö@£3"ÄfVÖÆRÃSÃ"ãS‚ÄÆ÷rÄ†÷BÄvöö@£cbÄÖÆRÃc‚Ã"ãÄ†–v‚Ä6öÆBÅö÷ £3RÄÖÆRÃs’Ã2ãÄÖöFW&FRÄ6öÆBÄvöö@£CRÄfVÖÆRÃƒÃ"ãsbÄÖöFW&FRÄ6öÆBÄvöö@£SÄÖÆRÃƒÃ"ãbÄÖöFW&FRÄæ÷&ÖÂÄvöö@£cRÄÖÆRÃƒrÃ2ã“ÄÖöFW&FRÄ†÷BÄvöö@£cBÄfVÖÆRÃSrÃ"ã#BÄ†–v‚Ä6öÆBÄvöö@£cÄfVÖÆRÃs’Ã"ãRÄÖöFW&FRÄ6öÆBÄvöö@£3‚ÄÖÆRÃ“rÃ2ã‚Ä†–v‚Ä6öÆBÄvöö@£3bÄfVÖÆRÃƒ‚Ã"ã“’ÄÆ÷rÄ†÷BÄvöö@£c"ÄfVÖÆRÃsbÃãRÄÆ÷rÄ6öÆBÅö÷ £SrÄfVÖÆRÃSÃãRÄÆ÷rÄæ÷&ÖÂÄvöö@£3bÄÖÆRÃS’ÃãRÄÆ÷rÄ6öÆBÅö÷ £3rÄÖÆRÃ2Ã2ãrÄÆ÷rÄæ÷&ÖÂÅö÷ £#rÄfVÖÆRÃƒBÃ"ãCrÄÖöFW&FRÄ6öÆBÅö÷ £CÄÖÆRÃƒ‚Ã2ã#Ä†–v‚Ä6öÆBÄvöö@£CÄfVÖÆRÃ’ÃBãBÄ†–v‚Äæ÷&ÖÂÄvöö@£C’ÄÖÆRÃƒÃ2ã3RÄ†–v‚Ä6öÆBÄvöö@£SÄÖÆRÃsrÃ"ãs2ÄÖöFW&FRÄ6öÆBÄvöö@£#bÄÖÆRÃƒbÃ2ã3‚ÄÖöFW&FRÄæ÷&ÖÂÄvöö@£3"ÄfVÖÆRÃC‚Ã"ã32ÄÖöFW&FRÄæ÷&ÖÂÄvöö@£#RÄfVÖÆRÃc‚Ã2ã"ÄÆ÷rÄ†÷BÄvöö@£#"ÄfVÖÆRÃcrÃ"ã3’ÄÖöFW&FRÄ6öÆBÄvöö@£SÄfVÖÆRÃS’Ã"ãs"Ä†–v‚Ä†÷BÄvöö@£crÄfVÖÆRÃ“Ã"ã’ÄÆ÷rÄ†÷BÄvöö@£SbÄfVÖÆRÃ“Ã2ãƒ2Ä†–v‚Äæ÷&ÖÂÄvöö@£S’ÄÖÆRÃSrÃãcÄ†–v‚Ä6öÆBÅö÷ £SBÄfVÖÆRÃƒbÃ"ãC2ÄÖöFW&FRÄ6öÆBÅö÷ £c‚ÄÖÆRÃc2Ã"ã“rÄ†–v‚Äæ÷&ÖÂÄvöö@£SBÄfVÖÆRÃ’Ã2ãƒRÄÖöFW&FRÄ†÷BÄvöö@£SbÄfVÖÆRÃsÃ"ãCbÄ†–v‚Ä6öÆBÄvöö@£#ÄÖÆRÃ“BÃ2ãBÄÖöFW&FRÄ6öÆBÄvöö@£cÄfVÖÆRÃs2Ã2ã2Ä†–v‚Ä†÷BÄvöö@£3RÄfVÖÆRÃBÃBã#‚ÄÖöFW&FRÄ†÷BÄvöö@£SrÄfVÖÆRÃ‚Ã2ãbÄ†–v‚Ä6öÆBÄvöö@£CbÄfVÖÆRÃc2Ã2ã"ÄÖöFW&FRÄ†÷BÄvöö@£c2ÄfVÖÆRÃ"Ã2ã3’ÄÆ÷rÄ†÷BÄvöö@£SrÄÖÆRÃS2Ã"ãS‚Ä†–v‚Äæ÷&ÖÂÄvöö@£cÄfVÖÆRÃsRÃ"ãÄÖöFW&FRÄæ÷&ÖÂÅö÷ £3"ÄÖÆRÃs‚Ã2ã“bÄ†–v‚Ä†÷BÄvöö@£#rÄfVÖÆRÃÃBã“’Ä†–v‚Ä†÷BÄvöö@£C"ÄfVÖÆRÃƒÃ2ã3RÄÖöFW&FRÄæ÷&ÖÂÄvöö@£c"ÄfVÖÆRÃc"Ã"ã#’ÄÖöFW&FRÄ†÷BÄvöö@£C2ÄfVÖÆRÃcÃ"ã‚ÄÖöFW&FRÄ6öÆBÄvöö@£CRÄfVÖÆRÃcRÃ2ã#Ä†–v‚Äæ÷&ÖÂÄvöö@£cBÄfVÖÆRÃ“"Ã"ãCrÄÆ÷rÄæ÷&ÖÂÅö÷ £cRÄÖÆRÃ“bÃ"ãc"ÄÆ÷rÄ6öÆBÅö÷ £‚ÄfVÖÆRÃsrÃBãBÄ†–v‚Ä†÷BÄvöö@£CÄfVÖÆRÃcBÃ"ã#’ÄÆ÷rÄæ÷&ÖÂÄvöö@£S’ÄfVÖÆRÃsÃãƒrÄÖöFW&FRÄ6öÆBÅö÷ £#BÄÖÆRÃc"ÃãRÄÆ÷rÄæ÷&ÖÂÅö÷ £#bÄfVÖÆRÃBÃ2ã‚ÄÆ÷rÄæ÷&ÖÂÄvöö@£cBÄfVÖÆRÃs2Ã"ã“bÄ†–v‚Äæ÷&ÖÂÄvöö@£3"ÄÖÆRÃS2ÃãRÄÆ÷rÄ6öÆBÅö÷ £‚ÄÖÆRÃS2Ã"ãCÄÆ÷rÄ†÷BÄvöö@£3rÄfVÖÆRÃCbÃ"ãCÄÆ÷rÄ†÷BÄvöö@£#rÄfVÖÆRÃ“‚Ã2ã“‚ÄÖöFW&FRÄ†÷BÄvöö@£CÄfVÖÆRÃ“bÃ2ãƒ’Ä†–v‚Äæ÷&ÖÂÄvöö@£#‚ÄfVÖÆRÃBÃBãÄ†–v‚Ä6öÆBÄvöö@£#2ÄÖÆRÃc’Ã2ãc"Ä†–v‚Ä†÷BÄvöö@£3"ÄÖÆRÃ“‚ÃBãbÄÆ÷rÄ†÷BÄvöö@£SÄÖÆRÃS‚Ã2ã‚Ä†–v‚Ä†÷BÄvöö@£’ÄÖÆRÃcBÃã“rÄÖöFW&FRÄæ÷&ÖÂÄvöö@£32ÄfVÖÆRÃsBÃ2ãsrÄ†–v‚Ä†÷BÄvöö@£c‚ÄfVÖÆRÃCrÃ"ãS"ÄÖöFW&FRÄ†÷BÄvöö@£c‚ÄÖÆRÃ“Ã"ã‚ÄÆ÷rÄ†÷BÄvöö@£CÄfVÖÆRÃcÃ2ã2Ä†–v‚Ä†÷BÄvöö@£CbÄÖÆRÃcrÃ"ã#2ÄÖöFW&FRÄæ÷&ÖÂÄvöö@£CÄfVÖÆRÃSÃ2ã"Ä†–v‚Ä†÷BÄvöö@£SÄÖÆRÃ“RÃ2ãbÄÆ÷rÄ†÷BÄvöö@£32ÄÖÆRÃ“’ÃBãbÄÖöFW&FRÄ†÷BÄvöö@£cÄÖÆRÃRÃ"ãsBÄÆ÷rÄæ÷&ÖÂÅö÷ £CRÄfVÖÆRÃÃBãS"Ä†–v‚Ä†÷BÄvöö@£C"ÄfVÖÆRÃ“BÃBãCBÄ†–v‚Ä†÷BÄvöö@£C2ÄfVÖÆRÃRÃBãRÄÆ÷rÄ†÷BÄvöö@£3BÄÖÆRÃsÃ"ãbÄÖöFW&FRÄæ÷&ÖÂÄvöö@£cÄÖÆRÃcrÃãƒ2ÄÆ÷rÄ6öÆBÅö÷ £CÄfVÖÆRÃC‚ÃãRÄÆ÷rÄ6öÆBÄvöö@£SRÄfVÖÆRÃs2Ããc2ÄÖöFW&FRÄ6öÆBÅö÷ £c"ÄÖÆRÃƒbÃ2ã#BÄÆ÷rÄ†÷BÄvöö@£cÄfVÖÆRÃ2Ã2ã32ÄÆ÷rÄ†÷BÄvöö@£crÄfVÖÆRÃS‚ÃãRÄÆ÷rÄ6öÆBÅö÷ £c"ÄfVÖÆRÃsrÃãƒrÄÖöFW&FRÄ6öÆBÅö÷ £#ÄfVÖÆRÃƒ2Ã2ãBÄ†–v‚Ä6öÆBÄvöö@£SbÄfVÖÆRÃƒ‚Ã"ã‚ÄÆ÷rÄæ÷&ÖÂÅö÷ £crÄfVÖÆRÃbÃBã3"Ä†–v‚Äæ÷&ÖÂÄvöö@£3ÄfVÖÆRÃS"Ããƒ’ÄÆ÷rÄæ÷&ÖÂÄvöö@£C’ÄÖÆRÃƒRÃ2ã3bÄÆ÷rÄ†÷BÄvöö@£SÄÖÆRÃƒrÃ2ãSBÄ†–v‚Ä6öÆBÄvöö@£CRÄÖÆRÃ2Ã2ã#"ÄÆ÷rÄæ÷&ÖÂÄvöö@£CbÄfVÖÆRÃƒ"Ã"ãC’ÄÖöFW&FRÄæ÷&ÖÂÄvöö@£3rÄfVÖÆRÃsÃ2ãBÄÆ÷rÄ†÷BÄvöö@£CÄÖÆRÃcbÃ2ãSRÄ†–v‚Ä†÷BÄvöö@£S"ÄÖÆRÃS’Ãã‚ÄÆ÷rÄ†÷BÄvöö@£crÄfVÖÆRÃƒ‚Ã"ãCÄÖöFW&FRÄ6öÆBÅö÷ £c‚ÄÖÆRÃ’Ã2ã3RÄÖöFW&FRÄ6öÆBÄvöö@£3BÄfVÖÆRÃ“bÃBã#BÄ†–v‚Ä†÷BÄvöö@£SRÄfVÖÆRÃƒÃ2ã32Ä†–v‚Ä6öÆBÄvöö@£#‚ÄÖÆRÃs‚Ã2ã3’Ä†–v‚Äæ÷&ÖÂÄvöö@£SbÄÖÆRÃ“Ã"ãSrÄÆ÷rÄ6öÆBÅö÷ £CÄÖÆRÃsRÃãs’ÄÆ÷rÄæ÷&ÖÂÅö÷ £cBÄfVÖÆRÃsbÃ"ã#’ÄÆ÷rÄ†÷BÄvöö@£SRÄfVÖÆRÃcÃãRÄÆ÷rÄ6öÆBÅö÷ £S2ÄÖÆRÃƒbÃ"ã"ÄÖöFW&FRÄ6öÆBÅö÷ £#BÄÖÆRÃ“’Ã2ãbÄ†–v‚Äæ÷&ÖÂÄvöö@£#’ÄÖÆRÃs2Ã"ãCRÄ†–v‚Ä6öÆBÄvöö@£SÄÖÆRÃCbÃ"ã“2Ä†–v‚Ä†÷BÄvöö@£S2ÄÖÆRÃÃ"ãrÄÆ÷rÄ6öÆBÅö÷ £3BÄÖÆRÃsÃ"ã#ÄÆ÷rÄæ÷&ÖÂÄvöö@£SbÄfVÖÆRÃS2Ããc"Ä†–v‚Ä6öÆBÄvöö@£3"ÄÖÆRÃSRÃ"ãs2Ä†–v‚Äæ÷&ÖÂÄvöö@£3’ÄÖÆRÃbÃ"ãc‚ÄÆ÷rÄæ÷&ÖÂÅö÷ £CÄfVÖÆRÃƒÃ"ãS"ÄÆ÷rÄæ÷&ÖÂÄvöö@£#RÄfVÖÆRÃS’ÃãƒrÄÆ÷rÄ6öÆBÄvöö@£3ÄfVÖÆRÃ“Ã2ã"Ä†–v‚Ä6öÆBÄvöö@£SBÄÖÆRÃc‚Ã2ã#‚Ä†–v‚Ä†÷BÄvöö@£C’ÄÖÆRÃƒbÃ2ãrÄÆ÷rÄ†÷BÄvöö@£SBÄÖÆRÃsrÃ2ãRÄ†–v‚Äæ÷&ÖÂÄvöö@£CRÄfVÖÆRÃsÃBã"Ä†–v‚Ä†÷BÄvöö@£3"ÄfVÖÆRÃs‚Ã"ã2ÄÆ÷rÄ6öÆBÅö÷ £#’ÄÖÆRÃsÃ"ãcÄÖöFW&FRÄæ÷&ÖÂÄvöö@£SÄÖÆRÃS"Ã"ã#‚ÄÆ÷rÄ†÷BÄvöö@£#bÄÖÆRÃsÃ2ãs’ÄÖöFW&FRÄ†÷BÄvöö@£SRÄfVÖÆRÃ“2Ã"ãS‚ÄÆ÷rÄæ÷&ÖÂÅö÷ £3bÄfVÖÆRÃcRÃ"ãs‚ÄÖöFW&FRÄ†÷BÄvöö@£#ÄfVÖÆRÃsbÃ2ã#RÄ†–v‚Äæ÷&ÖÂÄvöö@£C‚ÄfVÖÆRÃS"Ã"ãÄ†–v‚Äæ÷&ÖÂÄvöö@£S"ÄÖÆRÃ2ÃBãcRÄ†–v‚Ä†÷BÄvöö@£cÄfVÖÆRÃc"ÃãRÄÆ÷rÄæ÷&ÖÂÅö÷ £#’ÄfVÖÆRÃBÃ2ã“2ÄÖöFW&FRÄ†÷BÄvöö@£CRÄfVÖÆRÃ“‚ÃBã"ÄÖöFW&FRÄ†÷BÄvöö@£3’ÄfVÖÆRÃC‚ÃãƒRÄÖöFW&FRÄæ÷&ÖÂÄvöö@£CBÄfVÖÆRÃcrÃ"ã3bÄÆ÷rÄ†÷BÄvöö@£S‚ÄÖÆRÃcÃ"ã“‚ÄÖöFW&FRÄ†÷BÄvöö@£3BÄÖÆRÃ“‚ÃBã’ÄÖöFW&FRÄ†÷BÄvöö@£#BÄÖÆRÃƒRÃBãcÄ†–v‚Ä†÷BÄvöö@£3rÄÖÆRÃÃ"ãcBÄÆ÷rÄæ÷&ÖÂÅö÷ £SÄÖÆRÃsÃã“bÄÆ÷rÄæ÷&ÖÂÅö÷ £C‚ÄfVÖÆRÃsÃ"ã#bÄÖöFW&FRÄ6öÆBÄvöö@£’ÄfVÖÆRÃsRÃ"ãrÄÆ÷rÄ6öÆBÅö÷ £c"ÄfVÖÆRÃSÃ"ãRÄÖöFW&FRÄ†÷BÄvöö@£#"ÄfVÖÆRÃcÃãƒbÄÖöFW&FRÄ6öÆBÄvöö@£3ÄfVÖÆRÃSÃ"ãS’Ä†–v‚Äæ÷&ÖÂÄvöö@£3RÄÖÆRÃƒ’ÃBã2Ä†–v‚Ä†÷BÄvöö@£C’ÄÖÆRÃSÃ2ã#2Ä†–v‚Ä†÷BÄvöö@£SÄÖÆRÃc2Ãã“’ÄÖöFW&FRÄ6öÆBÄvöö@£3ÄfVÖÆRÃsbÃ2ãRÄ†–v‚Ä†÷BÄvöö@£cbÄfVÖÆRÃcÃãbÄÆ÷rÄæ÷&ÖÂÅö÷ £CrÄfVÖÆRÃS"Ã"ãc’ÄÖöFW&FRÄ†÷BÄvöö@£crÄÖÆRÃSBÃ"ãbÄÖöFW&FRÄæ÷&ÖÂÄvöö@£CÄfVÖÆRÃS"Ã2ãBÄÖöFW&FRÄ†÷BÄvöö@£#rÄÖÆRÃsrÃ2ãsÄ†–v‚Äæ÷&ÖÂÄvöö@£3ÄfVÖÆRÃbÃ"ãc’ÄÆ÷rÄæ÷&ÖÂÅö÷ £cBÄÖÆRÃsbÃ"ãcbÄ†–v‚Äæ÷&ÖÂÄvöö@£#BÄÖÆRÃSÃ"ãc’Ä†–v‚Ä6öÆBÄvöö@£#’ÄfVÖÆRÃƒBÃ2ã#RÄÖöFW&FRÄæ÷&ÖÂÄvöö@£#ÄÖÆRÃƒrÃ2ã#"ÄÆ÷rÄ†÷BÄvöö@£#bÄÖÆRÃSrÃãRÄÆ÷rÄ6öÆBÅö÷ £3bÄÖÆRÃcrÃ2ãbÄÖöFW&FRÄ†÷BÄvöö@£#ÄfVÖÆRÃS‚Ã"ãsÄ†–v‚Äæ÷&ÖÂÄvöö@£CÄÖÆRÃsÃ2ã#RÄ†–v‚Ä6öÆBÄvöö@£cBÄÖÆRÃ“Ã2ã2ÄÖöFW&FRÄ†÷BÄvöö@£3ÄÖÆRÃƒrÃ"ãCÄÖöFW&FRÄ6öÆBÅö÷ £SRÄÖÆRÃS’Ã"ãƒ‚Ä†–v‚Ä†÷BÄvöö@£cÄÖÆRÃS2Ã"ã‚ÄÖöFW&FRÄ†÷BÄvöö@£3RÄfVÖÆRÃSRÃãsbÄÖöFW&FRÄ6öÆBÄvöö@£’ÄfVÖÆRÃcbÃ"ãS"ÄÆ÷rÄ†÷BÄvöö@£c"ÄfVÖÆRÃs2Ã"ãC‚ÄÖöFW&FRÄæ÷&ÖÂÄvöö@£S‚ÄfVÖÆRÃ“"Ã2ãRÄÆ÷rÄ†÷BÄvöö@£SBÄÖÆRÃsRÃãsÄÆ÷rÄæ÷&ÖÂÅö÷ £cbÄÖÆRÃ‚Ã"ã3‚ÄÆ÷rÄ6öÆBÅö÷ £#2ÄfVÖÆRÃs’Ãã“‚ÄÆ÷rÄæ÷&ÖÂÅö÷ £cBÄÖÆRÃBÃ"ãs"ÄÆ÷rÄæ÷&ÖÂÅö÷ £S‚ÄÖÆRÃcÃ"ã#2Ä†–v‚Ä6öÆBÄvöö@£C"ÄfVÖÆRÃs‚Ã2ãBÄ†–v‚Ä6öÆBÄvöö@£#rÄÖÆRÃCrÃ"ã3"ÄÆ÷rÄ†÷BÄvöö@£32ÄfVÖÆRÃ“"Ã2ãRÄÖöFW&FRÄ†÷BÄvöö@£#"ÄÖÆRÃÃ2ã2ÄÆ÷rÄ6öÆBÄvöö@£3RÄfVÖÆRÃSÃãRÄÆ÷rÄæ÷&ÖÂÅö÷ £#bÄfVÖÆRÃ“ÃBã’Ä†–v‚Äæ÷&ÖÂÄvöö@£3BÄÖÆRÃƒRÃ2ãS2ÄÖöFW&FRÄæ÷&ÖÂÄvöö@£3‚ÄÖÆRÃƒ’Ã2ãCrÄ†–v‚Äæ÷&ÖÂÄvöö@£c2ÄfVÖÆRÃS"ÃãRÄÆ÷rÄ6öÆBÅö÷ £CBÄÖÆRÃSBÃãbÄÆ÷rÄ6öÆBÅö÷ £cÄfVÖÆRÃ“"Ã"ã#ÄÖöFW&FRÄ6öÆBÅö÷ £32ÄÖÆRÃSÃã“‚ÄÖöFW&FRÄæ÷&ÖÂÄvöö@£c"ÄÖÆRÃSBÃ"ãsÄÖöFW&FRÄ†÷BÄvöö@£#bÄÖÆRÃsbÃ"ãSÄÆ÷rÄæ÷&ÖÂÄvöö@£cRÄfVÖÆRÃCrÃã’ÄÖöFW&FRÄ†÷BÄvöö@£CbÄfVÖÆRÃcrÃ"ãRÄÆ÷rÄ6öÆBÄvöö@£cÄfVÖÆRÃƒÃã“2ÄÖöFW&FRÄ6öÆBÅö÷ £CBÄÖÆRÃS’Ã2ãƒÄ†–v‚Ä†÷BÄvöö@£3’ÄfVÖÆRÃ“Ã2ã2Ä†–v‚Ä6öÆBÄvöö@£C’ÄfVÖÆRÃ"Ã2ãS2ÄÖöFW&FRÄ6öÆBÄvöö@£S‚ÄÖÆRÃsÃãRÄÆ÷rÄæ÷&ÖÂÅö÷ £CrÄfVÖÆRÃSbÃ"ãrÄ†–v‚Ä6öÆBÄvöö@£cBÄfVÖÆRÃCbÃãRÄÆ÷rÄ6öÆBÄvöö@£SbÄfVÖÆRÃcBÃ2ãCÄ†–v‚Ä†÷BÄvöö@£SÄÖÆRÃƒÃ"ã3‚ÄÖöFW&FRÄæ÷&ÖÂÅö÷ £SÄfVÖÆRÃc2Ã2ã#bÄ†–v‚Ä†÷BÄvöö@£cÄÖÆRÃsÃ"ãsbÄÆ÷rÄ†÷BÄvöö@£3‚ÄfVÖÆRÃƒ"Ãã“BÄÆ÷rÄ6öÆBÅö÷ £3‚ÄfVÖÆRÃƒbÃ"ãƒ"Ä†–v‚Ä6öÆBÄvöö@£cRÄfVÖÆRÃ“Ã2ã#2Ä†–v‚Ä6öÆBÄvöö@£3ÄfVÖÆRÃÃ2ãC‚ÄÖöFW&FRÄ6öÆBÄvöö@£3’ÄfVÖÆRÃcÃãs’ÄÆ÷rÄ6öÆBÅö÷ £SRÄÖÆRÃsÃãS2ÄÆ÷rÄ6öÆBÅö÷ £C"ÄfVÖÆRÃ“RÃ"ãc2ÄÆ÷rÄæ÷&ÖÂÅö÷ £SÄfVÖÆRÃ“BÃ"ã3‚ÄÆ÷rÄ6öÆBÅö÷ £CRÄfVÖÆRÃc"ÃãS’ÄÆ÷rÄ6öÆBÅö÷ £c’ÄfVÖÆRÃƒrÃ2ã#"Ä†–v‚Äæ÷&ÖÂÄvöö@£‚ÄfVÖÆRÃsbÃ"ã32ÄÖöFW&FRÄ6öÆBÄvöö@£3"ÄÖÆRÃcÃ"ãS‚Ä†–v‚Äæ÷&ÖÂÄvöö@£SrÄfVÖÆRÃcrÃ"ãc‚ÄÖöFW&FRÄæ÷&ÖÂÄvöö@£S2ÄÖÆRÃSÃ"ãƒ’Ä†–v‚Ä†÷BÄvöö@£C’ÄÖÆRÃ“rÃ2ã#"ÄÖöFW&FRÄæ÷&ÖÂÄvöö@£3bÄfVÖÆRÃCbÃãRÄÆ÷rÄæ÷&ÖÂÄvöö@£SrÄfVÖÆRÃC‚Ã"ãC2Ä†–v‚Ä†÷BÄvöö@£S‚ÄÖÆRÃcBÃ"ãsBÄ†–v‚Äæ÷&ÖÂÄvöö@£S"ÄÖÆRÃS‚Ã2ã‚ÄÖöFW&FRÄ†÷BÄvöö@£3"ÄÖÆRÃcRÃ"ã“‚Ä†–v‚Äæ÷&ÖÂÄvöö@£3‚ÄÖÆRÃSBÃ"ãc"Ä†–v‚Ä6öÆBÄvöö@£cBÄÖÆRÃc2Ã"ãSBÄ†–v‚Ä6öÆBÄvöö@£cbÄÖÆRÃS"ÃãRÄÆ÷rÄ6öÆBÅö÷ £C"ÄfVÖÆRÃc‚Ã"ãs’ÄÖöFW&FRÄ†÷BÄvöö@£3RÄfVÖÆRÃcRÃ2ãs’Ä†–v‚Ä†÷BÄvöö@£3bÄÖÆRÃsBÃ2ã2ÄÆ÷rÄ†÷BÄvöö@£S2ÄfVÖÆRÃsÃãƒÄÖöFW&FRÄæ÷&ÖÂÅö÷ £S‚ÄÖÆRÃƒ’ÃBã2Ä†–v‚Ä†÷BÄvöö@£crÄfVÖÆRÃbÃ2ã‚ÄÖöFW&FRÄ6öÆBÄvöö@£C‚ÄfVÖÆRÃ2Ã2ãƒ"ÄÖöFW&FRÄæ÷&ÖÂÄvöö@£c’ÄfVÖÆRÃSbÃãƒ2ÄÖöFW&FRÄæ÷&ÖÂÄvöö@£SrÄÖÆRÃsbÃ2ã"Ä†–v‚Ä6öÆBÄvöö@£#"ÄfVÖÆRÃC’Ã"ã3BÄÆ÷rÄ†÷BÄvöö@£#ÄfVÖÆRÃƒRÃ"ãS‚ÄÆ÷rÄæ÷&ÖÂÄvöö@£SBÄfVÖÆRÃ“’Ã"ãcrÄÖöFW&FRÄæ÷&ÖÂÅö÷ £#BÄfVÖÆRÃBÃ2ãsBÄÖöFW&FRÄ6öÆBÄvöö@£SrÄÖÆRÃ“bÃ2ã3rÄ†–v‚Ä6öÆBÄvöö@£C’ÄfVÖÆRÃ“BÃ2ã3"ÄÖöFW&FRÄ6öÆBÄvöö@£C‚ÄfVÖÆRÃ“"Ã2ãÄÖöFW&FRÄæ÷&ÖÂÄvöö@£#2ÄÖÆRÃ“BÃ2ã’ÄÖöFW&FRÄ6öÆBÄvöö@£3RÄfVÖÆRÃCrÃãƒRÄÆ÷rÄ†÷BÄvöö@£CRÄÖÆRÃsbÃBã#2Ä†–v‚Ä†÷BÄvöö@£#BÄÖÆRÃrÃ2ãrÄÖöFW&FRÄæ÷&ÖÂÄvöö@£SÄÖÆRÃsrÃ2ãcrÄ†–v‚Ä†÷BÄvöö@£CÄÖÆRÃs"Ã2ãRÄ†–v‚Äæ÷&ÖÂÄvöö@£cBÄÖÆRÃcÃ"ã#RÄ†–v‚Ä6öÆBÄvöö@£#bÄfVÖÆRÃS"ÃãRÄÆ÷rÄ6öÆBÅö÷ £3ÄfVÖÆRÃƒ’ÃBã2Ä†–v‚Ä†÷BÄvöö@£cÄÖÆRÃƒ"Ã"ãc‚Ä†–v‚Äæ÷&ÖÂÄvöö@£#ÄÖÆRÃs2Ã2ã#bÄÖöFW&FRÄ†÷BÄvöö@£#2ÄÖÆRÃƒ2Ã"ã’ÄÆ÷rÄ6öÆBÅö÷ £cbÄfVÖÆRÃƒ‚Ã"ãÄÆ÷rÄ6öÆBÅö÷ £‚ÄÖÆRÃƒ‚Ã"ãƒrÄ†–v‚Ä6öÆBÄvöö@£3rÄÖÆRÃ“Ã"ãc‚ÄÖöFW&FRÄ6öÆBÅö÷ £cBÄÖÆRÃ“rÃ"ãRÄÆ÷rÄ6öÆBÅö÷ £c"ÄfVÖÆRÃ‚ÃBãsBÄ†–v‚Ä†÷BÄvöö@£CÄÖÆRÃsRÃ2ãS2Ä†–v‚Äæ÷&ÖÂÄvöö@£3BÄfVÖÆRÃ“BÃ2ã3‚ÄÖöFW&FRÄæ÷&ÖÂÄvöö@£3‚ÄÖÆRÃcRÃ2ãRÄÖöFW&FRÄ†÷BÄvöö@£S’ÄÖÆRÃ’Ã2ã"ÄÖöFW&FRÄæ÷&ÖÂÅö÷ £#"ÄÖÆRÃsÃã“‚ÄÆ÷rÄæ÷&ÖÂÅö÷ £cbÄÖÆRÃ“Ã2ãs2ÄÖöFW&FRÄ†÷BÄvöö@£#ÄfVÖÆRÃƒ’Ã"ã“rÄÖöFW&FRÄæ÷&ÖÂÄvöö@£3BÄÖÆRÃ“rÃ"ã“RÄÖöFW&FRÄ6öÆBÄvöö@£CÄÖÆRÃƒÃ2ã2ÄÖöFW&FRÄæ÷&ÖÂÄvöö@£#2ÄfVÖÆRÃƒ"Ã"ãrÄÖöFW&FRÄæ÷&ÖÂÄvöö@£#‚ÄfVÖÆRÃ“’Ã2ã“RÄ†–v‚Ä6öÆBÄvöö@£cÄfVÖÆRÃs"Ã"ãS2Ä†–v‚Ä6öÆBÄvöö@£3bÄÖÆRÃ2Ã2ã3RÄÆ÷rÄæ÷&ÖÂÄvöö@£3ÄfVÖÆRÃSrÃ"ãcrÄ†–v‚Ä6öÆBÄvöö@£cRÄÖÆRÃSrÃ"ã“2Ä†–v‚Ä†÷BÄvöö@£CBÄfVÖÆRÃSRÃ"ã3RÄÖöFW&FRÄ†÷BÄvöö@£S’ÄÖÆRÃsÃ"ã“Ä†–v‚Äæ÷&ÖÂÄvöö@£crÄfVÖÆRÃ“2Ã"ãcRÄÆ÷rÄæ÷&ÖÂÅö÷ £#rÄÖÆRÃSrÃ2ãc‚Ä†–v‚Ä†÷BÄvöö@£#BÄÖÆRÃƒrÃ"ã#rÄÆ÷rÄ6öÆBÅö÷ £#’ÄÖÆRÃSrÃ"ãsRÄÖöFW&FRÄ†÷BÄvöö@£SRÄÖÆRÃCrÃãRÄÆ÷rÄ6öÆBÄvöö@£C‚ÄfVÖÆRÃƒÃ2ãÄÖöFW&FRÄæ÷&ÖÂÄvöö@£#ÄfVÖÆRÃ‚ÃBãcbÄÖöFW&FRÄ†÷BÄvöö@£#ÄfVÖÆRÃƒBÃãsrÄÆ÷rÄ6öÆBÅö÷ £c"ÄfVÖÆRÃ“rÃ2ãsbÄÖöFW&FRÄ†÷BÄvöö@£S2ÄÖÆRÃSrÃãRÄÖöFW&FRÄ6öÆBÅö÷ £3ÄÖÆRÃ“RÃBãrÄ†–v‚Äæ÷&ÖÂÄvöö@£cÄÖÆRÃCrÃ"ãƒbÄ†–v‚Ä†÷BÄvöö@£#2ÄÖÆRÃÃ"ã“RÄÆ÷rÄæ÷&ÖÂÅö÷ £c2ÄfVÖÆRÃ“"Ã2ã“RÄ†–v‚Äæ÷&ÖÂÄvöö@£3BÄÖÆRÃc2Ã2ãRÄÖöFW&FRÄ†÷BÄvöö@£crÄÖÆRÃsrÃ"ãƒRÄ†–v‚Ä6öÆBÄvöö@£SbÄÖÆRÃ‚Ã2ãSBÄ†–v‚Äæ÷&ÖÂÄvöö@£#bÄÖÆRÃ“bÃ2ãs‚Ä†–v‚Äæ÷&ÖÂÄvöö@£cBÄfVÖÆRÃ’Ã2ãcbÄ†–v‚Äæ÷&ÖÂÄvöö@£SRÄfVÖÆRÃ“’ÃBã#rÄÖöFW&FRÄ†÷BÄvöö@£#rÄfVÖÆRÃ“‚Ã2ãcbÄÆ÷rÄ†÷BÄvöö@£#bÄfVÖÆRÃSRÃ2ãƒBÄ†–v‚Ä†÷BÄvöö@£S’ÄÖÆRÃSrÃãRÄÆ÷rÄ6öÆBÅö÷ £c’ÄÖÆRÃsBÃãƒRÄÆ÷rÄæ÷&ÖÂÅö÷ £#’ÄfVÖÆRÃcRÃ2ãsÄ†–v‚Ä†÷BÄvöö@£CRÄÖÆRÃƒ2Ã2ãƒBÄ†–v‚Ä†÷BÄvöö@£c‚ÄÖÆRÃC‚ÃãRÄÆ÷rÄ6öÆBÄvöö@£S’ÄfVÖÆRÃ“2Ã2ã"Ä†–v‚Äæ÷&ÖÂÄvöö@£C2ÄfVÖÆRÃcBÃ2ãsÄ†–v‚Ä†÷BÄvöö@£SÄfVÖÆRÃƒ"Ã2ã#2ÄÆ÷rÄ†÷BÄvöö@£cRÄÖÆRÃS"Ã"ãSBÄÖöFW&FRÄ†÷BÄvöö@£3RÄÖÆRÃBÃ2ãs‚Ä†–v‚Äæ÷&ÖÂÄvöö@£‚ÄÖÆRÃƒ2Ã2ã“"ÄÖöFW&FRÄ†÷BÄvöö@£3ÄÖÆRÃRÃ2ãÄÖöFW&FRÄ6öÆBÅö÷ £CRÄfVÖÆRÃsbÃ"ãcRÄÆ÷rÄ†÷BÄvöö@£3ÄÖÆRÃ“‚ÃBãÄ†–v‚Ä6öÆBÄvöö@£3"ÄfVÖÆRÃsBÃãƒ2ÄÆ÷rÄ6öÆBÅö÷ £CÄfVÖÆRÃsRÃã“rÄÖöFW&FRÄ6öÆBÅö÷ £3‚ÄfVÖÆRÃCrÃã“ÄÖöFW&FRÄ6öÆBÄvöö@£3’ÄfVÖÆRÃcÃ"ãBÄ†–v‚Äæ÷&ÖÂÄvöö@£3rÄfVÖÆRÃƒ’Ã2ã‚ÄÖöFW&FRÄ†÷BÄvöö@£’ÄfVÖÆRÃsRÃ"ã“ÄÆ÷rÄ†÷BÄvöö@£#‚ÄfVÖÆRÃs’Ã"ãRÄÆ÷rÄæ÷&ÖÂÅö÷ £SBÄfVÖÆRÃ"Ã2ãsRÄÆ÷rÄ†÷BÄvöö@£3BÄÖÆRÃC‚ÃãRÄÆ÷rÄæ÷&ÖÂÄvöö@£3BÄÖÆRÃƒrÃBãc"Ä†–v‚Ä†÷BÄvöö@£c‚ÄfVÖÆRÃƒ"Ã"ãs2ÄÖöFW&FRÄæ÷&ÖÂÄvöö@£S’ÄÖÆRÃÃBãƒ’Ä†–v‚Ä†÷BÄvöö@£SrÄÖÆRÃcÃ"ãƒ2Ä†–v‚Ä†÷BÄvöö@£3rÄfVÖÆRÃS"Ã2ã2Ä†–v‚Ä†÷BÄvöö@£cRÄfVÖÆRÃÃ"ã’ÄÖöFW&FRÄæ÷&ÖÂÅö÷ £#‚ÄfVÖÆRÃC’ÃãƒÄÆ÷rÄ†÷BÄvöö@£c’ÄfVÖÆRÃs’Ã"ãRÄÆ÷rÄ6öÆBÅö÷ £C"ÄfVÖÆRÃƒ2Ã2ãS’Ä†–v‚Ä6öÆBÄvöö@£#2ÄÖÆRÃcRÃ"ãcRÄÆ÷rÄ†÷BÄvöö@£cRÄfVÖÆRÃCRÃãRÄÖöFW&FRÄ6öÆBÄvöö@£#"ÄÖÆRÃSÃ"ã"ÄÖöFW&FRÄæ÷&ÖÂÄvöö@£c"ÄÖÆRÃ“"Ã"ã#’ÄÆ÷rÄ6öÆBÅö÷ £#bÄÖÆRÃbÃ"ã“2ÄÖöFW&FRÄ6öÆBÅö÷ £C‚ÄfVÖÆRÃ’Ã2ãs’ÄÆ÷rÄ†÷BÄvöö@£#rÄfVÖÆRÃ“rÃBã"ÄÖöFW&FRÄ†÷BÄvöö@£crÄÖÆRÃ’Ã2ã#rÄÖöFW&FRÄæ÷&ÖÂÄvöö@£CÄfVÖÆRÃs"Ã2ãÄ†–v‚Ä6öÆBÄvöö@£SrÄÖÆRÃ‚Ã2ãÄÖöFW&FRÄæ÷&ÖÂÅö÷ £cÄÖÆRÃSbÃã“2ÄÖöFW&FRÄ6öÆBÄvöö@£S"ÄÖÆRÃrÃBãƒ‚Ä†–v‚Ä†÷BÄvöö@£3RÄÖÆRÃSRÃãS‚ÄÆ÷rÄ6öÆBÅö÷ £CÄÖÆRÃC‚ÃãSbÄÆ÷rÄæ÷&ÖÂÄvöö@£cbÄÖÆRÃcÃãƒrÄÆ÷rÄ†÷BÄvöö@£CBÄÖÆRÃSbÃ2ã32ÄÖöFW&FRÄ†÷BÄvöö@£#RÄfVÖÆRÃcrÃ"ãSÄ†–v‚Äæ÷&ÖÂÄvöö@£C’ÄfVÖÆRÃSÃ"ãC‚ÄÖöFW&FRÄæ÷&ÖÂÄvöö@£crÄÖÆRÃS"Ã"ãrÄ†–v‚Ä6öÆBÄvöö@£3rÄÖÆRÃsrÃ2ãc"ÄÖöFW&FRÄ†÷BÄvöö@£#ÄfVÖÆRÃsÃ"ãSBÄÖöFW&FRÄæ÷&ÖÂÄvöö@£S"ÄÖÆRÃ“bÃ"ãƒBÄÖöFW&FRÄ6öÆBÅö÷ £3BÄÖÆRÃ“bÃ2ãC’Ä†–v‚Ä6öÆBÄvöö@£#’ÄfVÖÆRÃsÃ"ã#’ÄÆ÷rÄ6öÆBÄvöö@£3BÄÖÆRÃSRÃã‚ÄÖöFW&FRÄæ÷&ÖÂÄvöö@£S’ÄfVÖÆRÃ“"Ã2ãƒRÄ†–v‚Ä†÷BÄvöö@£S’ÄÖÆRÃC’ÃãRÄÆ÷rÄ6öÆBÄvöö@£C"ÄfVÖÆRÃƒbÃ"ãc"ÄÆ÷rÄæ÷&ÖÂÄvöö@£C2ÄfVÖÆRÃcrÃ"ãC’ÄÖöFW&FRÄ6öÆBÄvöö@£SbÄfVÖÆRÃƒrÃ2ã#‚Ä†–v‚Äæ÷&ÖÂÄvöö@£C"ÄÖÆRÃsbÃ"ã2ÄÆ÷rÄ6öÆBÅö÷ £3rÄfVÖÆRÃCbÃãRÄÆ÷rÄ6öÆBÄvöö@£c2ÄÖÆRÃ2ÃBãs2Ä†–v‚Ä†÷BÄvöö@£#bÄfVÖÆRÃsRÃ2ãBÄ†–v‚Ä6öÆBÄvöö@£3’ÄfVÖÆRÃcÃ2ãS2Ä†–v‚Ä†÷BÄvöö@£SÄÖÆRÃ‚Ã2ãSRÄÖöFW&FRÄ6öÆBÄvöö@£#ÄfVÖÆRÃƒ"ÃBãSRÄ†–v‚Ä†÷BÄvöö@£S‚ÄÖÆRÃRÃ2ã#rÄÖöFW&FRÄ6öÆBÄvöö@£#RÄfVÖÆRÃÃ2ã“Ä†–v‚Ä6öÆBÄvöö@£#rÄÖÆRÃs‚Ã"ãrÄÖöFW&FRÄ6öÆBÄvöö@£3’ÄÖÆRÃSrÃãRÄÆ÷rÄ6öÆBÅö÷ £CbÄfVÖÆRÃbÃ2ã3’ÄÆ÷rÄæ÷&ÖÂÄvöö@£#2ÄfVÖÆRÃbÃBãS‚Ä†–v‚Ä†÷BÄvöö@£3ÄfVÖÆRÃcÃ"ãCRÄÆ÷rÄ†÷BÄvöö@£3ÄfVÖÆRÃSbÃ"ã#RÄÖöFW&FRÄ6öÆBÄvöö@£CÄfVÖÆRÃbÃBã"ÄÖöFW&FRÄ†÷BÄvöö@£CBÄÖÆRÃC’ÃãrÄÖöFW&FRÄ6öÆBÄvöö@£#bÄÖÆRÃcÃãRÄÆ÷rÄæ÷&ÖÂÅö÷ £3"ÄÖÆRÃc’Ã2ãÄ†–v‚Ä6öÆBÄvöö@£c’ÄfVÖÆRÃ“Ã"ãs‚ÄÆ÷rÄæ÷&ÖÂÄvöö@£3rÄfVÖÆRÃsÃ"ã“‚Ä†–v‚Äæ÷&ÖÂÄvöö@£#BÄÖÆRÃƒ’Ã"ãCrÄÖöFW&FRÄ6öÆBÅö÷ £3BÄÖÆRÃƒrÃ"ã“2ÄÖöFW&FRÄæ÷&ÖÂÄvöö@£cBÄfVÖÆRÃƒ‚Ã"ãsrÄÖöFW&FRÄ6öÆBÄvöö@£#’ÄfVÖÆRÃƒÃ2ãcÄ†–v‚Ä†÷BÄvöö@£C"ÄÖÆRÃSrÃ"ã#bÄÆ÷rÄ†÷BÄvöö@£‚ÄÖÆRÃsÃ"ã“Ä†–v‚Äæ÷&ÖÂÄvöö@£#bÄfVÖÆRÃc’Ã2ãS2Ä†–v‚Ä†÷BÄvöö@£S2ÄfVÖÆRÃc"ÃãRÄÆ÷rÄæ÷&ÖÂÅö÷ £SÄfVÖÆRÃcbÃ"ã’ÄÆ÷rÄ6öÆBÄvöö@£#‚ÄfVÖÆRÃsÃ2ã3rÄ†–v‚Äæ÷&ÖÂÄvöö@£SÄÖÆRÃrÃ2ã3’ÄÖöFW&FRÄ6öÆBÄvöö@£SRÄÖÆRÃ“2Ã"ãsrÄÖöFW&FRÄæ÷&ÖÂÅö÷ £3ÄfVÖÆRÃS"ÃãS"ÄÖöFW&FRÄ6öÆBÅö÷ £cÄfVÖÆRÃCrÃãc"ÄÖöFW&FRÄæ÷&ÖÂÄvöö@£#"ÄfVÖÆRÃCRÃãRÄÆ÷rÄæ÷&ÖÂÄvöö@£cÄÖÆRÃÃBãS"Ä†–v‚Ä†÷BÄvöö@£’ÄÖÆRÃsRÃ2ã2ÄÆ÷rÄ†÷BÄvöö@£SRÄfVÖÆRÃÃ"ãs2ÄÆ÷rÄ6öÆBÅö÷ £CÄfVÖÆRÃS‚Ã"ãCBÄÖöFW&FRÄæ÷&ÖÂÄvöö@£CBÄfVÖÆRÃBÃ2ã“rÄ†–v‚Äæ÷&ÖÂÄvöö@£3"ÄfVÖÆRÃÃ2ãs’ÄÖöFW&FRÄæ÷&ÖÂÄvöö@£3ÄfVÖÆRÃSÃ"ãBÄ†–v‚Äæ÷&ÖÂÄvöö@£SRÄfVÖÆRÃS‚Ã"ãS2Ä†–v‚Ä6öÆBÄvöö@£cÄÖÆRÃSbÃãRÄÆ÷rÄ6öÆBÅö÷ £3‚ÄfVÖÆRÃ2Ã2ãcbÄ†–v‚Äæ÷&ÖÂÄvöö@£3rÄfVÖÆRÃƒ’ÃBãcbÄ†–v‚Ä†÷BÄvöö@£#‚ÄfVÖÆRÃBÃ2ãSBÄÖöFW&FRÄæ÷&ÖÂÄvöö@£cÄÖÆRÃSÃãRÄÖöFW&FRÄæ÷&ÖÂÄvöö@£‚ÄfVÖÆRÃcBÃ"ã#‚ÄÆ÷rÄæ÷&ÖÂÄvöö@£cRÄfVÖÆRÃc‚Ã"ã“’Ä†–v‚Ä†÷BÄvöö@£SÄÖÆRÃƒ2Ã2ã#rÄÆ÷rÄ†÷BÄvöö@£c’ÄfVÖÆRÃ“’ÃBãÄÖöFW&FRÄ†÷BÄvöö@£3ÄÖÆRÃc2Ã2ã’Ä†–v‚Ä†÷BÄvöö@£3BÄÖÆRÃ“Ã2ã"Ä†–v‚Ä6öÆBÄvöö@£#"ÄfVÖÆRÃS‚Ã"ãsbÄÆ÷rÄ†÷BÄvöö@£C"ÄÖÆRÃS’Ã2ã3ÄÖöFW&FRÄ†÷BÄvöö@£c"ÄÖÆRÃCrÃã“BÄ†–v‚Äæ÷&ÖÂÄvöö@£#bÄfVÖÆRÃC‚Ã"ã“‚Ä†–v‚Ä†÷BÄvöö@£CBÄÖÆRÃ“BÃBãÄ†–v‚Ä†÷BÄvöö@£C’ÄfVÖÆRÃSÃãRÄÖöFW&FRÄ6öÆBÄvöö@£CÄfVÖÆRÃ“2ÃBãCrÄÖöFW&FRÄ†÷BÄvöö@£#’ÄfVÖÆRÃs"Ã2ã’Ä†–v‚Äæ÷&ÖÂÄvöö@£SÄfVÖÆRÃbÃ"ãS2ÄÆ÷rÄ6öÆBÅö÷ £#"ÄÖÆRÃ“‚Ã2ãs‚Ä†–v‚Ä6öÆBÄvöö@£32ÄfVÖÆRÃƒÃ2ãC2Ä†–v‚Äæ÷&ÖÂÄvöö@£‚ÄfVÖÆRÃ“Ã"ãc"ÄÆ÷rÄæ÷&ÖÂÅö÷ £3RÄfVÖÆRÃƒ‚Ã2ã3rÄ†–v‚Äæ÷&ÖÂÄvöö@£SbÄfVÖÆRÃrÃBã#’Ä†–v‚Äæ÷&ÖÂÄvöö@£cRÄÖÆRÃc"Ã"ã"ÄÖöFW&FRÄ6öÆBÄvöö@£CbÄfVÖÆRÃƒÃ2ãC"ÄÖöFW&FRÄ†÷BÄvöö@£c"ÄfVÖÆRÃcÃãƒrÄÖöFW&FRÄæ÷&ÖÂÄvöö@£S"ÄÖÆRÃ“2ÃBãCbÄ†–v‚Ä†÷BÄvöö@£c’ÄÖÆRÃSBÃãc"ÄÖöFW&FRÄ6öÆBÄvöö@£#’ÄÖÆRÃS2ÃãRÄÆ÷rÄæ÷&ÖÂÅö÷ £‚ÄfVÖÆRÃƒÃ"ãc2ÄÆ÷rÄ†÷BÄvöö@£cBÄÖÆRÃc"Ã"ã‚Ä†–v‚Ä6öÆBÄvöö@£#‚ÄfVÖÆRÃcRÃ2ãSRÄÖöFW&FRÄ†÷BÄvöö@£3‚ÄfVÖÆRÃS2Ã2ãbÄ†–v‚Ä†÷BÄvöö@£#ÄÖÆRÃSbÃã“‚ÄÆ÷rÄ†÷BÄvöö@£3bÄfVÖÆRÃƒ2Ã"ãS‚ÄÆ÷rÄ6öÆBÄvöö@£SÄÖÆRÃ2Ã2ã32ÄÖöFW&FRÄæ÷&ÖÂÄvöö@£#2ÄÖÆRÃsbÃ"ãƒ"ÄÖöFW&FRÄæ÷&ÖÂÄvöö@£CRÄfVÖÆRÃƒRÃ2ã2ÄÖöFW&FRÄ6öÆBÄvöö@£CÄÖÆRÃsÃ2ã#2Ä†–v‚Ä6öÆBÄvöö@£#‚ÄÖÆRÃcbÃ"ã3RÄÖöFW&FRÄ6öÆBÄvöö@£SÄÖÆRÃbÃ2ã’ÄÆ÷rÄæ÷&ÖÂÄvöö@£SBÄfVÖÆRÃsÃ"ãsBÄ†–v‚Äæ÷&ÖÂÄvöö@£SRÄfVÖÆRÃsbÃ2ãCbÄ†–v‚Ä†÷BÄvöö@£C"ÄÖÆRÃsrÃ2ã‚Ä†–v‚Äæ÷&ÖÂÄvöö@£#BÄÖÆRÃcÃ"ã3ÄÖöFW&FRÄ6öÆBÄvöö@£3"ÄÖÆRÃcBÃ"ãCrÄÆ÷rÄ†÷BÄvöö@£#RÄfVÖÆRÃ“’Ã2ã“‚Ä†–v‚Ä6öÆBÄvöö@£#bÄfVÖÆRÃsRÃ2ã3"Ä†–v‚Äæ÷&ÖÂÄvöö@£C’ÄfVÖÆRÃÃRã2Ä†–v‚Ä†÷BÄvöö@£cÄÖÆRÃS2ÃãRÄÆ÷rÄæ÷&ÖÂÅö÷ £crÄÖÆRÃƒÃ"ãƒBÄ†–v‚Ä6öÆBÄvöö@£3rÄÖÆRÃcÃãc‚ÄÆ÷rÄæ÷&ÖÂÅö÷ £3ÄÖÆRÃ“"ÃBãƒrÄ†–v‚Ä†÷BÄvöö@£SBÄÖÆRÃƒbÃãSrÄÆ÷rÄ6öÆBÅö÷ £#‚ÄfVÖÆRÃÃ2ãCBÄÆ÷rÄæ÷&ÖÂÄvöö@£c"ÄÖÆRÃs2Ã"ãs’Ä†–v‚Ä6öÆBÄvöö@£#"ÄfVÖÆRÃcBÃ"ãƒ’ÄÆ÷rÄ†÷BÄvöö@£3RÄfVÖÆRÃBÃBãSrÄÖöFW&FRÄ†÷BÄvöö@£c’ÄÖÆRÃc’Ã2ãBÄ†–v‚Ä†÷BÄvöö@£S’ÄÖÆRÃcBÃãRÄÆ÷rÄ6öÆBÅö÷ £32ÄÖÆRÃs’ÃBã#RÄ†–v‚Ä†÷BÄvöö@£‚ÄÖÆRÃS‚Ã"ã"ÄÖöFW&FRÄæ÷&ÖÂÄvöö@£SRÄfVÖÆRÃS2ÃãRÄÆ÷rÄ6öÆBÅö÷ £3ÄÖÆRÃ2Ã2ãc"Ä†–v‚Äæ÷&ÖÂÄvöö@£c‚ÄfVÖÆRÃc2Ã"ãrÄÖöFW&FRÄæ÷&ÖÂÄvöö@£#rÄfVÖÆRÃƒ"Ã"ãÄÆ÷rÄ6öÆBÅö÷ £cRÄfVÖÆRÃƒRÃ"ãƒrÄ†–v‚Äæ÷&ÖÂÄvöö@£CBÄÖÆRÃS’ÃãSBÄÆ÷rÄ6öÆBÅö÷ £#’ÄfVÖÆRÃS’Ã"ãrÄÖöFW&FRÄ6öÆBÄvöö@£#"ÄfVÖÆRÃƒ‚Ã2ãrÄÆ÷rÄ†÷BÄvöö@£CrÄfVÖÆRÃSbÃ"ã"ÄÆ÷rÄ†÷BÄvöö@£CRÄfVÖÆRÃ“2Ã2ã#’ÄÖöFW&FRÄæ÷&ÖÂÄvöö@£3"ÄfVÖÆRÃSbÃ"ãS2ÄÖöFW&FRÄ†÷BÄvöö@£C’ÄfVÖÆRÃCRÃãƒ2ÄÖöFW&FRÄæ÷&ÖÂÄvöö@£C‚ÄÖÆRÃ“’ÃBã#Ä†–v‚Ä†÷BÄvöö@£SRÄfVÖÆRÃÃ"ãc‚ÄÆ÷rÄæ÷&ÖÂÅö÷ £SÄfVÖÆRÃcÃ"ãƒBÄ†–v‚Äæ÷&ÖÂÄvöö@£CrÄfVÖÆRÃSrÃ2ã3’Ä†–v‚Ä†÷BÄvöö@£C’ÄfVÖÆRÃs‚ÃBã"Ä†–v‚Ä†÷BÄvöö@£#ÄÖÆRÃsÃ"ãcbÄÖöFW&FRÄ6öÆBÄvöö@£CrÄfVÖÆRÃs‚ÃãSRÄÆ÷rÄ6öÆBÅö÷ £C‚ÄÖÆRÃÃ2ãSrÄ†–v‚Ä6öÆBÄvöö@£3ÄÖÆRÃc‚Ã2ã‚Ä†–v‚Ä†÷BÄvöö@£‚ÄfVÖÆRÃS2Ã2ã#rÄÖöFW&FRÄ†÷BÄvöö@£cÄÖÆRÃƒÃ2ãrÄÖöFW&FRÄ†÷BÄvöö@£#"ÄfVÖÆRÃÃ2ã3bÄÆ÷rÄ†÷BÄvöö@£SRÄÖÆRÃSRÃ"ãrÄ†–v‚Äæ÷&ÖÂÄvöö@£#ÄfVÖÆRÃc"Ã"ãÄÆ÷rÄ†÷BÄvöö@£3rÄfVÖÆRÃCrÃ"ã‚ÄÖöFW&FRÄæ÷&ÖÂÄvöö@£#RÄfVÖÆRÃ“’Ã2ã‚ÄÖöFW&FRÄ6öÆBÄvöö@£c2ÄfVÖÆRÃsbÃBãBÄ†–v‚Ä†÷BÄvöö@£cbÄÖÆRÃcÃãRÄÆ÷rÄ6öÆBÅö÷ £3ÄfVÖÆRÃbÃBã2Ä†–v‚Äæ÷&ÖÂÄvöö@£#"ÄfVÖÆRÃƒRÃBãÄ†–v‚Ä†÷BÄvöö@£#bÄfVÖÆRÃƒbÃ2ãC‚Ä†–v‚Äæ÷&ÖÂÄvöö@£3RÄfVÖÆRÃ“"Ã"ã’ÄÖöFW&FRÄæ÷&ÖÂÄvöö@£#rÄfVÖÆRÃcBÃ2ãbÄÖöFW&FRÄ†÷BÄvöö@£CÄÖÆRÃbÃ2ã“BÄÆ÷rÄ†÷BÄvöö@£CÄÖÆRÃ“BÃ2ãSRÄ†–v‚Äæ÷&ÖÂÄvöö@£CBÄfVÖÆRÃƒrÃã“’ÄÆ÷rÄ6öÆBÅö÷ £S2ÄfVÖÆRÃCrÃ"ãƒBÄ†–v‚Ä†÷BÄvöö@£S2ÄfVÖÆRÃƒ’Ã"ãS"ÄÖöFW&FRÄ6öÆBÅö÷ £CbÄfVÖÆRÃsÃ"ãs2ÄÆ÷rÄ†÷BÄvöö@£3’ÄÖÆRÃƒ‚Ã2ãc2ÄÆ÷rÄ†÷BÄvöö@£C’ÄfVÖÆRÃsBÃ2ãBÄ†–v‚Ä6öÆBÄvöö@£c"ÄÖÆRÃcÃã“RÄÖöFW&FRÄæ÷&ÖÂÄvöö@£#bÄfVÖÆRÃC‚Ã"ãÄ†–v‚Ä6öÆBÄvöö@£3rÄÖÆRÃcÃ"ãƒ"ÄÆ÷rÄ†÷BÄvöö@£SbÄÖÆRÃbÃ2ã"ÄÆ÷rÄ†÷BÅö÷ £S’ÄÖÆRÃS2ÃãsBÄÆ÷rÄ†÷BÄvöö@£3bÄÖÆRÃcBÃ2ãSRÄÖöFW&FRÄ†÷BÄvöö@£CBÄfVÖÆRÃsÃBã‚Ä†–v‚Ä†÷BÄvöö@£CÄfVÖÆRÃS"ÃãSRÄÆ÷rÄæ÷&ÖÂÅö÷ £S2ÄÖÆRÃCRÃãS2ÄÖöFW&FRÄæ÷&ÖÂÄvöö@£#’ÄfVÖÆRÃrÃ2ã“’ÄÖöFW&FRÄ†÷BÄvöö@£#2ÄfVÖÆRÃc‚Ã"ã#bÄ†–v‚Ä6öÆBÄvöö@£#BÄÖÆRÃSBÃ"ã#’Ä†–v‚Ä6öÆBÄvöö@£CÄfVÖÆRÃsÃ2ãSBÄ†–v‚Äæ÷&ÖÂÄvöö@£3"ÄÖÆRÃCbÃãcBÄÆ÷rÄæ÷&ÖÂÄvöö@£cRÄÖÆRÃ‚Ã"ã“rÄÆ÷rÄ6öÆBÅö÷ £3RÄfVÖÆRÃcRÃ"ãRÄÖöFW&FRÄæ÷&ÖÂÄvöö@£cÄÖÆRÃCbÃãRÄ†–v‚Ä6öÆBÄvöö@£CÄÖÆRÃcÃãRÄÆ÷rÄæ÷&ÖÂÅö÷ £’ÄfVÖÆRÃ’Ã"ã“‚ÄÆ÷rÄæ÷&ÖÂÅö÷ £SRÄfVÖÆRÃcBÃ"ã#’ÄÆ÷rÄ†÷BÄvöö@£c’ÄfVÖÆRÃSBÃãRÄÆ÷rÄ6öÆBÅö÷ £cBÄfVÖÆRÃCbÃãRÄÆ÷rÄæ÷&ÖÂÄvöö@£32ÄÖÆRÃsÃ"ãcbÄÖöFW&FRÄ6öÆBÄvöö@£3’ÄÖÆRÃsÃ"ãBÄÖöFW&FRÄæ÷&ÖÂÄvöö@£S2ÄÖÆRÃc‚ÃãRÄÆ÷rÄ6öÆBÅö÷ £3BÄfVÖÆRÃs’Ã2ãÄÖöFW&FRÄæ÷&ÖÂÄvöö@£cBÄfVÖÆRÃ2ÃBãRÄ†–v‚Äæ÷&ÖÂÄvöö@£SbÄfVÖÆRÃsÃãc’ÄÆ÷rÄæ÷&ÖÂÅö÷ £CrÄÖÆRÃS’Ãã’ÄÖöFW&FRÄæ÷&ÖÂÄvöö@£#’ÄfVÖÆRÃƒRÃ2ãC"ÄÆ÷rÄ†÷BÄvöö@£#’ÄfVÖÆRÃC‚Ã"ãÄÖöFW&FRÄæ÷&ÖÂÄvöö@£#"ÄfVÖÆRÃCbÃ"ãÄ†–v‚Äæ÷&ÖÂÄvöö@£#bÄÖÆRÃS"ÃãRÄÆ÷rÄ6öÆBÅö÷ £3"ÄfVÖÆRÃƒbÃ2ã2ÄÆ÷rÄæ÷&ÖÂÄvöö@£CbÄfVÖÆRÃ“RÃ"ã“"ÄÖöFW&FRÄæ÷&ÖÂÄvöö@£SÄfVÖÆRÃcbÃ"ãsÄ†–v‚Äæ÷&ÖÂÄvöö@£#rÄfVÖÆRÃ‚Ã"ãs"ÄÆ÷rÄ6öÆBÅö÷ £SbÄÖÆRÃsÃ"ã’ÄÖöFW&FRÄ6öÆBÄvöö@£3‚ÄÖÆRÃsRÃ"ãCÄÆ÷rÄæ÷&ÖÂÄvöö@£SRÄÖÆRÃƒ2Ã2ãsBÄ†–v‚Ä†÷BÄvöö@£‚ÄÖÆRÃSRÃ"ã“‚ÄÖöFW&FRÄ†÷BÄvöö@£SBÄfVÖÆRÃC’ÃãRÄÆ÷rÄæ÷&ÖÂÄvöö@£c"ÄfVÖÆRÃƒbÃ"ãCbÄÆ÷rÄæ÷&ÖÂÅö÷ £#"ÄfVÖÆRÃƒ"ÃBãSRÄ†–v‚Ä†÷BÄvöö@£cbÄfVÖÆRÃs"ÃãRÄÆ÷rÄæ÷&ÖÂÅö÷ £cÄfVÖÆRÃƒRÃ"ãSrÄÆ÷rÄ†÷BÄvöö@£#ÄfVÖÆRÃc’Ã"ãS’Ä†–v‚Ä6öÆBÄvöö@£crÄfVÖÆRÃcÃ"ãSrÄÖöFW&FRÄ†÷BÄvöö@£3bÄÖÆRÃs2Ã"ãsbÄÆ÷rÄ†÷BÄvöö@£S2ÄÖÆRÃƒ’Ã2ãƒ‚ÄÖöFW&FRÄ†÷BÄvöö@£#RÄfVÖÆRÃSBÃãS’ÄÆ÷rÄæ÷&ÖÂÅö÷ £#ÄfVÖÆRÃ“rÃBãcRÄ†–v‚Ä†÷BÄvöö@£C"ÄÖÆRÃcBÃãc’ÄÆ÷rÄæ÷&ÖÂÅö÷ £C’ÄÖÆRÃcbÃ"ã“’Ä†–v‚Äæ÷&ÖÂÄvöö@£#2ÄfVÖÆRÃ“RÃ2ãƒBÄÆ÷rÄ†÷BÄvöö@£#’ÄfVÖÆRÃs"Ã2ãcÄ†–v‚Ä†÷BÄvöö@£3BÄfVÖÆRÃS’Ã"ã"ÄÖöFW&FRÄæ÷&ÖÂÄvöö@£SÄÖÆRÃƒbÃã“rÄÆ÷rÄ6öÆBÅö÷ £c"ÄfVÖÆRÃsBÃ2ãCRÄÖöFW&FRÄ†÷BÄvöö@£CrÄÖÆRÃÃBãCrÄ†–v‚Äæ÷&ÖÂÄvöö@£CÄÖÆRÃ“‚Ã2ãƒRÄÖöFW&FRÄæ÷&ÖÂÄvöö@£cÄÖÆRÃcbÃãS’ÄÆ÷rÄæ÷&ÖÂÅö÷ £CÄÖÆRÃsrÃãƒBÄÆ÷rÄæ÷&ÖÂÅö÷ £#’ÄÖÆRÃsBÃ2ãSbÄ†–v‚Äæ÷&ÖÂÄvöö@£#2ÄfVÖÆRÃSRÃãs’ÄÖöFW&FRÄæ÷&ÖÂÄvöö@£#rÄfVÖÆRÃcÃ"ãSBÄÖöFW&FRÄ†÷BÄvöö@£cÄÖÆRÃc2Ã"ã"Ä†–v‚Ä6öÆBÄvöö@£3"ÄfVÖÆRÃƒ2Ã2ãcBÄÆ÷rÄ†÷BÄvöö@£3’ÄfVÖÆRÃsRÃ"ã“2Ä†–v‚Äæ÷&ÖÂÄvöö@£SRÄfVÖÆRÃ“bÃ"ãc"ÄÖöFW&FRÄ6öÆBÅö÷ £3bÄÖÆRÃs’Ã2ãÄÖöFW&FRÄ6öÆBÄvöö@£3"ÄfVÖÆRÃ“Ã2ãBÄÆ÷rÄ†÷BÄvöö@£3rÄÖÆRÃS2Ã"ãƒbÄÖöFW&FRÄ†÷BÄvöö@£SbÄÖÆRÃCbÃ"ã#BÄ†–v‚Ä6öÆBÄvöö@£3rÄfVÖÆRÃcRÃ2ãÄÆ÷rÄ†÷BÄvöö@£CrÄfVÖÆRÃ“"Ã2ã3RÄÆ÷rÄ†÷BÄvöö@£C2ÄfVÖÆRÃS2ÃãRÄÆ÷rÄæ÷&ÖÂÅö÷ £3‚ÄfVÖÆRÃSbÃ"ãSrÄÆ÷rÄ†÷BÄvöö@£CBÄÖÆRÃc‚Ã2ã#bÄ†–v‚Ä†÷BÄvöö@£CrÄÖÆRÃs"Ã"ã“‚ÄÆ÷rÄ†÷BÄvöö@£#ÄfVÖÆRÃƒÃ2ãƒ‚ÄÖöFW&FRÄ†÷BÄvöö@£CRÄÖÆRÃƒÃ"ã“RÄÆ÷rÄ†÷BÄvöö@£C’ÄÖÆRÃ“BÃBãCrÄ†–v‚Ä†÷BÄvöö@£SbÄfVÖÆRÃsÃã‚ÄÆ÷rÄæ÷&ÖÂÅö÷ £#2ÄÖÆRÃsÃ2ãbÄ†–v‚Äæ÷&ÖÂÄvöö@£c‚ÄfVÖÆRÃƒRÃ"ãbÄÖöFW&FRÄ6öÆBÄvöö@£crÄfVÖÆRÃcRÃ2ã#2ÄÖöFW&FRÄ†÷BÄvöö@£#RÄÖÆRÃc’Ã"ãrÄÖöFW&FRÄæ÷&ÖÂÄvöö@£3"ÄÖÆRÃƒbÃ2ãCBÄÖöFW&FRÄæ÷&ÖÂÄvöö@£#BÄfVÖÆRÃC’Ããc’ÄÆ÷rÄæ÷&ÖÂÄvöö@£C‚ÄfVÖÆRÃc"Ã"ãƒbÄÖöFW&FRÄ†÷BÄvöö@£C"ÄfVÖÆRÃsÃ"ãrÄÖöFW&FRÄ6öÆBÅö÷ £#RÄfVÖÆRÃ"Ã"ã“BÄÆ÷rÄæ÷&ÖÂÅö÷ £CBÄfVÖÆRÃ“2ÃBãSBÄ†–v‚Ä†÷BÄvöö@£cBÄÖÆRÃ“BÃ"ãƒbÄÖöFW&FRÄ6öÆBÄvöö@£’ÄfVÖÆRÃc"ÃãS’ÄÆ÷rÄ6öÆBÅö÷ £SÄfVÖÆRÃƒbÃ"ãƒ‚Ä†–v‚Ä6öÆBÄvöö@£c’ÄÖÆRÃ“2ÃBãS’Ä†–v‚Ä†÷BÄvöö@£#2ÄfVÖÆRÃsBÃ2ãÄ†–v‚Ä6öÆBÄvöö@£CbÄfVÖÆRÃ“RÃ2ãcbÄÆ÷rÄ†÷BÄvöö@£CBÄfVÖÆRÃ“bÃ"ã“BÄÆ÷rÄæ÷&ÖÂÄvöö@£cÄÖÆRÃC‚ÃãRÄÆ÷rÄ6öÆBÄvöö@£32ÄfVÖÆRÃBÃ2ã3rÄ†–v‚Ä6öÆBÄvöö@£#‚ÄfVÖÆRÃS’Ã"ã#"ÄÆ÷rÄ†÷BÄvöö@£CrÄÖÆRÃÃ2ã3rÄÖöFW&FRÄæ÷&ÖÂÄvöö@£‚ÄÖÆRÃc’Ã"ãc’Ä†–v‚Äæ÷&ÖÂÄvöö@£cÄÖÆRÃS‚ÃãRÄÆ÷rÄ6öÆBÅö÷ £cRÄÖÆRÃS‚Ã"ãcrÄ†–v‚Ä†÷BÄvöö@£SÄfVÖÆRÃcÃãc2ÄÖöFW&FRÄæ÷&ÖÂÅö÷ £#rÄÖÆRÃcÃ"ãƒbÄ†–v‚Ä6öÆBÄvöö@£‚ÄfVÖÆRÃ“’Ã2ã3’ÄÖöFW&FRÄ6öÆBÄvöö@£S"ÄfVÖÆRÃƒÃ"ã’ÄÖöFW&FRÄæ÷&ÖÂÄvöö@£#rÄÖÆRÃcbÃ"ã“bÄÖöFW&FRÄ†÷BÄvöö@£#ÄfVÖÆRÃs"Ã2ã"ÄÖöFW&FRÄ†÷BÄvöö@£‚ÄfVÖÆRÃs"Ã2ã#’ÄÆ÷rÄ†÷BÄvöö@£c’ÄÖÆRÃSRÃ"ã#bÄ†–v‚Äæ÷&ÖÂÄvöö@£3rÄÖÆRÃƒRÃ2ã#RÄÖöFW&FRÄæ÷&ÖÂÄvöö@£crÄÖÆRÃBÃ2ãbÄ†–v‚Ä6öÆBÄvöö@£S’ÄÖÆRÃSÃãRÄÆ÷rÄ6öÆBÅö÷ £3RÄfVÖÆRÃSrÃ2ãs’Ä†–v‚Ä†÷BÄvöö@£CrÄÖÆRÃSRÃãSBÄÖöFW&FRÄ6öÆBÅö÷ £C’ÄfVÖÆRÃC’Ã"ãRÄ†–v‚Äæ÷&ÖÂÄvöö@£S"ÄÖÆRÃ“Ã"ãs‚ÄÆ÷rÄæ÷&ÖÂÄvöö@£c2ÄfVÖÆRÃƒ‚Ã"ãc’Ä†–v‚Ä6öÆBÄvöö@£CÄfVÖÆRÃ“’ÃBã‚Ä†–v‚Ä†÷BÄvöö@£S’ÄÖÆRÃ“’Ã2ãBÄÖöFW&FRÄæ÷&ÖÂÄvöö@£CÄÖÆRÃc"Ã"ãsBÄÖöFW&FRÄæ÷&ÖÂÄvöö@£3‚ÄfVÖÆRÃ’Ã2ãc’ÄÆ÷rÄæ÷&ÖÂÄvöö@£cÄÖÆRÃc’Ã"ãs’ÄÆ÷rÄ†÷BÄvöö@£cÄfVÖÆRÃc2Ã"ã#Ä†–v‚Äæ÷&ÖÂÄvöö@£S2ÄÖÆRÃc"Ã"ã#‚Ä†–v‚Ä6öÆBÄvöö@£SÄÖÆRÃSÃ"ã#BÄÆ÷rÄ†÷BÄvöö@£S"ÄÖÆRÃ2Ã2ã3bÄ†–v‚Ä6öÆBÄvöö@£C‚ÄfVÖÆRÃ“bÃ"ãƒRÄÆ÷rÄæ÷&ÖÂÅö÷ £c‚ÄÖÆRÃ“rÃ"ãsRÄÆ÷rÄæ÷&ÖÂÅö÷ £3rÄÖÆRÃS‚Ã2ã#BÄ†–v‚Ä†÷BÄvöö@£crÄfVÖÆRÃÃ2ã‚ÄÖöFW&FRÄ6öÆBÄvöö@£’ÄfVÖÆRÃs‚Ã2ãƒrÄÖöFW&FRÄ†÷BÄvöö@£SÄfVÖÆRÃRÃBã#RÄ†–v‚Äæ÷&ÖÂÄvöö@£c’ÄfVÖÆRÃsBÃ"ã2ÄÆ÷rÄæ÷&ÖÂÅö÷ £32ÄÖÆRÃ2Ã"ã“"ÄÆ÷rÄ6öÆBÅö÷ £CÄÖÆRÃS’Ããc2ÄÆ÷rÄ6öÆBÅö÷ £#‚ÄÖÆRÃƒbÃ2ã2ÄÆ÷rÄ†÷BÄvöö@£3bÄfVÖÆRÃ“’Ã2ã32ÄÆ÷rÄæ÷&ÖÂÄvöö@£S‚ÄÖÆRÃÃBãƒbÄ†–v‚Ä†÷BÄvöö@£‚ÄfVÖÆRÃBÃBã‚Ä†–v‚Ä6öÆBÄvöö@£c2ÄfVÖÆRÃC‚Ãã“’ÄÖöFW&FRÄ†÷BÄvöö@£c’ÄfVÖÆRÃSbÃ2ã#BÄ†–v‚Ä†÷BÄvöö@£CrÄfVÖÆRÃSÃãRÄÆ÷rÄ6öÆBÄvöö@£’ÄÖÆRÃSÃ"ã#2ÄÖöFW&FRÄæ÷&ÖÂÄvöö@£CRÄÖÆRÃƒ"Ã"ã"ÄÆ÷rÄæ÷&ÖÂÅö÷ £3RÄÖÆRÃc2Ããƒ"ÄÆ÷rÄæ÷&ÖÂÅö÷ £C’ÄÖÆRÃ“bÃ2ãC"Ä†–v‚Äæ÷&ÖÂÄvöö@£CÄfVÖÆRÃ"ÃBã’Ä†–v‚Ä6öÆBÄvöö@£SRÄfVÖÆRÃƒ’Ã"ãCbÄÖöFW&FRÄæ÷&ÖÂÅö÷ £#ÄfVÖÆRÃS2ÃãRÄÆ÷rÄæ÷&ÖÂÅö÷ £CrÄÖÆRÃsÃ"ã“BÄÖöFW&FRÄ†÷BÄvöö@£C‚ÄfVÖÆRÃcbÃ"ãƒ’ÄÆ÷rÄ†÷BÄvöö@£3"ÄÖÆRÃ“rÃ"ã“BÄÆ÷rÄ6öÆBÄvöö@£SÄfVÖÆRÃS‚Ã"ãs2Ä†–v‚Ä†÷BÄvöö@£3ÄÖÆRÃ‚Ã2ãsBÄÆ÷rÄ†÷BÄvöö@£S’ÄÖÆRÃrÃ2ã“ÄÖöFW&FRÄ†÷BÄvöö@£SÄÖÆRÃs2Ã"ãsRÄÖöFW&FRÄ†÷BÄvöö@£S2ÄfVÖÆRÃS2Ã"ãRÄ†–v‚Äæ÷&ÖÂÄvöö@£S2ÄÖÆRÃSÃ"ã2Ä†–v‚Ä6öÆBÄvöö@£CÄfVÖÆRÃcÃã“ÄÖöFW&FRÄæ÷&ÖÂÄvöö@£#rÄfVÖÆRÃ2Ã2ãƒBÄ†–v‚Äæ÷&ÖÂÄvöö@£c’ÄfVÖÆRÃCRÃãRÄÆ÷rÄ6öÆBÄvöö@£3bÄÖÆRÃs"Ã"ãC‚Ä†–v‚Ä6öÆBÄvöö@£CrÄÖÆRÃc2Ã"ãƒrÄ†–v‚Äæ÷&ÖÂÄvöö@£C"ÄÖÆRÃs’Ã2ãS’ÄÖöFW&FRÄ†÷BÄvöö@£SbÄÖÆRÃÃ2ãs2Ä†–v‚Ä6öÆBÄvöö@£c"ÄfVÖÆRÃ“Ã"ãsÄÖöFW&FRÄæ÷&ÖÂÄvöö@£C‚ÄfVÖÆRÃsBÃ"ãSRÄÖöFW&FRÄ6öÆBÄvöö@£CrÄÖÆRÃsrÃ2ã#Ä†–v‚Ä6öÆBÄvöö@£cBÄfVÖÆRÃƒ"ÃBã#"Ä†–v‚Ä†÷BÄvöö@£#bÄÖÆRÃsbÃ2ãCÄÖöFW&FRÄ†÷BÄvöö@£3BÄfVÖÆRÃƒÃ2ãRÄ†–v‚Ä6öÆBÄvöö@£#BÄÖÆRÃcBÃã“bÄÆ÷rÄ6öÆBÄvöö@£3RÄfVÖÆRÃrÃBãSBÄÖöFW&FRÄ†÷BÄvöö@£3’ÄfVÖÆRÃ“2Ã2ãS2Ä†–v‚Ä6öÆBÄvöö@£3RÄÖÆRÃSÃ2ãc‚Ä†–v‚Ä†÷BÄvöö@£SrÄfVÖÆRÃc‚Ã"ãSrÄÆ÷rÄ†÷BÄvöö@£#bÄÖÆRÃƒ2Ã"ãƒ‚ÄÖöFW&FRÄ6öÆBÄvöö@£S"ÄÖÆRÃSÃãsbÄÖöFW&FRÄæ÷&ÖÂÄvöö@£CÄfVÖÆRÃrÃ2ãƒRÄ†–v‚Ä6öÆBÄvöö@£S"ÄfVÖÆRÃ‚Ã2ãC"Ä†–v‚Ä6öÆBÄvöö@£CRÄÖÆRÃ"Ã2ãbÄÖöFW&FRÄ6öÆBÄvöö@£c2ÄÖÆRÃƒ‚Ã2ã3RÄÆ÷rÄ†÷BÄvöö@£#ÄfVÖÆRÃS‚Ã2ã#rÄ†–v‚Ä†÷BÄvöö@£3BÄÖÆRÃƒ2Ã2ã#"ÄÆ÷rÄ†÷BÄvöö@£c’ÄÖÆRÃsÃ"ãÄÖöFW&FRÄ6öÆBÅö÷ £3ÄÖÆRÃsRÃ"ãrÄÆ÷rÄæ÷&ÖÂÄvöö@£SrÄÖÆRÃsbÃ"ãSÄÆ÷rÄ†÷BÄvöö@£3BÄfVÖÆRÃ“Ã2ã"ÄÆ÷rÄ†÷BÄvöö@£SÄÖÆRÃƒ2Ã2ãcbÄ†–v‚Ä6öÆBÄvöö@£cBÄfVÖÆRÃƒ"Ã2ãCRÄÖöFW&FRÄ†÷BÄvöö@£S‚ÄfVÖÆRÃ“‚Ã"ã“ÄÖöFW&FRÄ6öÆBÅö÷ £CrÄÖÆRÃC‚Ã"ã32Ä†–v‚Äæ÷&ÖÂÄvöö@£CrÄÖÆRÃƒ‚Ã"ã#’ÄÆ÷rÄæ÷&ÖÂÅö÷ £3ÄÖÆRÃs2Ã2ã‚Ä†–v‚Ä6öÆBÄvöö@£S"ÄfVÖÆRÃ“"Ã"ã#2ÄÆ÷rÄ6öÆBÅö÷ £’ÄÖÆRÃS‚ÃãSBÄÆ÷rÄæ÷&ÖÂÅö÷ £S2ÄfVÖÆRÃs’Ã2ãBÄ†–v‚Äæ÷&ÖÂÄvöö@£CRÄfVÖÆRÃcÃ"ãÄÖöFW&FRÄ6öÆBÄvöö@£C’ÄÖÆRÃcrÃ"ãsÄÆ÷rÄ†÷BÄvöö@£#2ÄfVÖÆRÃC‚Ã"ãÄ†–v‚Ä6öÆBÄvöö@£C‚ÄfVÖÆRÃcbÃ2ã3bÄÖöFW&FRÄ†÷BÄvöö@£3‚ÄÖÆRÃcÃ"ã3RÄÖöFW&FRÄ6öÆBÄvöö@£#BÄÖÆRÃS‚Ã"ã‚Ä†–v‚Ä6öÆBÄvöö@£cbÄÖÆRÃƒÃ2ã#‚Ä†–v‚Ä6öÆBÄvöö@£SbÄfVÖÆRÃC‚ÃãRÄÖöFW&FRÄæ÷&ÖÂÄvöö@£S‚ÄÖÆRÃcbÃ"ãrÄÆ÷rÄ†÷BÄvöö@£3RÄÖÆRÃcrÃ"ãc’ÄÖöFW&FRÄ6öÆBÄvöö@£#ÄfVÖÆRÃc"Ãã“ÄÆ÷rÄæ÷&ÖÂÄvöö@£3‚ÄfVÖÆRÃƒ"Ã2ãCbÄ†–v‚Ä6öÆBÄvöö@£cbÄfVÖÆRÃƒRÃ2ã#bÄ†–v‚Ä6öÆBÄvöö@£#ÄfVÖÆRÃSrÃ"ãƒ"Ä†–v‚Äæ÷&ÖÂÄvöö@£S"ÄÖÆRÃ’ÃBã’ÄÖöFW&FRÄ†÷BÄvöö@£SbÄfVÖÆRÃS‚Ã"ãrÄ†–v‚Äæ÷&ÖÂÄvöö@£3ÄÖÆRÃsÃ"ãcRÄ†–v‚Ä6öÆBÄvöö@£#ÄÖÆRÃƒ2ÃBãBÄÖöFW&FRÄ†÷BÄvöö@£SÄÖÆRÃƒ2Ã"ãsÄÆ÷rÄ†÷BÄvöö@£cBÄfVÖÆRÃcrÃã“RÄ†–v‚Ä6öÆBÅö÷ £C2ÄfVÖÆRÃcBÃãƒbÄÆ÷rÄ6öÆBÅö÷ £cÄfVÖÆRÃc"Ã"ãBÄÖöFW&FRÄ6öÆBÄvöö@£C"ÄfVÖÆRÃCRÃ"ã2ÄÖöFW&FRÄæ÷&ÖÂÄvöö@£#BÄfVÖÆRÃ“ÃBã‚ÄÖöFW&FRÄ†÷BÄvöö@£3’ÄÖÆRÃƒÃ2ã3"ÄÖöFW&FRÄ†÷BÄvöö@£SBÄfVÖÆRÃ"Ã2ã"ÄÖöFW&FRÄæ÷&ÖÂÅö÷ £#2ÄÖÆRÃcrÃ"ã“‚Ä†–v‚Äæ÷&ÖÂÄvöö@£cÄÖÆRÃRÃ2ãbÄ†–v‚Ä6öÆBÄvöö@£c’ÄÖÆRÃs‚Ã"ãcbÄÖöFW&FRÄ6öÆBÄvöö@£3RÄfVÖÆRÃs’Ã"ãCrÄÆ÷rÄæ÷&ÖÂÄvöö@£S‚ÄÖÆRÃSÃãcbÄÖöFW&FRÄæ÷&ÖÂÄvöö@£3’ÄfVÖÆRÃƒ2Ã2ãS2ÄÆ÷rÄ†÷BÄvöö@£c’ÄfVÖÆRÃc2Ã"ãÄÖöFW&FRÄ6öÆBÄvöö@£3BÄfVÖÆRÃƒ’Ã2ãs’Ä†–v‚Ä6öÆBÄvöö@£CÄÖÆRÃ“’Ã2ã3RÄ†–v‚Ä6öÆBÄvöö@£cRÄÖÆRÃSbÃ"ãCBÄÖöFW&FRÄ†÷BÄvöö@£CbÄÖÆRÃRÃ2ãcÄÆ÷rÄæ÷&ÖÂÄvöö@£SÄfVÖÆRÃ“2Ã2ãSRÄ†–v‚Ä6öÆBÄvöö@£#’ÄfVÖÆRÃc‚Ããƒ‚ÄÆ÷rÄ6öÆBÅö÷ £cÄÖÆRÃÃ2ãcrÄÖöFW&FRÄæ÷&ÖÂÄvöö@£#BÄÖÆRÃcBÃ"ã#"ÄÖöFW&FRÄæ÷&ÖÂÄvöö@£#‚ÄfVÖÆRÃ“BÃ2ãƒRÄ†–v‚Äæ÷&ÖÂÄvöö@£3"ÄfVÖÆRÃsRÃ"ã“2Ä†–v‚Äæ÷&ÖÂÄvöö@£cRÄfVÖÆRÃc2Ã"ãSbÄÆ÷rÄ†÷BÄvöö@£3’ÄÖÆRÃs"Ã"ãCRÄÖöFW&FRÄæ÷&ÖÂÄvöö@£SÄÖÆRÃƒ’ÃBã‚Ä†–v‚Äæ÷&ÖÂÄvöö@£c‚ÄÖÆRÃrÃBã"Ä†–v‚Äæ÷&ÖÂÄvöö@£‚ÄÖÆRÃbÃBãcÄ†–v‚Ä†÷BÄvöö@£S’ÄfVÖÆRÃCrÃã‚ÄÖöFW&FRÄæ÷&ÖÂÄvöö@£cÄfVÖÆRÃC’Ã"ãsbÄ†–v‚Ä†÷BÄvöö@£cRÄfVÖÆRÃS‚Ãã“2ÄÆ÷rÄ†÷BÄvöö@£CrÄfVÖÆRÃƒ’Ã"ãcÄÆ÷rÄæ÷&ÖÂÅö÷ £#’ÄfVÖÆRÃƒ‚Ã2ã“2Ä†–v‚Ä†÷BÄvöö@£S’ÄÖÆRÃcRÃãRÄÖöFW&FRÄ6öÆBÅö÷ £’ÄfVÖÆRÃcRÃ2ã32Ä†–v‚Ä†÷BÄvöö@£CBÄÖÆRÃcÃãs’ÄÆ÷rÄæ÷&ÖÂÅö÷ £3"ÄÖÆRÃsrÃ"ã“BÄ†–v‚Ä6öÆBÄvöö@£3ÄÖÆRÃ“ÃBãS2Ä†–v‚Ä†÷BÄvöö@£C2ÄÖÆRÃ“"Ã"ã“BÄÖöFW&FRÄ6öÆBÄvöö@£cRÄÖÆRÃc"Ããc2ÄÖöFW&FRÄæ÷&ÖÂÅö÷ £#ÄÖÆRÃsrÃBã3’Ä†–v‚Ä†÷BÄvöö@£3ÄfVÖÆRÃ"Ã2ã3rÄÖöFW&FRÄ6öÆBÄvöö@£‚ÄÖÆRÃƒbÃBãSrÄ†–v‚Ä†÷BÄvöö@£C"ÄÖÆRÃƒBÃ2ã2Ä†–v‚Äæ÷&ÖÂÄvöö@£3‚ÄfVÖÆRÃsrÃ2ãCBÄÆ÷rÄ†÷BÄvöö@£S’ÄfVÖÆRÃƒÃ"ã#RÄÆ÷rÄ6öÆBÅö÷ £3ÄfVÖÆRÃsÃ"ãC’ÄÖöFW&FRÄ6öÆBÄvöö@£SbÄfVÖÆRÃ“Ã"ãS2ÄÖöFW&FRÄ6öÆBÅö÷ £CRÄfVÖÆRÃÃ"ãC2ÄÆ÷rÄ6öÆBÅö÷ £CÄÖÆRÃƒ’Ã"ãS‚ÄÖöFW&FRÄ6öÆBÅö÷ £cÄÖÆRÃc2ÃãRÄÆ÷rÄ6öÆBÅö÷ £‚ÄfVÖÆRÃc2Ã2ã#rÄ†–v‚Ä†÷BÄvöö@£CbÄfVÖÆRÃc2Ã2ãƒBÄ†–v‚Ä†÷BÄvöö@£C"ÄfVÖÆRÃƒ2Ã2ã2Ä†–v‚Äæ÷&ÖÂÄvöö@£3"ÄfVÖÆRÃc’Ã"ãc2ÄÖöFW&FRÄ6öÆBÄvöö@£cÄÖÆRÃCRÃ"ã"ÄÖöFW&FRÄ†÷BÄvöö@£3‚ÄfVÖÆRÃƒrÃ2ã“rÄÖöFW&FRÄ†÷BÄvöö@£3BÄfVÖÆRÃSrÃ"ã2ÄÖöFW&FRÄ6öÆBÄvöö@£S‚ÄfVÖÆRÃSBÃ"ãC‚ÄÖöFW&FRÄ†÷BÄvöö@£#rÄfVÖÆRÃ“Ã2ãcRÄ†–v‚Ä6öÆBÄvöö@£c2ÄÖÆRÃ“‚Ã"ãCBÄÆ÷rÄ6öÆBÅö÷ £#ÄfVÖÆRÃCRÃ"ã3BÄÖöFW&FRÄæ÷&ÖÂÄvöö@£C"ÄfVÖÆRÃS2Ã"ãsbÄÆ÷rÄ†÷BÄvöö@£#BÄfVÖÆRÃsÃ2ãÄ†–v‚Äæ÷&ÖÂÄvöö@£3RÄÖÆRÃ’Ã2ã“2ÄÖöFW&FRÄ6öÆBÄvöö@£#rÄÖÆRÃSRÃ2ãSBÄ†–v‚Ä†÷BÄvöö@£S2ÄfVÖÆRÃÃ2ã#’ÄÖöFW&FRÄ6öÆBÄvöö@£#RÄÖÆRÃs’Ã2ãsbÄÖöFW&FRÄ†÷BÄvöö@£CbÄÖÆRÃbÃBãC2ÄÖöFW&FRÄ†÷BÄvöö@£#RÄfVÖÆRÃRÃ2ã3rÄÖöFW&FRÄ6öÆBÄvöö@£S"ÄfVÖÆRÃƒÃã“"ÄÆ÷rÄæ÷&ÖÂÅö÷ £cÄfVÖÆRÃcRÃãcrÄÖöFW&FRÄæ÷&ÖÂÅö÷ £32ÄÖÆRÃ“rÃ2ãs"Ä†–v‚Ä6öÆBÄvöö@£C‚ÄfVÖÆRÃƒ"Ã"ã#’ÄÆ÷rÄ6öÆBÅö÷ £cRÄfVÖÆRÃc2Ã"ã#"ÄÖöFW&FRÄ6öÆBÄvöö@£#rÄfVÖÆRÃsÃ"ãBÄÆ÷rÄ6öÆBÅö÷ £c"ÄfVÖÆRÃƒ’Ã"ãsrÄ†–v‚Ä6öÆBÄvöö@£S2ÄÖÆRÃc"Ã"ã"Ä†–v‚Ä6öÆBÄvöö@£SRÄÖÆRÃS’Ã"ãÄÆ÷rÄ†÷BÄvöö@£SBÄÖÆRÃ“Ã2ãsRÄ†–v‚Ä†÷BÄvöö@£32ÄfVÖÆRÃ“’ÃBãrÄÖöFW&FRÄ†÷BÄvöö@£S‚ÄfVÖÆRÃcÃ"ã3rÄ†–v‚Äæ÷&ÖÂÄvöö@£#bÄfVÖÆRÃ‚Ã2ãc’Ä†–v‚Ä6öÆBÄvöö@£C‚ÄfVÖÆRÃCrÃ"ãcBÄÖöFW&FRÄ†÷BÄvöö@£cbÄfVÖÆRÃs"Ã"ãS2ÄÖöFW&FRÄ6öÆBÄvöö@£SrÄÖÆRÃÃã“’ÄÆ÷rÄ6öÆBÅö÷ £32ÄÖÆRÃs‚Ã2ãSrÄ†–v‚Äæ÷&ÖÂÄvöö@£cÄfVÖÆRÃSRÃãƒ2ÄÖöFW&FRÄæ÷&ÖÂÄvöö@£3rÄÖÆRÃc’Ã2ã“‚Ä†–v‚Ä†÷BÄvöö@£C2ÄfVÖÆRÃC‚ÃãRÄÆ÷rÄ6öÆBÄvöö@£3RÄfVÖÆRÃSrÃ2ãrÄ†–v‚Ä†÷BÄvöö@£cBÄÖÆRÃsrÃ"ãƒrÄÖöFW&FRÄ†÷BÄvöö@£S’ÄfVÖÆRÃsRÃ2ã2Ä†–v‚Äæ÷&ÖÂÄvöö@£c’ÄÖÆRÃcÃãRÄÆ÷rÄ6öÆBÅö÷ £S2ÄfVÖÆRÃÃ"ã’ÄÖöFW&FRÄæ÷&ÖÂÅö÷ £cRÄÖÆRÃ"Ã2ãRÄ†–v‚Äæ÷&ÖÂÄvöö@£3"ÄÖÆRÃcRÃ"ã#BÄÆ÷rÄæ÷&ÖÂÄvöö@£#BÄÖÆRÃ“bÃ2ã#RÄÖöFW&FRÄ6öÆBÄvöö@£3’ÄÖÆRÃ“Ã"ãSbÄÆ÷rÄ6öÆBÅö÷ £C2ÄfVÖÆRÃƒ‚ÃBãCBÄ†–v‚Ä†÷BÄvöö@£c’ÄÖÆRÃs’Ã2ãÄÖöFW&FRÄ†÷BÄvöö@£cBÄÖÆRÃcÃãc2ÄÖöFW&FRÄ6öÆBÅö÷ £’ÄÖÆRÃƒ"Ã"ã‚ÄÖöFW&FRÄ6öÆBÄvöö@£crÄÖÆRÃÃ"ãCRÄÆ÷rÄæ÷&ÖÂÅö÷ £3’ÄÖÆRÃbÃ2ãs"ÄÖöFW&FRÄæ÷&ÖÂÄvöö@£’ÄfVÖÆRÃBÃ"ã“RÄÖöFW&FRÄ6öÆBÅö÷ £CrÄfVÖÆRÃƒ2Ã2ãC‚ÄÖöFW&FRÄ†÷BÄvöö@£SbÄÖÆRÃSÃãRÄÖöFW&FRÄæ÷&ÖÂÄvöö@£cRÄÖÆRÃCRÃãs‚Ä†–v‚Ä6öÆBÄvöö@£C2ÄfVÖÆRÃc"Ã"ã32ÄÆ÷rÄæ÷&ÖÂÄvöö@£#‚ÄÖÆRÃƒ‚Ã"ãƒRÄÆ÷rÄ†÷BÄvöö@£3ÄfVÖÆRÃsRÃ"ã2ÄÖöFW&FRÄ6öÆBÄvöö@£S2ÄfVÖÆRÃsBÃãRÄÆ÷rÄ6öÆBÅö÷ £cBÄÖÆRÃcÃ"ã“rÄ†–v‚Äæ÷&ÖÂÄvöö@£3ÄfVÖÆRÃS‚ÃãSBÄÖöFW&FRÄ6öÆBÅö÷ £#‚ÄfVÖÆRÃCRÃ"ã#bÄÖöFW&FRÄ†÷BÄvöö@£#RÄfVÖÆRÃS"ÃãRÄÆ÷rÄ6öÆBÅö÷ £3RÄÖÆRÃSrÃ"ã3bÄ†–v‚Ä6öÆBÄvöö@£C2ÄfVÖÆRÃS2Ãã“‚ÄÖöFW&FRÄæ÷&ÖÂÄvöö@£C‚ÄfVÖÆRÃS2Ã"ã#rÄÆ÷rÄ†÷BÄvöö@£c’ÄfVÖÆRÃsrÃ"ãƒbÄ†–v‚Ä6öÆBÄvöö@£c’ÄÖÆRÃƒBÃ2ãS’Ä†–v‚Ä†÷BÄvöö@£#ÄÖÆRÃ“2Ã2ã3"Ä†–v‚Ä6öÆBÄvöö@£#2ÄÖÆRÃsrÃ"ãÄÆ÷rÄ6öÆBÅö÷ £3RÄÖÆRÃCrÃ2ã3‚Ä†–v‚Ä†÷BÄvöö@£’ÄÖÆRÃ’ÃBãƒ2ÄÖöFW&FRÄ†÷BÄvöö@£#ÄÖÆRÃs’Ã2ã“‚Ä†–v‚Ä†÷BÄvöö@£CbÄfVÖÆRÃƒÃ2ãÄÖöFW&FRÄ†÷BÄvöö@£cbÄfVÖÆRÃSÃ"ã3bÄÆ÷rÄ†÷BÄvöö@£c"ÄÖÆRÃ“‚Ã"ã“‚Ä†–v‚Ä6öÆBÄvöö@£3‚ÄÖÆRÃs‚Ã"ãS"ÄÖöFW&FRÄ6öÆBÄvöö@£cRÄfVÖÆRÃsrÃ"ãc"ÄÖöFW&FRÄæ÷&ÖÂÄvöö@£#"ÄÖÆRÃCRÃ"ãS‚Ä†–v‚Ä†÷BÄvöö@£C"ÄfVÖÆRÃC‚Ã2ãÄÖöFW&FRÄ†÷BÄvöö@£cbÄfVÖÆRÃSBÃ"ã‚ÄÆ÷rÄ†÷BÄvöö@£#ÄfVÖÆRÃS’ÃãRÄÆ÷rÄ6öÆBÅö÷ £cÄfVÖÆRÃs’ÃãRÄÆ÷rÄ6öÆBÅö÷ £SÄfVÖÆRÃƒbÃ"ãC2ÄÆ÷rÄ6öÆBÅö÷ £3bÄfVÖÆRÃ‚Ã2ã’ÄÆ÷rÄ6öÆBÅö÷ £CbÄfVÖÆRÃSÃã“‚ÄÖöFW&FRÄæ÷&ÖÂÄvöö@£SbÄfVÖÆRÃSÃãRÄÆ÷rÄ†÷BÄvöö@£C2ÄÖÆRÃc"Ããc"ÄÆ÷rÄæ÷&ÖÂÅö÷ £SRÄfVÖÆRÃcbÃ"ã“‚ÄÖöFW&FRÄ†÷BÄvöö@£#bÄfVÖÆRÃSBÃ2ãsrÄ†–v‚Ä†÷BÄvöö@£#bÄÖÆRÃS2Ããs’Ä†–v‚Ä6öÆBÄvöö@£C’ÄfVÖÆRÃs’Ã"ãcÄÆ÷rÄæ÷&ÖÂÄvöö@£c"ÄfVÖÆRÃsBÃ"ã3RÄ†–v‚Ä6öÆBÄvöö@£#ÄfVÖÆRÃS‚ÃãsrÄÆ÷rÄ6öÆBÄvöö@£SbÄÖÆRÃcRÃ"ãbÄÖöFW&FRÄæ÷&ÖÂÄvöö@£#2ÄfVÖÆRÃ“’Ã2ãs"Ä†–v‚Ä6öÆBÄvöö@£C"ÄfVÖÆRÃC‚ÃãRÄÆ÷rÄæ÷&ÖÂÄvöö@£C"ÄfVÖÆRÃs‚Ã"ãsBÄÆ÷rÄ†÷BÄvöö@£c2ÄÖÆRÃÃBãRÄÖöFW&FRÄ†÷BÄvöö@£#‚ÄfVÖÆRÃsÃ2ãÄ†–v‚Äæ÷&ÖÂÄvöö@£S"ÄfVÖÆRÃcÃ"ã“bÄ†–v‚Ä†÷BÄvöö@£3rÄfVÖÆRÃS’Ã2ã#Ä†–v‚Ä†÷BÄvöö@£#RÄÖÆRÃc‚Ã"ãC2ÄÖöFW&FRÄ6öÆBÄvöö@£32ÄÖÆRÃƒ‚Ã2ãrÄ†–v‚Ä6öÆBÄvöö@£c2ÄÖÆRÃ“RÃ"ã#bÄÖöFW&FRÄ6öÆBÅö÷ £C’ÄÖÆRÃc’Ã"ãÄÖöFW&FRÄ6öÆBÅö÷ £SBÄfVÖÆRÃCrÃã‚ÄÖöFW&FRÄ6öÆBÄvöö@£CÄfVÖÆRÃsrÃ2ãƒbÄÖöFW&FRÄ†÷BÄvöö@£C"ÄfVÖÆRÃrÃBãS‚ÄÖöFW&FRÄ†÷BÄvöö@£3‚ÄÖÆRÃ2Ã"ãƒ‚ÄÆ÷rÄæ÷&ÖÂÅö÷ £CrÄÖÆRÃBÃ"ãbÄÆ÷rÄ6öÆBÅö÷ £S’ÄfVÖÆRÃ‚Ã"ã“’ÄÆ÷rÄ6öÆBÅö÷ £SRÄfVÖÆRÃS"ÃãRÄÆ÷rÄ6öÆBÅö÷ £C2ÄfVÖÆRÃSBÃãRÄÆ÷rÄæ÷&ÖÂÅö÷ £#ÄfVÖÆRÃsRÃBã32Ä†–v‚Ä†÷BÄvöö@£#RÄfVÖÆRÃ“bÃ2ã3bÄÖöFW&FRÄæ÷&ÖÂÄvöö@£3rÄfVÖÆRÃ“ÃBãC’Ä†–v‚Ä†÷BÄvöö@£c‚ÄÖÆRÃ"Ã"ãSRÄÖöFW&FRÄ6öÆBÅö÷ £SbÄÖÆRÃSRÃ"ã3RÄÆ÷rÄ†÷BÄvöö@£#rÄfVÖÆRÃ“‚Ã2ãSÄ†–v‚Äæ÷&ÖÂÄvöö@£CrÄfVÖÆRÃS’Ã"ã’ÄÖöFW&FRÄæ÷&ÖÂÄvöö@£SRÄfVÖÆRÃƒBÃ"ãSbÄÖöFW&FRÄ6öÆBÄvöö@£#"ÄÖÆRÃcBÃ"ãS2ÄÆ÷rÄ†÷BÄvöö@£c2ÄÖÆRÃ“2ÃBãS"Ä†–v‚Ä†÷BÄvöö@£’ÄÖÆRÃc2Ã2ãBÄ†–v‚Äæ÷&ÖÂÄvöö@£3ÄÖÆRÃSÃãSRÄÖöFW&FRÄ6öÆBÄvöö@£#rÄfVÖÆRÃcbÃ"ãrÄÖöFW&FRÄ6öÆBÄvöö@£#’ÄfVÖÆRÃc‚Ã"ãc’Ä†–v‚Ä6öÆBÄvöö@£CÄÖÆRÃsÃ2ã#rÄ†–v‚Ä6öÆBÄvöö@£3RÄfVÖÆRÃƒrÃBãÄÖöFW&FRÄ†÷BÄvöö@£c"ÄÖÆRÃc’Ã"ãS"Ä†–v‚Ä6öÆBÄvöö@£32ÄfVÖÆRÃ“’Ã"ã32ÄÆ÷rÄ6öÆBÅö÷ £CbÄfVÖÆRÃ‚Ã2ã"ÄÆ÷rÄ6öÆBÅö÷ £c"ÄÖÆRÃsÃ"ã“BÄÆ÷rÄ†÷BÄvöö@£crÄfVÖÆRÃsÃ"ãS"Ä†–v‚Äæ÷&ÖÂÄvöö@£32ÄfVÖÆRÃs2Ã"ã‚ÄÆ÷rÄ†÷BÄvöö@£#BÄfVÖÆRÃs‚Ã2ãÄ†–v‚Ä6öÆBÄvöö@£#RÄfVÖÆRÃƒrÃãƒ2ÄÆ÷rÄ6öÆBÅö÷ £#rÄfVÖÆRÃCRÃãRÄÆ÷rÄ6öÆBÄvöö@£#BÄÖÆRÃÃ2ãRÄÖöFW&FRÄæ÷&ÖÂÄvöö@£CÄÖÆRÃs’Ã"ã#bÄÖöFW&FRÄ6öÆBÅö÷ £#ÄfVÖÆRÃƒ‚Ã"ã3ÄÆ÷rÄæ÷&ÖÂÅö÷ £cÄfVÖÆRÃc‚Ãã“RÄ†–v‚Ä6öÆBÅö÷ £CBÄfVÖÆRÃ“BÃBã2Ä†–v‚Äæ÷&ÖÂÄvöö@£CrÄÖÆRÃs"ÃãƒbÄÆ÷rÄ6öÆBÅö÷ £SbÄÖÆRÃƒ’Ã2ãBÄ†–v‚Ä6öÆBÄvöö@£c"ÄfVÖÆRÃsÃãƒ"ÄÆ÷rÄæ÷&ÖÂÅö÷ £cbÄÖÆRÃc"Ããƒ’ÄÖöFW&FRÄæ÷&ÖÂÄvöö@£3RÄÖÆRÃ“Ã2ãƒ"Ä†–v‚Ä6öÆBÄvöö@£SbÄfVÖÆRÃcrÃ"ãƒ‚ÄÆ÷rÄ†÷BÄvöö@£CRÄÖÆRÃƒ‚Ã2ã"ÄÖöFW&FRÄ6öÆBÄvöö@£#’ÄfVÖÆRÃƒÃ"ãRÄÆ÷rÄæ÷&ÖÂÅö÷ £#BÄfVÖÆRÃ“bÃBãÄÆ÷rÄ†÷BÄvöö@£SBÄÖÆRÃS‚Ããƒ‚Ä†–v‚Ä6öÆBÄvöö@£c‚ÄfVÖÆRÃ“’Ã2ã‚Ä†–v‚Ä6öÆBÄvöö@£3’ÄÖÆRÃ“2Ã"ãC‚ÄÆ÷rÄ6öÆBÅö÷ £c2ÄÖÆRÃ“rÃ2ãÄÆ÷rÄ†÷BÄvöö@£C‚ÄÖÆRÃSBÃ"ãÄ†–v‚Ä6öÆBÄvöö@£’ÄfVÖÆRÃrÃBãrÄÖöFW&FRÄæ÷&ÖÂÄvöö@£32ÄÖÆRÃcÃ"ãC"Ä†–v‚Ä6öÆBÄvöö@£3RÄfVÖÆRÃƒbÃ2ãbÄ†–v‚Äæ÷&ÖÂÄvöö@£crÄfVÖÆRÃ“2Ã"ã3ÄÆ÷rÄæ÷&ÖÂÅö÷ £c’ÄfVÖÆRÃC’ÃãRÄÆ÷rÄæ÷&ÖÂÄvöö@£cÄfVÖÆRÃc’Ã"ãS’ÄÖöFW&FRÄæ÷&ÖÂÄvöö@£CÄfVÖÆRÃSBÃ"ãrÄÖöFW&FRÄ†÷BÄvöö@£#bÄfVÖÆRÃc"Ã"ãRÄÖöFW&FRÄæ÷&ÖÂÄvöö@£#rÄfVÖÆRÃsÃBã#2Ä†–v‚Ä†÷BÄvöö@£3RÄÖÆRÃSÃ"ãc2ÄÖöFW&FRÄ†÷BÄvöö@£#rÄfVÖÆRÃsÃ"ã’ÄÖöFW&FRÄæ÷&ÖÂÄvöö@£#’ÄÖÆRÃ“’ÃBãCrÄ†–v‚Äæ÷&ÖÂÄvöö@£#ÄÖÆRÃsÃ"ãC‚ÄÆ÷rÄ†÷BÄvöö@£c2ÄÖÆRÃSRÃã“‚Ä†–v‚Ä6öÆBÄvöö@£#RÄfVÖÆRÃcBÃ"ãƒrÄÖöFW&FRÄæ÷&ÖÂÄvöö@£S‚ÄÖÆRÃSrÃã“2ÄÖöFW&FRÄæ÷&ÖÂÄvöö@£SÄfVÖÆRÃCrÃ2ã’Ä†–v‚Ä†÷BÄvöö@£SÄÖÆRÃÃ2ã#Ä†–v‚Ä6öÆBÄvöö@£#rÄfVÖÆRÃ“Ã2ãÄÆ÷rÄæ÷&ÖÂÄvöö@£S‚ÄÖÆRÃƒÃ2ã#bÄÖöFW&FRÄ†÷BÄvöö@£‚ÄÖÆRÃ“RÃ"ãsbÄÆ÷rÄæ÷&ÖÂÅö÷ £cÄÖÆRÃcBÃ"ãBÄ†–v‚Ä6öÆBÄvöö@£S‚ÄÖÆRÃsbÃãS2ÄÆ÷rÄ6öÆBÅö÷ £CbÄfVÖÆRÃ“Ã2ã#"Ä†–v‚Äæ÷&ÖÂÄvöö@£S"ÄÖÆRÃ“bÃ2ã‚ÄÖöFW&FRÄ†÷BÄvöö@£3BÄfVÖÆRÃ“RÃBã3’Ä†–v‚Ä†÷BÄvöö@£3rÄÖÆRÃcÃ2ã"ÄÖöFW&FRÄ†÷BÄvöö@£#‚ÄÖÆRÃcBÃ"ã“BÄÖöFW&FRÄ†÷BÄvöö@£cbÄfVÖÆRÃƒbÃ"ã“"ÄÖöFW&FRÄæ÷&ÖÂÄvöö@£c"ÄÖÆRÃs’Ã2ã"Ä†–v‚Äæ÷&ÖÂÄvöö@£SBÄfVÖÆRÃ“BÃ2ãS2ÄÆ÷rÄ†÷BÄvöö@£32ÄÖÆRÃS2Ã2ã3"Ä†–v‚Ä†÷BÄvöö@£c‚ÄÖÆRÃ“Ã2ãC’ÄÖöFW&FRÄ†÷BÄvöö@£c‚ÄÖÆRÃcRÃ"ã“rÄ†–v‚Ä†÷BÄvöö@£cÄÖÆRÃsÃ"ã#"ÄÖöFW&FRÄæ÷&ÖÂÄvöö@£#ÄfVÖÆRÃSRÃ"ã#"ÄÖöFW&FRÄæ÷&ÖÂÄvöö@£#’ÄÖÆRÃ’Ã"ãSbÄÆ÷rÄ6öÆBÅö÷ £‚ÄfVÖÆRÃs‚Ã2ã2Ä†–v‚Äæ÷&ÖÂÄvöö@£32ÄÖÆRÃS‚Ã"ãƒRÄÆ÷rÄ†÷BÄvöö@£cbÄÖÆRÃRÃ2ãS"ÄÖöFW&FRÄæ÷&ÖÂÄvöö@£3ÄfVÖÆRÃƒ’Ã2ãCRÄ†–v‚Äæ÷&ÖÂÄvöö@£SÄfVÖÆRÃbÃ"ãSbÄÆ÷rÄ6öÆBÅö÷ £3BÄfVÖÆRÃSrÃã“bÄÆ÷rÄ†÷BÄvöö@£CrÄÖÆRÃƒ2Ã"ãSRÄÆ÷rÄæ÷&ÖÂÄvöö@£#2ÄfVÖÆRÃSbÃ"ãƒ‚ÄÖöFW&FRÄ†÷BÄvöö@£3"ÄÖÆRÃ“bÃ2ãcrÄ†–v‚Ä6öÆBÄvöö@£CrÄÖÆRÃƒ"Ã2ãRÄÖöFW&FRÄæ÷&ÖÂÄvöö@£c"ÄfVÖÆRÃSÃãƒ"Ä†–v‚Äæ÷&ÖÂÄvöö@£SrÄÖÆRÃRÃ2ãBÄÆ÷rÄæ÷&ÖÂÅö÷ £’ÄÖÆRÃ’Ã2ãƒRÄ†–v‚Ä6öÆBÄvöö@£S’ÄÖÆRÃs’Ã"ã“bÄÖöFW&FRÄæ÷&ÖÂÄvöö@£’ÄfVÖÆRÃc’Ã"ã#RÄÖöFW&FRÄ6öÆBÄvöö@£S"ÄÖÆRÃ“rÃ2ãƒbÄÖöFW&FRÄ†÷BÄvöö@£SÄÖÆRÃS"Ã"ã"ÄÖöFW&FRÄ6öÆBÄvöö@£CÄÖÆRÃs‚Ã"ãcRÄÆ÷rÄ†÷BÄvöö@£C’ÄÖÆRÃCRÃ2ã3rÄ†–v‚Ä†÷BÄvöö@£cRÄÖÆRÃc‚Ãã“’ÄÖöFW&FRÄ6öÆBÅö÷ £3RÄÖÆRÃÃBã"ÄÖöFW&FRÄ†÷BÄvöö@£C’ÄÖÆRÃSBÃ"ã‚ÄÆ÷rÄæ÷&ÖÂÄvöö@£#rÄfVÖÆRÃs‚Ã2ãBÄ†–v‚Äæ÷&ÖÂÄvöö@£SÄÖÆRÃÃ2ãrÄ†–v‚Ä6öÆBÄvöö@£#’ÄÖÆRÃsbÃ2ãCbÄ†–v‚Ä6öÆBÄvöö@£3bÄfVÖÆRÃƒ’ÃBãBÄÖöFW&FRÄ†÷BÄvöö@£c‚ÄfVÖÆRÃ“’Ã"ã2ÄÆ÷rÄ6öÆBÅö÷ £C’ÄfVÖÆRÃS‚Ã"ã“Ä†–v‚Äæ÷&ÖÂÄvöö@£#rÄÖÆRÃ2Ã2ã“2Ä†–v‚Äæ÷&ÖÂÄvöö@£C‚ÄÖÆRÃs2Ã"ã“’Ä†–v‚Ä6öÆBÄvöö@£c"ÄfVÖÆRÃ“Ã2ãcÄÆ÷rÄ†÷BÄvöö@£CbÄÖÆRÃsRÃãƒbÄÆ÷rÄæ÷&ÖÂÅö÷ £c’ÄfVÖÆRÃCbÃãRÄÖöFW&FRÄæ÷&ÖÂÄvöö@£SBÄÖÆRÃ“"Ã"ãsÄÖöFW&FRÄ6öÆBÅö÷ £#ÄfVÖÆRÃsÃ2ãCRÄ†–v‚Ä†÷BÄvöö@£cÄÖÆRÃcBÃ2ãbÄ†–v‚Äæ÷&ÖÂÄvöö@£C‚ÄfVÖÆRÃRÃ2ãsbÄÖöFW&FRÄ6öÆBÄvöö@£SRÄfVÖÆRÃrÃ2ã“"Ä†–v‚Äæ÷&ÖÂÄvöö@£#’ÄÖÆRÃSrÃ"ã#"ÄÖöFW&FRÄæ÷&ÖÂÄvöö@£#‚ÄfVÖÆRÃCRÃ"ã’Ä†–v‚Äæ÷&ÖÂÄvöö@£#ÄÖÆRÃS"Ã"ãÄÖöFW&FRÄæ÷&ÖÂÄvöö@£cÄfVÖÆRÃƒBÃãs‚ÄÆ÷rÄ6öÆBÅö÷ £cBÄÖÆRÃBÃ2ãsbÄÆ÷rÄ†÷BÄvöö@£c‚ÄfVÖÆRÃƒÃãRÄÆ÷rÄ6öÆBÅö÷ £CBÄfVÖÆRÃCrÃ"ã2Ä†–v‚Ä6öÆBÄvöö@£3BÄÖÆRÃSBÃ"ã"Ä†–v‚Äæ÷&ÖÂÄvöö@£CbÄÖÆRÃcBÃ2ãÄ†–v‚Äæ÷&ÖÂÄvöö@£SÄfVÖÆRÃSbÃã“’Ä†–v‚Ä6öÆBÄvöö@£cÄfVÖÆRÃƒ2Ã"ã#’ÄÆ÷rÄæ÷&ÖÂÅö÷ £c"ÄÖÆRÃƒRÃ2ãCRÄ†–v‚Äæ÷&ÖÂÄvöö@£CBÄfVÖÆRÃƒrÃ2ãSRÄ†–v‚Äæ÷&ÖÂÄvöö@£#bÄfVÖÆRÃƒ‚Ã2ã"Ä†–v‚Ä6öÆBÄvöö@£3bÄfVÖÆRÃc"Ã"ãƒ’ÄÆ÷rÄ†÷BÄvöö@£SrÄÖÆRÃƒRÃ2ãbÄÖöFW&FRÄ†÷BÄvöö@£cbÄfVÖÆRÃ“bÃ2ãsRÄÖöFW&FRÄ†÷BÄvöö@£#rÄÖÆRÃƒ"Ãã“‚ÄÆ÷rÄ6öÆBÅö÷ £#BÄÖÆRÃSbÃ"ã#rÄÆ÷rÄ†÷BÄvöö@£SÄfVÖÆRÃc‚Ã2ã"Ä†–v‚Äæ÷&ÖÂÄvöö@£3RÄÖÆRÃcrÃ2ã“’Ä†–v‚Ä†÷BÄvöö@£#RÄÖÆRÃS’Ã"ãc2ÄÖöFW&FRÄ†÷BÄvöö@£CBÄÖÆRÃcRÃãƒÄÖöFW&FRÄ6öÆBÅö÷ £cBÄÖÆRÃÃ2ãƒ2Ä†–v‚Ä6öÆBÄvöö@£S’ÄfVÖÆRÃS‚Ããƒ2ÄÆ÷rÄæ÷&ÖÂÄvöö@£cbÄÖÆRÃs"Ã2ãÄÆ÷rÄ†÷BÄvöö@£SBÄfVÖÆRÃsrÃ"ãRÄÖöFW&FRÄ6öÆBÄvöö@£#’ÄfVÖÆRÃSbÃãRÄÆ÷rÄæ÷&ÖÂÅö÷ £c‚ÄÖÆRÃs’Ã2ãÄÖöFW&FRÄ†÷BÄvöö@£SbÄfVÖÆRÃSbÃ2ã#Ä†–v‚Ä†÷BÄvöö@£3ÄÖÆRÃc2Ã"ãs‚ÄÖöFW&FRÄæ÷&ÖÂÄvöö@£cÄÖÆRÃC‚ÃãsBÄÆ÷rÄ†÷BÄvöö@£SbÄfVÖÆRÃSÃãc‚ÄÖöFW&FRÄæ÷&ÖÂÄvöö@£32ÄÖÆRÃS"Ãã“BÄÖöFW&FRÄæ÷&ÖÂÄvöö@£c’ÄfVÖÆRÃSrÃãRÄÆ÷rÄ6öÆBÅö÷ £#rÄÖÆRÃs‚Ã"ãCbÄÖöFW&FRÄ6öÆBÄvöö@£#ÄÖÆRÃƒ‚Ã"ãcbÄÆ÷rÄ6öÆBÄvöö@£SBÄfVÖÆRÃÃ2ãBÄÆ÷rÄæ÷&ÖÂÄvöö@£cRÄÖÆRÃƒbÃ2ã‚Ä†–v‚Ä6öÆBÄvöö@£S2ÄfVÖÆRÃs‚Ããc’ÄÆ÷rÄæ÷&ÖÂÅö÷ £#rÄfVÖÆRÃƒÃ"ãs’Ä†–v‚Ä6öÆBÄvöö@£3‚ÄfVÖÆRÃƒ’ÃBã#ÄÖöFW&FRÄ†÷BÄvöö@£3rÄÖÆRÃRÃBãS’Ä†–v‚Äæ÷&ÖÂÄvöö@£3bÄÖÆRÃS’Ã2ãSbÄ†–v‚Ä†÷BÄvöö@£C2ÄÖÆRÃCbÃ"ãSÄÆ÷rÄ†÷BÄvöö@£C’ÄfVÖÆRÃCrÃ"ã#bÄ†–v‚Ä6öÆBÄvöö@£3rÄfVÖÆRÃƒÃ2ã3’Ä†–v‚Äæ÷&ÖÂÄvöö@£SÄÖÆRÃ2Ã2ãc‚ÄÖöFW&FRÄ†÷BÄvöö@£S’ÄÖÆRÃcrÃãRÄÆ÷rÄæ÷&ÖÂÅö÷ £CBÄfVÖÆRÃ“Ã2ã“‚ÄÖöFW&FRÄ†÷BÄvöö@£’ÄfVÖÆRÃS’Ã"ã“’ÄÖöFW&FRÄ†÷BÄvöö@£SBÄÖÆRÃƒRÃ"ãS’ÄÖöFW&FRÄæ÷&ÖÂÄvöö@£#RÄfVÖÆRÃSÃã’ÄÖöFW&FRÄ6öÆBÄvöö@£#ÄÖÆRÃ“Ã2ãSÄÖöFW&FRÄ†÷BÄvöö@£C’ÄfVÖÆRÃ“ÃBã’Ä†–v‚Äæ÷&ÖÂÄvöö@£3ÄÖÆRÃS"Ã"ã#BÄÖöFW&FRÄæ÷&ÖÂÄvöö@£’ÄÖÆRÃ“Ã2ãs"ÄÆ÷rÄ†÷BÄvöö@£CBÄÖÆRÃs’ÃBãÄ†–v‚Ä†÷BÄvöö@£CÄfVÖÆRÃ’ÃBãrÄÖöFW&FRÄæ÷&ÖÂÄvöö@£cÄÖÆRÃ“RÃ"ã3‚ÄÆ÷rÄ6öÆBÅö÷ £c2ÄÖÆRÃsrÃ"ã#rÄÖöFW&FRÄæ÷&ÖÂÅö÷ £SBÄÖÆRÃƒ2Ã"ã“’Ä†–v‚Ä6öÆBÄvöö@£c‚ÄÖÆRÃsÃã‚ÄÆ÷rÄæ÷&ÖÂÅö÷ £crÄfVÖÆRÃÃ"ãCBÄÖöFW&FRÄ6öÆBÅö÷ £#bÄÖÆRÃS"Ã"ãBÄÆ÷rÄ†÷BÄvöö@£SÄÖÆRÃSBÃ2ã‚Ä†–v‚Ä†÷BÄvöö@£#’ÄÖÆRÃs2Ã"ãC2ÄÖöFW&FRÄ6öÆBÄvöö@£c2ÄÖÆRÃSÃã“2ÄÖöFW&FRÄ†÷BÄvöö@£c2ÄÖÆRÃSrÃãRÄÆ÷rÄæ÷&ÖÂÅö÷ £CrÄfVÖÆRÃc2Ã"ãs‚Ä†–v‚Äæ÷&ÖÂÄvöö@£CÄfVÖÆRÃcbÃãc’ÄÖöFW&FRÄ6öÆBÅö÷ £CRÄfVÖÆRÃcÃ"ãc"ÄÖöFW&FRÄ†÷BÄvöö@£#BÄfVÖÆRÃcÃ"ãÄÖöFW&FRÄæ÷&ÖÂÄvöö@£#BÄÖÆRÃs2Ãã“ÄÆ÷rÄ6öÆBÅö÷ £#ÄfVÖÆRÃcÃ"ãÄÆ÷rÄ6öÆBÄvöö@£#‚ÄfVÖÆRÃ2Ã"ãs2ÄÆ÷rÄ6öÆBÅö÷ £#‚ÄÖÆRÃ"Ã2ãSBÄÖöFW&FRÄ6öÆBÄvöö@£#’ÄfVÖÆRÃƒBÃBãÄ†–v‚Äæ÷&ÖÂÄvöö@£c"ÄfVÖÆRÃ“"Ã2ãÄÖöFW&FRÄæ÷&ÖÂÄvöö@£SrÄÖÆRÃcrÃ2ãs‚Ä†–v‚Ä†÷BÄvöö@£c’ÄÖÆRÃs"Ã"ã3RÄ†–v‚Ä6öÆBÄvöö@£CRÄfVÖÆRÃ“RÃ2ã3‚Ä†–v‚Äæ÷&ÖÂÄvöö@£c’ÄÖÆRÃS2ÃãRÄÆ÷rÄæ÷&ÖÂÅö÷ £3RÄÖÆRÃƒBÃ"ãS’ÄÖöFW&FRÄæ÷&ÖÂÄvöö@£32ÄfVÖÆRÃs‚Ã2ã"Ä†–v‚Äæ÷&ÖÂÄvöö@£cbÄÖÆRÃrÃBã"ÄÖöFW&FRÄ†÷BÄvöö@£SÄfVÖÆRÃ“"Ã"ãs"Ä†–v‚Ä6öÆBÅö÷ £3"ÄfVÖÆRÃsbÃ2ãc"ÄÖöFW&FRÄ†÷BÄvöö@£#rÄÖÆRÃcRÃ2ãRÄ†–v‚Äæ÷&ÖÂÄvöö@£cbÄfVÖÆRÃ“Ã2ã"Ä†–v‚Äæ÷&ÖÂÄvöö@£SÄfVÖÆRÃbÃ2ãs2ÄÖöFW&FRÄ†÷BÄvöö@£c2ÄfVÖÆRÃsÃ"ãcBÄÆ÷rÄ†÷BÄvöö@£3bÄfVÖÆRÃ“BÃ"ãƒ‚ÄÖöFW&FRÄæ÷&ÖÂÄvöö@£c"ÄfVÖÆRÃƒ"Ã"ãƒ‚ÄÆ÷rÄ†÷BÄvöö@£3‚ÄÖÆRÃSBÃ"ã’ÄÆ÷rÄ†÷BÄvöö@£cÄÖÆRÃbÃBã2Ä†–v‚Ä†÷BÄvöö@£SRÄÖÆRÃc2Ã"ã’ÄÖöFW&FRÄæ÷&ÖÂÄvöö@£CÄÖÆRÃcrÃãƒ2ÄÖöFW&FRÄ6öÆBÅö÷ £S2ÄfVÖÆRÃ“rÃ2ã“‚Ä†–v‚Äæ÷&ÖÂÄvöö@£3RÄÖÆRÃƒÃ"ãc2ÄÖöFW&FRÄæ÷&ÖÂÄvöö@£SbÄÖÆRÃsBÃã’ÄÆ÷rÄæ÷&ÖÂÅö÷ £SÄÖÆRÃ“‚Ã2ãƒ"ÄÆ÷rÄ†÷BÄvöö@£C‚ÄfVÖÆRÃ“2ÃBãS"Ä†–v‚Ä†÷BÄvöö@£cBÄÖÆRÃcrÃãc"ÄÆ÷rÄæ÷&ÖÂÅö÷ £C2ÄfVÖÆRÃƒRÃBã‚Ä†–v‚Ä†÷BÄvöö@£CrÄfVÖÆRÃ“rÃ"ãsÄÆ÷rÄæ÷&ÖÂÅö÷ £SÄÖÆRÃSBÃãSbÄÆ÷rÄæ÷&ÖÂÅö÷ £S2ÄÖÆRÃ“BÃ"ãs2Ä†–v‚Ä6öÆBÅö÷ £#RÄÖÆRÃCRÃ"ã3RÄÖöFW&FRÄ†÷BÄvöö@£‚ÄÖÆRÃsÃ"ãsÄ†–v‚Äæ÷&ÖÂÄvöö@£cRÄÖÆRÃcrÃãRÄÆ÷rÄ6öÆBÅö÷ £SrÄÖÆRÃSRÃ"ãbÄ†–v‚Ä6öÆBÄvöö@£S2ÄÖÆRÃsRÃ2ãÄ†–v‚Ä6öÆBÄvöö@£CÄÖÆRÃbÃBãBÄ†–v‚Äæ÷&ÖÂÄvöö@£C’ÄfVÖÆRÃƒBÃ"ãRÄÆ÷rÄæ÷&ÖÂÅö÷ £crÄfVÖÆRÃSbÃã“’Ä†–v‚Ä6öÆBÄvöö@£3ÄfVÖÆRÃc2Ã"ã#rÄÖöFW&FRÄ6öÆBÄvöö@£CRÄÖÆRÃBÃ2ã3rÄÖöFW&FRÄæ÷&ÖÂÄvöö@£C"ÄfVÖÆRÃC‚ÃãRÄÆ÷rÄ6öÆBÄvöö@£SBÄÖÆRÃSÃãRÄÆ÷rÄ6öÆBÅö÷ £CÄÖÆRÃƒ’Ã2ãrÄÖöFW&FRÄ†÷BÄvöö@£#bÄfVÖÆRÃCrÃãsBÄÆ÷rÄ†÷BÄvöö@£SRÄfVÖÆRÃCbÃãRÄÆ÷rÄæ÷&ÖÂÄvöö@£c’ÄÖÆRÃSÃ"ãsbÄÖöFW&FRÄ†÷BÄvöö@£3ÄÖÆRÃ2ÃBã2Ä†–v‚Äæ÷&ÖÂÄvöö@£C"ÄÖÆRÃC’ÃãcRÄÆ÷rÄ6öÆBÄvöö@£S’ÄÖÆRÃ‚Ã"ã“bÄÖöFW&FRÄ6öÆBÅö÷ £c2ÄfVÖÆRÃCbÃ"ãcÄ†–v‚Ä†÷BÄvöö@£#ÄfVÖÆRÃbÃBãbÄÖöFW&FRÄ†÷BÄvöö@£CBÄfVÖÆRÃcÃãbÄÆ÷rÄ6öÆBÅö÷ £#BÄfVÖÆRÃÃ"ã“BÄÆ÷rÄ6öÆBÅö÷ £3bÄÖÆRÃ’Ã2ãƒrÄ†–v‚Äæ÷&ÖÂÄvöö@£SrÄÖÆRÃsÃ"ãCÄÖöFW&FRÄ6öÆBÄvöö@£cBÄfVÖÆRÃS‚Ã"ã#ÄÆ÷rÄ†÷BÄvöö@£3’ÄfVÖÆRÃsÃ"ã#bÄÖöFW&FRÄæ÷&ÖÂÄvöö@£SRÄfVÖÆRÃSbÃãSBÄÖöFW&FRÄæ÷&ÖÂÅö÷ £cÄÖÆRÃcÃ"ã2Ä†–v‚Äæ÷&ÖÂÄvöö@£CÄfVÖÆRÃSRÃ"ã“rÄ†–v‚Äæ÷&ÖÂÄvöö@£#ÄfVÖÆRÃS2Ã"ãcRÄ†–v‚Ä6öÆBÄvöö@£c’ÄÖÆRÃ“Ã"ã“bÄÖöFW&FRÄ6öÆBÄvöö@£c"ÄÖÆRÃ“Ã"ãcbÄÆ÷rÄæ÷&ÖÂÅö÷ £S’ÄÖÆRÃ“2Ã2ãrÄ†–v‚Äæ÷&ÖÂÄvöö@£SBÄfVÖÆRÃS"ÃãS"ÄÖöFW&FRÄæ÷&ÖÂÅö÷ £#‚ÄfVÖÆRÃ"Ã2ãsÄÖöFW&FRÄæ÷&ÖÂÄvöö@£SbÄfVÖÆRÃcÃã“bÄ†–v‚Ä6öÆBÄvöö@£C’ÄfVÖÆRÃ“Ã"ãS‚ÄÆ÷rÄ6öÆBÅö÷ £3ÄfVÖÆRÃƒbÃ2ã#’ÄÖöFW&FRÄ†÷BÄvöö@£3ÄÖÆRÃs2Ã"ãCbÄ†–v‚Ä6öÆBÄvöö@£#"ÄfVÖÆRÃSRÃ"ãSBÄ†–v‚Äæ÷&ÖÂÄvöö@£c‚ÄÖÆRÃBÃ"ã"ÄÆ÷rÄ6öÆBÅö÷ £#BÄfVÖÆRÃsRÃ"ãc‚Ä†–v‚Ä6öÆBÄvöö@£#rÄÖÆRÃsBÃ"ãC2Ä†–v‚Ä6öÆBÄvöö@£cÄfVÖÆRÃcbÃ"ãrÄÆ÷rÄ†÷BÄvöö@£SrÄfVÖÆRÃ“"Ã2ã2ÄÖöFW&FRÄæ÷&ÖÂÄvöö@£3’ÄfVÖÆRÃsÃ"ã“2Ä†–v‚Ä6öÆBÄvöö@£#ÄfVÖÆRÃCrÃ"ãsrÄ†–v‚Äæ÷&ÖÂÄvöö@£SrÄfVÖÆRÃs"ÃãcÄÖöFW&FRÄ6öÆBÅö÷ £c‚ÄfVÖÆRÃsÃ2ãÄ†–v‚Ä†÷BÄvöö@£32ÄÖÆRÃS’Ã2ãSBÄ†–v‚Ä†÷BÄvöö@£CÄÖÆRÃCbÃ"ã#RÄ†–v‚Äæ÷&ÖÂÄvöö@£c’ÄfVÖÆRÃƒ’Ã2ãƒ’Ä†–v‚Ä†÷BÄvöö@£CrÄÖÆRÃƒÃ2ãÄ†–v‚Ä6öÆBÄvöö@£3‚ÄfVÖÆRÃSbÃ"ãbÄÖöFW&FRÄæ÷&ÖÂÄvöö@£SBÄÖÆRÃs’Ã2ãCÄ†–v‚Ä†÷BÄvöö@£S2ÄÖÆRÃsÃ"ãc"ÄÖöFW&FRÄæ÷&ÖÂÄvöö@£#ÄfVÖÆRÃC‚Ã2ã‚ÄÖöFW&FRÄ†÷BÄvöö@£c"ÄfVÖÆRÃcBÃ"ãsRÄ†–v‚Ä6öÆBÄvöö@£#"ÄÖÆRÃ“ÃBã‚Ä†–v‚Ä†÷BÄvöö@£‚ÄfVÖÆRÃS’Ã"ã3RÄÆ÷rÄ†÷BÄvöö@£c2ÄfVÖÆRÃRÃ2ã"ÄÆ÷rÄæ÷&ÖÂÄvöö@£3"ÄfVÖÆRÃcbÃ"ãÄÖöFW&FRÄ6öÆBÄvöö@£3‚ÄÖÆRÃCrÃ"ãs2Ä†–v‚Äæ÷&ÖÂÄvöö@£3ÄfVÖÆRÃCbÃ"ã“’Ä†–v‚Ä†÷BÄvöö@£#BÄÖÆRÃs2Ã"ã#ÄÆ÷rÄ6öÆBÄvöö@£CÄÖÆRÃcRÃ"ã#rÄÖöFW&FRÄ6öÆBÄvöö@£CRÄÖÆRÃS"ÃãRÄÆ÷rÄ6öÆBÅö÷ £#bÄfVÖÆRÃRÃ"ã3’ÄÆ÷rÄ6öÆBÅö÷ £S"ÄfVÖÆRÃƒRÃ"ãÄÖöFW&FRÄ6öÆBÅö÷ £C’ÄfVÖÆRÃ’Ã2ãCÄÆ÷rÄ6öÆBÄvöö@£#"ÄfVÖÆRÃcÃ"ãÄ†–v‚Ä6öÆBÄvöö@£C2ÄÖÆRÃCrÃ"ã32ÄÖöFW&FRÄæ÷&ÖÂÄvöö@£3rÄÖÆRÃ“Ã"ãcÄÆ÷rÄæ÷&ÖÂÅö÷ £cbÄfVÖÆRÃƒÃ"ãC’ÄÆ÷rÄ†÷BÄvöö@£SÄÖÆRÃC’Ã"ã2ÄÖöFW&FRÄæ÷&ÖÂÄvöö@£c’ÄÖÆRÃ“BÃ2ã3RÄ†–v‚Ä6öÆBÄvöö@£c"ÄfVÖÆRÃcBÃ"ãcBÄ†–v‚Äæ÷&ÖÂÄvöö@£CBÄfVÖÆRÃ“2Ã"ã#RÄÆ÷rÄ6öÆBÅö÷ £S"ÄfVÖÆRÃs"ÃãRÄÆ÷rÄæ÷&ÖÂÅö÷ £C2ÄÖÆRÃ"ÃBã3BÄÖöFW&FRÄ†÷BÄvöö@£cbÄfVÖÆRÃ"Ã"ãCbÄÆ÷rÄæ÷&ÖÂÅö÷ £3BÄfVÖÆRÃcRÃ"ã#RÄÆ÷rÄ†÷BÄvöö@£C’ÄÖÆRÃrÃRã#RÄ†–v‚Ä†÷BÄvöö@£S"ÄÖÆRÃsrÃ2ãÄÆ÷rÄ†÷BÄvöö@£CÄfVÖÆRÃcrÃ"ã“BÄ†–v‚Äæ÷&ÖÂÄvöö@£SBÄÖÆRÃrÃ2ã2ÄÆ÷rÄæ÷&ÖÂÅö÷ £3bÄÖÆRÃcRÃ"ãBÄÖöFW&FRÄ6öÆBÄvöö@£3bÄÖÆRÃsÃãs‚ÄÆ÷rÄ6öÆBÅö÷ £3RÄfVÖÆRÃSÃã“"Ä†–v‚Ä6öÆBÄvöö@£#"ÄÖÆRÃS"Ã"ã3RÄÖöFW&FRÄæ÷&ÖÂÄvöö@£#’ÄfVÖÆRÃƒÃ"ãSRÄÖöFW&FRÄæ÷&ÖÂÄvöö@£SBÄfVÖÆRÃ“RÃ2ãsbÄ†–v‚Ä†÷BÄvöö@£#ÄfVÖÆRÃsÃ"ãc2ÄÆ÷rÄ†÷BÄvöö@£c"ÄÖÆRÃSÃãRÄÖöFW&FRÄ6öÆBÄvöö@£c‚ÄfVÖÆRÃ“‚Ã2ãSbÄÖöFW&FRÄæ÷&ÖÂÄvöö@£3ÄfVÖÆRÃÃ2ãsbÄ†–v‚Äæ÷&ÖÂÄvöö@£3bÄÖÆRÃÃ"ãC’ÄÆ÷rÄ6öÆBÅö÷ £CbÄÖÆRÃ’Ã2ãRÄ†–v‚Ä6öÆBÄvöö@£#ÄfVÖÆRÃs"Ã"ãcRÄÆ÷rÄ†÷BÄvöö@£#’ÄÖÆRÃc"Ãã“rÄÆ÷rÄæ÷&ÖÂÄvöö@£cÄfVÖÆRÃSÃãRÄÆ÷rÄ6öÆBÄvöö@£CÄfVÖÆRÃs"Ã2ã#’Ä†–v‚Ä6öÆBÄvöö@£SrÄÖÆRÃ“"Ã"ãS2ÄÆ÷rÄæ÷&ÖÂÅö÷ £S2ÄÖÆRÃbÃ2ãƒrÄÖöFW&FRÄ†÷BÄvöö@£S‚ÄfVÖÆRÃs2Ã"ãC‚Ä†–v‚Äæ÷&ÖÂÄvöö@£c’ÄÖÆRÃS"ÃãsRÄÖöFW&FRÄæ÷&ÖÂÄvöö@£SrÄÖÆRÃcÃ"ã#RÄÖöFW&FRÄ†÷BÄvöö@£CÄfVÖÆRÃsÃ"ãs"ÄÖöFW&FRÄ6öÆBÄvöö@£SbÄfVÖÆRÃsrÃãƒÄÆ÷rÄæ÷&ÖÂÅö÷ £32ÄfVÖÆRÃcRÃ"ãs2ÄÖöFW&FRÄæ÷&ÖÂÄvöö@£3bÄÖÆRÃSÃ"ãcrÄÖöFW&FRÄ†÷BÄvöö@£C2ÄfVÖÆRÃSrÃ"ãcbÄÖöFW&FRÄ†÷BÄvöö@£3"ÄfVÖÆRÃsbÃ"ãƒ‚ÄÖöFW&FRÄ6öÆBÄvöö@£cÄÖÆRÃƒ’Ãã“ÄÆ÷rÄæ÷&ÖÂÅö÷ £cbÄÖÆRÃRÃ2ãc‚Ä†–v‚Ä6öÆBÄvöö@£SÄÖÆRÃSbÃ"ã’Ä†–v‚Äæ÷&ÖÂÄvöö@£cÄÖÆRÃS2Ããƒ’ÄÆ÷rÄ†÷BÄvöö@£C"ÄÖÆRÃ“2ÃBã2ÄÖöFW&FRÄ†÷BÄvöö@£#"ÄfVÖÆRÃ“"Ã2ãrÄÖöFW&FRÄæ÷&ÖÂÄvöö@£#RÄfVÖÆRÃƒrÃ2ãbÄÖöFW&FRÄ6öÆBÄvöö@£CBÄfVÖÆRÃ‚ÃBãƒ"ÄÖöFW&FRÄ†÷BÄvöö@£S‚ÄfVÖÆRÃc‚Ã"ã#BÄ†–v‚Ä6öÆBÄvöö@£SRÄfVÖÆRÃs‚Ã"ã‚ÄÆ÷rÄ†÷BÄvöö@£crÄÖÆRÃC’Ãã“‚Ä†–v‚Äæ÷&ÖÂÄvöö@£S2ÄÖÆRÃ“’Ã2ãC"Ä†–v‚Äæ÷&ÖÂÄvöö@£c2ÄÖÆRÃ“bÃ2ãBÄÖöFW&FRÄæ÷&ÖÂÄvöö@£SÄfVÖÆRÃC‚ÃãƒbÄ†–v‚Ä6öÆBÄvöö@£3’ÄÖÆRÃ“BÃ2ãRÄÆ÷rÄ†÷BÄvöö@£cbÄfVÖÆRÃsBÃ"ã3‚ÄÖöFW&FRÄ6öÆBÄvöö@£CÄÖÆRÃc’Ã"ã3ÄÆ÷rÄæ÷&ÖÂÄvöö@£cÄfVÖÆRÃSRÃãsrÄÆ÷rÄ†÷BÄvöö@£cRÄÖÆRÃ“bÃ2ã#2Ä†–v‚Ä6öÆBÄvöö@£#rÄfVÖÆRÃS‚Ã"ãcÄ†–v‚Ä6öÆBÄvöö@£cÄfVÖÆRÃc’Ãã“ÄÖöFW&FRÄæ÷&ÖÂÅö÷ £#"ÄÖÆRÃCbÃ"ã“RÄÖöFW&FRÄ†÷BÄvöö@£cÄfVÖÆRÃSrÃãRÄÆ÷rÄ6öÆBÅö÷ £#RÄfVÖÆRÃ‚Ã2ãCrÄÆ÷rÄæ÷&ÖÂÄvöö@£S‚ÄfVÖÆRÃƒ‚Ããƒ‚ÄÆ÷rÄ6öÆBÅö÷ £#RÄfVÖÆRÃsÃ2ã"ÄÆ÷rÄ†÷BÄvöö@£3‚ÄÖÆRÃsÃ2ã3BÄ†–v‚Äæ÷&ÖÂÄvöö@£CbÄfVÖÆRÃc‚Ã2ãC’Ä†–v‚Ä†÷BÄvöö@£CÄfVÖÆRÃCbÃãRÄÖöFW&FRÄ6öÆBÄvöö@£#’ÄÖÆRÃ’Ã2ã"ÄÖöFW&FRÄ6öÆBÅö÷ £3‚ÄfVÖÆRÃƒbÃ2ãRÄÆ÷rÄ†÷BÄvöö@£S’ÄÖÆRÃSrÃ2ãÄ†–v‚Ä†÷BÄvöö@£‚ÄfVÖÆRÃƒ"Ã2ã“2Ä†–v‚Ä†÷BÄvöö@£c’ÄÖÆRÃsbÃãcÄÆ÷rÄæ÷&ÖÂÅö÷ £SÄÖÆRÃRÃ"ãƒbÄÖöFW&FRÄ6öÆBÅö÷ £#ÄÖÆRÃsRÃ2ãC"ÄÖöFW&FRÄ†÷BÄvöö@£S’ÄfVÖÆRÃ"Ã2ãsÄÖöFW&FRÄæ÷&ÖÂÄvöö@£CrÄÖÆRÃRÃRã‚Ä†–v‚Ä†÷BÄvöö@£#rÄfVÖÆRÃcÃ2ãSrÄ†–v‚Ä†÷BÄvöö@£#rÄfVÖÆRÃSbÃãRÄÆ÷rÄæ÷&ÖÂÅö÷ £3RÄÖÆRÃ“bÃBã3RÄÖöFW&FRÄ†÷BÄvöö@£cÄÖÆRÃ‚Ã2ãS‚ÄÖöFW&FRÄæ÷&ÖÂÄvöö@£CrÄfVÖÆRÃCrÃãcbÄÆ÷rÄæ÷&ÖÂÄvöö@£cBÄfVÖÆRÃrÃBãRÄ†–v‚Ä†÷BÄvöö@£3’ÄfVÖÆRÃc‚Ã2ãSÄ†–v‚Äæ÷&ÖÂÄvöö@£#2ÄfVÖÆRÃ“RÃ"ãs2ÄÆ÷rÄæ÷&ÖÂÅö÷ £CbÄÖÆRÃcÃ"ãS’ÄÖöFW&FRÄ†÷BÄvöö@£3‚ÄfVÖÆRÃ“’Ã2ã"ÄÖöFW&FRÄæ÷&ÖÂÄvöö@£S‚ÄÖÆRÃS2ÃãS‚ÄÆ÷rÄæ÷&ÖÂÅö÷ £CbÄfVÖÆRÃc"Ããƒ’ÄÖöFW&FRÄæ÷&ÖÂÄvöö@£3BÄÖÆRÃcRÃ2ãCRÄÖöFW&FRÄ†÷BÄvöö@£CÄÖÆRÃ“‚Ã2ãcrÄ†–v‚Äæ÷&ÖÂÄvöö@£3’ÄfVÖÆRÃS"Ã"ãSÄ†–v‚Äæ÷&ÖÂÄvöö@£cRÄÖÆRÃ“rÃ2ãÄ†–v‚Ä6öÆBÄvöö@£#bÄÖÆRÃc‚Ã"ãS’ÄÖöFW&FRÄ6öÆBÄvöö@£C’ÄÖÆRÃCbÃ2ã#BÄ†–v‚Ä†÷BÄvöö@£#ÄÖÆRÃRÃBãCÄ†–v‚Ä†÷BÄvöö@£S2ÄfVÖÆRÃƒRÃ2ãƒ‚Ä†–v‚Ä†÷BÄvöö@£3RÄÖÆRÃS’Ãã“’ÄÆ÷rÄ†÷BÄvöö@£S’ÄÖÆRÃsBÃ"ã“"Ä†–v‚Äæ÷&ÖÂÄvöö@£C"ÄfVÖÆRÃC‚Ã"ãbÄ†–v‚Ä6öÆBÄvöö@£SÄfVÖÆRÃ’Ã2ãCbÄÆ÷rÄ6öÆBÄvöö@£‚ÄÖÆRÃsÃ"ãSÄÖöFW&FRÄ6öÆBÄvöö@£C"ÄÖÆRÃs‚Ã"ãƒ’Ä†–v‚Ä6öÆBÄvöö@£#rÄfVÖÆRÃ"Ã2ã“‚Ä†–v‚Äæ÷&ÖÂÄvöö@£3’ÄfVÖÆRÃÃ2ã"ÄÆ÷rÄæ÷&ÖÂÄvöö@£32ÄfVÖÆRÃƒ"Ã"ãc2ÄÆ÷rÄæ÷&ÖÂÄvöö@£#ÄÖÆRÃcrÃ"ã3"Ä†–v‚Ä6öÆBÄvöö@£3"ÄfVÖÆRÃ“rÃBãS"Ä†–v‚Ä†÷BÄvöö@£#ÄfVÖÆRÃc2Ã"ã3"ÄÆ÷rÄæ÷&ÖÂÄvöö@£c"ÄÖÆRÃcRÃ"ãƒBÄÆ÷rÄ†÷BÄvöö@£c"ÄfVÖÆRÃ“bÃ"ãCRÄÖöFW&FRÄ6öÆBÅö÷ £3RÄÖÆRÃcÃ2ãÄÆ÷rÄ†÷BÄvöö@£CÄÖÆRÃSÃãc’ÄÆ÷rÄ6öÆBÄvöö@£cBÄfVÖÆRÃ“Ã2ã#‚ÄÖöFW&FRÄæ÷&ÖÂÄvöö@£S"ÄfVÖÆRÃÃ2ãÄÖöFW&FRÄ6öÆBÅö÷ £#2ÄÖÆRÃ“’Ã2ãrÄÆ÷rÄæ÷&ÖÂÄvöö@£#2ÄÖÆRÃ“rÃBã’ÄÖöFW&FRÄ†÷BÄvöö@£crÄÖÆRÃcRÃ2ã3’Ä†–v‚Ä†÷BÄvöö@£3ÄfVÖÆRÃ“rÃ2ãCrÄÖöFW&FRÄ6öÆBÄvöö@£C2ÄfVÖÆRÃ“"Ã2ãCrÄÖöFW&FRÄæ÷&ÖÂÄvöö@£3ÄfVÖÆRÃÃBãÄÖöFW&FRÄ†÷BÄvöö@£S‚ÄÖÆRÃ“"Ã"ãC’ÄÆ÷rÄ6öÆBÅö÷ £3’ÄÖÆRÃRÃ2ãBÄÆ÷rÄæ÷&ÖÂÅö÷ £’ÄfVÖÆRÃ“2ÃBãS"Ä†–v‚Ä†÷BÄvöö@£CÄÖÆRÃ2Ã2ãc’ÄÖöFW&FRÄæ÷&ÖÂÄvöö@£CRÄÖÆRÃsrÃ"ã#rÄÆ÷rÄ6öÆBÅö÷ £#BÄfVÖÆRÃSRÃã‚ÄÖöFW&FRÄ6öÆBÄvöö@£3rÄfVÖÆRÃbÃ2ãs"ÄÖöFW&FRÄ6öÆBÄvöö@£CRÄfVÖÆRÃSÃãRÄÆ÷rÄ6öÆBÅö÷ £#ÄÖÆRÃc2Ã"ã“rÄ†–v‚Äæ÷&ÖÂÄvöö@£SRÄfVÖÆRÃcbÃãƒ’ÄÖöFW&FRÄæ÷&ÖÂÅö÷ £cbÄÖÆRÃ“rÃ2ãcbÄ†–v‚Ä6öÆBÄvöö@£#BÄÖÆRÃSÃ"ã3ÄÖöFW&FRÄæ÷&ÖÂÄvöö@£CÄfVÖÆRÃBÃ"ãƒ’ÄÖöFW&FRÄ6öÆBÅö÷ £3RÄÖÆRÃ“rÃ2ã“RÄ†–v‚Ä6öÆBÄvöö@£3ÄfVÖÆRÃc’Ã"ãCbÄÆ÷rÄ†÷BÄvöö@£cRÄfVÖÆRÃƒ2ÃãRÄÆ÷rÄ6öÆBÅö÷ £3rÄÖÆRÃC’Ã"ãSBÄÖöFW&FRÄ†÷BÄvöö@£3ÄÖÆRÃS‚Ã2ãC"ÄÖöFW&FRÄ†÷BÄvöö@£32ÄÖÆRÃƒ’Ã2ãS’ÄÖöFW&FRÄæ÷&ÖÂÄvöö@£S‚ÄfVÖÆRÃCRÃãRÄÖöFW&FRÄ6öÆBÄvöö@£#RÄfVÖÆRÃSrÃ2ã32Ä†–v‚Ä†÷BÄvöö@£c‚ÄfVÖÆRÃCbÃ"ãÄÖöFW&FRÄæ÷&ÖÂÄvöö@£#"ÄfVÖÆRÃsBÃBã2Ä†–v‚Ä†÷BÄvöö@£c"ÄfVÖÆRÃƒ‚Ã2ã2Ä†–v‚Äæ÷&ÖÂÄvöö@£cBÄfVÖÆRÃsBÃ"ã“RÄ†–v‚Äæ÷&ÖÂÄvöö@£c‚ÄÖÆRÃSrÃ"ã2Ä†–v‚Ä6öÆBÄvöö@£SrÄfVÖÆRÃsBÃ"ãsrÄÖöFW&FRÄæ÷&ÖÂÄvöö@£S‚ÄfVÖÆRÃcÃ"ãc‚Ä†–v‚Äæ÷&ÖÂÄvöö@£cbÄfVÖÆRÃ“bÃBã2ÄÖöFW&FRÄ†÷BÄvöö@£cRÄfVÖÆRÃƒ"Ã"ã“BÄ†–v‚Ä6öÆBÄvöö@£SrÄfVÖÆRÃsRÃ2ãSbÄÖöFW&FRÄ†÷BÄvöö@£SrÄÖÆRÃc"Ã"ã#2ÄÖöFW&FRÄæ÷&ÖÂÄvöö@£#‚ÄÖÆRÃÃ2ãRÄÆ÷rÄ6öÆBÄvöö@£c"ÄfVÖÆRÃ“bÃ2ãRÄÆ÷rÄ†÷BÄvöö@£S2ÄÖÆRÃSBÃ"ãSÄÆ÷rÄ†÷BÄvöö@£SÄfVÖÆRÃrÃBãbÄ†–v‚Ä†÷BÄvöö@£C’ÄfVÖÆRÃ“BÃ"ãSÄÆ÷rÄæ÷&ÖÂÅö÷ £SBÄfVÖÆRÃsbÃBã2Ä†–v‚Ä†÷BÄvöö@£S"ÄÖÆRÃÃ2ãƒrÄÆ÷rÄ†÷BÄvöö@£3‚ÄfVÖÆRÃsbÃ"ãÄÖöFW&FRÄ6öÆBÅö÷ £#RÄfVÖÆRÃs’Ã"ãƒ’ÄÖöFW&FRÄ6öÆBÄvöö@£3’ÄÖÆRÃƒ"Ã"ã‚ÄÖöFW&FRÄæ÷&ÖÂÄvöö@£c"ÄÖÆRÃƒÃ"ã“bÄÖöFW&FRÄ†÷BÄvöö@£#bÄfVÖÆRÃ‚ÃBãRÄÖöFW&FRÄæ÷&ÖÂÄvöö@£‚ÄfVÖÆRÃC’ÃãRÄÖöFW&FRÄ6öÆBÄvöö@£S’ÄfVÖÆRÃSÃ"ãc’ÄÖöFW&FRÄ†÷BÄvöö@£3’ÄfVÖÆRÃ“rÃBã#’Ä†–v‚Ä†÷BÄvöö@£SbÄÖÆRÃ“RÃ"ãsBÄÆ÷rÄ6öÆBÅö÷ £crÄÖÆRÃSÃãS‚ÄÖöFW&FRÄæ÷&ÖÂÄvöö@£C2ÄfVÖÆRÃc’Ã2ã3’Ä†–v‚Äæ÷&ÖÂÄvöö@£#RÄÖÆRÃS2Ã2ã’ÄÖöFW&FRÄ†÷BÄvöö@£3rÄfVÖÆRÃƒ‚Ã2ã‚ÄÖöFW&FRÄ6öÆBÄvöö@£#‚ÄÖÆRÃƒrÃ2ãrÄ†–v‚Äæ÷&ÖÂÄvöö@£c2ÄfVÖÆRÃs‚Ã2ãs"ÄÖöFW&FRÄ†÷BÄvöö@£3"ÄÖÆRÃc"Ã"ãrÄÖöFW&FRÄæ÷&ÖÂÄvöö@£3bÄfVÖÆRÃc’Ã2ã#BÄÆ÷rÄ†÷BÄvöö@£CÄfVÖÆRÃbÃBãÄ†–v‚Äæ÷&ÖÂÄvöö@£3BÄÖÆRÃ“bÃBã‚Ä†–v‚Ä†÷BÄvöö@£C’ÄÖÆRÃs"Ã2ãrÄÆ÷rÄ†÷BÄvöö@£SrÄÖÆRÃcRÃãRÄÆ÷rÄ6öÆBÅö÷ £3BÄfVÖÆRÃS"Ã2ã2Ä†–v‚Ä†÷BÄvöö@£C2ÄfVÖÆRÃCbÃ"ãrÄÖöFW&FRÄ†÷BÄvöö@£S2ÄfVÖÆRÃSbÃãRÄÖöFW&FRÄ6öÆBÅö÷ £CÄÖÆRÃcÃãc2ÄÖöFW&FRÄ6öÆBÅö÷ £#rÄfVÖÆRÃ"Ã2ã‚ÄÖöFW&FRÄæ÷&ÖÂÄvöö@£#’ÄfVÖÆRÃSÃ"ã3ÄÖöFW&FRÄæ÷&ÖÂÄvöö@£crÄÖÆRÃSBÃãsÄ†–v‚Ä6öÆBÄvöö@£#bÄÖÆRÃSrÃ"ã3’Ä†–v‚Ä6öÆBÄvöö@£32ÄfVÖÆRÃƒRÃBãBÄ†–v‚Ä†÷BÄvöö@£#RÄfVÖÆRÃ“’Ã2ãcBÄÖöFW&FRÄæ÷&ÖÂÄvöö@£c’ÄfVÖÆRÃ“"Ã"ã“"Ä†–v‚Ä6öÆBÄvöö@£‚ÄfVÖÆRÃsbÃ"ã‚ÄÆ÷rÄæ÷&ÖÂÅö÷ £3RÄfVÖÆRÃRÃBã#BÄÆ÷rÄ†÷BÄvöö@£SÄfVÖÆRÃcBÃ"ãBÄÆ÷rÄ†÷BÄvöö@£CRÄfVÖÆRÃSRÃ"ãC2ÄÖöFW&FRÄ†÷BÄvöö@£3’ÄÖÆRÃsBÃ2ãSrÄ†–v‚Äæ÷&ÖÂÄvöö@£3BÄÖÆRÃCRÃ"ãc‚Ä†–v‚Äæ÷&ÖÂÄvöö@£#"ÄÖÆRÃsrÃ2ãsRÄ†–v‚Ä†÷BÄvöö@£cÄÖÆRÃ‚Ã2ã“RÄÆ÷rÄ†÷BÄvöö@£C2ÄÖÆRÃbÃBã‚ÄÖöFW&FRÄ†÷BÄvöö@£cRÄÖÆRÃSÃãRÄ†–v‚Ä6öÆBÄvöö@£CrÄfVÖÆRÃcrÃã“rÄÖöFW&FRÄ6öÆBÅö÷ £C"ÄÖÆRÃSrÃ"ã“rÄ†–v‚Ä†÷BÄvöö@£cÄÖÆRÃsÃãƒRÄÆ÷rÄæ÷&ÖÂÅö÷ £3"ÄfVÖÆRÃƒÃãƒ‚ÄÆ÷rÄ6öÆBÅö÷ £CÄÖÆRÃƒÃBãrÄÖöFW&FRÄ†÷BÄvöö@£#rÄfVÖÆRÃCRÃãRÄÖöFW&FRÄæ÷&ÖÂÄvöö@£CÄÖÆRÃc"Ã2ãCBÄ†–v‚Ä†÷BÄvöö@£cRÄfVÖÆRÃ“"Ã"ã‚ÄÖöFW&FRÄ6öÆBÅö÷ £SbÄÖÆRÃc’Ã"ãS"Ä†–v‚Äæ÷&ÖÂÄvöö@£CÄÖÆRÃc’Ã"ã’ÄÆ÷rÄ6öÆBÄvöö@£S‚ÄÖÆRÃƒRÃ"ãsrÄÆ÷rÄ†÷BÄvöö@£SÄÖÆRÃs"Ã"ãc2ÄÆ÷rÄæ÷&ÖÂÄvöö@£CbÄfVÖÆRÃÃ2ãS’ÄÖöFW&FRÄæ÷&ÖÂÄvöö@£SBÄfVÖÆRÃc2Ã"ã#"Ä†–v‚Äæ÷&ÖÂÄvöö@£c‚ÄfVÖÆRÃs’Ã"ã’ÄÖöFW&FRÄ6öÆBÅö÷ £CRÄÖÆRÃƒÃ2ãrÄÖöFW&FRÄæ÷&ÖÂÄvöö@£#’ÄfVÖÆRÃs"Ã"ãC‚Ä†–v‚Ä6öÆBÄvöö@£CÄfVÖÆRÃ“’ÃBãcBÄÖöFW&FRÄ†÷BÄvöö@£3ÄfVÖÆRÃ“BÃBã32ÄÖöFW&FRÄ†÷BÄvöö@£C2ÄÖÆRÃcrÃãƒrÄÆ÷rÄ6öÆBÅö÷ £32ÄÖÆRÃcRÃ"ã32ÄÖöFW&FRÄ6öÆBÄvöö@£C2ÄfVÖÆRÃƒrÃ"ãS‚ÄÖöFW&FRÄ6öÆBÅö÷ £CrÄfVÖÆRÃ2Ã2ãƒrÄ†–v‚Äæ÷&ÖÂÄvöö@£c"ÄÖÆRÃCbÃ"ãÄ†–v‚Ä6öÆBÄvöö@£S’ÄfVÖÆRÃsÃ2ãCrÄ†–v‚Ä†÷BÄvöö@£C"ÄfVÖÆRÃc2Ã"ã3ÄÖöFW&FRÄæ÷&ÖÂÄvöö@£cRÄÖÆRÃÃ2ã3BÄÖöFW&FRÄ6öÆBÄvöö@£3RÄÖÆRÃƒrÃ2ãCrÄ†–v‚Äæ÷&ÖÂÄvöö@£cbÄÖÆRÃƒ’Ã2ãƒRÄ†–v‚Ä†÷BÄvöö@£#ÄÖÆRÃÃRãÄ†–v‚Ä†÷BÄvöö@£#bÄfVÖÆRÃ“"Ã"ã#ÄÆ÷rÄ6öÆBÅö÷ £#ÄÖÆRÃc"ÃãSrÄÆ÷rÄæ÷&ÖÂÅö÷ £C"ÄÖÆRÃ’Ã2ãs2ÄÖöFW&FRÄ6öÆBÄvöö@£crÄfVÖÆRÃƒbÃ"ã2ÄÖöFW&FRÄ6öÆBÅö÷ £#ÄfVÖÆRÃs’Ã"ãcÄÖöFW&FRÄæ÷&ÖÂÄvöö@£#’ÄÖÆRÃ“2Ã"ã“ÄÖöFW&FRÄ6öÆBÄvöö@£3’ÄfVÖÆRÃcrÃ"ãcÄÖöFW&FRÄæ÷&ÖÂÄvöö@£3’ÄÖÆRÃƒBÃ2ã3Ä†–v‚Äæ÷&ÖÂÄvöö@£CrÄfVÖÆRÃsÃ"ãs‚ÄÖöFW&FRÄ6öÆBÄvöö@£3’ÄfVÖÆRÃRÃBãs"ÄÖöFW&FRÄ†÷BÄvöö@£CbÄfVÖÆRÃ“rÃ2ãC"ÄÖöFW&FRÄ6öÆBÄvöö@£C’ÄÖÆRÃS2Ã"ãc2ÄÆ÷rÄ†÷BÄvöö@£C’ÄÖÆRÃS"Ã"ãsbÄÖöFW&FRÄ†÷BÄvöö@£c’ÄfVÖÆRÃ“ÃBãCÄ†–v‚Ä†÷BÄvöö@£cRÄfVÖÆRÃS2Ã"ã#ÄÖöFW&FRÄ†÷BÄvöö@£#"ÄÖÆRÃSÃ"ã3BÄ†–v‚Ä6öÆBÄvöö@£cRÄfVÖÆRÃ“Ã"ãs’ÄÖöFW&FRÄ6öÆBÄvöö@£cRÄÖÆRÃrÃ2ãs"ÄÖöFW&FRÄæ÷&ÖÂÄvöö@£SbÄfVÖÆRÃSÃãc‚ÄÖöFW&FRÄæ÷&ÖÂÄvöö@£CRÄÖÆRÃS’ÃãcbÄÖöFW&FRÄ6öÆBÅö÷ £cRÄÖÆRÃƒ"Ã2ãcBÄÖöFW&FRÄ†÷BÄvöö@£SRÄfVÖÆRÃCRÃãRÄÆ÷rÄ6öÆBÄvöö@£3bÄÖÆRÃC‚Ã2ã3’Ä†–v‚Ä†÷BÄvöö@£’ÄfVÖÆRÃcrÃ2ã3bÄÖöFW&FRÄ†÷BÄvöö@£3RÄÖÆRÃ“RÃBãC‚Ä†–v‚Ä†÷BÄvöö@£S2ÄfVÖÆRÃSbÃ"ã3bÄÖöFW&FRÄæ÷&ÖÂÄvöö@£32ÄÖÆRÃC‚ÃãRÄÆ÷rÄ6öÆBÄvöö@£SÄÖÆRÃsRÃ"ãS"Ä†–v‚Ä6öÆBÄvöö@£#rÄÖÆRÃc’ÃBãBÄ†–v‚Ä†÷BÄvöö@£3BÄÖÆRÃRÃBãSrÄ†–v‚Äæ÷&ÖÂÄvöö@£SÄfVÖÆRÃS2ÃãcBÄÖöFW&FRÄæ÷&ÖÂÄvöö@£#"ÄfVÖÆRÃ“Ã2ãRÄÆ÷rÄ†÷BÄvöö@£cBÄÖÆRÃC‚Ã"ã2ÄÖöFW&FRÄ†÷BÄvöö@£3RÄfVÖÆRÃs‚Ã"ã"ÄÖöFW&FRÄ6öÆBÅö÷ £3ÄÖÆRÃsrÃBãRÄ†–v‚Ä†÷BÄvöö@£C’ÄfVÖÆRÃƒrÃ"ã#ÄÆ÷rÄ6öÆBÅö÷ £3"ÄÖÆRÃ“BÃ"ãCbÄÆ÷rÄæ÷&ÖÂÅö÷ £#BÄÖÆRÃrÃ2ãƒbÄÆ÷rÄ†÷BÄvöö@£3ÄfVÖÆRÃc"Ã"ãƒrÄ†–v‚Ä6öÆBÄvöö@£CÄfVÖÆRÃƒÃ"ãƒ’ÄÆ÷rÄæ÷&ÖÂÄvöö@£3RÄÖÆRÃ“ÃBãrÄ†–v‚Ä†÷BÄvöö@£SBÄfVÖÆRÃs2ÃãcrÄÖöFW&FRÄ6öÆBÅö÷ £cÄfVÖÆRÃS‚ÃãsbÄ†–v‚Ä6öÆBÄvöö@£#rÄfVÖÆRÃS2Ããƒ2Ä†–v‚Ä6öÆBÄvöö@£3BÄÖÆRÃs‚Ã2ãRÄÖöFW&FRÄæ÷&ÖÂÄvöö@£CBÄÖÆRÃƒBÃ2ãrÄ†–v‚Äæ÷&ÖÂÄvöö@£#"ÄÖÆRÃ“‚Ã2ãSrÄÖöFW&FRÄæ÷&ÖÂÄvöö@£#BÄÖÆRÃƒÃ2ã3rÄÖöFW&FRÄ†÷BÄvöö@£SÄfVÖÆRÃsbÃ"ã#rÄÆ÷rÄ†÷BÅö÷ £‚ÄÖÆRÃSrÃãRÄÆ÷rÄ6öÆBÅö÷ £CrÄÖÆRÃS"Ã"ãÄÆ÷rÄæ÷&ÖÂÄvöö@£CBÄfVÖÆRÃS"Ã"ãsRÄÖöFW&FRÄ†÷BÄvöö@£3"ÄfVÖÆRÃ“rÃ2ã#bÄÆ÷rÄæ÷&ÖÂÄvöö@£crÄfVÖÆRÃƒÃBãÄ†–v‚Ä†÷BÄvöö@£CrÄfVÖÆRÃbÃBã32ÄÖöFW&FRÄ†÷BÄvöö@£cÄfVÖÆRÃcBÃã“bÄ†–v‚Ä6öÆBÄvöö@£c‚ÄÖÆRÃƒ‚Ã"ã3’ÄÆ÷rÄ6öÆBÅö÷ £cBÄÖÆRÃƒrÃ"ãcrÄÆ÷rÄæ÷&ÖÂÄvöö@£S’ÄfVÖÆRÃc2Ã"ã#RÄÖöFW&FRÄæ÷&ÖÂÄvöö@£S"ÄfVÖÆRÃƒ"Ã"ãSÄÆ÷rÄæ÷&ÖÂÄvöö@£SÄfVÖÆRÃ“RÃ"ãSrÄÖöFW&FRÄ6öÆBÅö÷ £SrÄÖÆRÃƒÃ2ãrÄ†–v‚Äæ÷&ÖÂÄvöö@£cÄÖÆRÃc"Ã2ã3"Ä†–v‚Ä†÷BÄvöö@£#"ÄÖÆRÃc’Ã2ãC’ÄÖöFW&FRÄ†÷BÄvöö@£c‚ÄfVÖÆRÃ“rÃ2ãrÄ†–v‚Äæ÷&ÖÂÄvöö@£SRÄfVÖÆRÃ“Ã"ãƒrÄÖöFW&FRÄ6öÆBÄvöö@£#‚ÄfVÖÆRÃcÃ"ãS2ÄÖöFW&FRÄ†÷BÄvöö@£SbÄÖÆRÃ"ÃBãrÄ†–v‚Äæ÷&ÖÂÄvöö@£SRÄÖÆRÃÃ2ãCbÄÖöFW&FRÄ†÷BÄvöö@£c’ÄÖÆRÃ2Ã"ãSRÄÆ÷rÄæ÷&ÖÂÅö÷ £3"ÄfVÖÆRÃ"Ã2ãSBÄÖöFW&FRÄ6öÆBÄvöö@£CBÄÖÆRÃS’Ãã“’ÄÆ÷rÄæ÷&ÖÂÄvöö@£CRÄfVÖÆRÃ“Ã2ã#2ÄÆ÷rÄæ÷&ÖÂÄvöö@£3rÄÖÆRÃSRÃãRÄÖöFW&FRÄ6öÆBÅö÷ £#ÄÖÆRÃ“‚Ã"ã‚ÄÆ÷rÄ6öÆBÅö÷ £#rÄfVÖÆRÃƒÃ2ã3ÄÆ÷rÄ†÷BÄvöö@£c"ÄÖÆRÃ“RÃ"ãrÄÆ÷rÄæ÷&ÖÂÅö÷ £CbÄfVÖÆRÃC‚Ã"ãCÄÆ÷rÄ†÷BÄvöö@£#RÄÖÆRÃ“Ã2ã3’ÄÖöFW&FRÄ6öÆBÄvöö@£C2ÄfVÖÆRÃCRÃãƒbÄ†–v‚Ä6öÆBÄvöö@£SÄÖÆRÃRÃBãs"ÄÖöFW&FRÄ†÷BÄvöö@£C2ÄfVÖÆRÃƒ2Ã2ãSRÄÖöFW&FRÄ†÷BÄvöö@£#2ÄÖÆRÃcBÃãƒbÄÆ÷rÄ6öÆBÅö÷ £SRÄÖÆRÃcÃãRÄÆ÷rÄæ÷&ÖÂÅö÷ £3’ÄfVÖÆRÃÃBãRÄÖöFW&FRÄ†÷BÄvöö@£#RÄfVÖÆRÃSÃãcÄÆ÷rÄ6öÆBÄvöö@£#’ÄÖÆRÃS‚ÃãRÄÆ÷rÄ6öÆBÅö÷ £c’ÄÖÆRÃc2Ãã“Ä†–v‚Ä6öÆBÄvöö@£cÄfVÖÆRÃs"Ã"ãSbÄ†–v‚Ä6öÆBÄvöö@£3"ÄÖÆRÃrÃBãS2Ä†–v‚Äæ÷&ÖÂÄvöö@£#rÄÖÆRÃƒÃ"ã“rÄ†–v‚Ä6öÆBÄvöö@£cbÄÖÆRÃS‚Ã"ã“2ÄÖöFW&FRÄ†÷BÄvöö@£SÄÖÆRÃƒ2Ã"ãcrÄÖöFW&FRÄæ÷&ÖÂÄvöö@£C2ÄfVÖÆRÃcbÃ2ãc‚ÄÖöFW&FRÄ†÷BÄvöö@£CÄÖÆRÃc’Ã"ã“bÄÆ÷rÄ†÷BÄvöö@£C2ÄÖÆRÃBÃBã3"ÄÖöFW&FRÄ†÷BÄvöö@£3bÄÖÆRÃc2Ã"ãrÄÖöFW&FRÄæ÷&ÖÂÄvöö@£C‚ÄÖÆRÃSbÃãRÄÆ÷rÄ6öÆBÅö÷ £crÄfVÖÆRÃsRÃ2ã’Ä†–v‚Ä6öÆBÄvöö@£3ÄfVÖÆRÃ"Ã2ã“ÄÆ÷rÄ†÷BÄvöö@£#rÄfVÖÆRÃƒ‚Ã2ã“"Ä†–v‚Ä†÷BÄvöö@£#BÄfVÖÆRÃS"Ã"ã3RÄÆ÷rÄ†÷BÄvöö@£CRÄfVÖÆRÃ“’ÃBãsRÄ†–v‚Ä†÷BÄvöö@£3ÄÖÆRÃƒ2Ã"ã’ÄÆ÷rÄæ÷&ÖÂÅö÷ £32ÄÖÆRÃs2Ã"ãƒ‚ÄÖöFW&FRÄ6öÆBÄvöö@£SBÄÖÆRÃSÃ"ãRÄÆ÷rÄ†÷BÄvöö@£3bÄÖÆRÃƒÃ2ãrÄÖöFW&FRÄ†÷BÄvöö@£#’ÄÖÆRÃs2Ã"ã“’Ä†–v‚Äæ÷&ÖÂÄvöö@£cbÄfVÖÆRÃCbÃ"ã#BÄÖöFW&FRÄ†÷BÄvöö@£3bÄfVÖÆRÃ’Ã2ãƒBÄÖöFW&FRÄæ÷&ÖÂÄvöö@£SÄÖÆRÃcRÃ"ãc’Ä†–v‚Ä6öÆBÄvöö@£CBÄfVÖÆRÃrÃ"ãc2ÄÆ÷rÄ6öÆBÅö÷ £S2ÄfVÖÆRÃƒ2Ã2ãc2ÄÖöFW&FRÄ†÷BÄvöö@£3BÄfVÖÆRÃS‚Ã"ãs"Ä†–v‚Äæ÷&ÖÂÄvöö@£CbÄfVÖÆRÃƒ"Ã"ãCrÄÖöFW&FRÄæ÷&ÖÂÄvöö@£SÄfVÖÆRÃ"Ã"ã3rÄÆ÷rÄ6öÆBÅö÷ £CÄÖÆRÃcBÃãS"ÄÆ÷rÄ6öÆBÅö÷ £#ÄfVÖÆRÃ“2Ã2ã#2ÄÆ÷rÄæ÷&ÖÂÄvöö@£C2ÄÖÆRÃsbÃ"ã“RÄÖöFW&FRÄæ÷&ÖÂÄvöö@£SrÄÖÆRÃƒÃ"ãCBÄÆ÷rÄæ÷&ÖÂÄvöö@£c‚ÄfVÖÆRÃÃ"ãBÄÆ÷rÄ6öÆBÅö÷ £cRÄÖÆRÃCrÃ"ãÄ†–v‚Ä6öÆBÄvöö@£#’ÄfVÖÆRÃ“RÃ2ã#‚ÄÆ÷rÄ†÷BÄvöö@£#2ÄÖÆRÃSbÃ"ã“’Ä†–v‚Ä†÷BÄvöö@£SÄfVÖÆRÃsÃ2ãbÄÖöFW&FRÄ†÷BÄvöö@£32ÄfVÖÆRÃƒÃ"ãs"ÄÖöFW&FRÄæ÷&ÖÂÄvöö@£CrÄÖÆRÃ“2Ã2ãƒ’ÄÆ÷rÄ†÷BÄvöö@£S’ÄÖÆRÃbÃBã#Ä†–v‚Äæ÷&ÖÂÄvöö@£#‚ÄfVÖÆRÃCrÃ"ã3BÄ†–v‚Äæ÷&ÖÂÄvöö@£cÄfVÖÆRÃ“rÃBã"ÄÖöFW&FRÄ†÷BÄvöö@£c"ÄÖÆRÃÃ"ãƒ"ÄÖöFW&FRÄ6öÆBÅö÷ £3bÄfVÖÆRÃRÃ2ãS‚ÄÆ÷rÄ†÷BÄvöö@£C2ÄÖÆRÃs’ÃãsrÄÆ÷rÄ6öÆBÅö÷ £3bÄfVÖÆRÃƒ‚Ã2ãrÄÖöFW&FRÄæ÷&ÖÂÄvöö@£S’ÄfVÖÆRÃSbÃãRÄÆ÷rÄæ÷&ÖÂÅö÷ £#RÄfVÖÆRÃc’Ã2ã’ÄÖöFW&FRÄ†÷BÄvöö@£3’ÄÖÆRÃSrÃ2ã2Ä†–v‚Ä†÷BÄvöö@£CÄÖÆRÃs"Ããs2ÄÆ÷rÄ6öÆBÅö÷ £C’ÄÖÆRÃƒ‚Ã"ãSrÄÆ÷rÄ6öÆBÅö÷ £S"ÄÖÆRÃ“Ã"ã3rÄÆ÷rÄæ÷&ÖÂÅö÷ £crÄfVÖÆRÃƒBÃ"ã“RÄÖöFW&FRÄ†÷BÄvöö@£CbÄÖÆRÃƒbÃ2ãcRÄ†–v‚Äæ÷&ÖÂÄvöö@£#"ÄfVÖÆRÃsrÃ2ãRÄÆ÷rÄ†÷BÄvöö@£SÄÖÆRÃc’Ãã“’ÄÆ÷rÄ6öÆBÅö÷ £CBÄfVÖÆRÃÃ2ãSÄÖöFW&FRÄ6öÆBÄvöö@£C"ÄfVÖÆRÃC’Ã"ã“BÄ†–v‚Ä†÷BÄvöö@£cÄfVÖÆRÃƒÃ"ãSBÄ†–v‚Ä6öÆBÄvöö@£#rÄfVÖÆRÃcbÃ2ã#‚Ä†–v‚Äæ÷&ÖÂÄvöö@£CRÄÖÆRÃ“"Ã2ãBÄÆ÷rÄ†÷BÄvöö@£cbÄfVÖÆRÃrÃ2ãc‚ÄÖöFW&FRÄæ÷&ÖÂÄvöö@£c‚ÄÖÆRÃs"Ã"ãsBÄ†–v‚Äæ÷&ÖÂÄvöö@£c’ÄÖÆRÃCRÃãRÄÆ÷rÄ6öÆBÄvöö@£3"ÄÖÆRÃS’Ã2ãcbÄ†–v‚Ä†÷BÄvöö@£#"ÄÖÆRÃƒ"Ã2ã#’ÄÆ÷rÄ†÷BÄvöö@£SbÄÖÆRÃƒrÃ"ãsÄÖöFW&FRÄ6öÆBÄvöö@£3ÄfVÖÆRÃsÃ"ãc2ÄÖöFW&FRÄæ÷&ÖÂÄvöö@£c2ÄÖÆRÃSbÃ"ãRÄÆ÷rÄ†÷BÄvöö@£CbÄfVÖÆRÃRÃ2ãƒ’ÄÆ÷rÄ†÷BÄvöö@£3rÄÖÆRÃ“Ã2ãBÄÆ÷rÄ†÷BÄvöö@£CbÄfVÖÆRÃƒ2Ã2ãsBÄÖöFW&FRÄ†÷BÄvöö@£SrÄÖÆRÃ“RÃ2ãCbÄÆ÷rÄ†÷BÄvöö@£‚ÄfVÖÆRÃs"Ã"ãS‚Ä†–v‚Ä6öÆBÄvöö@£#RÄÖÆRÃsRÃ"ãs’ÄÖöFW&FRÄæ÷&ÖÂÄvöö@£crÄÖÆRÃcÃã“’ÄÖöFW&FRÄ6öÆBÄvöö@£CÄÖÆRÃ“‚Ã2ãbÄÆ÷rÄ6öÆBÄvöö@£#"ÄfVÖÆRÃSbÃ"ã#’ÄÆ÷rÄ†÷BÄvöö@£C2ÄÖÆRÃC‚Ã"ã#2Ä†–v‚Ä6öÆBÄvöö@£3’ÄfVÖÆRÃ‚ÃBãSRÄÖöFW&FRÄ†÷BÄvöö@£CRÄÖÆRÃSRÃ"ã#‚Ä†–v‚Ä6öÆBÄvöö@£3‚ÄÖÆRÃƒ2Ã"ã“rÄÆ÷rÄ†÷BÄvöö@£3’ÄfVÖÆRÃsBÃ"ãrÄÆ÷rÄ6öÆBÅö÷ £SrÄÖÆRÃsBÃ2ãcbÄ†–v‚Ä†÷BÄvöö@£CrÄfVÖÆRÃsÃãs2ÄÆ÷rÄ6öÆBÅö÷ £#ÄÖÆRÃƒÃBã’ÄÖöFW&FRÄ†÷BÄvöö@£32ÄÖÆRÃcÃ"ãC’Ä†–v‚Äæ÷&ÖÂÄvöö@£CBÄÖÆRÃSÃ"ã#"ÄÖöFW&FRÄ†÷BÄvöö@£#bÄfVÖÆRÃrÃBã32Ä†–v‚Äæ÷&ÖÂÄvöö@£CRÄÖÆRÃƒ’Ã2ã3Ä†–v‚Ä6öÆBÄvöö@£CbÄÖÆRÃ“‚Ã2ã"ÄÆ÷rÄæ÷&ÖÂÄvöö@£cbÄÖÆRÃ‚Ã2ãbÄ†–v‚Ä6öÆBÄvöö@£32ÄfVÖÆRÃCrÃ2ãSRÄ†–v‚Ä†÷BÄvöö@£3BÄÖÆRÃcbÃ2ãƒBÄ†–v‚Ä†÷BÄvöö@£3RÄÖÆRÃÃ2ãs’ÄÆ÷rÄ†÷BÄvöö@£C"ÄfVÖÆRÃs"Ã"ã#BÄÆ÷rÄ6öÆBÄvöö@£CÄÖÆRÃS"Ã"ãSRÄÖöFW&FRÄ†÷BÄvöö@£cBÄfVÖÆRÃSBÃ"ãRÄÖöFW&FRÄæ÷&ÖÂÄvöö@£#rÄÖÆRÃ“2Ã2ãCrÄÖöFW&FRÄæ÷&ÖÂÄvöö@£CÄÖÆRÃRÃ2ãƒRÄ†–v‚Äæ÷&ÖÂÄvöö@£c’ÄÖÆRÃ“Ã"ãƒÄÖöFW&FRÄæ÷&ÖÂÄvöö@£SRÄÖÆRÃƒ2Ããs"ÄÆ÷rÄ6öÆBÅö÷ £c‚ÄfVÖÆRÃ“BÃ2ã"ÄÖöFW&FRÄæ÷&ÖÂÄvöö@£’ÄÖÆRÃƒRÃ2ãbÄÆ÷rÄ†÷BÄvöö@£#ÄÖÆRÃ“2Ã2ã‚Ä†–v‚Ä6öÆBÄvöö@£cBÄÖÆRÃbÃBãrÄ†–v‚Ä†÷BÄvöö@£#ÄÖÆRÃc"Ã2ã#rÄÖöFW&FRÄ†÷BÄvöö@£#2ÄÖÆRÃ’ÃBãsbÄ†–v‚Ä†÷BÄvöö@£#bÄÖÆRÃrÃBãƒrÄÖöFW&FRÄ†÷BÄvöö@£SÄfVÖÆRÃ2Ã"ãRÄÆ÷rÄ6öÆBÅö÷ £SBÄfVÖÆRÃs‚Ã2ãS‚ÄÖöFW&FRÄ†÷BÄvöö@£‚ÄfVÖÆRÃ“rÃ2ãSÄÖöFW&FRÄ6öÆBÄvöö@£3"ÄfVÖÆRÃ“RÃ2ãC2ÄÆ÷rÄ†÷BÄvöö@£SÄÖÆRÃ2Ã"ãƒrÄÆ÷rÄ6öÆBÅö÷ £S"ÄfVÖÆRÃcÃ2ã"Ä†–v‚Ä†÷BÄvöö@£3BÄÖÆRÃc"Ã2ã#2Ä†–v‚Äæ÷&ÖÂÄvöö@£S"ÄfVÖÆRÃ“Ã"ãSBÄÆ÷rÄæ÷&ÖÂÅö÷ £cbÄfVÖÆRÃcrÃ"ã#’ÄÖöFW&FRÄæ÷&ÖÂÄvöö@£CbÄfVÖÆRÃBÃ2ãS’ÄÆ÷rÄæ÷&ÖÂÄvöö@£#rÄfVÖÆRÃ“rÃ"ã“"ÄÆ÷rÄ6öÆBÄvöö@£CrÄÖÆRÃ“’Ã2ã#2ÄÖöFW&FRÄ6öÆBÄvöö@£3‚ÄfVÖÆRÃSÃ2ã"ÄÖöFW&FRÄ†÷BÄvöö@£SbÄÖÆRÃS’Ãã“RÄ†–v‚Ä6öÆBÄvöö@£SBÄÖÆRÃCrÃ"ã#‚ÄÆ÷rÄ†÷BÄvöö@£cBÄÖÆRÃƒrÃãsrÄÆ÷rÄ6öÆBÅö÷ £#ÄfVÖÆRÃƒÃ"ã3bÄÆ÷rÄæ÷&ÖÂÅö÷ £32ÄfVÖÆRÃ“bÃBã’Ä†–v‚Ä†÷BÄvöö@£c‚ÄÖÆRÃsbÃã‚ÄÆ÷rÄ6öÆBÅö÷ £CÄfVÖÆRÃƒ‚Ã2ã#’Ä†–v‚Äæ÷&ÖÂÄvöö@£3ÄÖÆRÃS’Ã2ãbÄ†–v‚Äæ÷&ÖÂÄvöö@£#bÄÖÆRÃc‚Ã"ãCÄ†–v‚Ä6öÆBÄvöö@£cbÄÖÆRÃCrÃ"ã#‚ÄÆ÷rÄ†÷BÄvöö@£3‚ÄfVÖÆRÃ“‚Ã2ã3ÄÆ÷rÄ†÷BÄvöö@£CÄÖÆRÃSRÃ2ã’Ä†–v‚Äæ÷&ÖÂÄvöö@£CBÄfVÖÆRÃBÃ2ã‚ÄÆ÷rÄ6öÆBÅö÷ £c"ÄfVÖÆRÃsÃãRÄÆ÷rÄæ÷&ÖÂÅö÷ £c2ÄfVÖÆRÃsrÃ"ãc’ÄÖöFW&FRÄ6öÆBÄvöö@£#bÄfVÖÆRÃSrÃã“RÄ†–v‚Ä6öÆBÄvöö@£C"ÄÖÆRÃSÃãƒRÄÖöFW&FRÄæ÷&ÖÂÄvöö@£S2ÄfVÖÆRÃ“BÃBã#"Ä†–v‚Ä†÷BÄvöö@£3bÄfVÖÆRÃSRÃ2ãC‚Ä†–v‚Ä†÷BÄvöö@£#BÄfVÖÆRÃÃ2ãs’ÄÖöFW&FRÄ†÷BÄvöö@£C‚ÄÖÆRÃ“ÃBãƒrÄ†–v‚Ä†÷BÄvöö@£#BÄÖÆRÃS‚Ã2ãÄÖöFW&FRÄ†÷BÄvöö@£#bÄÖÆRÃCbÃãs‚ÄÆ÷rÄæ÷&ÖÂÄvöö@£32ÄfVÖÆRÃCbÃãSRÄÖöFW&FRÄæ÷&ÖÂÄvöö@£CÄfVÖÆRÃs"ÃãsÄÆ÷rÄæ÷&ÖÂÅö÷ £3BÄÖÆRÃƒÃ2ã“2ÄÖöFW&FRÄ†÷BÄvöö@£CÄfVÖÆRÃc2Ã"ãƒ"Ä†–v‚Ä6öÆBÄvöö@£CBÄÖÆRÃƒrÃ2ãSrÄÆ÷rÄ†÷BÄvöö@£#2ÄfVÖÆRÃc’Ã2ãbÄÖöFW&FRÄæ÷&ÖÂÄvöö@£c2ÄfVÖÆRÃ2ÃBãC‚Ä†–v‚Ä†÷BÄvöö@£CÄfVÖÆRÃc‚Ã"ã#BÄÆ÷rÄæ÷&ÖÂÄvöö@£3rÄÖÆRÃS"Ããƒ‚ÄÖöFW&FRÄ6öÆBÄvöö@£SBÄfVÖÆRÃS‚Ã2ã#‚Ä†–v‚Ä†÷BÄvöö@£SÄfVÖÆRÃsbÃ"ãƒ"ÄÖöFW&FRÄ†÷BÄvöö@£#"ÄfVÖÆRÃc"ÃãsBÄÖöFW&FRÄ6öÆBÅö÷ £#rÄÖÆRÃC‚Ãã“bÄÖöFW&FRÄ6öÆBÄvöö@£#"ÄfVÖÆRÃrÃ2ã#bÄÆ÷rÄæ÷&ÖÂÄvöö@£3ÄfVÖÆRÃSrÃ"ãs’ÄÆ÷rÄ†÷BÄvöö@£#ÄÖÆRÃCbÃãRÄÆ÷rÄ6öÆBÄvöö@£3RÄfVÖÆRÃÃBã"Ä†–v‚Äæ÷&ÖÂÄvöö@£C"ÄfVÖÆRÃ“bÃ2ãs‚Ä†–v‚Ä6öÆBÄvöö@£#RÄÖÆRÃƒ’Ã2ã2ÄÆ÷rÄ†÷BÄvöö@£3BÄfVÖÆRÃsBÃãƒrÄÆ÷rÄ6öÆBÅö÷ £S2ÄÖÆRÃSRÃ"ã"Ä†–v‚Ä6öÆBÄvöö@£cÄfVÖÆRÃsÃ"ã32Ä†–v‚Äæ÷&ÖÂÄvöö@£#bÄfVÖÆRÃ“Ã2ãc2ÄÖöFW&FRÄ†÷BÄvöö@£#bÄfVÖÆRÃcrÃ"ãS‚ÄÖöFW&FRÄæ÷&ÖÂÄvöö@£SÄÖÆRÃcbÃãs"ÄÆ÷rÄ6öÆBÅö÷ £C2ÄÖÆRÃ“’Ã"ãƒ‚ÄÆ÷rÄ6öÆBÅö÷ £3"ÄÖÆRÃ“rÃ"ãSÄÆ÷rÄæ÷&ÖÂÅö÷ £c"ÄÖÆRÃƒbÃ"ãcrÄÖöFW&FRÄ6öÆBÄvöö@£SÄÖÆRÃƒ‚Ã2ãRÄ†–v‚Ä6öÆBÄvöö@£SÄfVÖÆRÃ“bÃ"ã“"ÄÆ÷rÄ†÷BÄvöö@£SbÄfVÖÆRÃrÃ2ã“‚ÄÆ÷rÄ†÷BÄvöö@£CrÄÖÆRÃc2Ã"ãc’ÄÖöFW&FRÄ†÷BÄvöö@£#rÄÖÆRÃsBÃ"ã"ÄÖöFW&FRÄ6öÆBÅö÷ £SÄÖÆRÃƒ2Ã"ã“‚ÄÆ÷rÄ†÷BÄvöö@£S’ÄfVÖÆRÃC’ÃãRÄÆ÷rÄ†÷BÄvöö@£cBÄÖÆRÃ2Ã"ã’ÄÖöFW&FRÄ6öÆBÅö÷ £3BÄfVÖÆRÃc2Ã2ã3rÄÖöFW&FRÄ†÷BÄvöö@£C2ÄÖÆRÃS‚Ã2ã#"Ä†–v‚Ä†÷BÄvöö@£#ÄÖÆRÃCrÃ"ã“RÄÖöFW&FRÄ†÷BÄvöö@£cRÄfVÖÆRÃ“BÃ2ãbÄÖöFW&FRÄ6öÆBÄvöö@£SÄfVÖÆRÃSBÃãRÄÆ÷rÄ6öÆBÅö÷ £SÄfVÖÆRÃcÃ"ã2Ä†–v‚Ä6öÆBÄvöö@£cbÄfVÖÆRÃ“’Ã2ãRÄÖöFW&FRÄ6öÆBÄvöö@£C’ÄÖÆRÃƒ‚ÃBãCÄ†–v‚Ä†÷BÄvöö@£c’ÄÖÆRÃsrÃ"ã’ÄÖöFW&FRÄ†÷BÄvöö@£’ÄfVÖÆRÃS‚Ã"ãCRÄÖöFW&FRÄ†÷BÄvöö@£SÄÖÆRÃ’Ã2ã“BÄ†–v‚Äæ÷&ÖÂÄvöö@£CrÄfVÖÆRÃsÃ2ãCÄ†–v‚Ä†÷BÄvöö@£32ÄfVÖÆRÃSBÃãƒ‚ÄÖöFW&FRÄ6öÆBÄvöö@£’ÄfVÖÆRÃƒrÃ2ã’ÄÖöFW&FRÄ6öÆBÄvöö@£c‚ÄÖÆRÃSRÃ"ã3’ÄÖöFW&FRÄ†÷BÄvöö@£C’ÄÖÆRÃs2Ã2ãbÄÖöFW&FRÄæ÷&ÖÂÄvöö@£cBÄfVÖÆRÃƒrÃ"ã"ÄÆ÷rÄ6öÆBÅö÷ £#ÄfVÖÆRÃC’ÃãRÄÆ÷rÄ6öÆBÄvöö@£c‚ÄfVÖÆRÃc‚Ã"ãC2ÄÆ÷rÄ†÷BÄvöö@£cRÄfVÖÆRÃCRÃãRÄÆ÷rÄæ÷&ÖÂÄvöö@£#rÄfVÖÆRÃrÃ2ã3‚ÄÖöFW&FRÄ6öÆBÄvöö@£SrÄfVÖÆRÃ“"Ã"ã#ÄÆ÷rÄæ÷&ÖÂÅö÷ £CbÄfVÖÆRÃƒRÃ2ã#RÄÖöFW&FRÄæ÷&ÖÂÄvöö@£#bÄfVÖÆRÃsbÃ"ãSÄÖöFW&FRÄ6öÆBÄvöö@£#"ÄÖÆRÃcÃ"ã3bÄÖöFW&FRÄ6öÆBÄvöö@£CBÄfVÖÆRÃSÃ2ãbÄ†–v‚Ä†÷BÄvöö@£3rÄÖÆRÃc2Ã"ãbÄÖöFW&FRÄ6öÆBÄvöö@£SBÄÖÆRÃRÃ2ã#bÄÖöFW&FRÄ6öÆBÄvöö@£cBÄÖÆRÃƒ"Ã"ãcBÄÖöFW&FRÄæ÷&ÖÂÄvöö@£C’ÄfVÖÆRÃS’ÃãRÄÆ÷rÄ6öÆBÅö÷ £#"ÄÖÆRÃcBÃ"ã#RÄÆ÷rÄ†÷BÄvöö@£cbÄÖÆRÃc2ÃãsbÄÆ÷rÄ6öÆBÅö÷ £CÄfVÖÆRÃsÃ"ãSBÄÆ÷rÄ†÷BÄvöö@£S’ÄÖÆRÃƒ’Ã2ã“"ÄÖöFW&FRÄ†÷BÄvöö@£#ÄfVÖÆRÃc‚Ã2ãC‚ÄÖöFW&FRÄ†÷BÄvöö@£#‚ÄÖÆRÃC’ÃãRÄÆ÷rÄ6öÆBÄvöö@£CBÄÖÆRÃ“ÃBãƒ"Ä†–v‚Ä†÷BÄvöö@£#’ÄfVÖÆRÃÃBã32Ä†–v‚Äæ÷&ÖÂÄvöö@£3ÄÖÆRÃcbÃ"ãS2Ä†–v‚Ä6öÆBÄvöö@£SrÄfVÖÆRÃ“bÃ2ã#rÄÖöFW&FRÄ6öÆBÄvöö@£SRÄfVÖÆRÃSÃ"ã‚ÄÖöFW&FRÄæ÷&ÖÂÄvöö@£’ÄÖÆRÃsBÃ"ãSrÄÖöFW&FRÄ6öÆBÄvöö@£#ÄÖÆRÃ“Ã2ã"ÄÖöFW&FRÄæ÷&ÖÂÄvöö@£3bÄfVÖÆRÃƒbÃBã#bÄÖöFW&FRÄ†÷BÄvöö@£c‚ÄÖÆRÃCrÃ2ãbÄ†–v‚Ä†÷BÄvöö@£3’ÄÖÆRÃsrÃ2ãƒ2Ä†–v‚Ä†÷BÄvöö@£SÄfVÖÆRÃ“2Ã"ãƒÄÖöFW&FRÄæ÷&ÖÂÄvöö@£S"ÄfVÖÆRÃs2Ã"ãC2Ä†–v‚Ä6öÆBÄvöö@£crÄÖÆRÃS‚Ã"ãbÄ†–v‚Ä6öÆBÄvöö@£crÄfVÖÆRÃCRÃãRÄÖöFW&FRÄ6öÆBÄvöö@£#BÄÖÆRÃ“"Ã2ã‚Ä†–v‚Ä6öÆBÄvöö@£#bÄfVÖÆRÃÃBãBÄÖöFW&FRÄ†÷BÄvöö@£3"ÄÖÆRÃRÃ2ãƒ‚ÄÖöFW&FRÄ†÷BÄvöö@£cBÄfVÖÆRÃ“Ã"ãƒ"ÄÆ÷rÄæ÷&ÖÂÄvöö@£S"ÄfVÖÆRÃÃ2ãÄÆ÷rÄ†÷BÅö÷ £S"ÄÖÆRÃsRÃ"ã2ÄÖöFW&FRÄ6öÆBÄvöö@£cBÄÖÆRÃ’Ã"ãƒ2ÄÖöFW&FRÄ6öÆBÅö÷ £#ÄfVÖÆRÃS‚ÃãbÄÆ÷rÄ6öÆBÅö÷ £#ÄfVÖÆRÃ“BÃ"ãƒ2ÄÖöFW&FRÄ6öÆBÄvöö@£S2ÄfVÖÆRÃƒÃ"ã“ÄÖöFW&FRÄæ÷&ÖÂÄvöö@£#ÄfVÖÆRÃƒ2Ã"ãc‚ÄÖöFW&FRÄ6öÆBÄvöö@£c‚ÄÖÆRÃsbÃãRÄÆ÷rÄ6öÆBÅö÷ £cBÄfVÖÆRÃSrÃãRÄÆ÷rÄ6öÆBÅö÷ £3"ÄfVÖÆRÃ“rÃ"ãƒBÄÆ÷rÄæ÷&ÖÂÅö÷ £S’ÄfVÖÆRÃs2Ã2ãS"Ä†–v‚Ä†÷BÄvöö@£CBÄfVÖÆRÃsBÃ2ãCÄÖöFW&FRÄ†÷BÄvöö@£S‚ÄfVÖÆRÃ2ÃBã32ÄÖöFW&FRÄ†÷BÄvöö@£cÄÖÆRÃS‚ÃãS‚ÄÆ÷rÄæ÷&ÖÂÅö÷ £cBÄfVÖÆRÃƒ‚Ã2ã2Ä†–v‚Äæ÷&ÖÂÄvöö@£c‚ÄfVÖÆRÃƒrÃ"ãsbÄÖöFW&FRÄæ÷&ÖÂÄvöö@£#ÄÖÆRÃc‚Ã"ãc’ÄÖöFW&FRÄ6öÆBÄvöö@£#2ÄÖÆRÃC’ÃãRÄÆ÷rÄæ÷&ÖÂÄvöö@£c"ÄÖÆRÃsBÃ"ãC2Ä†–v‚Ä6öÆBÄvöö@£#BÄÖÆRÃ“RÃ2ãbÄÆ÷rÄ†÷BÄvöö@£#rÄfVÖÆRÃsÃ"ãÄÆ÷rÄæ÷&ÖÂÄvöö@£C‚ÄÖÆRÃcrÃ2ã#bÄ†–v‚Ä†÷BÄvöö@£#RÄfVÖÆRÃ“’Ã2ãs’ÄÖöFW&FRÄ†÷BÄvöö@£#bÄÖÆRÃC‚Ãã“RÄ†–v‚Ä6öÆBÄvöö@£cÄÖÆRÃƒRÃ"ã“2Ä†–v‚Ä6öÆBÄvöö@£#bÄÖÆRÃSbÃ2ãƒ"Ä†–v‚Ä†÷BÄvöö@£cRÄfVÖÆRÃsbÃã“RÄÆ÷rÄ6öÆBÅö÷ £’ÄfVÖÆRÃ“‚ÃBãrÄÖöFW&FRÄ†÷BÄvöö@£c’ÄÖÆRÃs’Ã2ãÄÖöFW&FRÄ†÷BÄvöö@£C2ÄfVÖÆRÃƒ"Ã"ã3bÄÆ÷rÄæ÷&ÖÂÅö÷ £SBÄfVÖÆRÃCbÃ"ãs2ÄÖöFW&FRÄ†÷BÄvöö@£SrÄÖÆRÃ“Ã"ãcRÄÖöFW&FRÄæ÷&ÖÂÅö÷ £C2ÄfVÖÆRÃsÃ2ãS’Ä†–v‚Äæ÷&ÖÂÄvöö@£cÄÖÆRÃS"ÃãRÄÖöFW&FRÄ6öÆBÅö÷ £C"ÄfVÖÆRÃ2Ã2ã3RÄÆ÷rÄ†÷BÄvöö@£32ÄfVÖÆRÃsÃãsRÄÆ÷rÄæ÷&ÖÂÅö÷ £cBÄfVÖÆRÃƒBÃ"ãsÄÖöFW&FRÄ6öÆBÄvöö@£cRÄÖÆRÃƒ‚Ã2ã2Ä†–v‚Ä6öÆBÄvöö@£c’ÄÖÆRÃƒÃ2ãƒBÄ†–v‚Ä†÷BÄvöö@£#RÄÖÆRÃS‚Ã"ã#BÄÖöFW&FRÄæ÷&ÖÂÄvöö@£CrÄÖÆRÃSrÃ"ãC‚Ä†–v‚Ä6öÆBÄvöö@£’ÄÖÆRÃsBÃ"ãrÄÆ÷rÄ6öÆBÅö÷ £3RÄÖÆRÃcrÃ"ãSRÄÆ÷rÄ†÷BÄvöö@£c2ÄfVÖÆRÃSÃãRÄÆ÷rÄæ÷&ÖÂÅö÷ £#rÄfVÖÆRÃsBÃ2ã#RÄ†–v‚Ä6öÆBÄvöö@£C"ÄÖÆRÃc‚Ã"ã“rÄÖöFW&FRÄ†÷BÄvöö@£SÄfVÖÆRÃCrÃ"ãbÄÖöFW&FRÄ†÷BÄvöö@£CBÄfVÖÆRÃƒÃ"ã“‚ÄÖöFW&FRÄ6öÆBÄvöö@£S2ÄfVÖÆRÃ’Ã2ãrÄÆ÷rÄæ÷&ÖÂÅö÷ £3ÄfVÖÆRÃ’ÃBãBÄÆ÷rÄ†÷BÄvöö@£’ÄfVÖÆRÃS‚ÃãRÄÆ÷rÄæ÷&ÖÂÅö÷ £S"ÄfVÖÆRÃS‚Ã2ã#"Ä†–v‚Ä†÷BÄvöö@£#bÄÖÆRÃSBÃ"ãƒ"Ä†–v‚Äæ÷&ÖÂÄvöö@£SbÄfVÖÆRÃsrÃãƒbÄÖöFW&FRÄ6öÆBÅö÷ £SrÄÖÆRÃcrÃ"ã#ÄÖöFW&FRÄ6öÆBÄvöö@£S2ÄÖÆRÃ‚Ã2ãcÄÆ÷rÄ†÷BÄvöö@£3rÄfVÖÆRÃ"ÃBã3bÄ†–v‚Äæ÷&ÖÂÄvöö@£#’ÄÖÆRÃƒÃ"ã#‚ÄÖöFW&FRÄ6öÆBÅö÷ £#2ÄÖÆRÃsbÃ"ãbÄÆ÷rÄæ÷&ÖÂÅö÷ £c’ÄÖÆRÃc‚Ã"ã’Ä†–v‚Äæ÷&ÖÂÄvöö@£3ÄfVÖÆRÃrÃ2ã“"ÄÆ÷rÄ†÷BÄvöö@£CbÄÖÆRÃ2Ã2ãƒbÄÆ÷rÄ†÷BÄvöö@£CBÄfVÖÆRÃsÃBã#Ä†–v‚Ä†÷BÄvöö@£3’ÄfVÖÆRÃSÃ"ãC2Ä†–v‚Ä6öÆBÄvöö@£3RÄÖÆRÃSBÃ2ã#rÄÖöFW&FRÄ†÷BÄvöö@£cBÄÖÆRÃc’Ã"ãÄÆ÷rÄæ÷&ÖÂÄvöö@£3RÄfVÖÆRÃc‚ÃãRÄÆ÷rÄ6öÆBÅö÷ £3"ÄÖÆRÃS"ÃãRÄÆ÷rÄæ÷&ÖÂÅö÷ £S"ÄfVÖÆRÃc‚Ã2ã#ÄÖöFW&FRÄ†÷BÄvöö@£SrÄÖÆRÃ’ÃBãbÄ†–v‚Äæ÷&ÖÂÄvöö@£C2ÄfVÖÆRÃƒBÃ2ã’ÄÆ÷rÄ†÷BÄvöö@£SbÄÖÆRÃCRÃ"ã#RÄ†–v‚Äæ÷&ÖÂÄvöö@£3RÄÖÆRÃsBÃ2ãÄÆ÷rÄ†÷BÄvöö@£cbÄÖÆRÃsBÃ"ã3’ÄÖöFW&FRÄ6öÆBÄvöö@£S2ÄfVÖÆRÃcRÃãcBÄÆ÷rÄ6öÆBÅö÷ £3BÄÖÆRÃc"Ã2ãC’Ä†–v‚Ä†÷BÄvöö@£#’ÄfVÖÆRÃsRÃ2ãrÄÆ÷rÄ†÷BÄvöö@£#ÄÖÆRÃS’ÃãƒBÄÆ÷rÄ6öÆBÄvöö@£S’ÄfVÖÆRÃs"Ã"ã“"Ä†–v‚Ä6öÆBÄvöö@£#‚ÄfVÖÆRÃs2Ã"ãCbÄ†–v‚Ä6öÆBÄvöö@£c’ÄfVÖÆRÃc’Ã"ãƒ‚ÄÖöFW&FRÄ†÷BÄvöö@£SRÄfVÖÆRÃƒBÃ"ãSbÄÖöFW&FRÄæ÷&ÖÂÄvöö@£CbÄfVÖÆRÃrÃ"ã‚ÄÆ÷rÄæ÷&ÖÂÅö÷ £#‚ÄfVÖÆRÃBÃ2ãS’ÄÖöFW&FRÄæ÷&ÖÂÄvöö@£#ÄfVÖÆRÃsRÃ"ãSbÄÖöFW&FRÄ6öÆBÄvöö@£32ÄÖÆRÃÃ2ãBÄÖöFW&FRÄ6öÆBÄvöö@£S"ÄfVÖÆRÃƒ‚Ã"ãCrÄÆ÷rÄæ÷&ÖÂÅö÷ £#ÄÖÆRÃS2Ã2ãBÄÖöFW&FRÄ†÷BÄvöö@£#rÄÖÆRÃcÃãsBÄÆ÷rÄ6öÆBÅö÷ £crÄfVÖÆRÃS’Ã"ã3bÄ†–v‚Äæ÷&ÖÂÄvöö@£C‚ÄÖÆRÃƒ‚Ãã“bÄÆ÷rÄ6öÆBÅö÷ £’ÄfVÖÆRÃs"Ã2ãBÄÖöFW&FRÄæ÷&ÖÂÄvöö@£3BÄfVÖÆRÃƒ"Ã2ãbÄÆ÷rÄ†÷BÄvöö@£C’ÄfVÖÆRÃ“‚ÃBã"Ä†–v‚Ä†÷BÄvöö@£3ÄÖÆRÃS‚Ã"ãrÄÖöFW&FRÄæ÷&ÖÂÄvöö@£C"ÄÖÆRÃs’ÃBã’Ä†–v‚Ä†÷BÄvöö@£3"ÄÖÆRÃ“Ã2ã“ÄÆ÷rÄ†÷BÄvöö@£3BÄfVÖÆRÃcrÃ"ã“‚Ä†–v‚Ä6öÆBÄvöö@£C‚ÄÖÆRÃcÃ"ãS2Ä†–v‚Ä6öÆBÄvöö@£#‚ÄfVÖÆRÃcÃ"ãcBÄ†–v‚Ä6öÆBÄvöö@£3‚ÄÖÆRÃcRÃ2ãS’ÄÖöFW&FRÄ†÷BÄvöö@£c"ÄfVÖÆRÃcrÃãcRÄÆ÷rÄæ÷&ÖÂÅö÷ £C’ÄfVÖÆRÃƒ2Ã"ã“BÄÖöFW&FRÄæ÷&ÖÂÄvöö@£CbÄfVÖÆRÃsRÃ"ã3rÄÆ÷rÄ6öÆBÄvöö@£3’ÄfVÖÆRÃƒÃ2ã“2Ä†–v‚Äæ÷&ÖÂÄvöö@£#2ÄfVÖÆRÃrÃ2ãƒRÄ†–v‚Ä6öÆBÄvöö@£#‚ÄfVÖÆRÃ“rÃ2ãcÄ†–v‚Ä6öÆBÄvöö@£#ÄÖÆRÃc2Ã2ãRÄÖöFW&FRÄ†÷BÄvöö@£cÄÖÆRÃ“’Ã2ãCbÄÖöFW&FRÄæ÷&ÖÂÄvöö@£crÄÖÆRÃs2Ãã“RÄÖöFW&FRÄ6öÆBÅö÷ £3‚ÄÖÆRÃÃ2ãs2ÄÖöFW&FRÄæ÷&ÖÂÄvöö@£CBÄfVÖÆRÃ‚ÃBã‚ÄÆ÷rÄ†÷BÄvöö@£#rÄfVÖÆRÃSÃãRÄÆ÷rÄæ÷&ÖÂÅö÷ £CRÄfVÖÆRÃsÃ2ãCRÄ†–v‚Äæ÷&ÖÂÄvöö@£C’ÄÖÆRÃS‚Ã"ãsRÄÆ÷rÄ†÷BÄvöö@£#‚ÄfVÖÆRÃ“’Ã2ãcBÄ†–v‚Äæ÷&ÖÂÄvöö@£’ÄÖÆRÃsÃBãÄ†–v‚Ä†÷BÄvöö@£CbÄÖÆRÃc‚Ã2ã‚Ä†–v‚Ä6öÆBÄvöö@£‚ÄÖÆRÃc’Ã2ãbÄÆ÷rÄ†÷BÄvöö@£cÄfVÖÆRÃSbÃ"ã#bÄ†–v‚Ä6öÆBÄvöö@£3ÄÖÆRÃcBÃ"ã"ÄÖöFW&FRÄ6öÆBÄvöö@£#bÄfVÖÆRÃC’Ã"ã"ÄÆ÷rÄ†÷BÄvöö@£#ÄfVÖÆRÃƒ"Ãã“ÄÆ÷rÄ6öÆBÅö÷ £C’ÄfVÖÆRÃC’Ããc2ÄÆ÷rÄ6öÆBÄvöö@£3‚ÄÖÆRÃSRÃ"ãRÄÖöFW&FRÄæ÷&ÖÂÄvöö@£S2ÄÖÆRÃc’Ã2ã#’Ä†–v‚Ä†÷BÄvöö@£S"ÄfVÖÆRÃ2ÃBãCÄÖöFW&FRÄ†÷BÄvöö@£cRÄÖÆRÃCrÃãsBÄÆ÷rÄ†÷BÄvöö@£cÄÖÆRÃsrÃ"ãC2ÄÖöFW&FRÄ6öÆBÄvöö@£cBÄÖÆRÃ“rÃBãSbÄ†–v‚Ä†÷BÄvöö@£crÄfVÖÆRÃÃ2ã3‚Ä†–v‚Äæ÷&ÖÂÄvöö@£SrÄfVÖÆRÃCrÃ"ãRÄÆ÷rÄ†÷BÄvöö@£3rÄÖÆRÃc’Ã"ã3rÄÆ÷rÄ†÷BÄvöö@£cRÄfVÖÆRÃ“’Ã2ãcRÄÖöFW&FRÄ†÷BÄvöö@£CÄÖÆRÃ“"ÃBã3’Ä†–v‚Ä†÷BÄvöö@£3"ÄÖÆRÃ“RÃBãbÄ†–v‚Ä†÷BÄvöö@£SRÄfVÖÆRÃc’Ã"ãCÄÖöFW&FRÄæ÷&ÖÂÄvöö@£c‚ÄÖÆRÃ“Ã2ã"ÄÆ÷rÄ†÷BÄvöö@£32ÄfVÖÆRÃ‚Ã2ãcÄÖöFW&FRÄæ÷&ÖÂÄvöö@£CÄfVÖÆRÃÃ2ãSbÄÖöFW&FRÄ6öÆBÄvöö@£CbÄÖÆRÃsÃ2ã’ÄÖöFW&FRÄ†÷BÄvöö@£cBÄfVÖÆRÃcBÃ"ã’ÄÖöFW&FRÄ†÷BÄvöö@£cÄÖÆRÃ“rÃ2ãC"Ä†–v‚Ä6öÆBÄvöö@£c"ÄfVÖÆRÃS’Ã"ãcÄ†–v‚Ä6öÆBÄvöö@£C’ÄÖÆRÃÃBãÄÖöFW&FRÄ†÷BÄvöö@£#’ÄfVÖÆRÃ“"Ã2ãS2ÄÆ÷rÄ†÷BÄvöö@£3BÄÖÆRÃ“bÃ2ã2ÄÖöFW&FRÄæ÷&ÖÂÄvöö@£c"ÄfVÖÆRÃ“Ã2ã#"ÄÆ÷rÄ†÷BÄvöö@£#rÄÖÆRÃcbÃ"ãC2Ä†–v‚Ä6öÆBÄvöö@£crÄÖÆRÃc2Ã"ãBÄÖöFW&FRÄæ÷&ÖÂÄvöö@£CBÄÖÆRÃÃ2ã#BÄÖöFW&FRÄ6öÆBÄvöö@£SBÄÖÆRÃcbÃ"ã“"Ä†–v‚Ä†÷BÄvöö@£SrÄÖÆRÃƒ‚Ã"ã‚ÄÖöFW&FRÄ6öÆBÅö÷ £S"ÄÖÆRÃƒÃ"ã“‚Ä†–v‚Äæ÷&ÖÂÄvöö@£CÄfVÖÆRÃs‚Ã2ãsrÄÖöFW&FRÄ†÷BÄvöö@£c‚ÄfVÖÆRÃƒÃ"ãs2ÄÆ÷rÄ†÷BÄvöö@£c"ÄÖÆRÃC’ÃãRÄÖöFW&FRÄ6öÆBÄvöö@£S‚ÄÖÆRÃsÃ2ãSBÄ†–v‚Ä†÷BÄvöö@£‚ÄfVÖÆRÃƒ’Ããƒ’ÄÆ÷rÄ6öÆBÅö÷ £S’ÄfVÖÆRÃ“BÃ"ã3RÄÆ÷rÄ6öÆBÅö÷ £cBÄÖÆRÃS‚ÃãRÄÖöFW&FRÄ6öÆBÅö÷ £#2ÄÖÆRÃSÃ2ãÄ†–v‚Ä†÷BÄvöö@£3ÄÖÆRÃ“Ã2ãBÄÆ÷rÄ†÷BÄvöö@£SÄfVÖÆRÃƒRÃ"ãBÄÆ÷rÄ6öÆBÅö÷ £#"ÄfVÖÆRÃs2Ã2ã2ÄÖöFW&FRÄ†÷BÄvöö@£#BÄÖÆRÃ“‚ÃBã3’ÄÖöFW&FRÄ†÷BÄvöö@£S’ÄÖÆRÃC’ÃãRÄÆ÷rÄæ÷&ÖÂÄvöö@£’ÄÖÆRÃƒrÃBã"Ä†–v‚Ä†÷BÄvöö@£C‚ÄfVÖÆRÃrÃ2ã#2ÄÖöFW&FRÄæ÷&ÖÂÄvöö@£’ÄfVÖÆRÃƒrÃ2ãƒ"Ä†–v‚Äæ÷&ÖÂÄvöö@£3RÄfVÖÆRÃc‚Ã"ã#BÄÆ÷rÄ†÷BÄvöö@£#"ÄfVÖÆRÃ2Ã2ã“rÄ†–v‚Äæ÷&ÖÂÄvöö@£#ÄÖÆRÃƒRÃ2ãc"ÄÆ÷rÄ†÷BÄvöö@£#ÄÖÆRÃS’Ã"ãCÄ†–v‚Ä6öÆBÄvöö@£‚ÄÖÆRÃ“’Ã2ãCbÄ†–v‚Ä6öÆBÄvöö@£’ÄfVÖÆRÃSRÃãRÄÆ÷rÄ6öÆBÅö÷ £SÄfVÖÆRÃƒbÃ2ã“RÄ†–v‚Äæ÷&ÖÂÄvöö@£cbÄÖÆRÃƒÃ"ã3‚ÄÆ÷rÄæ÷&ÖÂÅö÷ £#BÄÖÆRÃƒ"Ã2ã3"ÄÖöFW&FRÄæ÷&ÖÂÄvöö@£3bÄfVÖÆRÃƒ2Ã"ãsrÄÖöFW&FRÄæ÷&ÖÂÄvöö@£’ÄÖÆRÃs"Ã2ãBÄÖöFW&FRÄæ÷&ÖÂÄvöö@£C’ÄfVÖÆRÃ“’Ã"ã#rÄÆ÷rÄ6öÆBÅö÷ £CrÄfVÖÆRÃCRÃãRÄÆ÷rÄæ÷&ÖÂÄvöö@£SÄÖÆRÃS‚Ã2ãÄÖöFW&FRÄ†÷BÄvöö@£SBÄfVÖÆRÃCrÃ"ã2Ä†–v‚Ä6öÆBÄvöö@£SBÄfVÖÆRÃÃ2ãC"ÄÖöFW&FRÄæ÷&ÖÂÄvöö@£SÄfVÖÆRÃSrÃ"ãƒ’Ä†–v‚Äæ÷&ÖÂÄvöö@£crÄÖÆRÃc2Ã"ãcÄÆ÷rÄ†÷BÄvöö@£SRÄÖÆRÃS2ÃãSÄÖöFW&FRÄæ÷&ÖÂÅö÷ £3’ÄfVÖÆRÃC‚Ã"ãRÄÆ÷rÄ†÷BÄvöö@£3RÄfVÖÆRÃ“BÃ"ãCRÄÆ÷rÄæ÷&ÖÂÅö÷ £#"ÄfVÖÆRÃs‚Ã"ã#’ÄÆ÷rÄ6öÆBÅö÷ £3RÄfVÖÆRÃsÃãƒÄÆ÷rÄ6öÆBÅö÷ £’ÄÖÆRÃRÃ"ã3RÄÆ÷rÄ6öÆBÅö÷ £#rÄfVÖÆRÃ2Ã2ãrÄÆ÷rÄ†÷BÄvöö@£CBÄfVÖÆRÃSbÃ"ãRÄÆ÷rÄæ÷&ÖÂÄvöö@£crÄfVÖÆRÃrÃ"ã“rÄÖöFW&FRÄ6öÆBÅö÷ £SRÄfVÖÆRÃSÃãƒÄÆ÷rÄ†÷BÄvöö@£SRÄfVÖÆRÃ“"Ã2ã“Ä†–v‚Ä†÷BÄvöö@£CbÄfVÖÆRÃCbÃãSbÄÆ÷rÄ6öÆBÄvöö@£32ÄfVÖÆRÃ"Ã2ã#BÄÆ÷rÄ6öÆBÄvöö@£cÄfVÖÆRÃc‚Ã2ãrÄ†–v‚Äæ÷&ÖÂÄvöö@£SRÄfVÖÆRÃc’Ã"ãBÄ†–v‚Ä6öÆBÄvöö@£SÄÖÆRÃƒrÃBãcRÄ†–v‚Ä†÷BÄvöö@£CBÄÖÆRÃƒÃ"ã‚ÄÆ÷rÄ†÷BÄvöö@£3"ÄÖÆRÃÃ2ã“bÄÖöFW&FRÄ†÷BÄvöö@£c"ÄfVÖÆRÃCbÃ"ãsbÄ†–v‚Ä†÷BÄvöö@£C’ÄfVÖÆRÃs2Ã2ãcÄ†–v‚Äæ÷&ÖÂÄvöö@£3bÄfVÖÆRÃBÃ2ã“RÄÖöFW&FRÄ†÷BÄvöö@£3’ÄfVÖÆRÃsÃ"ãƒ"ÄÆ÷rÄ†÷BÄvöö@£#RÄÖÆRÃcrÃ2ãs2Ä†–v‚Ä†÷BÄvöö@£3"ÄÖÆRÃƒBÃã‚ÄÆ÷rÄ6öÆBÅö÷ £cBÄfVÖÆRÃSBÃ"ãc"Ä†–v‚Ä†÷BÄvöö@£CRÄÖÆRÃ“bÃ"ãcBÄÆ÷rÄ6öÆBÅö÷ £c‚ÄÖÆRÃS2Ã"ãs2ÄÖöFW&FRÄ†÷BÄvöö@£S‚ÄÖÆRÃƒBÃ2ãBÄÖöFW&FRÄ†÷BÄvöö@£C"ÄfVÖÆRÃSBÃãS’ÄÆ÷rÄæ÷&ÖÂÅö÷ £SrÄfVÖÆRÃÃ"ã3’ÄÆ÷rÄæ÷&ÖÂÅö÷ £#BÄfVÖÆRÃƒrÃ"ãS"ÄÖöFW&FRÄ6öÆBÅö÷ £cRÄÖÆRÃÃ2ãÄÖöFW&FRÄæ÷&ÖÂÄvöö@£cBÄfVÖÆRÃSÃã’ÄÖöFW&FRÄæ÷&ÖÂÄvöö@£3BÄÖÆRÃsbÃ"ãC"ÄÆ÷rÄæ÷&ÖÂÄvöö@£C’ÄfVÖÆRÃsÃ"ã“ÄÖöFW&FRÄæ÷&ÖÂÄvöö@£c2ÄfVÖÆRÃ“’ÃBãSRÄ†–v‚Ä†÷BÄvöö@£c2ÄfVÖÆRÃC’ÃãRÄÖöFW&FRÄæ÷&ÖÂÄvöö@£3rÄfVÖÆRÃSRÃ2ã#rÄ†–v‚Ä†÷BÄvöö@£’ÄÖÆRÃSbÃ"ãcrÄ†–v‚Äæ÷&ÖÂÄvöö@£C‚ÄÖÆRÃsbÃ2ãs’ÄÖöFW&FRÄ†÷BÄvöö@£SrÄfVÖÆRÃ2ÃBã’Ä†–v‚Ä†÷BÄvöö@£#"ÄfVÖÆRÃƒ‚ÃãƒbÄÆ÷rÄ6öÆBÅö÷ £3ÄfVÖÆRÃƒ’Ã2ãsrÄ†–v‚Äæ÷&ÖÂÄvöö@£#rÄÖÆRÃbÃBãC"Ä†–v‚Ä†÷BÄvöö@£CbÄfVÖÆRÃƒrÃ2ã2ÄÖöFW&FRÄæ÷&ÖÂÄvöö@£C"ÄfVÖÆRÃƒÃ2ã3Ä†–v‚Ä6öÆBÄvöö@£#‚ÄfVÖÆRÃƒBÃ"ãƒRÄÖöFW&FRÄæ÷&ÖÂÄvöö@£3’ÄÖÆRÃS’Ã"ã2Ä†–v‚Ä6öÆBÄvöö@£#2ÄÖÆRÃ‚ÃBãC2ÄÖöFW&FRÄ†÷BÄvöö@£C’ÄfVÖÆRÃƒrÃ"ãs‚ÄÖöFW&FRÄ6öÆBÄvöö@£S"ÄÖÆRÃƒrÃ2ã“‚ÄÖöFW&FRÄ†÷BÄvöö@£3RÄfVÖÆRÃ“bÃBãc‚Ä†–v‚Ä†÷BÄvöö@£CrÄfVÖÆRÃsÃ"ãÄÖöFW&FRÄ6öÆBÄvöö@£#ÄfVÖÆRÃÃ2ãSrÄÖöFW&FRÄ6öÆBÄvöö@£C2ÄÖÆRÃ“2Ã"ã“BÄÖöFW&FRÄ6öÆBÄvöö@£S2ÄÖÆRÃ“‚Ã2ãSBÄÆ÷rÄ†÷BÄvöö@£C’ÄfVÖÆRÃc‚Ã2ãbÄÖöFW&FRÄ†÷BÄvöö@£SbÄfVÖÆRÃS"ÃãRÄÖöFW&FRÄæ÷&ÖÂÅö÷ £c‚ÄfVÖÆRÃSRÃãRÄÆ÷rÄæ÷&ÖÂÅö÷ £CÄfVÖÆRÃÃ"ã“2ÄÆ÷rÄæ÷&ÖÂÅö÷ £CbÄÖÆRÃƒbÃ2ãbÄ†–v‚Ä6öÆBÄvöö@£CRÄfVÖÆRÃ’ÃBã’ÄÖöFW&FRÄ†÷BÄvöö@£c’ÄÖÆRÃsbÃ"ãsbÄÖöFW&FRÄ†÷BÄvöö@£‚ÄÖÆRÃSÃ"ãc"Ä†–v‚Äæ÷&ÖÂÄvöö@£#rÄfVÖÆRÃc‚Ã"ã2Ä†–v‚Ä6öÆBÄvöö@£CÄfVÖÆRÃS2ÃãbÄÖöFW&FRÄ6öÆBÄvöö@£#2ÄÖÆRÃcrÃ"ãs’ÄÖöFW&FRÄ†÷BÄvöö@£3BÄÖÆRÃc’Ã"ãBÄÆ÷rÄ6öÆBÅö÷ £#ÄfVÖÆRÃS‚Ã"ãCbÄÆ÷rÄ†÷BÄvöö@£’ÄfVÖÆRÃS‚ÃãƒBÄÆ÷rÄæ÷&ÖÂÄvöö@£#rÄÖÆRÃ“2Ã2ãs‚Ä†–v‚Ä6öÆBÄvöö@£cRÄfVÖÆRÃCrÃãRÄÖöFW&FRÄ6öÆBÄvöö@£C"ÄÖÆRÃSÃãƒ"ÄÆ÷rÄ†÷BÄvöö@£SbÄfVÖÆRÃƒrÃ2ã“’Ä†–v‚Ä†÷BÄvöö@£cÄÖÆRÃs2Ã"ãS‚Ä†–v‚Ä6öÆBÄvöö@£3’ÄÖÆRÃsÃ"ãcbÄÖöFW&FRÄ6öÆBÄvöö@£#ÄÖÆRÃÃ2ã#2ÄÖöFW&FRÄæ÷&ÖÂÄvöö@£3‚ÄfVÖÆRÃc‚Ã"ãƒBÄÆ÷rÄ†÷BÄvöö@£c’ÄÖÆRÃSrÃãcrÄÆ÷rÄ†÷BÅö÷ £cRÄÖÆRÃƒrÃ2ã“’ÄÖöFW&FRÄ†÷BÄvöö@£cBÄfVÖÆRÃƒÃ"ãRÄÆ÷rÄ†÷BÄvöö@£CrÄfVÖÆRÃS’Ã"ã2ÄÖöFW&FRÄæ÷&ÖÂÄvöö@£3rÄfVÖÆRÃc’Ã"ã3BÄÖöFW&FRÄæ÷&ÖÂÄvöö@£CrÄfVÖÆRÃƒBÃ2ãÄÖöFW&FRÄ6öÆBÄvöö@£cÄÖÆRÃCRÃãRÄÖöFW&FRÄæ÷&ÖÂÄvöö@£SbÄÖÆRÃƒRÃ"ãƒ‚ÄÖöFW&FRÄæ÷&ÖÂÄvöö@£32ÄfVÖÆRÃSBÃãRÄÖöFW&FRÄ6öÆBÅö÷ £3ÄfVÖÆRÃÃBã#rÄ†–v‚Ä†÷BÄvöö@£3‚ÄfVÖÆRÃƒbÃ2ãCrÄÆ÷rÄ†÷BÄvöö@£#‚ÄÖÆRÃSRÃ"ã#"Ä†–v‚Äæ÷&ÖÂÄvöö@£C2ÄfVÖÆRÃ“2ÃBã#"Ä†–v‚Ä†÷BÄvöö@£SBÄÖÆRÃSBÃ"ãC‚ÄÖöFW&FRÄ†÷BÄvöö@£#bÄÖÆRÃ“BÃ"ã“rÄÆ÷rÄ6öÆBÄvöö@£SrÄfVÖÆRÃsRÃãRÄÆ÷rÄ6öÆBÅö÷ £S2ÄfVÖÆRÃƒRÃã“RÄÖöFW&FRÄ6öÆBÅö÷ £3ÄÖÆRÃ“Ã"ãC2ÄÆ÷rÄ6öÆBÅö÷ £CRÄÖÆRÃsrÃ2ãcbÄÖöFW&FRÄ†÷BÄvöö@£SRÄÖÆRÃƒrÃ2ãC2ÄÆ÷rÄ†÷BÄvöö@£SrÄÖÆRÃbÃBãÄÖöFW&FRÄ†÷BÄvöö@£cÄÖÆRÃSRÃ2ãbÄ†–v‚Ä†÷BÄvöö@£3"ÄÖÆRÃC’ÃãRÄÖöFW&FRÄ6öÆBÄvöö@£32ÄfVÖÆRÃ“Ã2ãCbÄÖöFW&FRÄ†÷BÄvöö@£#bÄfVÖÆRÃsÃ"ã“BÄÖöFW&FRÄ†÷BÄvöö@£SrÄÖÆRÃsÃãs2ÄÖöFW&FRÄ6öÆBÅö÷ £crÄfVÖÆRÃƒ’Ã"ã“"Ä†–v‚Äæ÷&ÖÂÄvöö@£32ÄfVÖÆRÃsbÃ2ãrÄ†–v‚Ä†÷BÄvöö@£3"ÄfVÖÆRÃƒbÃ"ãCrÄÆ÷rÄ6öÆBÅö÷ £C’ÄfVÖÆRÃsBÃ2ã“rÄ†–v‚Ä†÷BÄvöö@£’ÄfVÖÆRÃcRÃ"ã“ÄÆ÷rÄ†÷BÄvöö@£32ÄÖÆRÃ"Ã2ãSbÄÖöFW&FRÄæ÷&ÖÂÄvöö@£32ÄÖÆRÃSÃ"ã‚ÄÖöFW&FRÄæ÷&ÖÂÄvöö@£CÄÖÆRÃCRÃãSBÄÖöFW&FRÄ6öÆBÄvöö@£3ÄÖÆRÃsÃ2ãRÄ†–v‚Ä†÷BÄvöö@£C’ÄÖÆRÃ“’Ã2ã“RÄÖöFW&FRÄ†÷BÄvöö@£’ÄfVÖÆRÃsÃ2ã2ÄÖöFW&FRÄæ÷&ÖÂÄvöö@£#ÄÖÆRÃSBÃãRÄÆ÷rÄæ÷&ÖÂÅö÷ £3’ÄÖÆRÃƒ"Ããƒ’ÄÆ÷rÄ6öÆBÅö÷ £#"ÄfVÖÆRÃsBÃ2ãÄÖöFW&FRÄæ÷&ÖÂÄvöö@£SÄÖÆRÃS"ÃãRÄÖöFW&FRÄ6öÆBÅö÷ £3bÄfVÖÆRÃc"Ã"ãsrÄÖöFW&FRÄæ÷&ÖÂÄvöö@£c2ÄfVÖÆRÃ“‚Ã"ãcRÄÖöFW&FRÄæ÷&ÖÂÅö÷ £CÄÖÆRÃƒ"Ã"ãSrÄÖöFW&FRÄæ÷&ÖÂÄvöö@£C"ÄfVÖÆRÃs’Ã"ãsrÄÖöFW&FRÄæ÷&ÖÂÄvöö@£cRÄfVÖÆRÃƒ’Ã"ã#’ÄÆ÷rÄ6öÆBÅö÷ £CÄfVÖÆRÃCbÃãƒ‚ÄÆ÷rÄæ÷&ÖÂÄvöö@£#rÄÖÆRÃc2Ã"ãs2ÄÆ÷rÄ†÷BÄvöö@£CÄfVÖÆRÃRÃBãc‚Ä†–v‚Ä†÷BÄvöö@£SBÄÖÆRÃs‚Ã2ã32Ä†–v‚Äæ÷&ÖÂÄvöö@£#’ÄÖÆRÃ2Ã"ã3"ÄÆ÷rÄ6öÆBÅö÷ £C"ÄÖÆRÃ“Ã"ãBÄÆ÷rÄ6öÆBÅö÷ £#bÄfVÖÆRÃƒ2ÃBãbÄ†–v‚Ä†÷BÄvöö@£3BÄÖÆRÃ“Ã2ã"Ä†–v‚Äæ÷&ÖÂÄvöö@£SBÄfVÖÆRÃsÃ2ãBÄ†–v‚Äæ÷&ÖÂÄvöö@£cbÄfVÖÆRÃc"Ã2ã‚Ä†–v‚Ä†÷BÄvöö@£‚ÄÖÆRÃc‚Ã"ãƒ"ÄÖöFW&FRÄ†÷BÄvöö@£cBÄÖÆRÃc‚Ã"ãc‚ÄÆ÷rÄ†÷BÄvöö@£C2ÄfVÖÆRÃc"Ã"ãRÄÖöFW&FRÄ6öÆBÄvöö@£#rÄfVÖÆRÃcÃãƒbÄÆ÷rÄæ÷&ÖÂÄvöö@£S"ÄfVÖÆRÃC‚Ã"ã2ÄÖöFW&FRÄæ÷&ÖÂÄvöö@£#‚ÄÖÆRÃs"Ã2ã“Ä†–v‚Ä†÷BÄvöö@£S2ÄfVÖÆRÃCrÃ"ãÄÆ÷rÄ†÷BÄvöö@£#’ÄfVÖÆRÃ“2ÃBãC’ÄÖöFW&FRÄ†÷BÄvöö@£C’ÄfVÖÆRÃSBÃ"ãÄ†–v‚Ä6öÆBÄvöö@£cBÄÖÆRÃ“‚Ã"ã“’ÄÆ÷rÄæ÷&ÖÂÄvöö@£#BÄÖÆRÃƒ2Ã"ãÄÆ÷rÄ6öÆBÅö÷ £crÄÖÆRÃc2Ã"ãÄ†–v‚Ä6öÆBÄvöö@£#ÄfVÖÆRÃc’Ã"ãRÄÆ÷rÄæ÷&ÖÂÄvöö@£SÄÖÆRÃS’ÃãRÄÆ÷rÄ6öÆBÅö÷ £cÄÖÆRÃC‚ÃãRÄÆ÷rÄæ÷&ÖÂÄvöö@£#2ÄfVÖÆRÃ2ÃBã3bÄÖöFW&FRÄ†÷BÄvöö@£3bÄÖÆRÃsÃ2ã2ÄÆ÷rÄ†÷BÄvöö@£C"ÄÖÆRÃ2Ã2ãs’ÄÆ÷rÄ†÷BÄvöö@£3rÄfVÖÆRÃC’Ã2ã"Ä†–v‚Ä†÷BÄvöö@£crÄÖÆRÃs’Ã"ã2Ä†–v‚Ä6öÆBÅö÷ £S"ÄfVÖÆRÃCrÃãRÄÆ÷rÄ6öÆBÄvöö@£S2ÄfVÖÆRÃsBÃ"ã#BÄÆ÷rÄ†÷BÄvöö@£SbÄfVÖÆRÃBÃ2ã“Ä†–v‚Ä6öÆBÄvöö@£3RÄÖÆRÃ"ÃBãCrÄ†–v‚Äæ÷&ÖÂÄvöö@£#"ÄfVÖÆRÃÃ2ã"ÄÖöFW&FRÄæ÷&ÖÂÄvöö@£#bÄÖÆRÃsbÃ"ãsÄÆ÷rÄ†÷BÄvöö@£CRÄfVÖÆRÃcrÃ2ã“BÄ†–v‚Ä†÷BÄvöö@£S‚ÄfVÖÆRÃbÃBãs’Ä†–v‚Ä†÷BÄvöö@£cBÄfVÖÆRÃÃ2ãÄÖöFW&FRÄæ÷&ÖÂÄvöö@£c’ÄfVÖÆRÃƒÃ2ã2ÄÆ÷rÄ†÷BÄvöö@£#BÄfVÖÆRÃsbÃ"ãc2ÄÖöFW&FRÄæ÷&ÖÂÄvöö@£3rÄfVÖÆRÃs‚Ã"ãrÄÖöFW&FRÄ6öÆBÄvöö@£C2ÄfVÖÆRÃsrÃ2ãƒRÄ†–v‚Ä†÷BÄvöö@£crÄÖÆRÃs’Ã2ãƒ‚Ä†–v‚Ä†÷BÄvöö@£3ÄfVÖÆRÃSrÃ"ãS‚ÄÖöFW&FRÄ†÷BÄvöö@£#"ÄfVÖÆRÃƒrÃ"ã#2ÄÆ÷rÄ6öÆBÅö÷ £CBÄÖÆRÃS’Ã"ã‚ÄÆ÷rÄ†÷BÄvöö@£#bÄÖÆRÃÃBãCbÄÖöFW&FRÄ†÷BÄvöö@£S‚ÄfVÖÆRÃSrÃ"ã#BÄ†–v‚Äæ÷&ÖÂÄvöö@£#RÄÖÆRÃBÃ2ã3BÄÆ÷rÄ†÷BÄvöö@£CRÄfVÖÆRÃs‚Ã"ãCrÄÖöFW&FRÄ6öÆBÄvöö@£SRÄÖÆRÃ2Ã2ãsrÄÆ÷rÄ†÷BÄvöö@£C2ÄfVÖÆRÃ“Ã2ã#RÄÆ÷rÄ†÷BÄvöö@£3‚ÄfVÖÆRÃSRÃãRÄÆ÷rÄ6öÆBÅö÷ £3’ÄÖÆRÃcrÃ"ãc‚ÄÆ÷rÄ†÷BÄvöö@£#’ÄfVÖÆRÃs"Ã"ãCÄÆ÷rÄæ÷&ÖÂÄvöö@£cBÄfVÖÆRÃCRÃãRÄÆ÷rÄæ÷&ÖÂÄvöö@£3rÄfVÖÆRÃ“ÃBã#‚Ä†–v‚Ä†÷BÄvöö@£#’ÄfVÖÆRÃƒ2Ã2ã"ÄÖöFW&FRÄ†÷BÄvöö@£3‚ÄfVÖÆRÃs"Ã"ãbÄÆ÷rÄæ÷&ÖÂÄvöö@£SbÄfVÖÆRÃcRÃ2ã3BÄ†–v‚Ä†÷BÄvöö@£S’ÄÖÆRÃ2Ã2ãc’ÄÆ÷rÄ†÷BÄvöö@£3ÄfVÖÆRÃcBÃãc’ÄÖöFW&FRÄ6öÆBÅö÷ £#‚ÄfVÖÆRÃsbÃ"ãs‚Ä†–v‚Ä6öÆBÄvöö@£#"ÄÖÆRÃƒ2Ã"ãcBÄÖöFW&FRÄæ÷&ÖÂÄvöö@£SÄfVÖÆRÃcÃãRÄÆ÷rÄ6öÆBÅö÷ £#‚ÄfVÖÆRÃ“"Ã2ã’ÄÖöFW&FRÄ6öÆBÄvöö@£SRÄÖÆRÃcÃãƒBÄÆ÷rÄ†÷BÄvöö@£c‚ÄfVÖÆRÃc‚Ã2ã"Ä†–v‚Äæ÷&ÖÂÄvöö@£#"ÄfVÖÆRÃsRÃ2ãrÄ†–v‚Äæ÷&ÖÂÄvöö@£#‚ÄfVÖÆRÃ“RÃ2ã3’Ä†–v‚Äæ÷&ÖÂÄvöö@£3ÄÖÆRÃC‚Ã"ã#‚ÄÆ÷rÄ†÷BÄvöö@£S"ÄfVÖÆRÃsbÃã’ÄÆ÷rÄæ÷&ÖÂÅö÷ £c2ÄfVÖÆRÃƒÃ"ãBÄÆ÷rÄæ÷&ÖÂÅö÷ £C‚ÄÖÆRÃRÃ"ãs"ÄÆ÷rÄæ÷&ÖÂÅö÷ £#RÄÖÆRÃS’Ã"ãCRÄÖöFW&FRÄ6öÆBÄvöö@£#ÄÖÆRÃ‚ÃBãRÄ†–v‚Ä6öÆBÄvöö@£#RÄÖÆRÃ“Ã2ã2ÄÖöFW&FRÄ6öÆBÄvöö@£3ÄÖÆRÃS2Ãã“’ÄÖöFW&FRÄ6öÆBÄvöö@£#’ÄfVÖÆRÃSrÃã“’ÄÖöFW&FRÄæ÷&ÖÂÄvöö@£SRÄÖÆRÃ“bÃBãCBÄ†–v‚Ä†÷BÄvöö@£3’ÄÖÆRÃ“RÃ2ã“2ÄÖöFW&FRÄ†÷BÄvöö@£#RÄfVÖÆRÃƒÃ2ã#‚Ä†–v‚Äæ÷&ÖÂÄvöö@£3’ÄfVÖÆRÃƒÃ2ãcÄ†–v‚Ä6öÆBÄvöö@£cBÄÖÆRÃSÃ"ã“Ä†–v‚Ä†÷BÄvöö@£CrÄfVÖÆRÃ“’Ã"ãsbÄÆ÷rÄ6öÆBÅö÷ £c"ÄÖÆRÃCrÃ"ã3‚Ä†–v‚Ä†÷BÄvöö@£#’ÄÖÆRÃ“rÃBã“RÄ†–v‚Ä†÷BÄvöö@£#RÄÖÆRÃ’ÃBãsBÄÖöFW&FRÄ†÷BÄvöö@£cBÄÖÆRÃSbÃãRÄÆ÷rÄ6öÆBÅö÷ £c‚ÄÖÆRÃƒ’Ã2ã"ÄÆ÷rÄ†÷BÄvöö@£#RÄfVÖÆRÃsRÃ"ã“BÄ†–v‚Ä6öÆBÄvöö@£c"ÄfVÖÆRÃƒRÃ"ãsrÄ†–v‚Äæ÷&ÖÂÄvöö@£CRÄÖÆRÃCbÃãs"ÄÆ÷rÄ†÷BÄvöö@£3‚ÄÖÆRÃS’Ã"ãCRÄÖöFW&FRÄ6öÆBÄvöö@£SrÄfVÖÆRÃcBÃ"ã"ÄÖöFW&FRÄæ÷&ÖÂÄvöö@£C2ÄÖÆRÃƒ2Ã"ã3"ÄÖöFW&FRÄ6öÆBÅö÷ £#‚ÄÖÆRÃsRÃ"ã#rÄÖöFW&FRÄ6öÆBÄvöö@£CÄfVÖÆRÃ“RÃBã‚ÄÖöFW&FRÄ†÷BÄvöö@£CbÄÖÆRÃrÃ2ã’ÄÆ÷rÄ†÷BÄvöö@£SÄfVÖÆRÃƒ’Ã2ã2ÄÆ÷rÄ†÷BÄvöö@£’ÄfVÖÆRÃÃ2ãsrÄÆ÷rÄ†÷BÄvöö@£c‚ÄÖÆRÃƒ2Ã2ãC’Ä†–v‚Äæ÷&ÖÂÄvöö@£cÄfVÖÆRÃƒ"Ã2ã“bÄ†–v‚Ä†÷BÄvöö@£S2ÄfVÖÆRÃƒ"Ã2ãcBÄÖöFW&FRÄ†÷BÄvöö@£cÄfVÖÆRÃS‚ÃãƒRÄÖöFW&FRÄæ÷&ÖÂÄvöö@£SÄÖÆRÃ“bÃ2ã3ÄÖöFW&FRÄæ÷&ÖÂÄvöö@£#ÄÖÆRÃC’ÃãƒBÄÆ÷rÄ†÷BÄvöö@£#BÄfVÖÆRÃc"ÃãRÄÆ÷rÄ6öÆBÅö÷ £#rÄfVÖÆRÃƒ‚Ã"ãSrÄÆ÷rÄæ÷&ÖÂÅö÷ £SÄfVÖÆRÃrÃ2ãbÄÆ÷rÄ6öÆBÅö÷ £CRÄÖÆRÃC‚ÃãRÄÆ÷rÄ6öÆBÄvöö@£CÄfVÖÆRÃ2ÃRã‚Ä†–v‚Ä†÷BÄvöö@£CBÄÖÆRÃsÃã‚ÄÆ÷rÄæ÷&ÖÂÅö÷ £3ÄfVÖÆRÃƒBÃ"ãsRÄÖöFW&FRÄæ÷&ÖÂÄvöö@£#rÄÖÆRÃƒ2Ã2ã"ÄÖöFW&FRÄ6öÆBÄvöö@£3RÄÖÆRÃ“bÃ"ãƒBÄÆ÷rÄæ÷&ÖÂÅö÷ £CBÄfVÖÆRÃS"Ããs"ÄÆ÷rÄ6öÆBÄvöö@£3ÄÖÆRÃ“Ã2ã"ÄÆ÷rÄ†÷BÄvöö@£cÄfVÖÆRÃs’ÃãRÄÆ÷rÄ6öÆBÅö÷ £c"ÄfVÖÆRÃSrÃ2ã#BÄ†–v‚Ä†÷BÄvöö@£3RÄfVÖÆRÃS"ÃãRÄÆ÷rÄ6öÆBÅö÷ £3rÄfVÖÆRÃÃ2ãSÄ†–v‚Äæ÷&ÖÂÄvöö@£’ÄÖÆRÃsbÃ"ã“BÄÆ÷rÄ†÷BÄvöö@£C2ÄfVÖÆRÃƒRÃ2ãCRÄÆ÷rÄ†÷BÄvöö@£SbÄÖÆRÃƒ’Ã2ã‚Ä†–v‚Äæ÷&ÖÂÄvöö@£S‚ÄÖÆRÃsbÃã“2ÄÆ÷rÄæ÷&ÖÂÅö÷ £SrÄÖÆRÃc"Ã"ãBÄÖöFW&FRÄ6öÆBÄvöö@£CÄÖÆRÃCRÃ"ãRÄÆ÷rÄ†÷BÄvöö@£S’ÄÖÆRÃƒ"Ã2ãsBÄÖöFW&FRÄ†÷BÄvöö@£CRÄfVÖÆRÃcbÃ"ã3‚Ä†–v‚Ä6öÆBÄvöö@£C’ÄÖÆRÃ“’Ã2ãbÄÖöFW&FRÄæ÷&ÖÂÄvöö@£#bÄfVÖÆRÃ“BÃ2ãsrÄ†–v‚Äæ÷&ÖÂÄvöö@£‚ÄÖÆRÃƒ‚Ã2ãSbÄÖöFW&FRÄæ÷&ÖÂÄvöö@£CbÄÖÆRÃrÃ2ãS’ÄÆ÷rÄ†÷BÄvöö@£c"ÄÖÆRÃs’Ã"ã#’Ä†–v‚Ä6öÆBÅö÷ £#BÄÖÆRÃ“rÃ2ãƒrÄÆ÷rÄ†÷BÄvöö@£’ÄfVÖÆRÃs’Ã"ã‚ÄÖöFW&FRÄ6öÆBÅö÷ £SBÄfVÖÆRÃ“BÃBãCbÄ†–v‚Ä†÷BÄvöö@£c‚ÄfVÖÆRÃSÃ"ã32ÄÆ÷rÄ†÷BÄvöö@£SbÄfVÖÆRÃ“2Ã"ãcrÄÖöFW&FRÄ6öÆBÅö÷ £C"ÄfVÖÆRÃS‚Ã"ãS"ÄÆ÷rÄ†÷BÄvöö@£#BÄÖÆRÃsrÃ"ãƒ’Ä†–v‚Äæ÷&ÖÂÄvöö@£c‚ÄfVÖÆRÃcÃ"ã32ÄÖöFW&FRÄ†÷BÄvöö@£CBÄÖÆRÃsRÃ2ãƒ’ÄÖöFW&FRÄ†÷BÄvöö@£SrÄÖÆRÃ’ÃBã“2Ä†–v‚Ä†÷BÄvöö@£SÄfVÖÆRÃ’Ã2ãrÄÆ÷rÄ†÷BÄvöö@£3’ÄÖÆRÃbÃ2ãcrÄÆ÷rÄ†÷BÄvöö@£#‚ÄÖÆRÃsrÃ2ãCRÄ†–v‚Ä6öÆBÄvöö@£SRÄfVÖÆRÃSrÃ2ã3’Ä†–v‚Ä†÷BÄvöö@£c’ÄfVÖÆRÃc‚ÃãRÄÆ÷rÄ6öÆBÅö÷ £cÄÖÆRÃÃ2ã#BÄÖöFW&FRÄ6öÆBÄvöö@£S"ÄfVÖÆRÃƒrÃã“"ÄÆ÷rÄæ÷&ÖÂÅö÷ £‚ÄfVÖÆRÃ“Ã2ã’Ä†–v‚Äæ÷&ÖÂÄvöö@£#2ÄÖÆRÃsÃ2ãrÄÆ÷rÄ†÷BÄvöö@£3"ÄfVÖÆRÃc2Ã"ãRÄÖöFW&FRÄæ÷&ÖÂÄvöö@£S‚ÄfVÖÆRÃ2Ã2ãBÄÖöFW&FRÄ6öÆBÅö÷ £CRÄfVÖÆRÃS’Ãã“ÄÆ÷rÄ6öÆBÄvöö@£S’ÄfVÖÆRÃs"Ããs"ÄÆ÷rÄ6öÆBÅö÷ £3bÄÖÆRÃCbÃã“2ÄÆ÷rÄ†÷BÄvöö@£SrÄÖÆRÃ“rÃBãCÄ†–v‚Ä†÷BÄvöö@£#bÄfVÖÆRÃcRÃ"ãSRÄÖöFW&FRÄæ÷&ÖÂÄvöö@£#BÄÖÆRÃsRÃ"ãSRÄÆ÷rÄæ÷&ÖÂÄvöö@£CÄfVÖÆRÃSrÃ"ãƒ"Ä†–v‚Äæ÷&ÖÂÄvöö@£’ÄÖÆRÃs‚ÃBã#rÄ†–v‚Ä†÷BÄvöö@£cBÄÖÆRÃCbÃ"ã#"Ä†–v‚Äæ÷&ÖÂÄvöö@£CÄfVÖÆRÃƒÃ2ãC‚Ä†–v‚Ä6öÆBÄvöö@£3’ÄÖÆRÃrÃ2ãRÄÖöFW&FRÄ6öÆBÅö÷ £#RÄÖÆRÃ“’Ã"ãSrÄÆ÷rÄæ÷&ÖÂÅö÷ £cÄfVÖÆRÃƒrÃãsbÄÆ÷rÄ6öÆBÅö÷ £CÄfVÖÆRÃcÃ"ã#BÄÆ÷rÄ†÷BÄvöö@£SrÄfVÖÆRÃ“bÃBãrÄ†–v‚Äæ÷&ÖÂÄvöö@£3rÄÖÆRÃƒÃ"ã“2Ä†–v‚Äæ÷&ÖÂÄvöö@£3RÄÖÆRÃ2Ã2ã32ÄÆ÷rÄæ÷&ÖÂÄvöö@£3ÄÖÆRÃsrÃ2ã#RÄÖöFW&FRÄ†÷BÄvöö@£CBÄÖÆRÃ“BÃ2ã’ÄÆ÷rÄ†÷BÄvöö@£#RÄÖÆRÃ“rÃ2ãC"ÄÆ÷rÄ†÷BÄvöö@£’ÄfVÖÆRÃc‚ÃãSrÄÆ÷rÄæ÷&ÖÂÅö÷ £3rÄfVÖÆRÃ2Ã2ãCRÄÖöFW&FRÄæ÷&ÖÂÄvöö@£S2ÄfVÖÆRÃCbÃ"ãRÄÖöFW&FRÄ†÷BÄvöö@£SRÄfVÖÆRÃsÃãSrÄÆ÷rÄ6öÆBÅö÷ £CbÄÖÆRÃC‚ÃãcÄÖöFW&FRÄ6öÆBÄvöö@£‚ÄfVÖÆRÃS‚ÃãcÄÖöFW&FRÄ6öÆBÅö÷ £3‚ÄÖÆRÃ“bÃBã2ÄÖöFW&FRÄ†÷BÄvöö@£3rÄÖÆRÃsÃ"ãCbÄÆ÷rÄ†÷BÄvöö@£S2ÄfVÖÆRÃC‚ÃãRÄÆ÷rÄ†÷BÄvöö@£SrÄfVÖÆRÃCrÃãRÄÖöFW&FRÄ6öÆBÄvöö@£#BÄÖÆRÃc’Ã"ãc2ÄÆ÷rÄ†÷BÄvöö@£#2ÄfVÖÆRÃS’Ã2ãCrÄ†–v‚Ä†÷BÄvöö@£CBÄfVÖÆRÃRÃ2ãƒbÄÖöFW&FRÄ†÷BÄvöö@£c"ÄfVÖÆRÃsbÃ"ã“rÄ†–v‚Äæ÷&ÖÂÄvöö@£#bÄÖÆRÃcBÃã“BÄÆ÷rÄ6öÆBÄvöö@£3ÄfVÖÆRÃS"ÃãsrÄÆ÷rÄ†÷BÄvöö@£C"ÄfVÖÆRÃƒBÃBã3rÄ†–v‚Ä†÷BÄvöö@£#2ÄfVÖÆRÃSRÃãRÄÆ÷rÄæ÷&ÖÂÅö÷ £#RÄÖÆRÃ“’Ã2ãƒbÄ†–v‚Äæ÷&ÖÂÄvöö@£c‚ÄÖÆRÃ“’Ã"ã“ÄÖöFW&FRÄ6öÆBÅö÷ £cÄfVÖÆRÃƒ’Ã"ãCÄÖöFW&FRÄ6öÆBÅö÷ £S‚ÄfVÖÆRÃcÃãƒRÄÆ÷rÄ†÷BÄvöö@£SrÄfVÖÆRÃƒ’Ããs"ÄÆ÷rÄ6öÆBÅö÷ £C‚ÄÖÆRÃc‚ÃãRÄÆ÷rÄ6öÆBÅö÷ £SÄÖÆRÃ“RÃBãbÄÖöFW&FRÄ†÷BÄvöö@£#rÄfVÖÆRÃsBÃ"ãs2Ä†–v‚Äæ÷&ÖÂÄvöö@£S"ÄÖÆRÃSÃãRÄÆ÷rÄæ÷&ÖÂÅö÷ £C’ÄfVÖÆRÃcÃ2ãBÄÖöFW&FRÄ†÷BÄvöö@£cbÄfVÖÆRÃ“RÃ"ãcrÄÆ÷rÄæ÷&ÖÂÅö÷ £3rÄfVÖÆRÃcRÃ"ã#BÄÖöFW&FRÄ6öÆBÄvöö@£3ÄÖÆRÃcRÃãcrÄÖöFW&FRÄ6öÆBÅö÷ £S’ÄfVÖÆRÃs2Ã2ã3bÄ†–v‚Ä†÷BÄvöö@£3"ÄfVÖÆRÃƒ‚Ã2ãC2ÄÖöFW&FRÄ†÷BÄvöö@£3"ÄÖÆRÃS’Ã"ã#BÄÖöFW&FRÄ6öÆBÄvöö@£C’ÄfVÖÆRÃƒBÃ2ãc’ÄÖöFW&FRÄ†÷BÄvöö@£CBÄÖÆRÃCbÃãRÄÆ÷rÄ6öÆBÄvöö@£C2ÄÖÆRÃƒBÃ"ã"ÄÆ÷rÄ6öÆBÅö÷ £C2ÄÖÆRÃSÃã“"ÄÖöFW&FRÄæ÷&ÖÂÄvöö@£CBÄfVÖÆRÃsbÃ"ãƒ’Ä†–v‚Ä6öÆBÄvöö@£#bÄÖÆRÃ2Ã2ãƒBÄÖöFW&FRÄæ÷&ÖÂÄvöö@£3‚ÄfVÖÆRÃcBÃ"ãRÄÆ÷rÄ6öÆBÄvöö@£SÄÖÆRÃsrÃ"ã2ÄÆ÷rÄæ÷&ÖÂÅö÷ £3BÄfVÖÆRÃSrÃãSÄÆ÷rÄ6öÆBÅö÷ £cbÄfVÖÆRÃ’ÃBãÄÖöFW&FRÄ†÷BÄvöö@£SÄÖÆRÃƒÃ"ãs"Ä†–v‚Ä6öÆBÄvöö@£3ÄÖÆRÃsBÃ2ã#‚ÄÖöFW&FRÄ†÷BÄvöö@£CbÄÖÆRÃCRÃãƒ"ÄÖöFW&FRÄ6öÆBÄvöö@£3RÄfVÖÆRÃ“BÃ2ãsBÄÖöFW&FRÄæ÷&ÖÂÄvöö@£CÄfVÖÆRÃBÃ2ãƒ"ÄÖöFW&FRÄ6öÆBÄvöö@£‚ÄÖÆRÃcRÃ"ãs‚ÄÖöFW&FRÄæ÷&ÖÂÄvöö@£CÄÖÆRÃBÃ2ãcrÄÖöFW&FRÄæ÷&ÖÂÄvöö@£SÄÖÆRÃÃBã#2ÄÖöFW&FRÄ†÷BÄvöö@£#rÄfVÖÆRÃ“"Ã2ãsÄ†–v‚Äæ÷&ÖÂÄvöö@£#ÄÖÆRÃsbÃ"ãƒ‚Ä†–v‚Ä6öÆBÄvöö@£CRÄfVÖÆRÃƒBÃ2ãbÄ†–v‚Ä6öÆBÄvöö@£3BÄÖÆRÃSBÃ"ã3ÄÖöFW&FRÄ6öÆBÄvöö@£S"ÄÖÆRÃcrÃ"ã3rÄÆ÷rÄ†÷BÄvöö@£c’ÄfVÖÆRÃsÃ"ãƒÄÖöFW&FRÄæ÷&ÖÂÄvöö@£#2ÄÖÆRÃc‚Ã2ãcRÄÖöFW&FRÄ†÷BÄvöö@£#"ÄfVÖÆRÃ“rÃBã3‚Ä†–v‚Äæ÷&ÖÂÄvöö@£SÄÖÆRÃc2Ã"ãbÄ†–v‚Äæ÷&ÖÂÄvöö@£3bÄÖÆRÃCRÃãRÄÖöFW&FRÄ6öÆBÄvöö@£32ÄfVÖÆRÃ‚ÃBã#bÄÆ÷rÄ†÷BÄvöö@£CRÄfVÖÆRÃSRÃã“‚ÄÆ÷rÄæ÷&ÖÂÄvöö@£C’ÄfVÖÆRÃsÃã’ÄÆ÷rÄ6öÆBÅö÷ £cRÄfVÖÆRÃƒ’Ã2ã#’Ä†–v‚Ä6öÆBÄvöö@£3ÄÖÆRÃS2Ã"ãSrÄÆ÷rÄ†÷BÄvöö@£S‚ÄÖÆRÃCbÃã’ÄÆ÷rÄ†÷BÄvöö@£#‚ÄfVÖÆRÃS‚Ã"ãS2Ä†–v‚Äæ÷&ÖÂÄvöö@£S’ÄfVÖÆRÃc’Ã"ã3‚Ä†–v‚Ä6öÆBÄvöö@£3ÄfVÖÆRÃƒrÃ"ã3ÄÆ÷rÄ6öÆBÅö÷ £SÄÖÆRÃS2Ã"ã3RÄÖöFW&FRÄæ÷&ÖÂÄvöö@£3ÄÖÆRÃc‚Ã2ãSbÄÖöFW&FRÄ†÷BÄvöö@£3BÄÖÆRÃcrÃ"ãÄÖöFW&FRÄ6öÆBÄvöö@£cÄÖÆRÃÃ2ã#2ÄÆ÷rÄæ÷&ÖÂÄvöö@£C2ÄfVÖÆRÃ‚Ã2ãƒBÄÖöFW&FRÄæ÷&ÖÂÄvöö@£#bÄÖÆRÃSRÃ"ã"ÄÖöFW&FRÄ6öÆBÄvöö@£#ÄÖÆRÃ“rÃBã#‚Ä†–v‚Äæ÷&ÖÂÄvöö@£CBÄÖÆRÃCRÃãRÄÖöFW&FRÄæ÷&ÖÂÄvöö@£32ÄfVÖÆRÃ“rÃ2ãC2ÄÆ÷rÄ†÷BÄvöö@£CÄfVÖÆRÃcbÃ2ã#‚ÄÖöFW&FRÄ†÷BÄvöö@£#BÄfVÖÆRÃƒ‚Ã2ãS"ÄÖöFW&FRÄ†÷BÄvöö@£CbÄfVÖÆRÃ“’ÃBã32Ä†–v‚Äæ÷&ÖÂÄvöö@£S‚ÄfVÖÆRÃS2ÃãcRÄ†–v‚Ä6öÆBÄvöö@£#"ÄfVÖÆRÃSRÃã“"Ä†–v‚Ä6öÆBÄvöö@£SÄÖÆRÃsrÃ2ãs’Ä†–v‚Äæ÷&ÖÂÄvöö@£SBÄÖÆRÃcRÃ"ã2Ä†–v‚Ä6öÆBÄvöö@£#BÄfVÖÆRÃcÃ"ãƒÄ†–v‚Äæ÷&ÖÂÄvöö@£crÄfVÖÆRÃ“"Ã"ãSRÄÆ÷rÄ6öÆBÅö÷ £SÄfVÖÆRÃ2ÃBãÄ†–v‚Ä†÷BÄvöö@£#rÄfVÖÆRÃcbÃ"ãÄÆ÷rÄæ÷&ÖÂÄvöö@£3rÄfVÖÆRÃCbÃ"ã“Ä†–v‚Ä†÷BÄvöö@£S‚ÄÖÆRÃSRÃ"ã#BÄÆ÷rÄ†÷BÄvöö@£S"ÄÖÆRÃC’ÃãSÄ†–v‚Ä6öÆBÄvöö@£3ÄfVÖÆRÃƒÃ2ã3rÄÖöFW&FRÄæ÷&ÖÂÄvöö@£#ÄÖÆRÃ“Ã2ãcbÄÖöFW&FRÄ†÷BÄvöö@£SrÄÖÆRÃƒ’Ã"ã3’ÄÖöFW&FRÄæ÷&ÖÂÅö÷ £CÄfVÖÆRÃ“RÃ2ãc‚ÄÖöFW&FRÄæ÷&ÖÂÄvöö@£c"ÄÖÆRÃC‚Ã"ãÄÖöFW&FRÄæ÷&ÖÂÄvöö@£#rÄfVÖÆRÃsBÃ2ã#Ä†–v‚Äæ÷&ÖÂÄvöö@£CrÄfVÖÆRÃC’Ã2ãBÄ†–v‚Ä†÷BÄvöö@£3BÄÖÆRÃ“"Ã2ãBÄÖöFW&FRÄ6öÆBÄvöö@£C"ÄÖÆRÃc2Ã2ãÄ†–v‚Äæ÷&ÖÂÄvöö@£CÄÖÆRÃƒ2Ã"ãcbÄÖöFW&FRÄæ÷&ÖÂÄvöö@£SrÄfVÖÆRÃ"Ã2ã"ÄÖöFW&FRÄ6öÆBÅö÷ £#2ÄfVÖÆRÃc2ÃãcRÄÖöFW&FRÄ6öÆBÅö÷ £C2ÄfVÖÆRÃc2Ã2ã2Ä†–v‚Ä†÷BÄvöö@£C’ÄÖÆRÃƒ’Ã"ã“BÄÆ÷rÄæ÷&ÖÂÄvöö@£SrÄfVÖÆRÃCbÃ"ã2Ä†–v‚Äæ÷&ÖÂÄvöö@£c"ÄÖÆRÃsrÃBã2Ä†–v‚Ä†÷BÄvöö@£S’ÄfVÖÆRÃƒÃ"ã‚ÄÆ÷rÄæ÷&ÖÂÅö÷ £#"ÄfVÖÆRÃS2Ã"ã‚ÄÆ÷rÄæ÷&ÖÂÄvöö@£S‚ÄÖÆRÃ“2ÃBãcRÄ†–v‚Ä†÷BÄvöö@£cÄÖÆRÃsÃ2ãÄÖöFW&FRÄ†÷BÄvöö@£3bÄÖÆRÃSÃãRÄÖöFW&FRÄ6öÆBÄvöö@£CÄfVÖÆRÃRÃBãrÄ†–v‚Ä6öÆBÄvöö@£3ÄfVÖÆRÃƒrÃ"ã“‚ÄÆ÷rÄ†÷BÄvöö@£3ÄÖÆRÃc‚ÃãRÄÆ÷rÄ6öÆBÅö÷ £SÄÖÆRÃ2Ã2ãcBÄ†–v‚Äæ÷&ÖÂÄvöö@£SRÄfVÖÆRÃS"ÃãRÄÖöFW&FRÄæ÷&ÖÂÅö÷ £3bÄfVÖÆRÃsBÃ"ãSRÄÖöFW&FRÄæ÷&ÖÂÄvöö@£SRÄÖÆRÃcÃ"ãsÄ†–v‚Ä6öÆBÄvöö@£SBÄÖÆRÃ“’Ã2ãC"ÄÖöFW&FRÄ†÷BÄvöö@£’ÄÖÆRÃƒbÃ"ãs’ÄÆ÷rÄæ÷&ÖÂÄvöö@£‚ÄfVÖÆRÃSBÃ"ã32ÄÆ÷rÄ†÷BÄvöö@£CÄfVÖÆRÃ2ÃBãC‚ÄÖöFW&FRÄ†÷BÄvöö@£c’ÄÖÆRÃC’ÃãRÄÆ÷rÄ6öÆBÄvöö@£c‚ÄfVÖÆRÃcbÃ"ãS‚Ä†–v‚Äæ÷&ÖÂÄvöö@£c’ÄfVÖÆRÃCRÃãs"ÄÖöFW&FRÄæ÷&ÖÂÄvöö@£C‚ÄfVÖÆRÃ“rÃBã2Ä†–v‚Ä†÷BÄvöö@£c"ÄÖÆRÃSÃãRÄÖöFW&FRÄæ÷&ÖÂÅö÷ £3bÄfVÖÆRÃƒRÃBãCÄ†–v‚Ä†÷BÄvöö@£CÄÖÆRÃ“BÃBãÄÖöFW&FRÄ†÷BÄvöö@£SÄÖÆRÃƒrÃ"ãc"ÄÆ÷rÄ6öÆBÄvöö@£c‚ÄÖÆRÃƒÃ"ãcÄ†–v‚Ä6öÆBÄvöö@£c"ÄÖÆRÃ“2Ã2ãÄÆ÷rÄ†÷BÄvöö@£S2ÄfVÖÆRÃ’Ã2ãSBÄÖöFW&FRÄæ÷&ÖÂÄvöö@£crÄfVÖÆRÃ“2Ã2ã’Ä†–v‚Ä†÷BÄvöö@£#rÄfVÖÆRÃƒ‚Ã2ãÄÆ÷rÄæ÷&ÖÂÄvöö@£SÄfVÖÆRÃC‚Ã"ã‚Ä†–v‚Äæ÷&ÖÂÄvöö@£cÄÖÆRÃƒRÃ2ã#rÄ†–v‚Äæ÷&ÖÂÄvöö@£#BÄÖÆRÃƒRÃ2ãsbÄ†–v‚Ä†÷BÄvöö@£CrÄÖÆRÃS"ÃãRÄÆ÷rÄæ÷&ÖÂÅö÷ £c"ÄÖÆRÃsbÃ"ãƒbÄÖöFW&FRÄ†÷BÄvöö@£C2ÄÖÆRÃsÃ"ã‚ÄÖöFW&FRÄ6öÆBÅö÷ £CRÄÖÆRÃsrÃ"ã#bÄÆ÷rÄæ÷&ÖÂÅö÷ £3"ÄÖÆRÃSrÃ2ã3RÄ†–v‚Ä†÷BÄvöö@£#ÄfVÖÆRÃSBÃ2ãrÄÖöFW&FRÄ†÷BÄvöö@£3’ÄÖÆRÃsÃ"ãS2ÄÆ÷rÄæ÷&ÖÂÄvöö@£SrÄfVÖÆRÃƒ’Ã2ã3‚ÄÖöFW&FRÄ†÷BÄvöö@£cÄÖÆRÃS‚Ã"ã3"ÄÆ÷rÄ†÷BÄvöö@£c’ÄfVÖÆRÃs"Ã"ã‚ÄÖöFW&FRÄæ÷&ÖÂÄvöö@£#BÄfVÖÆRÃsrÃãƒBÄÆ÷rÄ6öÆBÅö÷ £3ÄÖÆRÃSÃãRÄÆ÷rÄ6öÆBÄvöö@£SbÄÖÆRÃƒrÃ"ãc‚Ä†–v‚Ä6öÆBÄvöö@£3"ÄÖÆRÃc‚Ã"ãƒ’Ä†–v‚Ä6öÆBÄvöö@£C2ÄÖÆRÃbÃBãCBÄ†–v‚Ä†÷BÄvöö@£c2ÄÖÆRÃRÃBãƒÄ†–v‚Ä†÷BÄvöö@£cÄfVÖÆRÃCRÃ"ã’ÄÖöFW&FRÄ†÷BÄvöö@£c2ÄÖÆRÃCRÃãRÄÖöFW&FRÄæ÷&ÖÂÄvöö@£#"ÄfVÖÆRÃsBÃ2ãƒRÄÖöFW&FRÄ†÷BÄvöö@£’ÄÖÆRÃc’Ã"ã“‚Ä†–v‚Äæ÷&ÖÂÄvöö@£#BÄfVÖÆRÃS‚Ãã’ÄÖöFW&FRÄæ÷&ÖÂÄvöö@£SÄÖÆRÃƒÃ2ã’Ä†–v‚Äæ÷&ÖÂÄvöö@£cBÄfVÖÆRÃsÃ"ã’ÄÖöFW&FRÄ6öÆBÄvöö@£#BÄÖÆRÃƒ"Ã2ã“"Ä†–v‚Ä†÷BÄvöö@£#bÄfVÖÆRÃƒBÃ2ã‚ÄÖöFW&FRÄ†÷BÄvöö@£SbÄÖÆRÃC’ÃãRÄÆ÷rÄæ÷&ÖÂÄvöö@£CÄÖÆRÃ“2ÃBã‚ÄÖöFW&FRÄ†÷BÄvöö@£SbÄÖÆRÃ“’Ã2ãcRÄ†–v‚Ä6öÆBÄvöö@£#ÄÖÆRÃS"ÃãRÄÖöFW&FRÄ6öÆBÅö÷ £#bÄfVÖÆRÃcÃã“rÄÆ÷rÄæ÷&ÖÂÄvöö@£C’ÄfVÖÆRÃS"Ã"ãcBÄ†–v‚Ä6öÆBÄvöö@£C’ÄÖÆRÃSbÃãƒ2ÄÖöFW&FRÄæ÷&ÖÂÄvöö@£#rÄÖÆRÃs‚ÃãS’ÄÆ÷rÄ6öÆBÅö÷ £cÄfVÖÆRÃƒ"Ã2ã#BÄÖöFW&FRÄ†÷BÄvöö@£SÄÖÆRÃRÃBã3rÄ†–v‚Ä†÷BÄvöö@£3rÄfVÖÆRÃ“"Ã2ã3rÄÖöFW&FRÄæ÷&ÖÂÄvöö@£#2ÄfVÖÆRÃ‚Ã2ãSrÄÖöFW&FRÄ6öÆBÄvöö@£3rÄfVÖÆRÃ“BÃBã#bÄÖöFW&FRÄ†÷BÄvöö@£SrÄfVÖÆRÃƒbÃ"ãSbÄÆ÷rÄæ÷&ÖÂÅö÷ £CÄfVÖÆRÃ“BÃBãsbÄ†–v‚Ä†÷BÄvöö@£C2ÄÖÆRÃSrÃ2ãc’Ä†–v‚Ä†÷BÄvöö@£3’ÄfVÖÆRÃs‚Ã2ãsÄÖöFW&FRÄ†÷BÄvöö@£C’ÄÖÆRÃCrÃ"ã#BÄÖöFW&FRÄæ÷&ÖÂÄvöö@£SRÄfVÖÆRÃs’Ã"ãƒRÄÖöFW&FRÄ†÷BÄvöö@£cÄÖÆRÃ“"Ã2ãCrÄ†–v‚Äæ÷&ÖÂÄvöö@£3BÄÖÆRÃ“’Ã"ã3rÄÆ÷rÄ6öÆBÅö÷ £C‚ÄÖÆRÃ“‚Ã"ãsBÄÖöFW&FRÄ6öÆBÅö÷ £#RÄÖÆRÃRÃBãS"Ä†–v‚Ä†÷BÄvöö@£32ÄfVÖÆRÃ“BÃ2ãrÄÆ÷rÄæ÷&ÖÂÄvöö@£#‚ÄÖÆRÃc"Ã"ãCbÄÆ÷rÄ†÷BÄvöö@£3rÄfVÖÆRÃbÃBãbÄ†–v‚Ä†÷BÄvöö@£#rÄÖÆRÃcÃ"ã2ÄÖöFW&FRÄæ÷&ÖÂÄvöö@£c"ÄÖÆRÃS"ÃãS‚ÄÖöFW&FRÄæ÷&ÖÂÄvöö@£cRÄÖÆRÃÃ2ã“2ÄÆ÷rÄ†÷BÄvöö@£SrÄfVÖÆRÃ“BÃãs2ÄÆ÷rÄ6öÆBÅö÷ £C’ÄfVÖÆRÃÃ2ãSÄÖöFW&FRÄ6öÆBÄvöö@£cRÄfVÖÆRÃ’Ã2ãsÄ†–v‚Ä6öÆBÄvöö@£C‚ÄfVÖÆRÃrÃBã3ÄÖöFW&FRÄ†÷BÄvöö@£c‚ÄfVÖÆRÃS2ÃãRÄÆ÷rÄ6öÆBÅö÷ £S"ÄfVÖÆRÃsÃãRÄÆ÷rÄæ÷&ÖÂÅö÷ £SÄÖÆRÃSÃ2ãbÄ†–v‚Ä†÷BÄvöö@£C‚ÄÖÆRÃƒRÃ2ã3’ÄÖöFW&FRÄæ÷&ÖÂÄvöö@£S2ÄÖÆRÃCbÃ2ã#RÄ†–v‚Ä†÷BÄvöö@£3RÄfVÖÆRÃSRÃ"ãSBÄ†–v‚Ä6öÆBÄvöö@£#ÄÖÆRÃƒrÃ"ã#bÄÆ÷rÄæ÷&ÖÂÅö÷ £C"ÄÖÆRÃ“’Ã2ãsÄÆ÷rÄ†÷BÄvöö@£cÄfVÖÆRÃc’Ã"ã#ÄÖöFW&FRÄ6öÆBÄvöö@£S’ÄÖÆRÃ“‚Ã2ãC"ÄÖöFW&FRÄ†÷BÄvöö@£CBÄfVÖÆRÃ“bÃ"ãcÄÆ÷rÄæ÷&ÖÂÅö÷ £cÄfVÖÆRÃbÃ"ã3RÄÆ÷rÄ6öÆBÅö÷ £C’ÄÖÆRÃƒ"Ã2ãÄ†–v‚Äæ÷&ÖÂÄvöö@£CRÄÖÆRÃsRÃ"ãCÄÖöFW&FRÄæ÷&ÖÂÄvöö@£#rÄÖÆRÃSbÃ"ãCBÄ†–v‚Ä6öÆBÄvöö@£CRÄfVÖÆRÃcBÃ"ãSrÄÖöFW&FRÄ6öÆBÄvöö@£‚ÄfVÖÆRÃsÃãS2ÄÆ÷rÄ6öÆBÅö÷ £#2ÄfVÖÆRÃSBÃ"ã’ÄÆ÷rÄ†÷BÄvöö@£3bÄfVÖÆRÃ’ÃBãC‚Ä†–v‚Ä†÷BÄvöö@£SÄfVÖÆRÃƒÃBã2Ä†–v‚Ä†÷BÄvöö@£SRÄfVÖÆRÃƒÃ"ãSRÄÖöFW&FRÄ6öÆBÄvöö@£CrÄÖÆRÃsbÃãƒBÄÆ÷rÄæ÷&ÖÂÅö÷ £SrÄfVÖÆRÃS’ÃãƒBÄÆ÷rÄ†÷BÄvöö@£cÄfVÖÆRÃƒ"Ã"ã3ÄÆ÷rÄæ÷&ÖÂÅö÷ £#RÄÖÆRÃƒ2Ã2ãC’Ä†–v‚Ä6öÆBÄvöö@£c"ÄfVÖÆRÃÃ2ãrÄ†–v‚Ä6öÆBÄvöö@£cRÄfVÖÆRÃcRÃ"ãƒ2Ä†–v‚Äæ÷&ÖÂÄvöö@£#’ÄÖÆRÃSÃã“"ÄÆ÷rÄæ÷&ÖÂÄvöö@£#BÄÖÆRÃRÃ"ãc’ÄÆ÷rÄ6öÆBÅö÷ £#ÄfVÖÆRÃÃBãc‚ÄÖöFW&FRÄ†÷BÄvöö@£c’ÄÖÆRÃcÃ"ãƒ"ÄÖöFW&FRÄ†÷BÄvöö@£CÄfVÖÆRÃCrÃ"ãBÄÆ÷rÄ†÷BÄvöö@£SbÄfVÖÆRÃsÃ"ãbÄÆ÷rÄæ÷&ÖÂÄvöö@£3ÄfVÖÆRÃC‚Ã"ã#rÄ†–v‚Äæ÷&ÖÂÄvöö@£#‚ÄfVÖÆRÃsrÃ2ãrÄ†–v‚Ä6öÆBÄvöö@£3"ÄÖÆRÃÃBã’Ä†–v‚Ä6öÆBÄvöö@£cBÄfVÖÆRÃsÃãrÄÆ÷rÄ6öÆBÅö÷ £CBÄfVÖÆRÃ“‚Ã"ãcÄÆ÷rÄ6öÆBÅö÷ £#bÄÖÆRÃ‚Ã"ã“RÄÖöFW&FRÄ6öÆBÅö÷ £‚ÄfVÖÆRÃcRÃ"ã’ÄÆ÷rÄ†÷BÄvöö@£cÄÖÆRÃƒ2Ã"ãƒ"ÄÖöFW&FRÄ6öÆBÄvöö@£CÄÖÆRÃSbÃ2ã3"Ä†–v‚Ä†÷BÄvöö@£c’ÄfVÖÆRÃc2Ã"ã’Ä†–v‚Äæ÷&ÖÂÄvöö@£#RÄfVÖÆRÃSRÃ"ã“bÄÖöFW&FRÄ†÷BÄvöö@£SÄfVÖÆRÃƒÃãsrÄÆ÷rÄæ÷&ÖÂÅö÷ £CÄÖÆRÃs‚Ã"ãc’ÄÆ÷rÄ†÷BÄvöö@£#’ÄfVÖÆRÃƒbÃ"ã3"ÄÆ÷rÄ6öÆBÅö÷ £cBÄÖÆRÃSbÃãRÄÆ÷rÄ6öÆBÅö÷ £3rÄfVÖÆRÃCrÃ"ã32Ä†–v‚Ä6öÆBÄvöö@£3bÄfVÖÆRÃcbÃ"ã3ÄÆ÷rÄ†÷BÄvöö@£3BÄfVÖÆRÃCbÃã“"Ä†–v‚Äæ÷&ÖÂÄvöö@£C‚ÄfVÖÆRÃS‚Ã"ãBÄÆ÷rÄ†÷BÄvöö@£c"ÄÖÆRÃrÃ2ãc‚Ä†–v‚Äæ÷&ÖÂÄvöö@£3’ÄfVÖÆRÃƒ‚Ã"ãC"ÄÆ÷rÄ6öÆBÅö÷ £#‚ÄfVÖÆRÃ“‚Ã2ãSRÄÆ÷rÄ†÷BÄvöö@£C’ÄfVÖÆRÃsrÃ2ã’ÄÆ÷rÄ†÷BÄvöö@£C"ÄÖÆRÃ“2ÃBãbÄÖöFW&FRÄ†÷BÄvöö@£CÄfVÖÆRÃ“Ã"ãƒRÄÖöFW&FRÄ6öÆBÄvöö@£#’ÄfVÖÆRÃbÃBãrÄ†–v‚Äæ÷&ÖÂÄvöö@£#’ÄÖÆRÃbÃ2ãƒ"ÄÖöFW&FRÄæ÷&ÖÂÄvöö@£#’ÄÖÆRÃ"ÃBãc2ÄÖöFW&FRÄ†÷BÄvöö@£3BÄfVÖÆRÃSBÃ2ã3BÄ†–v‚Ä†÷BÄvöö@£SÄÖÆRÃƒÃ2ã‚ÄÖöFW&FRÄ6öÆBÄvöö@£c2ÄfVÖÆRÃCbÃ"ãBÄÖöFW&FRÄ†÷BÄvöö@£SRÄÖÆRÃƒ"Ã2ãSbÄ†–v‚Ä†÷BÄvöö@£SÄÖÆRÃƒrÃ2ãsrÄ†–v‚Äæ÷&ÖÂÄvöö@£#ÄfVÖÆRÃ‚ÃBãrÄ†–v‚Äæ÷&ÖÂÄvöö@£SBÄÖÆRÃcrÃãRÄÆ÷rÄ6öÆBÅö÷ £SÄÖÆRÃs‚Ã2ãs‚Ä†–v‚Ä†÷BÄvöö@£#ÄfVÖÆRÃrÃBã‚ÄÖöFW&FRÄ†÷BÄvöö@£3ÄÖÆRÃs"Ã"ã#2ÄÆ÷rÄ6öÆBÄvöö@£cÄfVÖÆRÃSBÃ"ã#rÄÖöFW&FRÄ†÷BÄvöö@£SÄfVÖÆRÃCbÃ"ã3"ÄÖöFW&FRÄ†÷BÄvöö@£cÄÖÆRÃƒ‚Ã2ãsrÄ†–v‚Äæ÷&ÖÂÄvöö@£c’ÄfVÖÆRÃC’Ã"ãÄÖöFW&FRÄ†÷BÄvöö@£CrÄÖÆRÃ“2Ã2ãC2ÄÆ÷rÄ†÷BÄvöö@£c’ÄÖÆRÃs2Ããƒ‚ÄÆ÷rÄ6öÆBÅö÷ £3"ÄÖÆRÃ“rÃ"ãs"ÄÆ÷rÄ6öÆBÅö÷ £3‚ÄfVÖÆRÃ“rÃ"ãsbÄÆ÷rÄ6öÆBÅö÷ £S’ÄÖÆRÃc‚Ã2ã#BÄ†–v‚Ä†÷BÄvöö@£#’ÄfVÖÆRÃ’Ã2ãsbÄÆ÷rÄ†÷BÄvöö@£#"ÄÖÆRÃsÃ"ã“BÄÆ÷rÄ†÷BÄvöö@£SÄÖÆRÃƒ2Ã"ãS’ÄÖöFW&FRÄ6öÆBÄvöö@£#’ÄfVÖÆRÃƒrÃBãSBÄ†–v‚Ä†÷BÄvöö@£3ÄfVÖÆRÃC’Ã"ãbÄ†–v‚Äæ÷&ÖÂÄvöö@£C"ÄfVÖÆRÃC’Ã"ãCRÄ†–v‚Ä6öÆBÄvöö@£cbÄÖÆRÃ“‚Ã2ãcrÄ†–v‚Äæ÷&ÖÂÄvöö@£cbÄfVÖÆRÃƒÃ2ãBÄÖöFW&FRÄ†÷BÄvöö@£3rÄfVÖÆRÃS"Ã"ãCBÄ†–v‚Äæ÷&ÖÂÄvöö@£cRÄÖÆRÃBÃ"ãsbÄÆ÷rÄ6öÆBÅö÷ £S‚ÄÖÆRÃs"Ã"ãsrÄ†–v‚Ä6öÆBÄvöö@£#rÄfVÖÆRÃ“RÃ"ãƒrÄÖöFW&FRÄ6öÆBÄvöö@£C2ÄfVÖÆRÃc2Ã"ãƒ2Ä†–v‚Ä6öÆBÄvöö@£3"ÄfVÖÆRÃ“2Ã"ã“BÄÆ÷rÄ6öÆBÄvöö@£‚ÄfVÖÆRÃcbÃ"ãs"Ä†–v‚Ä6öÆBÄvöö@£cRÄfVÖÆRÃSBÃ"ãc’ÄÖöFW&FRÄ†÷BÄvöö@£SrÄfVÖÆRÃRÃ2ã3"ÄÖöFW&FRÄ6öÆBÄvöö@£3’ÄÖÆRÃC‚Ããs‚ÄÆ÷rÄæ÷&ÖÂÄvöö@£CRÄfVÖÆRÃƒ2Ã"ãƒ"ÄÖöFW&FRÄ6öÆBÄvöö@£CRÄfVÖÆRÃsBÃ"ãbÄÆ÷rÄ6öÆBÅö÷ £crÄfVÖÆRÃ“‚Ã"ã3BÄÖöFW&FRÄ6öÆBÅö÷ £3BÄÖÆRÃ“‚Ã2ã3Ä†–v‚Ä6öÆBÄvöö@£#RÄfVÖÆRÃsbÃã“rÄÆ÷rÄæ÷&ÖÂÅö÷ £#RÄfVÖÆRÃƒBÃ2ãc"ÄÖöFW&FRÄ†÷BÄvöö@£C‚ÄfVÖÆRÃSÃ2ãRÄ†–v‚Ä†÷BÄvöö@£CBÄÖÆRÃ“‚Ã2ãSÄÆ÷rÄ†÷BÄvöö@£CbÄÖÆRÃcbÃ"ã“‚Ä†–v‚Ä6öÆBÄvöö@£cÄÖÆRÃBÃ"ãsBÄÆ÷rÄæ÷&ÖÂÅö÷ £cÄÖÆRÃSÃãƒ"ÄÖöFW&FRÄ6öÆBÄvöö@£CÄÖÆRÃƒrÃ"ãƒ‚Ä†–v‚Ä6öÆBÄvöö@£CbÄfVÖÆRÃÃ2ãrÄÆ÷rÄ6öÆBÄvöö@£SÄfVÖÆRÃsrÃ"ãƒ‚ÄÖöFW&FRÄæ÷&ÖÂÄvöö@£S2ÄÖÆRÃ’Ã2ã2ÄÖöFW&FRÄæ÷&ÖÂÄvöö@£SÄÖÆRÃƒÃ2ãCÄÖöFW&FRÄ†÷BÄvöö@£crÄfVÖÆRÃ“RÃ2ãbÄ†–v‚Äæ÷&ÖÂÄvöö@£cBÄfVÖÆRÃcRÃ"ãSBÄÖöFW&FRÄæ÷&ÖÂÄvöö@£3"ÄÖÆRÃS2Ããc"ÄÖöFW&FRÄæ÷&ÖÂÄvöö@£#RÄÖÆRÃcrÃ2ãÄ†–v‚Ä6öÆBÄvöö@£#RÄfVÖÆRÃSRÃ"ãC"ÄÖöFW&FRÄ†÷BÄvöö@£cÄÖÆRÃƒ2Ã2ãÄ†–v‚Ä6öÆBÄvöö@£#ÄfVÖÆRÃ“’Ã"ãS"ÄÆ÷rÄ6öÆBÅö÷ £CÄÖÆRÃsÃ2ãcBÄ†–v‚Ä†÷BÄvöö@£S2ÄfVÖÆRÃcrÃ2ãBÄ†–v‚Ä†÷BÄvöö@£CÄÖÆRÃƒBÃ2ã#"ÄÆ÷rÄ†÷BÄvöö@£C"ÄÖÆRÃc’Ã"ãSbÄÖöFW&FRÄæ÷&ÖÂÄvöö@£3‚ÄfVÖÆRÃƒRÃ"ãC2ÄÆ÷rÄæ÷&ÖÂÅö÷ £3‚ÄÖÆRÃƒrÃ"ãƒrÄÖöFW&FRÄæ÷&ÖÂÄvöö@£3‚ÄfVÖÆRÃc‚Ã"ã‚ÄÖöFW&FRÄ†÷BÄvöö@£3RÄÖÆRÃƒ‚Ã2ã#rÄÖöFW&FRÄ6öÆBÄvöö@£cÄÖÆRÃSÃãRÄÆ÷rÄæ÷&ÖÂÄvöö@£#ÄÖÆRÃ’Ã2ã#‚ÄÆ÷rÄ6öÆBÄvöö@£c"ÄÖÆRÃ“’Ã"ãc‚ÄÖöFW&FRÄ6öÆBÅö÷ £c‚ÄÖÆRÃƒ2Ã"ãƒÄÆ÷rÄ†÷BÄvöö@£cRÄÖÆRÃsÃãRÄÆ÷rÄæ÷&ÖÂÅö÷ £S‚ÄfVÖÆRÃC‚Ããƒ2ÄÆ÷rÄ†÷BÄvöö@£CBÄÖÆRÃ“‚Ã2ãs’Ä†–v‚Äæ÷&ÖÂÄvöö@£CÄÖÆRÃ"ÃBãRÄÖöFW&FRÄ†÷BÄvöö@£cÄÖÆRÃ“2Ã2ãS‚Ä†–v‚Ä6öÆBÄvöö@£c2ÄÖÆRÃƒ"Ã2ã3‚ÄÖöFW&FRÄ†÷BÄvöö@£cbÄÖÆRÃSBÃ"ã#2ÄÖöFW&FRÄ†÷BÄvöö@£S’ÄÖÆRÃ“Ã2ãBÄ†–v‚Äæ÷&ÖÂÄvöö@£crÄÖÆRÃcBÃãRÄÆ÷rÄ6öÆBÅö÷ £S2ÄÖÆRÃC’Ããƒ2ÄÖöFW&FRÄæ÷&ÖÂÄvöö@£#ÄÖÆRÃ“Ã2ã#bÄÆ÷rÄ†÷BÄvöö@£#RÄfVÖÆRÃCRÃ"ãCBÄ†–v‚Ä6öÆBÄvöö@£#rÄÖÆRÃSBÃãsrÄÖöFW&FRÄ6öÆBÄvöö@£S‚ÄfVÖÆRÃƒrÃ"ã‚ÄÆ÷rÄæ÷&ÖÂÅö÷ £#’ÄÖÆRÃS"Ãã’ÄÆ÷rÄ†÷BÄvöö@£CÄfVÖÆRÃCRÃ2ãRÄ†–v‚Ä†÷BÄvöö@£cÄÖÆRÃsRÃ2ãsbÄ†–v‚Ä†÷BÄvöö@£SBÄfVÖÆRÃC‚ÃãRÄÆ÷rÄ6öÆBÄvöö@£cÄfVÖÆRÃ“2Ã2ãsBÄ†–v‚Äæ÷&ÖÂÄvöö@£SRÄfVÖÆRÃSBÃã“RÄ†–v‚Äæ÷&ÖÂÄvöö@£#ÄfVÖÆRÃcRÃ"ã3BÄÆ÷rÄ†÷BÄvöö@£3BÄfVÖÆRÃSÃãRÄÖöFW&FRÄ6öÆBÄvöö@£3RÄfVÖÆRÃSbÃ"ãBÄÆ÷rÄ†÷BÄvöö@£cÄÖÆRÃ"Ã"ã“‚ÄÖöFW&FRÄæ÷&ÖÂÅö÷ £SÄfVÖÆRÃƒRÃ2ãbÄÖöFW&FRÄ†÷BÄvöö@£cbÄÖÆRÃƒÃ2ã#ÄÆ÷rÄ†÷BÄvöö@£’ÄÖÆRÃS’Ãã“RÄÖöFW&FRÄæ÷&ÖÂÄvöö@£C2ÄfVÖÆRÃƒ‚Ã"ãƒbÄÖöFW&FRÄæ÷&ÖÂÄvöö@£3"ÄÖÆRÃSÃãƒ"ÄÖöFW&FRÄæ÷&ÖÂÄvöö@£SrÄfVÖÆRÃSÃãRÄÆ÷rÄ6öÆBÄvöö@£3‚ÄfVÖÆRÃC’ÃãRÄÆ÷rÄæ÷&ÖÂÄvöö@£#bÄfVÖÆRÃƒrÃ2ãbÄÖöFW&FRÄ6öÆBÄvöö@£CBÄÖÆRÃ“"Ã2ã#rÄ†–v‚Ä6öÆBÄvöö@£SrÄfVÖÆRÃc’ÃãRÄÆ÷rÄ6öÆBÅö÷ £SbÄfVÖÆRÃsbÃ"ãC’Ä†–v‚Äæ÷&ÖÂÄvöö@£CÄfVÖÆRÃCRÃãRÄÆ÷rÄ6öÆBÄvöö@£#BÄfVÖÆRÃS’Ã"ãÄÖöFW&FRÄæ÷&ÖÂÄvöö@£32ÄfVÖÆRÃÃBã#RÄ†–v‚Äæ÷&ÖÂÄvöö@£3RÄÖÆRÃƒ’ÃBã"Ä†–v‚Ä†÷BÄvöö@£CBÄfVÖÆRÃS‚ÃãRÄÆ÷rÄ6öÆBÅö÷ £CBÄfVÖÆRÃS2Ã"ã#rÄ†–v‚Ä6öÆBÄvöö@£#RÄfVÖÆRÃÃ2ã2ÄÆ÷rÄ6öÆBÄvöö@£CBÄÖÆRÃSÃ"ãCBÄ†–v‚Äæ÷&ÖÂÄvöö@£3"ÄÖÆRÃÃ2ã#rÄÆ÷rÄæ÷&ÖÂÄvöö@£SBÄÖÆRÃ‚ÃBã"Ä†–v‚Ä6öÆBÄvöö@£CbÄfVÖÆRÃcRÃã“rÄÆ÷rÄ6öÆBÄvöö@£S‚ÄÖÆRÃ“bÃ2ãCrÄ†–v‚Äæ÷&ÖÂÄvöö@£S’ÄÖÆRÃSbÃãRÄÆ÷rÄ6öÆBÅö÷ £#2ÄfVÖÆRÃÃ2ãSÄÆ÷rÄ†÷BÄvöö@£3‚ÄfVÖÆRÃƒ‚Ã2ãRÄ†–v‚Äæ÷&ÖÂÄvöö@£C‚ÄfVÖÆRÃCbÃãc’ÄÖöFW&FRÄæ÷&ÖÂÄvöö@£S‚ÄÖÆRÃ“‚Ã"ãs2ÄÖöFW&FRÄæ÷&ÖÂÅö÷ £CÄfVÖÆRÃ“bÃ2ãs"ÄÖöFW&FRÄæ÷&ÖÂÄvöö@£crÄÖÆRÃsrÃ"ãs"Ä†–v‚Ä6öÆBÄvöö@£C‚ÄfVÖÆRÃS"ÃãRÄÖöFW&FRÄ6öÆBÅö÷ £3‚ÄÖÆRÃ“rÃ2ãCrÄÆ÷rÄ†÷BÄvöö@£c’ÄfVÖÆRÃƒÃ"ãBÄÆ÷rÄæ÷&ÖÂÅö÷ £CBÄÖÆRÃRÃBãƒRÄ†–v‚Ä†÷BÄvöö@£cbÄÖÆRÃƒÃ2ãÄÆ÷rÄ†÷BÄvöö@£CRÄfVÖÆRÃƒ"Ã"ãS‚ÄÖöFW&FRÄæ÷&ÖÂÄvöö@£#ÄfVÖÆRÃÃ2ãƒ2ÄÆ÷rÄ†÷BÄvöö@£SBÄÖÆRÃrÃBã2ÄÖöFW&FRÄ†÷BÄvöö@£#BÄÖÆRÃS2Ã2ãRÄ†–v‚Ä†÷BÄvöö@£CÄÖÆRÃRÃBãrÄÆ÷rÄ†÷BÄvöö@£3‚ÄÖÆRÃƒ‚Ã2ãBÄÆ÷rÄæ÷&ÖÂÄvöö@£SrÄfVÖÆRÃc‚Ã2ãBÄ†–v‚Äæ÷&ÖÂÄvöö@£S‚ÄfVÖÆRÃSÃãRÄÆ÷rÄ6öÆBÄvöö@£C"ÄfVÖÆRÃsÃ"ã3rÄÖöFW&FRÄ6öÆBÄvöö@£CÄfVÖÆRÃƒ‚Ã"ãƒBÄÖöFW&FRÄæ÷&ÖÂÄvöö@£#"ÄfVÖÆRÃRÃ2ã“RÄÖöFW&FRÄ†÷BÄvöö@£CRÄÖÆRÃSÃ"ãSÄ†–v‚Ä6öÆBÄvöö@£cRÄfVÖÆRÃS"Ã"ãSbÄÖöFW&FRÄ†÷BÄvöö@£3rÄfVÖÆRÃƒrÃ"ã‚ÄÖöFW&FRÄ6öÆBÄvöö@£#’ÄÖÆRÃsBÃ2ãsBÄ†–v‚Ä†÷BÄvöö@£S2ÄÖÆRÃÃ"ãSrÄÆ÷rÄæ÷&ÖÂÅö÷ £#2ÄÖÆRÃƒbÃ2ãƒRÄÖöFW&FRÄ†÷BÄvöö@£#BÄÖÆRÃƒ’Ã"ã“’Ä†–v‚Ä6öÆBÄvöö@£cBÄfVÖÆRÃCRÃ"ã#BÄÆ÷rÄ†÷BÄvöö@£CRÄÖÆRÃc2Ã2ã3rÄ†–v‚Ä†÷BÄvöö@£#rÄfVÖÆRÃƒÃ2ã’Ä†–v‚Ä6öÆBÄvöö@£CbÄfVÖÆRÃƒ‚Ã2ã#2Ä†–v‚Äæ÷&ÖÂÄvöö@£C‚ÄfVÖÆRÃƒ"ÃBã#RÄ†–v‚Ä†÷BÄvöö@£’ÄÖÆRÃcbÃ"ãc‚ÄÖöFW&FRÄæ÷&ÖÂÄvöö@£3bÄfVÖÆRÃSÃ"ã“2Ä†–v‚Äæ÷&ÖÂÄvöö@£cÄfVÖÆRÃs2Ã"ã“‚Ä†–v‚Ä6öÆBÄvöö@£crÄÖÆRÃbÃ2ãs’Ä†–v‚Äæ÷&ÖÂÄvöö@£c‚ÄfVÖÆRÃ‚Ã2ãCRÄÖöFW&FRÄ6öÆBÄvöö@£3"ÄÖÆRÃC’Ã2ã#’Ä†–v‚Ä†÷BÄvöö@£crÄfVÖÆRÃƒ"Ã"ã“Ä†–v‚Äæ÷&ÖÂÄvöö@£CRÄÖÆRÃƒ2Ã"ãÄÆ÷rÄæ÷&ÖÂÅö÷ £3rÄÖÆRÃcBÃ2ã’ÄÖöFW&FRÄ†÷BÄvöö@£C’ÄÖÆRÃcÃ2ã’Ä†–v‚Äæ÷&ÖÂÄvöö@£#RÄfVÖÆRÃcRÃãcÄÆ÷rÄ6öÆBÅö÷ £c‚ÄfVÖÆRÃSÃãRÄÆ÷rÄæ÷&ÖÂÄvöö@£#RÄfVÖÆRÃsrÃ"ã“’ÄÖöFW&FRÄ6öÆBÄvöö@£CÄÖÆRÃsbÃ"ãƒ’ÄÖöFW&FRÄæ÷&ÖÂÄvöö@£SRÄÖÆRÃCbÃãRÄÖöFW&FRÄæ÷&ÖÂÄvöö@£#rÄfVÖÆRÃS’Ãã“bÄÖöFW&FRÄæ÷&ÖÂÄvöö@£3RÄÖÆRÃRÃ2ãSRÄ†–v‚Ä6öÆBÄvöö@£SRÄfVÖÆRÃs2Ããƒ‚ÄÖöFW&FRÄ6öÆBÅö÷ £cÄfVÖÆRÃcrÃã“’ÄÖöFW&FRÄ6öÆBÅö÷ £SRÄÖÆRÃs"Ã2ã"Ä†–v‚Ä†÷BÄvöö@£CBÄÖÆRÃCRÃãRÄÆ÷rÄ6öÆBÄvöö@£3rÄÖÆRÃs2Ã"ã32ÄÆ÷rÄæ÷&ÖÂÄvöö@£3ÄfVÖÆRÃƒ"Ã2ãSRÄÆ÷rÄ†÷BÄvöö@£3ÄfVÖÆRÃcRÃ2ãƒ‚Ä†–v‚Ä†÷BÄvöö@£cÄfVÖÆRÃƒ‚Ã"ãÄÆ÷rÄ6öÆBÅö÷ £S‚ÄÖÆRÃsÃ"ã“BÄÆ÷rÄ†÷BÄvöö@£#"ÄfVÖÆRÃƒrÃ2ãC2Ä†–v‚Äæ÷&ÖÂÄvöö@£SbÄfVÖÆRÃSBÃ2ã‚Ä†–v‚Ä†÷BÄvöö@£3rÄfVÖÆRÃs2Ã2ã‚Ä†–v‚Ä†÷BÄvöö@£3‚ÄÖÆRÃS’Ã"ã“bÄÖöFW&FRÄ†÷BÄvöö@£S"ÄÖÆRÃRÃ2ã#BÄÆ÷rÄ†÷BÄvöö@£S2ÄfVÖÆRÃBÃBãC2ÄÖöFW&FRÄ†÷BÄvöö@£3’ÄÖÆRÃ"Ã2ãS2ÄÆ÷rÄæ÷&ÖÂÄvöö@£S2ÄfVÖÆRÃSrÃãRÄÆ÷rÄæ÷&ÖÂÅö÷ £crÄfVÖÆRÃSrÃ2ãSbÄ†–v‚Ä†÷BÄvöö@£3RÄÖÆRÃs‚Ã"ãƒÄÖöFW&FRÄ6öÆBÄvöö@£CBÄÖÆRÃc"ÃãsbÄÆ÷rÄ6öÆBÅö÷ £crÄÖÆRÃS2Ããc‚ÄÆ÷rÄ†÷BÄvöö@£CÄÖÆRÃ2ÃBã#RÄÆ÷rÄ†÷BÄvöö@£#bÄfVÖÆRÃcbÃ"ãcBÄ†–v‚Äæ÷&ÖÂÄvöö@£3rÄÖÆRÃ“bÃBãBÄÆ÷rÄ†÷BÄvöö@£3BÄfVÖÆRÃCrÃ"ã’ÄÖöFW&FRÄæ÷&ÖÂÄvöö@£S‚ÄÖÆRÃcrÃ2ãC‚Ä†–v‚Ä†÷BÄvöö@£#bÄÖÆRÃ‚ÃBã“Ä†–v‚Ä†÷BÄvöö@£CÄfVÖÆRÃSÃã“BÄÆ÷rÄ†÷BÄvöö@£SBÄÖÆRÃ“2Ã2ãƒ’Ä†–v‚Ä†÷BÄvöö@£#ÄÖÆRÃSbÃãc"ÄÆ÷rÄæ÷&ÖÂÅö÷ £’ÄÖÆRÃ“Ã"ã“RÄ†–v‚Ä6öÆBÄvöö@£SÄfVÖÆRÃS‚Ã2ã#bÄÖöFW&FRÄ†÷BÄvöö@£SRÄfVÖÆRÃCbÃ"ãS‚ÄÖöFW&FRÄ†÷BÄvöö@£CÄfVÖÆRÃS2Ããc’ÄÖöFW&FRÄæ÷&ÖÂÄvöö@£#RÄfVÖÆRÃƒRÃ"ãCBÄÆ÷rÄ6öÆBÅö÷ £3ÄÖÆRÃ“BÃ2ãSRÄ†–v‚Ä6öÆBÄvöö@£3rÄfVÖÆRÃ’ÃBã#2Ä†–v‚Äæ÷&ÖÂÄvöö@£3rÄÖÆRÃSbÃãSÄÆ÷rÄæ÷&ÖÂÅö÷ £#ÄÖÆRÃc’Ã"ãBÄÖöFW&FRÄæ÷&ÖÂÄvöö@£cbÄÖÆRÃrÃ2ãƒ‚ÄÖöFW&FRÄ†÷BÄvöö@£CBÄÖÆRÃ"Ã2ãCrÄ†–v‚Ä6öÆBÄvöö@£#bÄÖÆRÃCRÃãRÄÆ÷rÄ6öÆBÄvöö@£#’ÄfVÖÆRÃ’Ã2ãs"ÄÆ÷rÄæ÷&ÖÂÄvöö@£3bÄfVÖÆRÃS‚Ã"ã#BÄ†–v‚Ä6öÆBÄvöö@£32ÄÖÆRÃsbÃãƒ2ÄÆ÷rÄ6öÆBÅö÷ £c"ÄfVÖÆRÃcrÃ"ãC"ÄÖöFW&FRÄæ÷&ÖÂÄvöö@£C"ÄfVÖÆRÃCbÃãS’ÄÆ÷rÄæ÷&ÖÂÄvöö@£S‚ÄfVÖÆRÃ“rÃ2ãs’Ä†–v‚Äæ÷&ÖÂÄvöö@£cÄfVÖÆRÃS"ÃãRÄÖöFW&FRÄ6öÆBÅö÷ £SÄÖÆRÃƒrÃ"ãS"ÄÆ÷rÄæ÷&ÖÂÅö÷ £CrÄÖÆRÃs‚Ã2ã#2ÄÖöFW&FRÄæ÷&ÖÂÄvöö@£3rÄÖÆRÃbÃBãBÄÆ÷rÄ†÷BÄvöö@£CÄfVÖÆRÃc2Ã2ã3RÄÖöFW&FRÄ†÷BÄvöö@£S"ÄfVÖÆRÃcBÃ2ãS2Ä†–v‚Ä†÷BÄvöö@£SbÄfVÖÆRÃƒRÃãRÄÆ÷rÄ6öÆBÅö÷ £3"ÄÖÆRÃsbÃ"ãƒ2ÄÖöFW&FRÄ6öÆBÄvöö@£32ÄÖÆRÃSBÃãc2ÄÖöFW&FRÄ6öÆBÄvöö@£’ÄfVÖÆRÃƒ"Ã"ãsBÄÆ÷rÄ†÷BÄvöö@£SÄfVÖÆRÃCRÃã“’Ä†–v‚Äæ÷&ÖÂÄvöö@£S"ÄfVÖÆRÃc’Ã2ãS"Ä†–v‚Ä†÷BÄvöö@£#rÄÖÆRÃCrÃã“rÄ†–v‚Ä6öÆBÄvöö@£’ÄfVÖÆRÃƒRÃBãBÄÖöFW&FRÄ†÷BÄvöö@£CÄfVÖÆRÃsrÃ"ã“‚ÄÖöFW&FRÄæ÷&ÖÂÄvöö@£3ÄÖÆRÃƒ2Ã2ãSrÄÆ÷rÄ†÷BÄvöö@£C"ÄÖÆRÃc2Ã"ãRÄ†–v‚Ä6öÆBÄvöö@£32ÄfVÖÆRÃBÃ2ãCBÄÆ÷rÄæ÷&ÖÂÄvöö@£c"ÄfVÖÆRÃ“bÃ2ãc"ÄÆ÷rÄ†÷BÄvöö@£SBÄÖÆRÃ“‚Ã2ã“bÄÖöFW&FRÄ†÷BÄvöö@£3bÄÖÆRÃ“Ã"ãC’ÄÆ÷rÄæ÷&ÖÂÅö÷ £cÄÖÆRÃƒbÃ2ãÄÖöFW&FRÄ†÷BÄvöö@£c‚ÄfVÖÆRÃbÃBãC2ÄÖöFW&FRÄ†÷BÄvöö@£3"ÄfVÖÆRÃ2ÃBã"Ä†–v‚Ä6öÆBÄvöö@£’ÄfVÖÆRÃƒbÃ"ã“"ÄÆ÷rÄæ÷&ÖÂÄvöö@£C‚ÄfVÖÆRÃSÃ"ãbÄÆ÷rÄ†÷BÄvöö@£3"ÄÖÆRÃsrÃã“ÄÆ÷rÄ6öÆBÅö÷ £CrÄÖÆRÃ’Ã2ãs‚ÄÖöFW&FRÄæ÷&ÖÂÄvöö@£#rÄfVÖÆRÃcÃ"ãcBÄ†–v‚Ä6öÆBÄvöö@£3"ÄÖÆRÃCrÃ"ãs2Ä†–v‚Äæ÷&ÖÂÄvöö@£C2ÄÖÆRÃ“BÃBãSRÄ†–v‚Ä†÷BÄvöö@£32ÄÖÆRÃRÃBãc‚ÄÖöFW&FRÄ†÷BÄvöö@£#ÄfVÖÆRÃsBÃ"ãSbÄÖöFW&FRÄ6öÆBÄvöö@£#RÄfVÖÆRÃc‚Ã"ãs2Ä†–v‚Äæ÷&ÖÂÄvöö@£c‚ÄÖÆRÃ“‚Ã2ã#"Ä†–v‚Ä6öÆBÄvöö@£#’ÄÖÆRÃƒRÃ2ã#2Ä†–v‚Ä6öÆBÄvöö@£C"ÄÖÆRÃsrÃ"ãƒbÄÆ÷rÄ†÷BÄvöö@£#‚ÄÖÆRÃƒÃã“2ÄÆ÷rÄæ÷&ÖÂÅö÷ £c"ÄfVÖÆRÃBÃ2ãBÄ†–v‚Ä6öÆBÅö÷ £SbÄÖÆRÃƒÃ"ã32ÄÖöFW&FRÄ6öÆBÅö÷ £CrÄÖÆRÃƒ"Ã2ãCbÄÖöFW&FRÄ†÷BÄvöö@£SRÄÖÆRÃ“rÃ"ã“Ä†–v‚Ä6öÆBÄvöö@£#bÄÖÆRÃcRÃ2ãSrÄÖöFW&FRÄ†÷BÄvöö@£3bÄfVÖÆRÃc"ÃãRÄÆ÷rÄ6öÆBÅö÷ £#"ÄfVÖÆRÃsbÃ2ãSRÄÖöFW&FRÄ†÷BÄvöö@£CÄfVÖÆRÃ“"Ã2ã3BÄÖöFW&FRÄæ÷&ÖÂÄvöö@£#RÄfVÖÆRÃCbÃã“bÄ†–v‚Äæ÷&ÖÂÄvöö@£SRÄfVÖÆRÃƒbÃ2ã"ÄÆ÷rÄ†÷BÄvöö@£c‚ÄÖÆRÃBÃBã#BÄ†–v‚Äæ÷&ÖÂÄvöö@£c‚ÄÖÆRÃ“2Ã2ãƒ‚ÄÖöFW&FRÄ†÷BÄvöö@£S"ÄÖÆRÃS‚Ã"ã“"Ä†–v‚Äæ÷&ÖÂÄvöö@£#ÄfVÖÆRÃSBÃ"ã‚Ä†–v‚Ä6öÆBÄvöö@£cRÄfVÖÆRÃ“BÃ2ãs2Ä†–v‚Äæ÷&ÖÂÄvöö@£3"ÄÖÆRÃ“"Ã"ãs’ÄÆ÷rÄæ÷&ÖÂÄvöö@£#ÄfVÖÆRÃcrÃãcbÄÆ÷rÄæ÷&ÖÂÅö÷ £SÄfVÖÆRÃrÃ"ã“2ÄÖöFW&FRÄ6öÆBÅö÷ £CBÄÖÆRÃsbÃ"ãÄÆ÷rÄæ÷&ÖÂÅö÷ £C"ÄÖÆRÃÃBãrÄ†–v‚Ä6öÆBÄvöö@£SrÄfVÖÆRÃcÃ"ãsBÄ†–v‚Äæ÷&ÖÂÄvöö@£#rÄÖÆRÃ“rÃRãBÄ†–v‚Ä†÷BÄvöö@£crÄfVÖÆRÃs2ÃãRÄÆ÷rÄ6öÆBÅö÷ £C’ÄÖÆRÃsrÃ"ã“ÄÖöFW&FRÄ6öÆBÄvöö@£cÄÖÆRÃSRÃ"ãRÄ†–v‚Äæ÷&ÖÂÄvöö@£3rÄÖÆRÃcbÃãƒRÄÖöFW&FRÄ6öÆBÅö÷ £#RÄfVÖÆRÃS’Ã"ãS"ÄÖöFW&FRÄ†÷BÄvöö@£c’ÄÖÆRÃs‚Ã2ãSÄ†–v‚Ä†÷BÄvöö@£c’ÄfVÖÆRÃÃ2ãCrÄ†–v‚Ä6öÆBÄvöö@£C‚ÄfVÖÆRÃ“BÃ2ãc‚Ä†–v‚Ä6öÆBÄvöö@£cRÄÖÆRÃc’Ã2ãrÄÖöFW&FRÄ†÷BÄvöö@£#BÄfVÖÆRÃC‚ÃãRÄÆ÷rÄæ÷&ÖÂÄvöö@£CbÄfVÖÆRÃ“‚ÃBãCrÄÖöFW&FRÄ†÷BÄvöö@£cRÄÖÆRÃcrÃ"ãBÄÖöFW&FRÄ6öÆBÄvöö@£c‚ÄfVÖÆRÃ‚Ã2ãc‚ÄÆ÷rÄ†÷BÄvöö@£#BÄfVÖÆRÃC’Ã"ã“‚Ä†–v‚Ä†÷BÄvöö@£C2ÄfVÖÆRÃ2Ã2ã#BÄÖöFW&FRÄæ÷&ÖÂÄvöö@£C2ÄfVÖÆRÃcBÃ2ã3bÄ†–v‚Ä†÷BÄvöö@£#BÄfVÖÆRÃS"ÃãRÄÆ÷rÄæ÷&ÖÂÅö÷ £CbÄÖÆRÃsRÃ2ãc"Ä†–v‚Ä†÷BÄvöö@£c2ÄfVÖÆRÃBÃ2ãcbÄÆ÷rÄ†÷BÄvöö@£3RÄÖÆRÃ“bÃ2ãc2Ä†–v‚Äæ÷&ÖÂÄvöö@£CÄÖÆRÃS2ÃãRÄÆ÷rÄ6öÆBÅö÷ £3ÄÖÆRÃ“bÃ"ãSbÄÆ÷rÄæ÷&ÖÂÅö÷ £crÄÖÆRÃS‚Ã2ãÄÖöFW&FRÄ†÷BÄvöö@£S2ÄÖÆRÃs‚Ãã“‚ÄÖöFW&FRÄ6öÆBÅö÷ £#‚ÄfVÖÆRÃ“2Ã"ãsRÄÆ÷rÄ6öÆBÅö÷ £3‚ÄfVÖÆRÃS2Ã"ã‚Ä†–v‚Äæ÷&ÖÂÄvöö@£‚ÄfVÖÆRÃS‚Ã"ã#‚ÄÖöFW&FRÄ6öÆBÄvöö@£#BÄÖÆRÃ“’ÃBãS"Ä†–v‚Ä†÷BÄvöö@£3"ÄÖÆRÃÃ2ãBÄ†–v‚Ä6öÆBÄvöö@£CÄÖÆRÃcÃ"ãc’ÄÖöFW&FRÄæ÷&ÖÂÄvöö@£#2ÄfVÖÆRÃƒ2Ã2ã#rÄÖöFW&FRÄæ÷&ÖÂÄvöö@£cRÄfVÖÆRÃC’ÃãRÄÖöFW&FRÄ6öÆBÄvöö@£3rÄÖÆRÃsÃ"ã‚Ä†–v‚Ä6öÆBÄvöö@£CBÄÖÆRÃ“Ã"ã’ÄÆ÷rÄ6öÆBÄvöö@£S2ÄÖÆRÃSrÃãRÄÆ÷rÄæ÷&ÖÂÅö÷ £3’ÄfVÖÆRÃc"Ã2ãÄÆ÷rÄ†÷BÄvöö@£#2ÄÖÆRÃ“bÃ2ãSBÄÆ÷rÄ†÷BÄvöö@£#ÄÖÆRÃcÃ"ã3RÄÆ÷rÄ†÷BÄvöö@£’ÄÖÆRÃÃ2ã3bÄÆ÷rÄæ÷&ÖÂÄvöö@£cbÄÖÆRÃSRÃãrÄ†–v‚Ä6öÆBÄvöö@£#’ÄÖÆRÃƒBÃBã#ÄÖöFW&FRÄ†÷BÄvöö@£c"ÄfVÖÆRÃƒRÃ"ã“’ÄÆ÷rÄ†÷BÄvöö@£cÄÖÆRÃƒbÃ"ã3‚ÄÖöFW&FRÄ6öÆBÅö÷ £#ÄÖÆRÃs2Ã"ã’Ä†–v‚Ä6öÆBÄvöö@£SbÄfVÖÆRÃsÃã’ÄÖöFW&FRÄ6öÆBÅö÷ £C2ÄÖÆRÃsbÃ"ãƒrÄ†–v‚Ä6öÆBÄvöö@£c‚ÄÖÆRÃƒBÃ2ã2Ä†–v‚Äæ÷&ÖÂÄvöö@£C"ÄfVÖÆRÃSÃã“"ÄÆ÷rÄ†÷BÄvöö@£S2ÄÖÆRÃcÃ2ã3rÄ†–v‚Ä†÷BÄvöö@£3RÄfVÖÆRÃ“BÃBãÄÆ÷rÄ†÷BÄvöö@£SBÄfVÖÆRÃ“2Ã2ã2ÄÖöFW&FRÄæ÷&ÖÂÄvöö@£#rÄÖÆRÃƒ2Ã2ãc2ÄÆ÷rÄ†÷BÄvöö@£S’ÄÖÆRÃƒ’Ã2ãC"ÄÖöFW&FRÄ†÷BÄvöö@£C"ÄfVÖÆRÃC’Ã2ãcRÄ†–v‚Ä†÷BÄvöö@£CbÄfVÖÆRÃ“’Ã2ãc‚ÄÆ÷rÄ†÷BÄvöö@£3RÄfVÖÆRÃsÃ2ãCrÄÖöFW&FRÄ†÷BÄvöö@£#RÄÖÆRÃc2Ã"ã32ÄÆ÷rÄ†÷BÄvöö@£#ÄÖÆRÃ“BÃ"ãS‚ÄÆ÷rÄ6öÆBÅö÷ £‚ÄfVÖÆRÃS"Ã"ãÄÆ÷rÄ†÷BÄvöö@£S‚ÄÖÆRÃsÃ"ãÄÖöFW&FRÄæ÷&ÖÂÅö÷ £SÄÖÆRÃ“Ã"ã3BÄÆ÷rÄ6öÆBÅö÷ £#"ÄfVÖÆRÃS’Ã"ãÄÖöFW&FRÄæ÷&ÖÂÄvöö@£CRÄfVÖÆRÃrÃBã3ÄÖöFW&FRÄ†÷BÄvöö@£#ÄfVÖÆRÃ“bÃ"ã’ÄÖöFW&FRÄ6öÆBÄvöö@£C‚ÄÖÆRÃS‚Ã"ã“RÄ†–v‚Äæ÷&ÖÂÄvöö@£#"ÄÖÆRÃ“2Ã2ã2Ä†–v‚Ä6öÆBÄvöö@£C2ÄfVÖÆRÃÃBãcrÄÖöFW&FRÄ†÷BÄvöö@£3RÄfVÖÆRÃƒ’Ã2ãRÄÖöFW&FRÄ†÷BÄvöö@£C‚ÄÖÆRÃS2ÃãRÄÆ÷rÄ6öÆBÅö÷ £C’ÄÖÆRÃƒbÃ2ãsrÄ†–v‚Ä6öÆBÄvöö@£3rÄÖÆRÃsRÃ"ãS2Ä†–v‚Ä6öÆBÄvöö@£#BÄfVÖÆRÃ“Ã2ãC’ÄÖöFW&FRÄ†÷BÄvöö@£CBÄfVÖÆRÃc2Ã"ãC’ÄÆ÷rÄ†÷BÄvöö@£C"ÄfVÖÆRÃ“rÃ"ã#‚ÄÆ÷rÄ6öÆBÅö÷ £SBÄfVÖÆRÃC‚Ã2ã#2Ä†–v‚Ä†÷BÄvöö@£S2ÄfVÖÆRÃC‚Ã"ãRÄÆ÷rÄ†÷BÄvöö@£c‚ÄÖÆRÃƒ‚Ã"ãs"ÄÆ÷rÄ†÷BÄvöö@£3bÄÖÆRÃƒRÃ2ãc’ÄÖöFW&FRÄ†÷BÄvöö@£SÄÖÆRÃƒ"ÃBã3BÄ†–v‚Ä†÷BÄvöö@£crÄfVÖÆRÃs’Ã"ã3RÄÖöFW&FRÄ6öÆBÅö÷ £3ÄfVÖÆRÃƒrÃ2ã3‚ÄÖöFW&FRÄ†÷BÄvöö@£C"ÄfVÖÆRÃC’Ã"ã3’ÄÖöFW&FRÄæ÷&ÖÂÄvöö@£C’ÄÖÆRÃ“Ã2ãÄÆ÷rÄ†÷BÄvöö@£C2ÄÖÆRÃ“BÃ"ãƒRÄÖöFW&FRÄ6öÆBÄvöö@£CRÄfVÖÆRÃ“’Ã2ã‚ÄÆ÷rÄæ÷&ÖÂÄvöö@£#RÄÖÆRÃ“ÃBãÄÖöFW&FRÄ†÷BÄvöö@£#rÄÖÆRÃ“"Ã2ãSbÄÆ÷rÄ†÷BÄvöö@£CRÄfVÖÆRÃcBÃãc’ÄÆ÷rÄæ÷&ÖÂÅö÷ £#2ÄfVÖÆRÃƒRÃ2ãC‚Ä†–v‚Äæ÷&ÖÂÄvöö@£#2ÄÖÆRÃSRÃ"ã#"ÄÖöFW&FRÄ6öÆBÄvöö@£#RÄfVÖÆRÃsrÃ2ã3BÄ†–v‚Äæ÷&ÖÂÄvöö@£cBÄÖÆRÃSBÃãs"Ä†–v‚Ä6öÆBÄvöö@£#BÄÖÆRÃRÃ2ãsrÄÆ÷rÄ†÷BÄvöö@£3’ÄfVÖÆRÃBÃBãSrÄ†–v‚Äæ÷&ÖÂÄvöö@£C2ÄÖÆRÃ2Ã"ã“‚ÄÆ÷rÄæ÷&ÖÂÅö÷ £SbÄfVÖÆRÃcrÃ"ãs‚ÄÖöFW&FRÄ†÷BÄvöö@£c’ÄfVÖÆRÃ“rÃ2ãÄÖöFW&FRÄ6öÆBÄvöö@£C"ÄÖÆRÃsRÃ"ãƒRÄ†–v‚Ä6öÆBÄvöö@£S2ÄfVÖÆRÃrÃ2ãcBÄ†–v‚Äæ÷&ÖÂÄvöö@£3ÄfVÖÆRÃcrÃ2ã#‚Ä†–v‚Ä†÷BÄvöö@£#ÄfVÖÆRÃSÃãƒrÄÆ÷rÄæ÷&ÖÂÄvöö@£‚ÄÖÆRÃS"Ã2ã‚ÄÖöFW&FRÄ†÷BÄvöö@£3rÄÖÆRÃcÃ"ã3ÄÆ÷rÄ†÷BÄvöö@£C’ÄfVÖÆRÃs2Ã2ãÄÆ÷rÄ†÷BÄvöö@£cÄÖÆRÃs‚Ã"ãRÄÖöFW&FRÄ6öÆBÅö÷ £c‚ÄÖÆRÃS2Ããs2ÄÖöFW&FRÄæ÷&ÖÂÄvöö@£32ÄfVÖÆRÃ2Ã2ã‚ÄÆ÷rÄ†÷BÄvöö@£3rÄÖÆRÃs’Ã"ã3BÄÆ÷rÄ6öÆBÅö÷ £cBÄÖÆRÃs’Ã"ã‚ÄÖöFW&FRÄ6öÆBÅö÷ £c"ÄÖÆRÃS’Ã"ãSBÄ†–v‚Ä6öÆBÄvöö@£S"ÄfVÖÆRÃSBÃ"ãÄ†–v‚Ä6öÆBÄvöö@£3rÄfVÖÆRÃS"ÃãrÄÆ÷rÄ6öÆBÄvöö@£#RÄÖÆRÃSrÃ"ãS2Ä†–v‚Äæ÷&ÖÂÄvöö@£c"ÄÖÆRÃ2Ã2ãc"Ä†–v‚Äæ÷&ÖÂÄvöö@£S‚ÄÖÆRÃ“bÃ2ãS’ÄÖöFW&FRÄ†÷BÄvöö@£#’ÄÖÆRÃ“‚Ã2ãƒrÄ†–v‚Äæ÷&ÖÂÄvöö@£S"ÄfVÖÆRÃSrÃ2ãSbÄ†–v‚Ä†÷BÄvöö@£#‚ÄfVÖÆRÃS"Ã"ã“Ä†–v‚Äæ÷&ÖÂÄvöö@£#’ÄfVÖÆRÃSRÃãRÄÆ÷rÄ6öÆBÅö÷ £3ÄÖÆRÃSrÃ"ã’ÄÆ÷rÄ†÷BÄvöö@£c2ÄÖÆRÃƒ‚Ã"ãƒBÄ†–v‚Ä6öÆBÄvöö@£CrÄÖÆRÃSrÃãRÄÖöFW&FRÄ6öÆBÅö÷ £cÄfVÖÆRÃ‚Ã2ã3RÄÆ÷rÄæ÷&ÖÂÄvöö@£#BÄÖÆRÃ“‚ÃBã3BÄ†–v‚Ä†÷BÄvöö@£CrÄfVÖÆRÃƒÃ2ã3rÄÖöFW&FRÄ†÷BÄvöö@£3rÄfVÖÆRÃƒ’Ã2ãƒ2ÄÖöFW&FRÄ†÷BÄvöö@£#’ÄÖÆRÃƒÃ"ãcbÄÖöFW&FRÄ6öÆBÄvöö@£#ÄfVÖÆRÃƒ"ÃBã’ÄÖöFW&FRÄ†÷BÄvöö@£cbÄÖÆRÃs‚Ã"ã3‚ÄÆ÷rÄ†÷BÄvöö@£S2ÄfVÖÆRÃSÃ"ãCbÄÖöFW&FRÄ†÷BÄvöö@£SrÄfVÖÆRÃsÃãS‚ÄÆ÷rÄæ÷&ÖÂÅö÷ £#‚ÄÖÆRÃcÃãƒ2ÄÆ÷rÄ6öÆBÄvöö@£#bÄÖÆRÃcbÃ"ãBÄÆ÷rÄæ÷&ÖÂÄvöö@£cÄfVÖÆRÃsBÃ"ãƒBÄÖöFW&FRÄ†÷BÄvöö@£SBÄfVÖÆRÃsbÃãSBÄÆ÷rÄæ÷&ÖÂÅö÷ £cÄÖÆRÃsÃãRÄÆ÷rÄæ÷&ÖÂÅö÷ £S’ÄÖÆRÃÃ2ãƒ"ÄÆ÷rÄ†÷BÄvöö@£SÄfVÖÆRÃsÃ"ãSÄ†–v‚Ä6öÆBÄvöö@£S’ÄfVÖÆRÃƒ"Ã2ã#2ÄÆ÷rÄ†÷BÄvöö@£c’ÄfVÖÆRÃsÃã“BÄÖöFW&FRÄ6öÆBÅö÷ £cÄfVÖÆRÃƒRÃ2ã2ÄÖöFW&FRÄ†÷BÄvöö@£SÄfVÖÆRÃ“Ã"ã#bÄÆ÷rÄæ÷&ÖÂÅö÷ £3RÄfVÖÆRÃ“‚Ã2ãCBÄÆ÷rÄ†÷BÄvöö@£CrÄfVÖÆRÃ2Ã"ãƒ2ÄÆ÷rÄæ÷&ÖÂÅö÷ £32ÄÖÆRÃƒ’Ã"ãsRÄÖöFW&FRÄ6öÆBÄvöö@£C2ÄfVÖÆRÃƒ‚Ã2ãBÄ†–v‚Ä6öÆBÄvöö@£SÄÖÆRÃ“Ã2ã’ÄÆ÷rÄ†÷BÄvöö@£#2ÄfVÖÆRÃBÃ2ã“‚ÄÖöFW&FRÄæ÷&ÖÂÄvöö@£SBÄfVÖÆRÃcbÃã“RÄÖöFW&FRÄ6öÆBÅö÷ £C2ÄfVÖÆRÃBÃ2ãBÄÆ÷rÄ6öÆBÅö÷ £CÄÖÆRÃrÃBãBÄ†–v‚Ä6öÆBÄvöö@£cÄÖÆRÃsbÃ"ãƒrÄÖöFW&FRÄ†÷BÄvöö@£CRÄÖÆRÃsrÃBã3RÄ†–v‚Ä†÷BÄvöö@£CrÄÖÆRÃƒbÃ"ã“’ÄÆ÷rÄ†÷BÄvöö@£c‚ÄÖÆRÃs‚Ã2ã#‚ÄÖöFW&FRÄ†÷BÄvöö@£SRÄÖÆRÃSbÃ"ã’Ä†–v‚Äæ÷&ÖÂÄvöö@£CBÄÖÆRÃƒBÃã“rÄÆ÷rÄ6öÆBÅö÷ £cbÄÖÆRÃsÃ"ã“2ÄÖöFW&FRÄ†÷BÄvöö@£#"ÄÖÆRÃRÃ2ãcRÄÖöFW&FRÄ6öÆBÄvöö@£c2ÄfVÖÆRÃs2Ã"ãS’ÄÖöFW&FRÄæ÷&ÖÂÄvöö@£’ÄfVÖÆRÃ‚Ã2ã3BÄÖöFW&FRÄæ÷&ÖÂÄvöö@£SRÄÖÆRÃƒrÃ2ãS’ÄÖöFW&FRÄ†÷BÄvöö@£c"ÄÖÆRÃ“rÃ"ãƒBÄÆ÷rÄæ÷&ÖÂÅö÷ £CRÄfVÖÆRÃCbÃãRÄÆ÷rÄæ÷&ÖÂÄvöö@£3ÄÖÆRÃs"Ã"ãsrÄÆ÷rÄ†÷BÄvöö@£cÄÖÆRÃƒrÃ2ã#ÄÆ÷rÄ†÷BÄvöö@£3"ÄÖÆRÃ“"Ã2ãƒ‚Ä†–v‚Ä6öÆBÄvöö@£cbÄÖÆRÃƒÃ"ãCBÄÖöFW&FRÄæ÷&ÖÂÄvöö@£CBÄÖÆRÃCrÃ2ãS’Ä†–v‚Ä†÷BÄvöö@£#2ÄfVÖÆRÃcbÃãƒ"ÄÆ÷rÄ6öÆBÅö÷ £C’ÄfVÖÆRÃ“BÃ2ãSbÄ†–v‚Ä6öÆBÄvöö@£SRÄfVÖÆRÃs’ÃãSÄÆ÷rÄ6öÆBÅö÷ £CBÄfVÖÆRÃÃ2ãcÄ†–v‚Ä6öÆBÄvöö@£C"ÄfVÖÆRÃ2Ã2ãCBÄÆ÷rÄ†÷BÄvöö@£SRÄÖÆRÃC‚Ããƒ‚ÄÖöFW&FRÄ†÷BÄvöö@£S‚ÄÖÆRÃƒ‚Ã2ãCÄ†–v‚Ä6öÆBÄvöö@£#rÄfVÖÆRÃBÃBãRÄ†–v‚Ä6öÆBÄvöö@£#ÄÖÆRÃcrÃ2ã‚ÄÆ÷rÄ†÷BÄvöö@£S"ÄÖÆRÃC’Ã"ãcbÄ†–v‚Ä†÷BÄvöö@£SRÄÖÆRÃ“Ããs’ÄÆ÷rÄ6öÆBÅö÷ £#RÄfVÖÆRÃSbÃãRÄÖöFW&FRÄ6öÆBÅö÷ £#2ÄfVÖÆRÃRÃ"ã“RÄÖöFW&FRÄ6öÆBÅö÷ £cBÄfVÖÆRÃSRÃ"ãC‚Ä†–v‚Äæ÷&ÖÂÄvöö@£3BÄfVÖÆRÃcBÃ2ã"Ä†–v‚Äæ÷&ÖÂÄvöö@£CRÄfVÖÆRÃ2ÃBãbÄÖöFW&FRÄ†÷BÄvöö@£3RÄÖÆRÃs2Ã"ã‚ÄÖöFW&FRÄæ÷&ÖÂÄvöö@£SRÄfVÖÆRÃS’ÃãRÄÖöFW&FRÄ6öÆBÅö÷ £3‚ÄÖÆRÃRÃBãbÄ†–v‚Ä6öÆBÄvöö@£S"ÄÖÆRÃ“BÃ"ã‚ÄÆ÷rÄ6öÆBÅö÷ £#ÄÖÆRÃ“‚Ã"ãcbÄÖöFW&FRÄ6öÆBÅö÷ £’ÄfVÖÆRÃsrÃ2ãCbÄÆ÷rÄ†÷BÄvöö@£3bÄÖÆRÃc"Ã"ãsbÄÖöFW&FRÄæ÷&ÖÂÄvöö@£3’ÄfVÖÆRÃsBÃ2ãs’Ä†–v‚Ä†÷BÄvöö@£‚ÄfVÖÆRÃS2Ãã“bÄ†–v‚Ä6öÆBÄvöö@£CbÄfVÖÆRÃbÃBãSRÄ†–v‚Äæ÷&ÖÂÄvöö@£3bÄfVÖÆRÃcbÃ"ãs’ÄÖöFW&FRÄ†÷BÄvöö@£#RÄÖÆRÃƒBÃ"ãƒ"ÄÖöFW&FRÄ6öÆBÄvöö@£CrÄÖÆRÃSrÃ2ãRÄ†–v‚Ä†÷BÄvöö@£c"ÄfVÖÆRÃC‚ÃãSrÄÆ÷rÄ†÷BÄvöö@£‚ÄfVÖÆRÃsÃ"ãƒ2ÄÆ÷rÄ†÷BÄvöö@£S’ÄfVÖÆRÃSRÃãRÄÖöFW&FRÄ6öÆBÅö÷ £cÄfVÖÆRÃƒ"Ã2ã#RÄÆ÷rÄ†÷BÄvöö@£#ÄÖÆRÃs‚Ã2ãS"ÄÆ÷rÄ†÷BÄvöö@£SbÄfVÖÆRÃ“‚Ã"ã“‚ÄÆ÷rÄ†÷BÄvöö@£3‚ÄÖÆRÃcRÃ"ã"ÄÖöFW&FRÄ6öÆBÄvöö@£CbÄÖÆRÃrÃ2ãƒrÄ†–v‚Äæ÷&ÖÂÄvöö@£c2ÄÖÆRÃsÃ"ãs2Ä†–v‚Äæ÷&ÖÂÄvöö@£#RÄÖÆRÃ“rÃ"ãcbÄÆ÷rÄ6öÆBÅö÷ £#ÄfVÖÆRÃC’Ã"ã3BÄÖöFW&FRÄ†÷BÄvöö@£C"ÄfVÖÆRÃÃ2ã2ÄÖöFW&FRÄ6öÆBÄvöö@£‚ÄfVÖÆRÃsRÃ2ãS‚ÄÖöFW&FRÄ†÷BÄvöö@£#"ÄÖÆRÃƒÃ"ãbÄ†–v‚Ä6öÆBÄvöö@£CÄÖÆRÃRÃ2ãsÄÖöFW&FRÄ6öÆBÄvöö@£CrÄÖÆRÃƒ2Ã"ãÄÆ÷rÄ6öÆBÅö÷ £3ÄÖÆRÃƒbÃBãÄÖöFW&FRÄ†÷BÄvöö@£S"ÄfVÖÆRÃƒÃ2ã3‚Ä†–v‚Äæ÷&ÖÂÄvöö@£3RÄfVÖÆRÃcBÃ2ã"Ä†–v‚Ä†÷BÄvöö@£32ÄÖÆRÃcrÃ"ãƒRÄ†–v‚Ä6öÆBÄvöö@£crÄfVÖÆRÃƒ"ÃBã3RÄ†–v‚Ä†÷BÄvöö@£CbÄfVÖÆRÃsBÃ2ãBÄÖöFW&FRÄæ÷&ÖÂÄvöö@£cÄfVÖÆRÃƒrÃ2ã’ÄÖöFW&FRÄ†÷BÄvöö@£CBÄfVÖÆRÃ‚Ã2ãCbÄÆ÷rÄæ÷&ÖÂÄvöö@£C‚ÄÖÆRÃs2Ã"ã3ÄÆ÷rÄ6öÆBÄvöö@£SbÄÖÆRÃcBÃ"ãS’ÄÆ÷rÄ†÷BÄvöö@£c’ÄfVÖÆRÃÃ2ã“RÄÖöFW&FRÄ†÷BÄvöö@£#ÄÖÆRÃƒbÃ"ãs"ÄÆ÷rÄæ÷&ÖÂÄvöö@£S2ÄfVÖÆRÃc"Ã"ã2ÄÖöFW&FRÄæ÷&ÖÂÄvöö@£cRÄÖÆRÃc’ÃãƒBÄÖöFW&FRÄ6öÆBÅö÷ £#‚ÄÖÆRÃ“bÃ2ãs2ÄÆ÷rÄ†÷BÄvöö@£#RÄfVÖÆRÃBÃ2ãS"ÄÖöFW&FRÄ6öÆBÄvöö@£SbÄÖÆRÃƒbÃ2ã‚Ä†–v‚Ä6öÆBÄvöö@£#BÄfVÖÆRÃC‚Ã"ãsBÄÖöFW&FRÄ†÷BÄvöö@£#rÄÖÆRÃsBÃ2ãs‚ÄÖöFW&FRÄ†÷BÄvöö@£S"ÄfVÖÆRÃƒ’Ã"ã’ÄÖöFW&FRÄ6öÆBÅö÷ £c2ÄfVÖÆRÃ“‚Ã2ã"ÄÖöFW&FRÄ6öÆBÄvöö@£#"ÄÖÆRÃSBÃãsRÄÆ÷rÄæ÷&ÖÂÄvöö@£CÄÖÆRÃSÃ"ãƒBÄ†–v‚Äæ÷&ÖÂÄvöö@£CRÄÖÆRÃcRÃ2ã"Ä†–v‚Ä†÷BÄvöö@£CBÄfVÖÆRÃs2Ã2ã’ÄÖöFW&FRÄ†÷BÄvöö@£#bÄÖÆRÃSRÃ"ã3BÄ†–v‚Ä6öÆBÄvöö@£C2ÄfVÖÆRÃ“BÃ2ãsÄÖöFW&FRÄæ÷&ÖÂÄvöö@£’ÄfVÖÆRÃrÃBãbÄÖöFW&FRÄ†÷BÄvöö@£crÄfVÖÆRÃcÃ"ãsrÄ†–v‚Äæ÷&ÖÂÄvöö@£SRÄfVÖÆRÃSÃ"ãC2Ä†–v‚Ä6öÆBÄvöö@£#’ÄfVÖÆRÃs‚Ã2ãsÄ†–v‚Ä†÷BÄvöö@£S2ÄÖÆRÃrÃ2ã‚ÄÆ÷rÄ6öÆBÅö÷ £#BÄfVÖÆRÃSBÃ"ãbÄÖöFW&FRÄæ÷&ÖÂÄvöö@£32ÄfVÖÆRÃrÃ"ãsrÄÆ÷rÄæ÷&ÖÂÅö÷ £crÄfVÖÆRÃsÃ"ãs’ÄÖöFW&FRÄæ÷&ÖÂÄvöö@£CrÄÖÆRÃsBÃ"ã2ÄÖöFW&FRÄ6öÆBÅö÷ £SRÄfVÖÆRÃsBÃ"ãrÄÆ÷rÄ†÷BÄvöö@£#RÄÖÆRÃƒ2Ã2ã32Ä†–v‚Äæ÷&ÖÂÄvöö@£#"ÄÖÆRÃ“bÃ2ã3RÄÖöFW&FRÄæ÷&ÖÂÄvöö@£c2ÄÖÆRÃSÃ"ãsÄÖöFW&FRÄ†÷BÄvöö@£#ÄÖÆRÃBÃBã#RÄ†–v‚Ä6öÆBÄvöö@£c2ÄÖÆRÃs’Ã"ãBÄÖöFW&FRÄ6öÆBÅö÷ £SÄfVÖÆRÃS"Ã"ãcBÄÖöFW&FRÄ†÷BÄvöö@£’ÄfVÖÆRÃÃ2ãS2Ä†–v‚Ä6öÆBÄvöö@£3‚ÄÖÆRÃcBÃãƒbÄÖöFW&FRÄ6öÆBÅö÷ £SÄÖÆRÃ“’ÃBã2Ä†–v‚Äæ÷&ÖÂÄvöö@£32ÄfVÖÆRÃC’ÃãRÄÆ÷rÄ6öÆBÄvöö@£C’ÄfVÖÆRÃƒÃ2ãBÄÖöFW&FRÄ6öÆBÄvöö@£cBÄfVÖÆRÃÃ2ãS‚ÄÖöFW&FRÄ†÷BÄvöö@£CbÄfVÖÆRÃ‚ÃBãRÄÆ÷rÄ†÷BÄvöö@£#ÄfVÖÆRÃƒrÃãƒrÄÆ÷rÄ6öÆBÅö÷ £S’ÄÖÆRÃƒÃ2ãsrÄ†–v‚Ä†÷BÄvöö@£3ÄÖÆRÃc2Ã"ãBÄÖöFW&FRÄæ÷&ÖÂÄvöö@£S’ÄfVÖÆRÃCbÃãs‚Ä†–v‚Äæ÷&ÖÂÄvöö@£cRÄÖÆRÃCrÃãRÄÖöFW&FRÄæ÷&ÖÂÄvöö@£CBÄfVÖÆRÃS‚ÃãRÄÆ÷rÄæ÷&ÖÂÅö÷ £c‚ÄÖÆRÃc‚Ã2ã2Ä†–v‚Ä†÷BÄvöö@£SÄfVÖÆRÃSÃ"ã3BÄÖöFW&FRÄ†÷BÄvöö@£C‚ÄfVÖÆRÃƒÃ2ã3RÄÖöFW&FRÄæ÷&ÖÂÄvöö@£#RÄfVÖÆRÃS’ÃãcrÄÆ÷rÄ6öÆBÅö÷ £C"ÄfVÖÆRÃcÃãƒ’ÄÆ÷rÄæ÷&ÖÂÄvöö@£SBÄfVÖÆRÃs‚Ãã“RÄÆ÷rÄæ÷&ÖÂÅö÷ £cÄÖÆRÃRÃ2ãBÄ†–v‚Äæ÷&ÖÂÄvöö@£3’ÄÖÆRÃ“RÃ2ãrÄÆ÷rÄ†÷BÄvöö@£cbÄÖÆRÃƒ2Ã2ãcRÄÖöFW&FRÄ†÷BÄvöö@£#RÄÖÆRÃCRÃãsBÄÆ÷rÄæ÷&ÖÂÄvöö@£3BÄÖÆRÃcÃ"ã#‚ÄÆ÷rÄ†÷BÄvöö@£CbÄfVÖÆRÃCbÃ"ã2ÄÆ÷rÄ†÷BÄvöö@£#bÄÖÆRÃsrÃBãBÄ†–v‚Ä†÷BÄvöö@£cÄÖÆRÃSÃãSrÄÖöFW&FRÄ6öÆBÄvöö@£c"ÄÖÆRÃCRÃ"ã#‚ÄÖöFW&FRÄ†÷BÄvöö@£#‚ÄÖÆRÃcbÃ"ãBÄÆ÷rÄæ÷&ÖÂÄvöö@£3ÄfVÖÆRÃ“2ÃBã2Ä†–v‚Äæ÷&ÖÂÄvöö@£S’ÄÖÆRÃ“2Ã2ãcrÄÆ÷rÄ†÷BÄvöö@£CrÄfVÖÆRÃS‚Ãã“BÄÖöFW&FRÄæ÷&ÖÂÄvöö@£CÄfVÖÆRÃ“Ã2ã3bÄÖöFW&FRÄæ÷&ÖÂÄvöö@£#RÄÖÆRÃÃBã‚Ä†–v‚Äæ÷&ÖÂÄvöö@£CÄÖÆRÃƒ’Ã2ã3RÄ†–v‚Äæ÷&ÖÂÄvöö@£CBÄÖÆRÃsRÃ"ãRÄÖöFW&FRÄ6öÆBÅö÷ £SrÄfVÖÆRÃRÃ"ãSRÄÆ÷rÄ6öÆBÅö÷ £C"ÄfVÖÆRÃcÃã’ÄÆ÷rÄ6öÆBÄvöö@£C‚ÄfVÖÆRÃ“bÃ2ã‚ÄÆ÷rÄ†÷BÄvöö@£3ÄfVÖÆRÃ"ÃBãCBÄ†–v‚Ä†÷BÄvöö@£C2ÄÖÆRÃsbÃ2ãÄ†–v‚Ä6öÆBÄvöö@£32ÄÖÆRÃS2Ãã“’ÄÆ÷rÄ†÷BÄvöö@£SrÄÖÆRÃ“ÃBã#rÄ†–v‚Ä†÷BÄvöö@£#ÄfVÖÆRÃsÃ2ã“rÄ†–v‚Ä†÷BÄvöö@£#2ÄÖÆRÃC’Ã"ã#"ÄÖöFW&FRÄæ÷&ÖÂÄvöö@£cÄÖÆRÃƒ"Ã"ã3ÄÆ÷rÄæ÷&ÖÂÅö÷ £CÄÖÆRÃƒRÃ"ãƒ’ÄÆ÷rÄ†÷BÄvöö@£3BÄÖÆRÃ“RÃ2ãBÄÖöFW&FRÄ6öÆBÄvöö@£3bÄÖÆRÃsÃ"ãS’Ä†–v‚Ä6öÆBÄvöö@£SÄÖÆRÃƒ’Ã2ãs’ÄÆ÷rÄ†÷BÄvöö@£S‚ÄÖÆRÃSBÃ"ã#bÄ†–v‚Ä6öÆBÄvöö@£3rÄÖÆRÃc2Ã"ãƒ‚ÄÆ÷rÄ†÷BÄvöö@£’ÄÖÆRÃƒBÃBãRÄ†–v‚Ä†÷BÄvöö@£3RÄÖÆRÃCbÃã’ÄÆ÷rÄ†÷BÄvöö@£CÄÖÆRÃ“Ã"ãsRÄÖöFW&FRÄæ÷&ÖÂÄvöö@£3"ÄÖÆRÃƒ’Ã2ãSbÄÖöFW&FRÄ†÷BÄvöö@£cBÄfVÖÆRÃsbÃãsRÄÆ÷rÄ6öÆBÅö÷ £3RÄfVÖÆRÃc‚Ã"ã3rÄÖöFW&FRÄæ÷&ÖÂÄvöö@£CrÄfVÖÆRÃcRÃ2ãÄ†–v‚Ä6öÆBÄvöö@£’ÄÖÆRÃƒ’Ã"ã3bÄÆ÷rÄæ÷&ÖÂÅö÷ £SrÄfVÖÆRÃƒ"Ã2ãC‚Ä†–v‚Ä†÷BÄvöö@£’ÄÖÆRÃ“ÃBã#ÄÖöFW&FRÄ†÷BÄvöö@£cRÄfVÖÆRÃƒ’Ã2ãs‚ÄÖöFW&FRÄ†÷BÄvöö@£CRÄÖÆRÃBÃBã2ÄÖöFW&FRÄ†÷BÄvöö@£CrÄÖÆRÃƒÃ"ãsbÄ†–v‚Ä6öÆBÄvöö@£CrÄÖÆRÃc’Ã"ã3rÄ†–v‚Ä6öÆBÄvöö@£SbÄfVÖÆRÃCRÃãRÄÖöFW&FRÄ6öÆBÄvöö@£SbÄÖÆRÃƒ2ÃBã3"Ä†–v‚Ä†÷BÄvöö@£SÄÖÆRÃc’Ãã“’ÄÖöFW&FRÄ6öÆBÅö÷ £cÄfVÖÆRÃ“"Ã"ãc’ÄÆ÷rÄ†÷BÅö÷ £SRÄÖÆRÃc‚Ã"ãsrÄÖöFW&FRÄ†÷BÄvöö@£cÄÖÆRÃBÃBã3"ÄÖöFW&FRÄ†÷BÄvöö@£SBÄÖÆRÃS’Ã"ãsrÄÖöFW&FRÄ†÷BÄvöö@£3rÄfVÖÆRÃsBÃãbÄÆ÷rÄ6öÆBÅö÷ £#ÄfVÖÆRÃsRÃ"ã"ÄÆ÷rÄæ÷&ÖÂÅö÷ £S‚ÄfVÖÆRÃCbÃãƒ‚ÄÖöFW&FRÄæ÷&ÖÂÄvöö@£CÄfVÖÆRÃƒBÃ2ã3rÄÖöFW&FRÄ†÷BÄvöö@£#BÄÖÆRÃsbÃ2ã“ÄÖöFW&FRÄ†÷BÄvöö@£c2ÄÖÆRÃsÃ"ãCbÄ†–v‚Ä6öÆBÄvöö@£cBÄÖÆRÃ“BÃ2ã3"Ä†–v‚Äæ÷&ÖÂÄvöö@£cÄÖÆRÃc’Ãã“’ÄÖöFW&FRÄ6öÆBÅö÷ £#BÄfVÖÆRÃcbÃ2ãbÄÖöFW&FRÄ†÷BÄvöö@£CÄÖÆRÃƒBÃ2ã’Ä†–v‚Äæ÷&ÖÂÄvöö@£SRÄfVÖÆRÃƒRÃãRÄÆ÷rÄ6öÆBÅö÷ £3"ÄÖÆRÃÃ2ãC’Ä†–v‚Ä6öÆBÄvöö@£S"ÄÖÆRÃc2Ã"ãC’ÄÖöFW&FRÄæ÷&ÖÂÄvöö@£3ÄfVÖÆRÃcRÃ"ãƒ’ÄÆ÷rÄ†÷BÄvöö@£cÄfVÖÆRÃÃ"ã32ÄÆ÷rÄ6öÆBÅö÷ £CÄfVÖÆRÃsBÃ"ã“bÄÆ÷rÄ†÷BÄvöö@£SRÄfVÖÆRÃ“‚Ã2ãrÄÖöFW&FRÄ6öÆBÄvöö@£#’ÄfVÖÆRÃcRÃãRÄÆ÷rÄ6öÆBÅö÷ £CRÄÖÆRÃcrÃ"ãbÄÖöFW&FRÄæ÷&ÖÂÄvöö@£SÄfVÖÆRÃSbÃ"ã3‚ÄÖöFW&FRÄ†÷BÄvöö@£CÄÖÆRÃƒ‚Ã"ãrÄÆ÷rÄæ÷&ÖÂÄvöö@£C‚ÄÖÆRÃƒ2ÃBãcÄ†–v‚Ä†÷BÄvöö@£CÄÖÆRÃC’Ã"ãcBÄ†–v‚Äæ÷&ÖÂÄvöö@£#rÄÖÆRÃSÃãRÄÆ÷rÄ6öÆBÄvöö@£3ÄfVÖÆRÃsrÃ2ãÄÖöFW&FRÄ6öÆBÄvöö@£#"ÄfVÖÆRÃƒBÃ2ã3ÄÖöFW&FRÄ†÷BÄvöö@£#bÄÖÆRÃ“"Ã2ãcÄ†–v‚Ä6öÆBÄvöö@£‚ÄfVÖÆRÃSBÃ"ã3bÄÖöFW&FRÄæ÷&ÖÂÄvöö@£#RÄfVÖÆRÃbÃ2ãcRÄÆ÷rÄæ÷&ÖÂÄvöö@£C‚ÄfVÖÆRÃs‚Ã2ãSÄ†–v‚Ä6öÆBÄvöö@£CbÄfVÖÆRÃbÃBã2Ä†–v‚Ä6öÆBÄvöö@£SRÄfVÖÆRÃSÃãcbÄÆ÷rÄæ÷&ÖÂÄvöö@£3ÄÖÆRÃC‚Ã2ã"Ä†–v‚Ä†÷BÄvöö@£S2ÄfVÖÆRÃSÃã“"ÄÖöFW&FRÄæ÷&ÖÂÄvöö@£cbÄfVÖÆRÃSRÃ"ã#’Ä†–v‚Ä6öÆBÄvöö@£C"ÄfVÖÆRÃc‚Ã2ãrÄÆ÷rÄ†÷BÄvöö@£c‚ÄfVÖÆRÃ“2Ã2ãBÄÖöFW&FRÄ6öÆBÄvöö@£3’ÄfVÖÆRÃc"Ã2ã2ÄÖöFW&FRÄ†÷BÄvöö@£C’ÄfVÖÆRÃ"ÃBãsRÄÖöFW&FRÄ†÷BÄvöö@£#rÄÖÆRÃS2Ã"ã3Ä†–v‚Ä6öÆBÄvöö@£C"ÄfVÖÆRÃC‚ÃãSRÄÆ÷rÄ6öÆBÄvöö@£S2ÄÖÆRÃƒbÃ"ã“BÄ†–v‚Ä6öÆBÄvöö@£#BÄfVÖÆRÃƒbÃ2ãsBÄÆ÷rÄ†÷BÄvöö@£C2ÄfVÖÆRÃcBÃ"ãÄÖöFW&FRÄ6öÆBÄvöö@£cBÄÖÆRÃcRÃ"ã32ÄÆ÷rÄ†÷BÄvöö@£CrÄfVÖÆRÃrÃBã#’ÄÆ÷rÄ†÷BÄvöö@£SRÄfVÖÆRÃƒÃ2ãSBÄ†–v‚Ä†÷BÄvöö@£CÄÖÆRÃ"ÃBã#"ÄÆ÷rÄ†÷BÄvöö@£#2ÄfVÖÆRÃ“Ã"ã“"ÄÖöFW&FRÄæ÷&ÖÂÄvöö@£‚ÄfVÖÆRÃsrÃ2ãCRÄÆ÷rÄ†÷BÄvöö@£#2ÄfVÖÆRÃS‚Ããƒ"ÄÖöFW&FRÄæ÷&ÖÂÄvöö@£3bÄÖÆRÃƒ"Ã"ãs’ÄÖöFW&FRÄæ÷&ÖÂÄvöö@£C’ÄÖÆRÃs2Ã"ãcRÄÖöFW&FRÄ6öÆBÄvöö@£3’ÄfVÖÆRÃSRÃã“rÄÖöFW&FRÄæ÷&ÖÂÄvöö@£S‚ÄfVÖÆRÃ‚Ã2ãƒ’Ä†–v‚Äæ÷&ÖÂÄvöö@£#ÄfVÖÆRÃSÃã“’ÄÖöFW&FRÄ6öÆBÄvöö@£#BÄÖÆRÃC’Ã"ãƒBÄÖöFW&FRÄ†÷BÄvöö@£S2ÄÖÆRÃS’Ãã“rÄÆ÷rÄæ÷&ÖÂÄvöö@£S2ÄÖÆRÃCbÃãƒÄÖöFW&FRÄ†÷BÄvöö@£SÄfVÖÆRÃBÃ2ã#"ÄÖöFW&FRÄæ÷&ÖÂÄvöö@£S‚ÄfVÖÆRÃS2Ã"ãS2Ä†–v‚Äæ÷&ÖÂÄvöö@£S"ÄfVÖÆRÃC’Ã"ãBÄÖöFW&FRÄ†÷BÄvöö@£3ÄfVÖÆRÃcÃ"ãSrÄÖöFW&FRÄ†÷BÄvöö@£3ÄfVÖÆRÃ“‚Ã2ã3rÄÆ÷rÄæ÷&ÖÂÄvöö@£cbÄÖÆRÃbÃBã’ÄÖöFW&FRÄ†÷BÄvöö@£32ÄfVÖÆRÃSÃ"ãC"ÄÖöFW&FRÄæ÷&ÖÂÄvöö@£cÄfVÖÆRÃS2Ã"ãRÄÖöFW&FRÄ†÷BÄvöö@£32ÄfVÖÆRÃBÃ2ãS’ÄÖöFW&FRÄæ÷&ÖÂÄvöö@£#"ÄfVÖÆRÃ“RÃ"ãƒ’ÄÖöFW&FRÄ6öÆBÄvöö@£CÄÖÆRÃƒbÃ"ã“rÄÖöFW&FRÄ6öÆBÄvöö@£S"ÄfVÖÆRÃ“’ÃBã"Ä†–v‚Äæ÷&ÖÂÄvöö@£cBÄÖÆRÃc2ÃãSÄÖöFW&FRÄ6öÆBÅö÷ £c2ÄfVÖÆRÃcBÃ"ã2Ä†–v‚Ä6öÆBÄvöö@£3"ÄfVÖÆRÃsRÃ"ã’ÄÖöFW&FRÄæ÷&ÖÂÄvöö@£3bÄÖÆRÃS’Ã"ãƒ‚ÄÖöFW&FRÄ†÷BÄvöö@£3bÄfVÖÆRÃ“2Ã"ãCrÄÆ÷rÄ6öÆBÅö÷ £CÄfVÖÆRÃ“Ã2ã#RÄ†–v‚Ä6öÆBÄvöö@£#‚ÄfVÖÆRÃC‚Ã"ã#’ÄÖöFW&FRÄæ÷&ÖÂÄvöö@£CÄÖÆRÃƒRÃ"ãsBÄÖöFW&FRÄ6öÆBÄvöö@£‚ÄfVÖÆRÃS2Ã"ãCbÄÖöFW&FRÄ†÷BÄvöö@£c’ÄÖÆRÃcÃ"ã3rÄÖöFW&FRÄ†÷BÄvöö@£‚ÄfVÖÆRÃc‚Ã2ã’ÄÖöFW&FRÄ†÷BÄvöö@£3rÄfVÖÆRÃ‚ÃBãrÄÖöFW&FRÄ†÷BÄvöö@£#’ÄfVÖÆRÃƒBÃ2ã#ÄÖöFW&FRÄ6öÆBÄvöö@£CÄfVÖÆRÃcrÃ"ãƒ‚ÄÖöFW&FRÄ†÷BÄvöö@£cBÄÖÆRÃcÃãRÄÆ÷rÄ6öÆBÅö÷ £CÄÖÆRÃsrÃã“2ÄÆ÷rÄæ÷&ÖÂÅö÷ £c"ÄÖÆRÃS’Ã"ãƒ2ÄÖöFW&FRÄ†÷BÄvöö@£SÄÖÆRÃBÃ"ãbÄÆ÷rÄ6öÆBÅö÷ £3"ÄÖÆRÃcBÃ"ã3‚Ä†–v‚Ä6öÆBÄvöö@£C‚ÄÖÆRÃCbÃ"ãS2ÄÖöFW&FRÄ†÷BÄvöö@£C’ÄÖÆRÃcÃ"ãƒBÄÖöFW&FRÄ†÷BÄvöö@£#’ÄfVÖÆRÃs"Ã"ãsbÄÖöFW&FRÄæ÷&ÖÂÄvöö@£3‚ÄÖÆRÃ“‚Ã2ã“’ÄÆ÷rÄ†÷BÄvöö@£32ÄfVÖÆRÃbÃ2ãcbÄ†–v‚Ä6öÆBÄvöö@£#rÄfVÖÆRÃ“bÃ"ãs"ÄÖöFW&FRÄ6öÆBÅö÷ £32ÄfVÖÆRÃSBÃãs‚ÄÆ÷rÄæ÷&ÖÂÄvöö@£3"ÄfVÖÆRÃSÃãRÄÆ÷rÄ6öÆBÄvöö@£‚ÄÖÆRÃs’Ã"ã#BÄÆ÷rÄ6öÆBÅö÷ £C"ÄÖÆRÃCRÃ2ãCRÄ†–v‚Ä†÷BÄvöö@£32ÄÖÆRÃƒRÃ2ãbÄÖöFW&FRÄæ÷&ÖÂÄvöö@£#rÄÖÆRÃsÃ"ãƒBÄ†–v‚Äæ÷&ÖÂÄvöö@£S’ÄfVÖÆRÃƒ’Ã2ãcRÄ†–v‚Äæ÷&ÖÂÄvöö@£CÄfVÖÆRÃÃ2ã#BÄ†–v‚Ä6öÆBÄvöö@£SBÄÖÆRÃCrÃãRÄÆ÷rÄæ÷&ÖÂÄvöö@£S‚ÄÖÆRÃCRÃ"ãRÄ†–v‚Ä6öÆBÄvöö@£c"ÄÖÆRÃsRÃ"ã3"Ä†–v‚Ä6öÆBÄvöö@£#"ÄfVÖÆRÃƒrÃ"ãƒ‚ÄÖöFW&FRÄ6öÆBÄvöö@£#ÄfVÖÆRÃs2Ã"ãsRÄ†–v‚Äæ÷&ÖÂÄvöö@£C’ÄfVÖÆRÃSRÃãS’ÄÆ÷rÄ6öÆBÅö÷ £S‚ÄÖÆRÃcÃãrÄÖöFW&FRÄæ÷&ÖÂÅö÷ £CÄÖÆRÃSÃãRÄÆ÷rÄ6öÆBÅö÷ £cÄÖÆRÃ“rÃ"ãC’ÄÆ÷rÄæ÷&ÖÂÅö÷ £3ÄÖÆRÃ“rÃ2ã‚ÄÖöFW&FRÄ6öÆBÄvöö@£SBÄÖÆRÃƒÃãSbÄÆ÷rÄ6öÆBÅö÷ £#‚ÄÖÆRÃ‚ÃBãSrÄ†–v‚Ä†÷BÄvöö@£C"ÄÖÆRÃs’Ã"ãsÄÖöFW&FRÄ6öÆBÄvöö@£SbÄfVÖÆRÃsrÃ2ã32Ä†–v‚Ä†÷BÄvöö@£cÄfVÖÆRÃ“RÃ"ãƒÄ†–v‚Ä6öÆBÅö÷ £S’ÄÖÆRÃƒ’ÃBã‚Ä†–v‚Ä†÷BÄvöö@£S"ÄÖÆRÃs"Ã2ã3BÄ†–v‚Äæ÷&ÖÂÄvöö@£c"ÄfVÖÆRÃ“"Ã"ãRÄÆ÷rÄæ÷&ÖÂÅö÷ £C2ÄÖÆRÃs2Ã2ãbÄ†–v‚Ä6öÆBÄvöö@£#2ÄfVÖÆRÃ“"Ã2ãCRÄÖöFW&FRÄ6öÆBÄvöö@£#‚ÄÖÆRÃSÃãsBÄÖöFW&FRÄæ÷&ÖÂÄvöö@£#ÄÖÆRÃ“rÃ"ãsrÄÆ÷rÄæ÷&ÖÂÅö÷ £#RÄÖÆRÃƒBÃ"ãs2ÄÖöFW&FRÄæ÷&ÖÂÄvöö@£SRÄÖÆRÃ“Ã2ã3"ÄÖöFW&FRÄæ÷&ÖÂÄvöö@£’ÄÖÆRÃs2Ã"ã3’ÄÆ÷rÄ6öÆBÄvöö@£cbÄÖÆRÃÃBãƒ’Ä†–v‚Ä†÷BÄvöö@£CrÄfVÖÆRÃ‚ÃBãsbÄÖöFW&FRÄ†÷BÄvöö@£cÄÖÆRÃSÃ"ãÄ†–v‚Ä6öÆBÄvöö@£CrÄÖÆRÃ"Ã2ãrÄ†–v‚Ä6öÆBÄvöö@£’ÄfVÖÆRÃcbÃ2ã"ÄÖöFW&FRÄ†÷BÄvöö@£cbÄÖÆRÃC‚Ã"ãÄ†–v‚Äæ÷&ÖÂÄvöö@£#"ÄfVÖÆRÃ“rÃ2ãCrÄÖöFW&FRÄ6öÆBÄvöö@£3bÄfVÖÆRÃSbÃãƒ2ÄÆ÷rÄæ÷&ÖÂÄvöö@£cBÄfVÖÆRÃsÃ"ã#2ÄÆ÷rÄæ÷&ÖÂÄvöö@£c‚ÄfVÖÆRÃBÃ2ã“"Ä†–v‚Äæ÷&ÖÂÄvöö@£#ÄfVÖÆRÃCbÃ"ã“BÄ†–v‚Ä†÷BÄvöö@£SBÄÖÆRÃSrÃ"ãsbÄ†–v‚Äæ÷&ÖÂÄvöö@£#’ÄfVÖÆRÃƒrÃ2ã#’Ä†–v‚Ä6öÆBÄvöö@£#ÄÖÆRÃƒÃ"ãCrÄÆ÷rÄæ÷&ÖÂÄvöö@£#’ÄÖÆRÃc"Ã"ãSRÄÖöFW&FRÄæ÷&ÖÂÄvöö@£cBÄÖÆRÃƒBÃ"ãbÄÖöFW&FRÄ6öÆBÅö÷ £SbÄfVÖÆRÃrÃ"ãc‚ÄÆ÷rÄ6öÆBÅö÷ £SrÄfVÖÆRÃs2ÃãsBÄÖöFW&FRÄ6öÆBÅö÷ £SÄfVÖÆRÃƒ2Ã2ãSRÄ†–v‚Ä6öÆBÄvöö@£3rÄfVÖÆRÃsÃ"ãs’Ä†–v‚Äæ÷&ÖÂÄvöö@£CÄfVÖÆRÃSRÃãƒ2ÄÆ÷rÄæ÷&ÖÂÄvöö@£SbÄÖÆRÃbÃ2ãs"ÄÆ÷rÄ†÷BÄvöö@£S’ÄfVÖÆRÃsRÃ"ãbÄ†–v‚Äæ÷&ÖÂÄvöö@£3ÄfVÖÆRÃƒÃBã’ÄÖöFW&FRÄ†÷BÄvöö@£cRÄÖÆRÃcBÃ"ã’ÄÆ÷rÄæ÷&ÖÂÄvöö@£CrÄÖÆRÃSÃãs"ÄÖöFW&FRÄ6öÆBÄvöö@£3RÄfVÖÆRÃc"Ã"ã‚ÄÖöFW&FRÄæ÷&ÖÂÄvöö@£S’ÄfVÖÆRÃBÃ2ã32Ä†–v‚Äæ÷&ÖÂÄvöö@£#ÄfVÖÆRÃƒ2Ã2ãC‚Ä†–v‚Ä6öÆBÄvöö@£S’ÄfVÖÆRÃS2Ã"ãÄÖöFW&FRÄ†÷BÄvöö@£C"ÄÖÆRÃcRÃ"ã3‚ÄÖöFW&FRÄæ÷&ÖÂÄvöö@£CÄfVÖÆRÃSBÃ"ã3RÄÖöFW&FRÄæ÷&ÖÂÄvöö@£3ÄÖÆRÃ“rÃBã3RÄÖöFW&FRÄ†÷BÄvöö@£#’ÄfVÖÆRÃCrÃ"ãC‚Ä†–v‚Ä6öÆBÄvöö@£SÄfVÖÆRÃsBÃ"ãC2ÄÖöFW&FRÄæ÷&ÖÂÄvöö@£’ÄfVÖÆRÃc"Ã"ã#bÄÖöFW&FRÄæ÷&ÖÂÄvöö@£c2ÄÖÆRÃSbÃãcrÄÆ÷rÄæ÷&ÖÂÅö÷ £C’ÄÖÆRÃ‚Ã2ãcrÄ†–v‚Ä6öÆBÄvöö@£’ÄÖÆRÃƒÃ2ãsrÄÖöFW&FRÄ†÷BÄvöö@£SrÄÖÆRÃ’ÃBã3’ÄÖöFW&FRÄ†÷BÄvöö@£3‚ÄfVÖÆRÃS2Ã"ãCÄÖöFW&FRÄ†÷BÄvöö@£#"ÄfVÖÆRÃbÃ2ã"ÄÆ÷rÄ6öÆBÄvöö@£#ÄÖÆRÃcRÃ"ãÄÖöFW&FRÄæ÷&ÖÂÄvöö@£SBÄÖÆRÃƒ‚Ã"ãSÄÆ÷rÄ6öÆBÅö÷ £cbÄÖÆRÃsÃ"ã“RÄ†–v‚Äæ÷&ÖÂÄvöö@£#ÄfVÖÆRÃ“RÃ2ãcÄÖöFW&FRÄ†÷BÄvöö@£S’ÄÖÆRÃsbÃ"ã#rÄ†–v‚Ä6öÆBÅö÷ £3’ÄÖÆRÃc2Ã2ã“bÄ†–v‚Ä†÷BÄvöö@£S2ÄfVÖÆRÃc"Ã2ãrÄÖöFW&FRÄ†÷BÄvöö@£3ÄfVÖÆRÃcBÃ2ã3Ä†–v‚Äæ÷&ÖÂÄvöö@£cBÄÖÆRÃÃ2ã’ÄÆ÷rÄ†÷BÄvöö@£S2ÄÖÆRÃ“Ã2ã2ÄÆ÷rÄ†÷BÄvöö@£CÄÖÆRÃƒRÃ"ãS’ÄÆ÷rÄæ÷&ÖÂÄvöö@£3RÄfVÖÆRÃsRÃã“ÄÆ÷rÄ6öÆBÅö÷ £3RÄÖÆRÃSÃãSrÄÆ÷rÄ6öÆBÄvöö@£CRÄfVÖÆRÃ2Ã2ãƒRÄÆ÷rÄ†÷BÄvöö@£#bÄÖÆRÃcÃãRÄÆ÷rÄ6öÆBÅö÷ £SrÄfVÖÆRÃ"Ã2ãƒ2ÄÆ÷rÄ†÷BÄvöö@£S’ÄÖÆRÃc2ÃãRÄÆ÷rÄ6öÆBÅö÷ £CrÄfVÖÆRÃƒ’Ã"ãS"ÄÖöFW&FRÄ6öÆBÅö÷ £S2ÄfVÖÆRÃƒ2Ã"ã#rÄÖöFW&FRÄ6öÆBÅö÷ £SRÄfVÖÆRÃSRÃãRÄÆ÷rÄ6öÆBÅö÷ £32ÄfVÖÆRÃ“RÃ2ãC’Ä†–v‚Äæ÷&ÖÂÄvöö@£CRÄfVÖÆRÃcrÃ2ãBÄ†–v‚Äæ÷&ÖÂÄvöö@£cbÄfVÖÆRÃRÃ"ãrÄÆ÷rÄ6öÆBÅö÷ £#RÄÖÆRÃc‚Ã"ãsrÄ†–v‚Ä6öÆBÄvöö@£SBÄfVÖÆRÃsÃ"ãS’ÄÖöFW&FRÄ†÷BÄvöö@£CBÄÖÆRÃCrÃã“RÄ†–v‚Äæ÷&ÖÂÄvöö@£cÄfVÖÆRÃ’ÃBãc’Ä†–v‚Ä†÷BÄvöö@£3ÄfVÖÆRÃ‚Ã2ãs‚Ä†–v‚Äæ÷&ÖÂÄvöö@£SBÄfVÖÆRÃcRÃãs2ÄÆ÷rÄ6öÆBÅö÷ £#"ÄÖÆRÃƒRÃ2ãcrÄÖöFW&FRÄ†÷BÄvöö@£cÄfVÖÆRÃCRÃ"ãBÄÖöFW&FRÄæ÷&ÖÂÄvöö@£cRÄfVÖÆRÃc’Ã"ãS‚ÄÖöFW&FRÄ†÷BÄvöö@£#ÄfVÖÆRÃ“Ã2ãRÄ†–v‚Äæ÷&ÖÂÄvöö@£32ÄfVÖÆRÃ“Ã2ã3rÄÖöFW&FRÄ6öÆBÄvöö@£cBÄfVÖÆRÃ“bÃ2ã3bÄ†–v‚Äæ÷&ÖÂÄvöö@£c2ÄÖÆRÃsÃ"ã#Ä†–v‚Ä6öÆBÄvöö@£cbÄfVÖÆRÃ’ÃBãCBÄÖöFW&FRÄ†÷BÄvöö@£CrÄÖÆRÃc’Ã2ãÄ†–v‚Äæ÷&ÖÂÄvöö@£S"ÄfVÖÆRÃsBÃ2ãs’Ä†–v‚Ä†÷BÄvöö@£SÄfVÖÆRÃS’ÃãRÄÆ÷rÄ6öÆBÅö÷ £S2ÄÖÆRÃƒBÃ2ãCBÄ†–v‚Äæ÷&ÖÂÄvöö@£SÄfVÖÆRÃSrÃãcrÄÆ÷rÄ†÷BÅö÷ £3ÄÖÆRÃ“"ÃBãÄÖöFW&FRÄ†÷BÄvöö@£CÄfVÖÆRÃsrÃ"ãc’ÄÆ÷rÄ†÷BÄvöö@£C’ÄfVÖÆRÃ“’Ã2ãƒ"Ä†–v‚Äæ÷&ÖÂÄvöö@£#ÄÖÆRÃsrÃ"ãsrÄÖöFW&FRÄ6öÆBÄvöö@£c’ÄÖÆRÃC’Ã"ãBÄ†–v‚Äæ÷&ÖÂÄvöö@£#ÄÖÆRÃƒÃ2ã3Ä†–v‚Ä6öÆBÄvöö@£SÄfVÖÆRÃ“‚Ã2ã“"Ä†–v‚Äæ÷&ÖÂÄvöö@£3RÄÖÆRÃCrÃ2ãRÄ†–v‚Ä†÷BÄvöö@£#"ÄfVÖÆRÃS2ÃãRÄÖöFW&FRÄ6öÆBÅö÷ £CBÄfVÖÆRÃ“BÃ2ã2ÄÆ÷rÄ†÷BÄvöö@£cÄfVÖÆRÃcÃãRÄÆ÷rÄ6öÆBÅö÷ £#ÄfVÖÆRÃC’ÃãRÄÆ÷rÄ6öÆBÄvöö@£cBÄÖÆRÃ“2Ã"ã#rÄÆ÷rÄæ÷&ÖÂÅö÷ £CÄfVÖÆRÃ“’Ã2ã"ÄÆ÷rÄ6öÆBÄvöö@£’ÄÖÆRÃS"Ã"ãrÄÖöFW&FRÄ†÷BÄvöö@£#’ÄÖÆRÃs"ÃãSÄÆ÷rÄ6öÆBÅö÷ £3ÄÖÆRÃc2Ã"ãc2ÄÆ÷rÄ†÷BÄvöö@£cbÄfVÖÆRÃƒÃ2ãc2ÄÖöFW&FRÄ†÷BÄvöö@£CRÄfVÖÆRÃBÃ"ãcRÄÆ÷rÄ6öÆBÅö÷ £#BÄÖÆRÃƒbÃ2ãBÄÆ÷rÄ†÷BÄvöö@£SBÄfVÖÆRÃc’Ã"ãbÄÖöFW&FRÄæ÷&ÖÂÅö÷ £SRÄfVÖÆRÃƒ’Ã"ãc2ÄÖöFW&FRÄ6öÆBÅö÷ £3BÄfVÖÆRÃcÃ"ãÄÆ÷rÄæ÷&ÖÂÄvöö@£3rÄÖÆRÃs’Ã"ãSrÄÆ÷rÄæ÷&ÖÂÄvöö@£#"ÄÖÆRÃƒRÃ"ã“bÄÖöFW&FRÄ6öÆBÄvöö@£CRÄfVÖÆRÃSBÃ"ãRÄÖöFW&FRÄæ÷&ÖÂÄvöö@£c’ÄfVÖÆRÃsbÃ"ã‚ÄÖöFW&FRÄ6öÆBÅö÷ £32ÄÖÆRÃ‚ÃBãC‚Ä†–v‚Äæ÷&ÖÂÄvöö@£32ÄfVÖÆRÃcÃ"ã#‚ÄÖöFW&FRÄ6öÆBÄvöö@£S’ÄÖÆRÃcbÃ"ãs"ÄÖöFW&FRÄ†÷BÄvöö@£SÄÖÆRÃ“Ã"ãs"ÄÆ÷rÄ†÷BÄvöö@£SRÄÖÆRÃ“bÃBãSÄ†–v‚Ä†÷BÄvöö@£cBÄÖÆRÃCrÃãRÄÆ÷rÄ6öÆBÄvöö@£3RÄfVÖÆRÃs"Ã"ã"ÄÖöFW&FRÄæ÷&ÖÂÄvöö@£SÄfVÖÆRÃs"Ã2ãcRÄ†–v‚Ä†÷BÄvöö@£c’ÄfVÖÆRÃCRÃ"ãRÄÆ÷rÄ†÷BÄvöö@£3ÄÖÆRÃcRÃ"ãbÄ†–v‚Äæ÷&ÖÂÄvöö@£3BÄÖÆRÃSÃãRÄÆ÷rÄ6öÆBÅö÷ £cRÄÖÆRÃSBÃ"ã"ÄÖöFW&FRÄ†÷BÄvöö@£S‚ÄfVÖÆRÃc2Ã"ãsÄÖöFW&FRÄ†÷BÄvöö@£#RÄfVÖÆRÃsBÃ2ãsÄ†–v‚Ä†÷BÄvöö@£crÄfVÖÆRÃCbÃ2ã’Ä†–v‚Ä†÷BÄvöö@£3ÄÖÆRÃƒBÃ2ãÄÖöFW&FRÄ6öÆBÄvöö@£#RÄfVÖÆRÃƒ"Ã"ã’ÄÆ÷rÄæ÷&ÖÂÄvöö@£C2ÄÖÆRÃƒ2Ã2ãƒÄ†–v‚Ä†÷BÄvöö@£crÄÖÆRÃc’Ã"ãBÄÆ÷rÄ†÷BÄvöö@£c’ÄÖÆRÃsBÃ"ã3bÄÖöFW&FRÄ6öÆBÄvöö@£SrÄfVÖÆRÃ“BÃ2ã“RÄ†–v‚Ä†÷BÄvöö@£#rÄÖÆRÃCbÃ"ãrÄ†–v‚Äæ÷&ÖÂÄvöö@£#‚ÄÖÆRÃc’Ã"ã32ÄÆ÷rÄæ÷&ÖÂÄvöö@£3’ÄÖÆRÃSRÃ"ãÄÆ÷rÄ†÷BÄvöö@£#2ÄÖÆRÃcÃ"ãbÄÖöFW&FRÄæ÷&ÖÂÄvöö@£CÄÖÆRÃS‚Ã2ãbÄ†–v‚Ä†÷BÄvöö@£#’ÄfVÖÆRÃcrÃ2ã"ÄÆ÷rÄ†÷BÄvöö@£S‚ÄfVÖÆRÃcRÃ2ãcBÄ†–v‚Ä†÷BÄvöö@£c2ÄfVÖÆRÃƒRÃ2ãCÄ†–v‚Ä6öÆBÄvöö@£#"ÄÖÆRÃƒbÃ"ãC"ÄÆ÷rÄæ÷&ÖÂÅö÷ £S"ÄÖÆRÃƒRÃ2ã3ÄÖöFW&FRÄ†÷BÄvöö@£3bÄfVÖÆRÃ’Ã2ãRÄÖöFW&FRÄ6öÆBÅö÷ £C2ÄÖÆRÃc2ÃãsRÄÆ÷rÄ6öÆBÅö÷ £C‚ÄÖÆRÃsrÃ"ã#’ÄÖöFW&FRÄ6öÆBÅö÷ £SrÄÖÆRÃSbÃ"ã’ÄÆ÷rÄ†÷BÄvöö@£#2ÄÖÆRÃƒbÃ2ãrÄÖöFW&FRÄæ÷&ÖÂÄvöö@£S2ÄfVÖÆRÃ2Ã2ã#BÄÆ÷rÄ†÷BÄvöö@£C’ÄfVÖÆRÃrÃ2ãCbÄÖöFW&FRÄæ÷&ÖÂÄvöö@£‚ÄÖÆRÃ“bÃ2ãsÄ†–v‚Ä6öÆBÄvöö@£S"ÄÖÆRÃcÃ"ã3‚Ä†–v‚Äæ÷&ÖÂÄvöö@£c‚ÄfVÖÆRÃRÃ"ã“‚ÄÆ÷rÄæ÷&ÖÂÅö÷ £SbÄÖÆRÃC‚Ã"ãC2Ä†–v‚Ä†÷BÄvöö@£#BÄÖÆRÃ"ÃBã3RÄ†–v‚Ä†÷BÄvöö@£SÄfVÖÆRÃc’ÃãSrÄÆ÷rÄ6öÆBÅö÷ £’ÄfVÖÆRÃsÃ"ãƒrÄÖöFW&FRÄ†÷BÄvöö@£SRÄfVÖÆRÃ“’ÃBãcÄ†–v‚Ä†÷BÄvöö@£c2ÄfVÖÆRÃs2Ã"ãSBÄÆ÷rÄ†÷BÄvöö@£cÄÖÆRÃcRÃãc’ÄÖöFW&FRÄæ÷&ÖÂÅö÷ £#"ÄÖÆRÃcbÃãbÄÆ÷rÄ6öÆBÅö÷ £#2ÄÖÆRÃcbÃãsBÄÆ÷rÄæ÷&ÖÂÅö÷ £S2ÄÖÆRÃ“BÃ2ãÄÖöFW&FRÄ6öÆBÄvöö@£CÄfVÖÆRÃ“RÃ2ã2ÄÆ÷rÄæ÷&ÖÂÄvöö@£#2ÄfVÖÆRÃc’Ã2ã#"Ä†–v‚Äæ÷&ÖÂÄvöö@£c‚ÄfVÖÆRÃ“rÃ"ãƒ2ÄÖöFW&FRÄæ÷&ÖÂÅö÷ £C‚ÄfVÖÆRÃ“’ÃBã3rÄ†–v‚Ä†÷BÄvöö@£#"ÄÖÆRÃS2ÃãsRÄÆ÷rÄ6öÆBÄvöö@£SrÄÖÆRÃs’Ã"ãcbÄÖöFW&FRÄ6öÆBÄvöö@£3"ÄfVÖÆRÃs2Ã"ãCÄÖöFW&FRÄ6öÆBÄvöö@£SBÄfVÖÆRÃÃBã2Ä†–v‚Ä†÷BÄvöö@£c‚ÄÖÆRÃ"Ã"ãƒBÄÆ÷rÄæ÷&ÖÂÅö÷ £#"ÄfVÖÆRÃƒÃBãÄ†–v‚Ä†÷BÄvöö@£CÄfVÖÆRÃƒÃãƒÄÆ÷rÄ6öÆBÅö÷ £S"ÄÖÆRÃS"Ããƒ"ÄÖöFW&FRÄæ÷&ÖÂÄvöö@£SrÄfVÖÆRÃƒ‚Ã2ãc’Ä†–v‚Ä†÷BÄvöö@£SBÄÖÆRÃ“Ã"ãƒ‚Ä†–v‚Ä6öÆBÄvöö@£CbÄfVÖÆRÃCrÃã“rÄÖöFW&FRÄæ÷&ÖÂÄvöö@£’ÄfVÖÆRÃÃ"ã“RÄÆ÷rÄæ÷&ÖÂÅö÷ £#’ÄÖÆRÃS’Ã"ãsrÄ†–v‚Ä6öÆBÄvöö@£CbÄÖÆRÃƒ’Ã2ã3bÄ†–v‚Äæ÷&ÖÂÄvöö@£3rÄfVÖÆRÃc"Ã2ã#RÄÖöFW&FRÄ†÷BÄvöö@£#’ÄfVÖÆRÃC’Ã"ã"Ä†–v‚Äæ÷&ÖÂÄvöö@£3ÄÖÆRÃBÃ2ãs’ÄÖöFW&FRÄ6öÆBÄvöö@£32ÄÖÆRÃƒBÃ"ãSBÄÆ÷rÄ6öÆBÄvöö@£’ÄfVÖÆRÃ“rÃ2ã#‚Ä†–v‚Ä6öÆBÄvöö@£#‚ÄfVÖÆRÃSBÃãs"ÄÖöFW&FRÄæ÷&ÖÂÄvöö@£#‚ÄÖÆRÃSÃ"ãƒÄÖöFW&FRÄ†÷BÄvöö@£c’ÄÖÆRÃS’Ã"ã“rÄ†–v‚Ä†÷BÄvöö@£#ÄfVÖÆRÃcBÃ2ãcÄÖöFW&FRÄ†÷BÄvöö@£CbÄÖÆRÃcBÃ"ãRÄÖöFW&FRÄ6öÆBÄvöö@£S"ÄÖÆRÃƒÃ2ãBÄ†–v‚Äæ÷&ÖÂÄvöö@£S’ÄÖÆRÃsBÃ2ãÄ†–v‚Ä6öÆBÄvöö@£c"ÄÖÆRÃc‚Ãã“BÄ†–v‚Ä6öÆBÅö÷ £S’ÄÖÆRÃƒÃ"ãCrÄÖöFW&FRÄæ÷&ÖÂÄvöö@£SÄfVÖÆRÃsÃ"ã“’Ä†–v‚Äæ÷&ÖÂÄvöö@£#ÄÖÆRÃƒrÃ"ã#BÄÆ÷rÄ6öÆBÅö÷ £c’ÄÖÆRÃSrÃãRÄÆ÷rÄæ÷&ÖÂÅö÷ £SrÄfVÖÆRÃ“Ã2ãRÄÆ÷rÄ†÷BÄvöö@£’ÄfVÖÆRÃSrÃ2ãrÄ†–v‚Äæ÷&ÖÂÄvöö@£#’ÄfVÖÆRÃsrÃ"ã"ÄÖöFW&FRÄ6öÆBÅö÷ £cRÄfVÖÆRÃCrÃãc’ÄÖöFW&FRÄ6öÆBÄvöö@£#BÄfVÖÆRÃC‚ÃãRÄÆ÷rÄæ÷&ÖÂÄvöö@£C’ÄfVÖÆRÃCRÃ"ã‚Ä†–v‚Ä†÷BÄvöö@£C2ÄÖÆRÃcbÃãS’ÄÆ÷rÄæ÷&ÖÂÅö÷ £C"ÄfVÖÆRÃƒ’Ã"ã3’ÄÆ÷rÄæ÷&ÖÂÅö÷ £SÄÖÆRÃs‚Ã"ãbÄ†–v‚Ä6öÆBÄvöö@£C"ÄfVÖÆRÃ2Ã"ã“‚ÄÖöFW&FRÄ6öÆBÅö÷ £cÄÖÆRÃs2Ã2ã“rÄ†–v‚Ä†÷BÄvöö@£3‚ÄfVÖÆRÃcRÃ"ã3rÄÖöFW&FRÄæ÷&ÖÂÄvöö@£C’ÄÖÆRÃcbÃ"ã#bÄÆ÷rÄæ÷&ÖÂÄvöö@£SÄfVÖÆRÃƒRÃ"ã“ÄÖöFW&FRÄ6öÆBÄvöö@£32ÄfVÖÆRÃs‚Ã"ãƒBÄÆ÷rÄ†÷BÄvöö@£S’ÄÖÆRÃƒÃ2ãS’Ä†–v‚Äæ÷&ÖÂÄvöö@£#BÄfVÖÆRÃ“Ã"ãS2ÄÆ÷rÄæ÷&ÖÂÅö÷ £crÄfVÖÆRÃcÃ"ãc"ÄÆ÷rÄ†÷BÄvöö@£#2ÄÖÆRÃc2Ã2ã“BÄ†–v‚Ä†÷BÄvöö@£c‚ÄÖÆRÃCbÃ"ã3‚Ä†–v‚Äæ÷&ÖÂÄvöö@£3RÄfVÖÆRÃ“’ÃBãS‚Ä†–v‚Ä†÷BÄvöö@£3ÄÖÆRÃs‚Ãã‚ÄÆ÷rÄ6öÆBÅö÷ £#2ÄfVÖÆRÃc‚ÃãRÄÆ÷rÄ6öÆBÅö÷ £CbÄfVÖÆRÃSBÃ2ãSrÄ†–v‚Ä†÷BÄvöö@£SÄfVÖÆRÃ“RÃ"ã“BÄÆ÷rÄæ÷&ÖÂÄvöö@£c‚ÄfVÖÆRÃS’Ã2ãÄ†–v‚Ä†÷BÄvöö@£S2ÄÖÆRÃcbÃ2ãBÄ†–v‚Äæ÷&ÖÂÄvöö@£cÄfVÖÆRÃsÃãsÄÆ÷rÄæ÷&ÖÂÅö÷ £cÄÖÆRÃsBÃãsBÄÆ÷rÄæ÷&ÖÂÅö÷ £C’ÄÖÆRÃƒÃ2ã“"Ä†–v‚Äæ÷&ÖÂÄvöö@£S"ÄfVÖÆRÃ“2Ã2ã#2Ä†–v‚Äæ÷&ÖÂÄvöö@£CbÄfVÖÆRÃSÃ"ã3‚ÄÖöFW&FRÄæ÷&ÖÂÄvöö@£#2ÄÖÆRÃ’Ã2ã#rÄÆ÷rÄ6öÆBÄvöö@£CBÄfVÖÆRÃSRÃ2ã3BÄÖöFW&FRÄ†÷BÄvöö@£cÄfVÖÆRÃ“BÃ2ã’ÄÖöFW&FRÄ6öÆBÄvöö@£cbÄfVÖÆRÃsRÃã“bÄÖöFW&FRÄæ÷&ÖÂÅö÷ £SrÄfVÖÆRÃBÃ2ãSbÄÖöFW&FRÄæ÷&ÖÂÄvöö@£C‚ÄfVÖÆRÃSÃãRÄÆ÷rÄ6öÆBÅö÷ £cBÄfVÖÆRÃS‚Ã"ãCrÄÖöFW&FRÄ†÷BÄvöö@£cBÄfVÖÆRÃ“Ã"ã“"Ä†–v‚Ä6öÆBÄvöö@£c’ÄÖÆRÃC‚ÃãRÄ†–v‚Ä6öÆBÄvöö@£c2ÄÖÆRÃs2Ã2ãbÄ†–v‚Ä6öÆBÄvöö@£C’ÄfVÖÆRÃCRÃãƒ‚Ä†–v‚Ä6öÆBÄvöö@£3rÄfVÖÆRÃ2Ã2ãSRÄÖöFW&FRÄ6öÆBÄvöö@£SBÄfVÖÆRÃ“bÃ2ãCrÄÆ÷rÄ†÷BÄvöö@£3ÄfVÖÆRÃCbÃãc2ÄÆ÷rÄæ÷&ÖÂÄvöö@£#’ÄfVÖÆRÃƒ"Ã"ãÄÆ÷rÄ6öÆBÅö÷ £S‚ÄfVÖÆRÃcbÃãS’ÄÆ÷rÄ6öÆBÅö÷ £#’ÄfVÖÆRÃÃ2ã“bÄÆ÷rÄ†÷BÄvöö@£CRÄfVÖÆRÃÃ"ãƒ’ÄÖöFW&FRÄ6öÆBÅö÷ £c’ÄÖÆRÃcÃ2ãRÄ†–v‚Ä†÷BÄvöö@£#BÄÖÆRÃRÃ2ã‚ÄÖöFW&FRÄ6öÆBÄvöö@£c’ÄÖÆRÃ“‚Ã"ãƒ‚ÄÆ÷rÄ†÷BÅö÷ £cÄfVÖÆRÃs2Ã"ãƒ’Ä†–v‚Ä6öÆBÄvöö@£#RÄÖÆRÃcBÃ"ã3bÄÖöFW&FRÄ6öÆBÄvöö@£cRÄÖÆRÃS’Ã"ãSBÄ†–v‚Ä6öÆBÄvöö@£c2ÄfVÖÆRÃÃ"ã“2ÄÆ÷rÄ6öÆBÅö÷ £S’ÄfVÖÆRÃbÃ2ãBÄÖöFW&FRÄ6öÆBÅö÷ £3ÄfVÖÆRÃsÃ"ã#2ÄÆ÷rÄæ÷&ÖÂÄvöö@£S‚ÄÖÆRÃs2Ã"ãƒ2ÄÖöFW&FRÄ†÷BÄvöö@£SÄÖÆRÃ2Ã2ãÄÆ÷rÄæ÷&ÖÂÅö÷ £3‚ÄfVÖÆRÃSbÃ"ã#BÄÆ÷rÄ†÷BÄvöö@£3‚ÄfVÖÆRÃC‚Ã"ãc"Ä†–v‚Ä6öÆBÄvöö@£S2ÄÖÆRÃs‚Ã"ã3‚ÄÖöFW&FRÄæ÷&ÖÂÄvöö@£c2ÄfVÖÆRÃs"Ãã“ÄÆ÷rÄ6öÆBÅö÷ £CbÄfVÖÆRÃƒ‚ÃBã‚Ä†–v‚Äæ÷&ÖÂÄvöö@£3BÄÖÆRÃSbÃ2ãC’Ä†–v‚Ä†÷BÄvöö@£c’ÄÖÆRÃsÃ2ãC2ÄÖöFW&FRÄ†÷BÄvöö@£cÄfVÖÆRÃsbÃ2ãs2Ä†–v‚Ä†÷BÄvöö@£#rÄÖÆRÃCRÃãs2Ä†–v‚Ä6öÆBÄvöö@£#‚ÄfVÖÆRÃc’Ã"ã3ÄÆ÷rÄæ÷&ÖÂÄvöö@£#’ÄfVÖÆRÃ“Ã"ãsBÄÖöFW&FRÄ6öÆBÄvöö@£S2ÄfVÖÆRÃS2ÃãRÄÖöFW&FRÄ6öÆBÅö÷ £SÄfVÖÆRÃ“rÃ2ã2ÄÖöFW&FRÄ6öÆBÄvöö@£SÄfVÖÆRÃsrÃ2ã2ÄÖöFW&FRÄæ÷&ÖÂÄvöö@£cRÄfVÖÆRÃ2Ã2ãbÄ†–v‚Äæ÷&ÖÂÄvöö@£S"ÄfVÖÆRÃ“Ã"ãS’ÄÆ÷rÄæ÷&ÖÂÅö÷ £’ÄÖÆRÃBÃ2ã“ÄÖöFW&FRÄæ÷&ÖÂÄvöö@£3rÄfVÖÆRÃC‚Ã"ã"Ä†–v‚Äæ÷&ÖÂÄvöö@£CRÄÖÆRÃÃ2ã"ÄÖöFW&FRÄ6öÆBÄvöö@£#ÄfVÖÆRÃ“"Ã2ã"Ä†–v‚Ä6öÆBÄvöö@£3bÄfVÖÆRÃs‚Ã"ãƒ2ÄÖöFW&FRÄ6öÆBÄvöö@£C‚ÄÖÆRÃSÃ"ã’ÄÖöFW&FRÄæ÷&ÖÂÄvöö@£#RÄfVÖÆRÃCRÃ"ãÄÖöFW&FRÄæ÷&ÖÂÄvöö@£3bÄÖÆRÃc"ÃãRÄÆ÷rÄ6öÆBÅö÷ £SÄÖÆRÃ“Ã2ã’ÄÆ÷rÄæ÷&ÖÂÄvöö@£#2ÄÖÆRÃS‚Ã"ãƒ"Ä†–v‚Äæ÷&ÖÂÄvöö@£3’ÄfVÖÆRÃsRÃ2ãƒ‚Ä†–v‚Ä†÷BÄvöö@£c‚ÄfVÖÆRÃCRÃãRÄÖöFW&FRÄ6öÆBÄvöö@£3ÄfVÖÆRÃ“RÃ2ãC’Ä†–v‚Ä6öÆBÄvöö@£3ÄfVÖÆRÃƒbÃBã32Ä†–v‚Ä†÷BÄvöö@£32ÄfVÖÆRÃBÃBãC2ÄÖöFW&FRÄ†÷BÄvöö@£SrÄfVÖÆRÃ“’Ã2ãCBÄÆ÷rÄ†÷BÄvöö@£SÄfVÖÆRÃC‚Ãã’ÄÆ÷rÄ†÷BÄvöö@£cBÄfVÖÆRÃc"Ã2ãS"Ä†–v‚Ä†÷BÄvöö@£#rÄÖÆRÃS‚Ã"ã#RÄ†–v‚Ä6öÆBÄvöö@£c2ÄfVÖÆRÃ“Ããc’ÄÆ÷rÄ6öÆBÅö÷ £’ÄÖÆRÃs’ÃBã#‚Ä†–v‚Ä†÷BÄvöö@£#2ÄfVÖÆRÃ’Ã2ã3rÄÆ÷rÄ6öÆBÄvöö@£cBÄÖÆRÃSRÃ"ã#‚ÄÖöFW&FRÄæ÷&ÖÂÄvöö@£#ÄÖÆRÃsrÃ"ã“Ä†–v‚Äæ÷&ÖÂÄvöö@£#rÄfVÖÆRÃs’Ã2ã‚ÄÖöFW&FRÄ†÷BÄvöö@£CRÄÖÆRÃcrÃ"ãBÄÖöFW&FRÄ6öÆBÄvöö@£CbÄfVÖÆRÃCbÃ"ãS2Ä†–v‚Ä6öÆBÄvöö@£cBÄÖÆRÃsÃãsbÄÖöFW&FRÄ6öÆBÅö÷ £SÄfVÖÆRÃ2ÃRãÄ†–v‚Ä†÷BÄvöö@£’ÄÖÆRÃƒ2Ã2ãs’Ä†–v‚Ä†÷BÄvöö@£3’ÄfVÖÆRÃcbÃ2ã#"Ä†–v‚Ä†÷BÄvöö@£CbÄfVÖÆRÃSBÃ2ã"Ä†–v‚Ä†÷BÄvöö@£C"ÄfVÖÆRÃcRÃ2ã32Ä†–v‚Ä†÷BÄvöö@£SbÄÖÆRÃSÃ"ãrÄÆ÷rÄ†÷BÄvöö@£CRÄÖÆRÃSRÃ"ãƒbÄ†–v‚Äæ÷&ÖÂÄvöö@£#"ÄfVÖÆRÃc"ÃãsRÄÆ÷rÄæ÷&ÖÂÅö÷ £3‚ÄÖÆRÃ"Ã2ãcrÄÆ÷rÄ†÷BÄvöö@£SÄÖÆRÃc"Ã"ãC2ÄÖöFW&FRÄ†÷BÄvöö@£3ÄfVÖÆRÃ’ÃBã#BÄ†–v‚Ä6öÆBÄvöö@£S‚ÄfVÖÆRÃsÃ"ãC2ÄÆ÷rÄ†÷BÄvöö@£#’ÄfVÖÆRÃCRÃãS‚ÄÖöFW&FRÄ6öÆBÄvöö@£cRÄfVÖÆRÃbÃ2ã#bÄÖöFW&FRÄ6öÆBÄvöö@£cRÄfVÖÆRÃC’Ã2ã‚Ä†–v‚Ä†÷BÄvöö@£C2ÄfVÖÆRÃ“2Ã"ãsbÄÆ÷rÄæ÷&ÖÂÅö÷ £#ÄÖÆRÃƒ2Ã2ã3RÄÆ÷rÄ†÷BÄvöö@£3ÄÖÆRÃcBÃ"ãc‚Ä†–v‚Ä6öÆBÄvöö@£#bÄfVÖÆRÃrÃ2ãC2Ä†–v‚Ä6öÆBÄvöö@£#2ÄfVÖÆRÃƒrÃBãÄ†–v‚Ä†÷BÄvöö@£cÄÖÆRÃC’Ã"ãS"ÄÖöFW&FRÄ†÷BÄvöö@£3"ÄfVÖÆRÃs‚Ã2ãS‚Ä†–v‚Ä†÷BÄvöö@£C2ÄfVÖÆRÃsBÃ"ã’Ä†–v‚Ä6öÆBÄvöö@£3’ÄÖÆRÃc’Ã2ãS"ÄÖöFW&FRÄ†÷BÄvöö@£cBÄÖÆRÃs"Ã2ãbÄÆ÷rÄ†÷BÄvöö@£#rÄÖÆRÃƒÃ2ã“RÄÖöFW&FRÄ†÷BÄvöö@£#‚ÄÖÆRÃc’ÃãsÄÆ÷rÄæ÷&ÖÂÅö÷ £#"ÄÖÆRÃÃBã‚ÄÆ÷rÄ†÷BÄvöö@£#ÄfVÖÆRÃS"Ã"ãƒÄÖöFW&FRÄ†÷BÄvöö@£cbÄÖÆRÃƒÃBã#’Ä†–v‚Ä†÷BÄvöö@£3ÄÖÆRÃƒRÃã“RÄÆ÷rÄ6öÆBÅö÷ £SÄfVÖÆRÃsBÃ2ãbÄÆ÷rÄ†÷BÄvöö@£#2ÄfVÖÆRÃ“’ÃBã3’ÄÖöFW&FRÄ†÷BÄvöö@£3BÄÖÆRÃcbÃ"ãrÄÖöFW&FRÄæ÷&ÖÂÄvöö@£3’ÄÖÆRÃSrÃ"ãCÄÖöFW&FRÄæ÷&ÖÂÄvöö@£S"ÄfVÖÆRÃc"Ããƒ’ÄÖöFW&FRÄ6öÆBÄvöö@£’ÄfVÖÆRÃS‚Ã"ãƒÄ†–v‚Ä6öÆBÄvöö@£CrÄÖÆRÃc2Ã2ã#rÄ†–v‚Ä†÷BÄvöö@£cRÄfVÖÆRÃC’Ã"ã#’Ä†–v‚Äæ÷&ÖÂÄvöö@£S’ÄfVÖÆRÃƒrÃ2ãrÄÖöFW&FRÄæ÷&ÖÂÄvöö@£S"ÄfVÖÆRÃƒ2Ãã“bÄÆ÷rÄæ÷&ÖÂÅö÷ £3’ÄfVÖÆRÃ2Ã"ãrÄÆ÷rÄæ÷&ÖÂÅö÷ £CrÄfVÖÆRÃ“bÃ2ã3RÄÖöFW&FRÄæ÷&ÖÂÄvöö@£crÄfVÖÆRÃSBÃãƒÄÖöFW&FRÄ6öÆBÄvöö@£3"ÄÖÆRÃBÃ2ã2ÄÖöFW&FRÄ6öÆBÄvöö@£‚ÄfVÖÆRÃ“Ãã“bÄÆ÷rÄ6öÆBÅö÷ £cBÄÖÆRÃc"ÃãRÄÆ÷rÄæ÷&ÖÂÅö÷ £3RÄÖÆRÃrÃBã#ÄÖöFW&FRÄæ÷&ÖÂÄvöö@£cÄfVÖÆRÃƒ"Ã2ã#ÄÆ÷rÄ†÷BÄvöö@£cbÄÖÆRÃÃ"ãƒBÄÆ÷rÄ6öÆBÅö÷ £S‚ÄfVÖÆRÃBÃ2ã‚ÄÆ÷rÄæ÷&ÖÂÅö÷ £CÄfVÖÆRÃÃ2ã3’Ä†–v‚Ä6öÆBÄvöö@£S"ÄÖÆRÃbÃ"ãƒ’ÄÖöFW&FRÄ6öÆBÅö÷ £CRÄÖÆRÃƒÃ2ã#RÄÆ÷rÄ†÷BÄvöö@£#BÄÖÆRÃSÃãRÄÖöFW&FRÄ6öÆBÄvöö@£#RÄÖÆRÃ“"Ã2ã‚ÄÆ÷rÄæ÷&ÖÂÄvöö@£32ÄÖÆRÃc‚Ã"ãbÄÖöFW&FRÄæ÷&ÖÂÄvöö@£#bÄÖÆRÃsBÃ2ã"Ä†–v‚Äæ÷&ÖÂÄvöö@£SrÄfVÖÆRÃSÃ"ã3BÄÆ÷rÄ†÷BÄvöö@£C’ÄfVÖÆRÃRÃBã3rÄ†–v‚Ä†÷BÄvöö@£cÄÖÆRÃ“RÃ"ãc"ÄÖöFW&FRÄæ÷&ÖÂÅö÷ £3"ÄfVÖÆRÃSRÃ"ã"ÄÆ÷rÄæ÷&ÖÂÄvöö@£C"ÄÖÆRÃsbÃ2ã“RÄ†–v‚Ä†÷BÄvöö@£#rÄfVÖÆRÃÃ2ãSrÄÖöFW&FRÄæ÷&ÖÂÄvöö@£SÄÖÆRÃ’ÃBã“2Ä†–v‚Ä†÷BÄvöö@£C‚ÄÖÆRÃ“"Ã"ã3"ÄÆ÷rÄæ÷&ÖÂÅö÷ £#‚ÄfVÖÆRÃƒRÃã“ÄÆ÷rÄ6öÆBÅö÷ £crÄÖÆRÃRÃBãRÄ†–v‚Ä†÷BÄvöö@£CbÄÖÆRÃ“rÃ2ãÄÖöFW&FRÄæ÷&ÖÂÄvöö@£S2ÄfVÖÆRÃsÃ2ãrÄ†–v‚Äæ÷&ÖÂÄvöö@£CbÄfVÖÆRÃs’Ã"ãCrÄÖöFW&FRÄæ÷&ÖÂÄvöö@£#"ÄÖÆRÃ‚Ã2ãCBÄÖöFW&FRÄæ÷&ÖÂÄvöö@£’ÄÖÆRÃ’Ã"ã“RÄÆ÷rÄæ÷&ÖÂÅö÷ £S’ÄfVÖÆRÃS’ÃãRÄÆ÷rÄ6öÆBÅö÷ £#2ÄfVÖÆRÃcRÃ"ã‚Ä†–v‚Ä6öÆBÄvöö@£3rÄÖÆRÃrÃ2ãrÄÖöFW&FRÄ6öÆBÅö÷ £SBÄfVÖÆRÃS2ÃãRÄÆ÷rÄ6öÆBÅö÷ £32ÄÖÆRÃsbÃ"ãbÄÖöFW&FRÄ6öÆBÅö÷ £3rÄfVÖÆRÃCrÃ"ãrÄÖöFW&FRÄæ÷&ÖÂÄvöö@£#RÄfVÖÆRÃ“Ã"ãC"ÄÆ÷rÄ6öÆBÅö÷ £C’ÄÖÆRÃcÃ2ãS2Ä†–v‚Ä†÷BÄvöö@£c‚ÄfVÖÆRÃC‚Ã"ãƒ"Ä†–v‚Ä†÷BÄvöö@£S2ÄÖÆRÃ“bÃ2ãRÄÆ÷rÄ†÷BÄvöö@£#ÄfVÖÆRÃSBÃ"ã#‚Ä†–v‚Ä6öÆBÄvöö@£crÄfVÖÆRÃcBÃ"ã3RÄÖöFW&FRÄæ÷&ÖÂÄvöö@£c’ÄfVÖÆRÃS‚Ã"ã"ÄÆ÷rÄ†÷BÄvöö@£SÄÖÆRÃSbÃãc‚Ä†–v‚Ä6öÆBÄvöö@£S"ÄfVÖÆRÃsRÃã“‚ÄÆ÷rÄ6öÆBÅö÷ £#bÄfVÖÆRÃ“RÃ2ãSBÄ†–v‚Ä6öÆBÄvöö@£#bÄÖÆRÃ‚Ã2ãƒ2ÄÖöFW&FRÄæ÷&ÖÂÄvöö@£#bÄÖÆRÃSbÃã’ÄÆ÷rÄæ÷&ÖÂÄvöö@£cBÄfVÖÆRÃs"Ã"ãsbÄ†–v‚Äæ÷&ÖÂÄvöö@£SRÄÖÆRÃƒRÃ2ãƒBÄÖöFW&FRÄ†÷BÄvöö@£#bÄfVÖÆRÃCrÃ"ãBÄÖöFW&FRÄæ÷&ÖÂÄvöö@£3ÄÖÆRÃ“2Ã2ã#’ÄÆ÷rÄ†÷BÄvöö@£32ÄÖÆRÃs’Ã2ãsbÄÖöFW&FRÄ†÷BÄvöö@£SrÄfVÖÆRÃS"Ããs‚Ä†–v‚Äæ÷&ÖÂÄvöö@£c‚ÄÖÆRÃCbÃãRÄÖöFW&FRÄ6öÆBÄvöö@£SRÄÖÆRÃcBÃãcrÄÆ÷rÄæ÷&ÖÂÅö÷ £‚ÄÖÆRÃc2Ã"ã#2ÄÖöFW&FRÄæ÷&ÖÂÄvöö@£#"ÄfVÖÆRÃcBÃã“bÄÖöFW&FRÄ6öÆBÄvöö@£3ÄÖÆRÃs’Ã"ãCbÄÖöFW&FRÄæ÷&ÖÂÄvöö@£SÄÖÆRÃ2Ã2ãCBÄÖöFW&FRÄ6öÆBÄvöö@£cÄÖÆRÃs’Ã2ãBÄÆ÷rÄ†÷BÄvöö@£CBÄÖÆRÃsÃ2ãÄ†–v‚Ä6öÆBÄvöö@£#ÄfVÖÆRÃcbÃ"ãsbÄ†–v‚Äæ÷&ÖÂÄvöö@£SbÄfVÖÆRÃcrÃãRÄÆ÷rÄ6öÆBÅö÷ £CBÄÖÆRÃ“BÃ2ãSrÄÆ÷rÄ†÷BÄvöö@£#’ÄÖÆRÃSBÃ"ã‚Ä†–v‚Äæ÷&ÖÂÄvöö@£CRÄÖÆRÃs’Ã"ãc’ÄÆ÷rÄæ÷&ÖÂÄvöö@£3rÄÖÆRÃSbÃ2ãBÄ†–v‚Äæ÷&ÖÂÄvöö@£CRÄÖÆRÃcbÃ2ã#rÄ†–v‚Ä†÷BÄvöö@£c’ÄfVÖÆRÃS2Ã"ãƒ"Ä†–v‚Ä†÷BÄvöö@£3BÄfVÖÆRÃS‚ÃãRÄÆ÷rÄæ÷&ÖÂÅö÷ £SrÄfVÖÆRÃ"Ã"ãƒ"ÄÆ÷rÄ6öÆBÅö÷ £#rÄÖÆRÃ‚Ã2ãs’Ä†–v‚Äæ÷&ÖÂÄvöö@£#"ÄfVÖÆRÃsrÃã“ÄÆ÷rÄæ÷&ÖÂÅö÷ £cBÄfVÖÆRÃc"ÃãRÄÆ÷rÄæ÷&ÖÂÅö÷ £S2ÄÖÆRÃsÃ"ã#’Ä†–v‚Ä6öÆBÄvöö@£SbÄfVÖÆRÃC‚Ã"ãƒ2Ä†–v‚Ä†÷BÄvöö@£C"ÄfVÖÆRÃS2ÃãsrÄÖöFW&FRÄ6öÆBÄvöö@£S‚ÄÖÆRÃSÃ"ã‚ÄÖöFW&FRÄ†÷BÄvöö@£crÄfVÖÆRÃ2Ã2ãS2Ä†–v‚Äæ÷&ÖÂÄvöö@£C’ÄÖÆRÃCRÃãRÄÆ÷rÄæ÷&ÖÂÄvöö@£c’ÄfVÖÆRÃs’Ããƒ’ÄÆ÷rÄæ÷&ÖÂÅö÷ £SbÄfVÖÆRÃcBÃ"ã2ÄÆ÷rÄ†÷BÄvöö@£#ÄÖÆRÃ“rÃ2ãcbÄÆ÷rÄ†÷BÄvöö@£S‚ÄfVÖÆRÃSRÃã“"ÄÖöFW&FRÄ6öÆBÄvöö@£SRÄÖÆRÃC’Ã2ãÄ†–v‚Ä†÷BÄvöö@£cRÄÖÆRÃS’ÃãƒRÄÆ÷rÄæ÷&ÖÂÄvöö@£c’ÄfVÖÆRÃs"Ã"ãCÄ†–v‚Ä6öÆBÄvöö@£3BÄfVÖÆRÃS’Ã"ã‚ÄÆ÷rÄ†÷BÄvöö@£3RÄfVÖÆRÃcrÃ2ãÄÖöFW&FRÄ†÷BÄvöö@£3rÄfVÖÆRÃc’Ããc‚ÄÆ÷rÄæ÷&ÖÂÅö÷ £‚ÄÖÆRÃs"Ã"ã“bÄÖöFW&FRÄæ÷&ÖÂÄvöö@£CBÄfVÖÆRÃSbÃ2ãÄ†–v‚Äæ÷&ÖÂÄvöö@£cÄfVÖÆRÃ“RÃ2ã3RÄÖöFW&FRÄ†÷BÄvöö@£3‚ÄfVÖÆRÃƒrÃ2ãC’ÄÆ÷rÄ†÷BÄvöö@£CRÄÖÆRÃsÃBã#‚Ä†–v‚Ä†÷BÄvöö@£c‚ÄÖÆRÃsRÃ2ã32Ä†–v‚Äæ÷&ÖÂÄvöö@£3RÄfVÖÆRÃƒBÃ2ãCBÄ†–v‚Äæ÷&ÖÂÄvöö@£#‚ÄfVÖÆRÃsÃã’ÄÆ÷rÄæ÷&ÖÂÅö÷ £SÄfVÖÆRÃs"Ã2ã’Ä†–v‚Ä†÷BÄvöö@£#2ÄfVÖÆRÃƒ‚Ã2ã3‚ÄÖöFW&FRÄæ÷&ÖÂÄvöö@£cBÄfVÖÆRÃƒÃ2ã3"Ä†–v‚Ä†÷BÄvöö@£SbÄÖÆRÃcrÃã“RÄÆ÷rÄ†÷BÅö÷ £S"ÄfVÖÆRÃRÃBã‚ÄÖöFW&FRÄ†÷BÄvöö@£c’ÄÖÆRÃCbÃãbÄÖöFW&FRÄ6öÆBÄvöö@£#ÄÖÆRÃcrÃBã‚Ä†–v‚Ä†÷BÄvöö@£3bÄfVÖÆRÃƒ2Ã2ãCRÄ†–v‚Ä6öÆBÄvöö@£S’ÄfVÖÆRÃs"ÃãRÄÆ÷rÄæ÷&ÖÂÅö÷ £cRÄfVÖÆRÃSrÃ"ãC2ÄÖöFW&FRÄ†÷BÄvöö@£#‚ÄfVÖÆRÃƒBÃ2ãSÄÆ÷rÄ†÷BÄvöö@£#2ÄÖÆRÃsBÃ2ãÄ†–v‚Ä6öÆBÄvöö@£3ÄÖÆRÃ“‚Ã2ã2ÄÆ÷rÄæ÷&ÖÂÄvöö@£C‚ÄÖÆRÃSBÃã“"ÄÖöFW&FRÄ6öÆBÄvöö@£SRÄfVÖÆRÃƒÃ2ã3BÄÖöFW&FRÄ†÷BÄvöö@£#ÄfVÖÆRÃƒbÃ2ãrÄ†–v‚Ä6öÆBÄvöö@£c’ÄfVÖÆRÃcbÃ2ã"ÄÖöFW&FRÄ†÷BÄvöö@£S2ÄÖÆRÃs"ÃãSbÄÖöFW&FRÄ6öÆBÅö÷ £CrÄÖÆRÃc2ÃBãRÄ†–v‚Ä†÷BÄvöö@£cBÄfVÖÆRÃc‚Ã2ã3BÄ†–v‚Ä†÷BÄvöö@£#‚ÄfVÖÆRÃ“‚Ã"ãs2ÄÆ÷rÄæ÷&ÖÂÅö÷ £C’ÄfVÖÆRÃc"Ã"ãSRÄÖöFW&FRÄ6öÆBÄvöö@£3RÄÖÆRÃ“RÃ2ã‚ÄÖöFW&FRÄ6öÆBÄvöö@£C"ÄfVÖÆRÃSBÃ"ã3ÄÖöFW&FRÄæ÷&ÖÂÄvöö@£‚ÄfVÖÆRÃc2Ã"ãÄÆ÷rÄæ÷&ÖÂÄvöö@£c"ÄfVÖÆRÃƒ"Ã"ã“rÄÆ÷rÄ†÷BÄvöö@£cÄÖÆRÃS"Ããƒ’ÄÖöFW&FRÄæ÷&ÖÂÄvöö@£#ÄÖÆRÃSbÃ"ã"Ä†–v‚Äæ÷&ÖÂÄvöö@£cÄÖÆRÃSÃ"ã"ÄÖöFW&FRÄæ÷&ÖÂÄvöö@£cRÄfVÖÆRÃƒ’Ã2ãBÄÖöFW&FRÄ†÷BÄvöö@£#ÄfVÖÆRÃ“BÃ2ã"Ä†–v‚Ä6öÆBÄvöö@£S’ÄfVÖÆRÃs"Ã"ãs2ÄÖöFW&FRÄæ÷&ÖÂÄvöö@£SBÄfVÖÆRÃCbÃãSRÄÆ÷rÄæ÷&ÖÂÄvöö@£3BÄÖÆRÃ“RÃBãCrÄÖöFW&FRÄ†÷BÄvöö@£3BÄÖÆRÃƒrÃ"ãsÄÖöFW&FRÄ6öÆBÄvöö@£SbÄÖÆRÃ’ÃBãSBÄ†–v‚Ä†÷BÄvöö@£3"ÄfVÖÆRÃƒÃ2ãCbÄÖöFW&FRÄ†÷BÄvöö@£CbÄfVÖÆRÃcrÃ"ãCbÄÆ÷rÄ†÷BÄvöö@£cBÄÖÆRÃSRÃã‚ÄÆ÷rÄ†÷BÄvöö@£#RÄÖÆRÃƒrÃãƒ2ÄÆ÷rÄ6öÆBÅö÷ £#bÄÖÆRÃc’Ãã“ÄÆ÷rÄ6öÆBÅö÷ £C‚ÄÖÆRÃSrÃãS2ÄÆ÷rÄæ÷&ÖÂÅö÷ £#bÄfVÖÆRÃs2Ãã“RÄÖöFW&FRÄ6öÆBÅö÷ £#ÄÖÆRÃs’Ã"ãc‚Ä†–v‚Ä6öÆBÄvöö@£S‚ÄÖÆRÃsBÃ2ãC2ÄÖöFW&FRÄ†÷BÄvöö@£#‚ÄfVÖÆRÃsrÃ2ãsBÄÖöFW&FRÄ†÷BÄvöö@£#"ÄfVÖÆRÃ2Ã"ãƒbÄÖöFW&FRÄ6öÆBÅö÷ £c‚ÄfVÖÆRÃ’Ã2ãC"ÄÖöFW&FRÄ6öÆBÄvöö@£cRÄÖÆRÃ"Ã"ãƒ’ÄÆ÷rÄ6öÆBÅö÷ £#BÄÖÆRÃBÃ2ã3rÄÆ÷rÄæ÷&ÖÂÄvöö@£SÄfVÖÆRÃ“RÃBãc’Ä†–v‚Ä†÷BÄvöö@£S2ÄfVÖÆRÃƒ"Ã2ãƒbÄÖöFW&FRÄ†÷BÄvöö@£CrÄfVÖÆRÃsÃ2ã2ÄÖöFW&FRÄ†÷BÄvöö@£cBÄÖÆRÃc2Ã"ã’Ä†–v‚Äæ÷&ÖÂÄvöö@£CÄÖÆRÃc’Ã2ãrÄ†–v‚Ä6öÆBÄvöö@£3‚ÄfVÖÆRÃc"Ã"ãRÄ†–v‚Ä6öÆBÄvöö@£cBÄÖÆRÃcÃ"ã#rÄÖöFW&FRÄ†÷BÄvöö@£#ÄÖÆRÃ“’Ã2ãƒRÄÆ÷rÄ†÷BÄvöö@£S‚ÄÖÆRÃƒBÃ"ãrÄÖöFW&FRÄ6öÆBÅö÷ £#RÄÖÆRÃbÃ2ãƒÄÖöFW&FRÄæ÷&ÖÂÄvöö@£C"ÄfVÖÆRÃ“2Ã2ãƒ2ÄÖöFW&FRÄ†÷BÄvöö@£S’ÄÖÆRÃCbÃãc‚ÄÖöFW&FRÄæ÷&ÖÂÄvöö@£3bÄÖÆRÃ’Ã"ãƒÄÆ÷rÄæ÷&ÖÂÅö÷ £SÄÖÆRÃcÃãRÄÆ÷rÄæ÷&ÖÂÅö÷ £3ÄÖÆRÃSbÃ"ãcrÄ†–v‚Äæ÷&ÖÂÄvöö@£#"ÄÖÆRÃ“Ã"ãrÄÆ÷rÄæ÷&ÖÂÅö÷ £3"ÄÖÆRÃ“RÃRãBÄ†–v‚Ä†÷BÄvöö@£3‚ÄfVÖÆRÃsRÃ2ãc‚ÄÖöFW&FRÄ†÷BÄvöö@£S"ÄfVÖÆRÃƒBÃãrÄÆ÷rÄ6öÆBÅö÷ £SÄÖÆRÃSBÃ"ã"Ä†–v‚Ä6öÆBÄvöö@£SRÄÖÆRÃ“2Ãã“2ÄÆ÷rÄ6öÆBÅö÷ £3BÄfVÖÆRÃ“RÃ"ãS’ÄÖöFW&FRÄ6öÆBÅö÷ £CrÄfVÖÆRÃ“’Ã"ãsbÄÆ÷rÄ6öÆBÅö÷ £cÄfVÖÆRÃsrÃ"ãRÄÆ÷rÄ6öÆBÅö÷ £S’ÄÖÆRÃCrÃ"ãsrÄÖöFW&FRÄ†÷BÄvöö@£3ÄÖÆRÃS"Ã"ã"ÄÆ÷rÄ†÷BÄvöö@£crÄÖÆRÃƒ"Ã"ãƒ2ÄÖöFW&FRÄ6öÆBÄvöö@£’ÄfVÖÆRÃÃ2ã#"ÄÖöFW&FRÄæ÷&ÖÂÄvöö@£#rÄfVÖÆRÃs2Ã"ã"ÄÆ÷rÄ6öÆBÄvöö@£S’ÄÖÆRÃs‚Ã"ã“RÄÖöFW&FRÄ†÷BÄvöö@£SÄfVÖÆRÃƒ’Ã2ãRÄ†–v‚Ä6öÆBÄvöö@£S2ÄfVÖÆRÃ"Ã"ãƒRÄÆ÷rÄæ÷&ÖÂÅö÷ £SBÄfVÖÆRÃsrÃ2ã‚Ä†–v‚Ä†÷BÄvöö@£SÄÖÆRÃ“RÃBãBÄÖöFW&FRÄ†÷BÄvöö@£32ÄÖÆRÃSbÃ2ãrÄ†–v‚Äæ÷&ÖÂÄvöö@£cÄfVÖÆRÃcBÃãƒ2ÄÆ÷rÄæ÷&ÖÂÅö÷ £’ÄfVÖÆRÃc"Ããƒ‚ÄÖöFW&FRÄ6öÆBÄvöö@£#2ÄÖÆRÃcbÃ2ãbÄÆ÷rÄ†÷BÄvöö@£‚ÄÖÆRÃ“2Ã"ãbÄÖöFW&FRÄ6öÆBÅö÷ £3ÄfVÖÆRÃbÃ"ãS2ÄÆ÷rÄ6öÆBÅö÷ £#‚ÄÖÆRÃCRÃ"ãsbÄ†–v‚Äæ÷&ÖÂÄvöö@£#ÄfVÖÆRÃS2Ããc’ÄÆ÷rÄ6öÆBÄvöö@£3’ÄfVÖÆRÃcrÃBãrÄ†–v‚Ä†÷BÄvöö@£SBÄÖÆRÃƒ2Ã"ãcRÄÖöFW&FRÄ6öÆBÄvöö@£#RÄÖÆRÃ“bÃBãbÄ†–v‚Ä†÷BÄvöö@£#2ÄfVÖÆRÃsÃ"ãSRÄ†–v‚Ä6öÆBÄvöö@£3’ÄfVÖÆRÃÃ"ãƒÄÖöFW&FRÄ6öÆBÅö÷ £CBÄfVÖÆRÃƒ’Ã"ãS’ÄÆ÷rÄ6öÆBÅö÷ £SÄÖÆRÃs"Ã2ãƒRÄÖöFW&FRÄ†÷BÄvöö@£c"ÄÖÆRÃ“RÃ"ã‚Ä†–v‚Ä6öÆBÅö÷ £S2ÄÖÆRÃSÃ"ãƒ"ÄÖöFW&FRÄ†÷BÄvöö@£CÄÖÆRÃS‚Ã"ã3"ÄÖöFW&FRÄ6öÆBÄvöö@£3"ÄfVÖÆRÃc’Ã2ãsBÄÖöFW&FRÄ†÷BÄvöö@£3’ÄÖÆRÃc"Ãã’ÄÆ÷rÄ6öÆBÄvöö@£3ÄfVÖÆRÃsÃ"ãs‚ÄÖöFW&FRÄæ÷&ÖÂÄvöö@£CbÄfVÖÆRÃ2Ã"ã“rÄÆ÷rÄ6öÆBÅö÷ £#bÄÖÆRÃSbÃ"ãrÄ†–v‚Ä6öÆBÄvöö@£SÄfVÖÆRÃS’Ã"ãbÄ†–v‚Ä6öÆBÄvöö@£cÄfVÖÆRÃs"Ã2ã#Ä†–v‚Äæ÷&ÖÂÄvöö@£3ÄÖÆRÃ“Ã"ãBÄÆ÷rÄæ÷&ÖÂÅö÷ £cBÄÖÆRÃC’ÃãRÄÆ÷rÄæ÷&ÖÂÄvöö@£SBÄfVÖÆRÃsbÃ2ã#Ä†–v‚Ä†÷BÄvöö@£cÄÖÆRÃsÃ"ãrÄÆ÷rÄ†÷BÄvöö@£cRÄfVÖÆRÃ“rÃ2ã#rÄÖöFW&FRÄ6öÆBÄvöö@£cRÄÖÆRÃSBÃãcbÄÖöFW&FRÄ6öÆBÄvöö@£cRÄfVÖÆRÃ“Ã"ãƒÄÆ÷rÄ†÷BÄvöö@£#rÄfVÖÆRÃsÃ2ãÄ†–v‚Äæ÷&ÖÂÄvöö@£#‚ÄÖÆRÃsbÃãs2ÄÆ÷rÄ6öÆBÅö÷ £3"ÄÖÆRÃcÃ"ã#2ÄÖöFW&FRÄ6öÆBÄvöö@£3bÄÖÆRÃC’Ã"ã"Ä†–v‚Ä6öÆBÄvöö@£S’ÄÖÆRÃC‚Ã"ã“BÄ†–v‚Ä†÷BÄvöö@£C‚ÄfVÖÆRÃCrÃ2ãÄ†–v‚Ä†÷BÄvöö@£CbÄfVÖÆRÃ“rÃBã3rÄÖöFW&FRÄ†÷BÄvöö@£#"ÄfVÖÆRÃ‚Ã2ã#bÄÖöFW&FRÄæ÷&ÖÂÄvöö@£SÄÖÆRÃ"Ã2ãbÄÆ÷rÄæ÷&ÖÂÄvöö@£CÄÖÆRÃsÃãc"ÄÆ÷rÄæ÷&ÖÂÅö÷ £C"ÄÖÆRÃsbÃ2ãsrÄÖöFW&FRÄ†÷BÄvöö@£S‚ÄÖÆRÃS‚Ã2ã2Ä†–v‚Ä†÷BÄvöö@£CBÄfVÖÆRÃƒ"Ã2ãƒrÄ†–v‚Ä†÷BÄvöö@£cÄÖÆRÃc‚Ã"ã3BÄ†–v‚Ä6öÆBÄvöö@£S’ÄfVÖÆRÃSrÃãS‚ÄÆ÷rÄ6öÆBÅö÷ £CÄfVÖÆRÃƒÃ2ãbÄÖöFW&FRÄæ÷&ÖÂÄvöö@£32ÄÖÆRÃƒ2Ã"ãÄÆ÷rÄ6öÆBÅö÷ £CBÄÖÆRÃS2ÃãcBÄÆ÷rÄ6öÆBÄvöö@£3’ÄfVÖÆRÃ“‚Ã2ãcÄÖöFW&FRÄ6öÆBÄvöö@£3ÄÖÆRÃ“BÃ2ãs2Ä†–v‚Ä6öÆBÄvöö@£SÄÖÆRÃcÃ"ãS"ÄÆ÷rÄ†÷BÄvöö@£cBÄfVÖÆRÃ“’Ã2ãƒ2ÄÆ÷rÄ†÷BÄvöö@£#bÄfVÖÆRÃSbÃ"ã’ÄÖöFW&FRÄæ÷&ÖÂÄvöö@£’ÄfVÖÆRÃS’Ã2ã’Ä†–v‚Ä†÷BÄvöö@£S‚ÄÖÆRÃC‚Ã"ãCBÄ†–v‚Äæ÷&ÖÂÄvöö@£#BÄfVÖÆRÃcÃãRÄÆ÷rÄ6öÆBÅö÷ £C2ÄfVÖÆRÃS"ÃãƒbÄÖöFW&FRÄæ÷&ÖÂÄvöö@£c"ÄÖÆRÃcbÃ2ãÄ†–v‚Ä†÷BÄvöö@£#bÄfVÖÆRÃBÃRã‚Ä†–v‚Ä†÷BÄvöö@£SÄÖÆRÃƒÃ"ã‚Ä†–v‚Ä6öÆBÄvöö@£#BÄÖÆRÃƒ"Ã"ãsRÄÖöFW&FRÄ6öÆBÄvöö@£c2ÄfVÖÆRÃc’ÃãRÄÆ÷rÄ6öÆBÅö÷ £cBÄfVÖÆRÃs2Ã"ã2ÄÆ÷rÄæ÷&ÖÂÄvöö@£C‚ÄÖÆRÃsÃ"ã‚ÄÖöFW&FRÄæ÷&ÖÂÄvöö@£3‚ÄfVÖÆRÃ“2Ã2ãrÄ†–v‚Äæ÷&ÖÂÄvöö@£#ÄfVÖÆRÃ“ÃBãrÄ†–v‚Äæ÷&ÖÂÄvöö@£c"ÄfVÖÆRÃ‚Ã"ãƒBÄÆ÷rÄ6öÆBÅö÷ £C’ÄÖÆRÃƒÃã’ÄÆ÷rÄ6öÆBÅö÷ £cÄfVÖÆRÃs‚ÃãsbÄÆ÷rÄ6öÆBÅö÷ £CbÄfVÖÆRÃƒ’Ã2ãSÄ†–v‚Ä6öÆBÄvöö@£c’ÄÖÆRÃSbÃãRÄÆ÷rÄæ÷&ÖÂÅö÷ £32ÄfVÖÆRÃCrÃãRÄÖöFW&FRÄæ÷&ÖÂÄvöö@£CÄÖÆRÃ‚ÃRã#Ä†–v‚Ä†÷BÄvöö@£CBÄfVÖÆRÃ“’Ã"ãƒBÄÆ÷rÄæ÷&ÖÂÅö÷ £cBÄÖÆRÃsRÃ2ãC2Ä†–v‚Äæ÷&ÖÂÄvöö@£S2ÄfVÖÆRÃc‚Ã"ãsbÄÖöFW&FRÄ†÷BÄvöö@£SÄÖÆRÃbÃ2ãƒ’ÄÖöFW&FRÄ†÷BÄvöö@£#2ÄÖÆRÃ‚Ã2ãsbÄ†–v‚Äæ÷&ÖÂÄvöö@£crÄfVÖÆRÃ“rÃ"ãS’ÄÆ÷rÄ6öÆBÅö÷ £SRÄfVÖÆRÃ“bÃ2ãƒ"Ä†–v‚Ä†÷BÄvöö@£#rÄÖÆRÃc’ÃBã2Ä†–v‚Ä†÷BÄvöö@£c‚ÄfVÖÆRÃs’Ãã“BÄÖöFW&FRÄ6öÆBÅö÷ £C’ÄÖÆRÃ“Ãã“bÄÆ÷rÄ6öÆBÅö÷ £#rÄfVÖÆRÃ“Ã2ã2ÄÖöFW&FRÄæ÷&ÖÂÄvöö@£C2ÄÖÆRÃ“"Ã2ã‚ÄÖöFW&FRÄ6öÆBÄvöö@£CrÄfVÖÆRÃSÃ"ã#BÄ†–v‚Äæ÷&ÖÂÄvöö@£c2ÄfVÖÆRÃ“’Ã2ãrÄÆ÷rÄ†÷BÄvöö@£SÄfVÖÆRÃƒbÃ2ãƒ‚Ä†–v‚Ä†÷BÄvöö@£#bÄfVÖÆRÃƒBÃ2ãbÄ†–v‚Ä6öÆBÄvöö@£3BÄÖÆRÃSÃ2ãSBÄ†–v‚Ä†÷BÄvöö@£CBÄfVÖÆRÃ“‚Ã2ãcÄÖöFW&FRÄæ÷&ÖÂÄvöö@£#rÄfVÖÆRÃ“2Ã2ãSbÄÖöFW&FRÄ†÷BÄvöö@£c2ÄÖÆRÃsÃãƒ’ÄÖöFW&FRÄæ÷&ÖÂÅö÷ £S"ÄÖÆRÃsÃ"ãƒRÄÖöFW&FRÄ†÷BÄvöö@£CBÄfVÖÆRÃƒRÃ2ã3ÄÖöFW&FRÄ†÷BÄvöö@£crÄfVÖÆRÃƒrÃ2ã#‚ÄÆ÷rÄ†÷BÄvöö@£SrÄÖÆRÃc"ÃãsÄÆ÷rÄæ÷&ÖÂÅö÷ £S2ÄfVÖÆRÃ“rÃ"ãS"ÄÆ÷rÄæ÷&ÖÂÅö÷ £3ÄÖÆRÃsÃBã#bÄ†–v‚Ä†÷BÄvöö@£3‚ÄÖÆRÃRÃ"ãs’ÄÆ÷rÄæ÷&ÖÂÅö÷ £3‚ÄfVÖÆRÃS"Ã"ã#bÄ†–v‚Äæ÷&ÖÂÄvöö@£crÄÖÆRÃCbÃã“Ä†–v‚Ä6öÆBÄvöö@£#2ÄÖÆRÃcbÃ2ã2Ä†–v‚Ä†÷BÄvöö@£C‚ÄÖÆRÃRÃBã#BÄÆ÷rÄ†÷BÄvöö@£#"ÄfVÖÆRÃÃ2ãcbÄÖöFW&FRÄ6öÆBÄvöö@£3RÄÖÆRÃc’Ã2ãRÄÖöFW&FRÄ†÷BÄvöö@£SÄfVÖÆRÃS"Ã"ãsBÄÖöFW&FRÄ†÷BÄvöö@£3ÄÖÆRÃRÃ"ã“rÄÆ÷rÄ6öÆBÅö÷ £crÄfVÖÆRÃsÃã“BÄÆ÷rÄæ÷&ÖÂÅö÷ £SÄfVÖÆRÃs"Ã2ãRÄÆ÷rÄ†÷BÄvöö@£CbÄfVÖÆRÃRÃ2ã"ÄÆ÷rÄ6öÆBÅö÷ £3’ÄfVÖÆRÃÃ2ãCrÄÆ÷rÄæ÷&ÖÂÄvöö@£CÄÖÆRÃsBÃ2ã’Ä†–v‚Äæ÷&ÖÂÄvöö@£C"ÄfVÖÆRÃ“"Ã2ãC"Ä†–v‚Ä6öÆBÄvöö@£c2ÄfVÖÆRÃƒ"Ã2ãs2ÄÖöFW&FRÄ†÷BÄvöö@£3"ÄÖÆRÃƒÃ2ãC‚Ä†–v‚Äæ÷&ÖÂÄvöö@£SÄÖÆRÃSrÃ"ã’ÄÖöFW&FRÄ6öÆBÄvöö@£3bÄÖÆRÃÃ"ãSrÄÆ÷rÄæ÷&ÖÂÅö÷ £#bÄfVÖÆRÃC‚ÃãsrÄÖöFW&FRÄæ÷&ÖÂÄvöö@£3ÄÖÆRÃrÃ2ãC2Ä†–v‚Ä6öÆBÄvöö@£S2ÄfVÖÆRÃS"Ããc’Ä†–v‚Ä6öÆBÄvöö@£cRÄÖÆRÃsÃãƒRÄÖöFW&FRÄæ÷&ÖÂÅö÷ £3ÄÖÆRÃ“bÃBã‚ÄÖöFW&FRÄ†÷BÄvöö@£c‚ÄÖÆRÃCbÃãRÄÆ÷rÄ6öÆBÄvöö@£cbÄÖÆRÃ2Ã2ã#‚ÄÆ÷rÄæ÷&ÖÂÄvöö@£#bÄÖÆRÃCbÃãRÄÆ÷rÄ6öÆBÄvöö@£cÄÖÆRÃS‚Ã"ã3bÄ†–v‚Ä6öÆBÄvöö@£3’ÄfVÖÆRÃ“Ã"ã“BÄ†–v‚Ä6öÆBÄvöö@£S2ÄfVÖÆRÃsrÃ"ãsbÄÖöFW&FRÄ†÷BÄvöö@£cÄÖÆRÃc"Ã"ã#2Ä†–v‚Äæ÷&ÖÂÄvöö@£SBÄfVÖÆRÃC’ÃãsbÄ†–v‚Äæ÷&ÖÂÄvöö@£cbÄfVÖÆRÃƒÃãrÄÆ÷rÄ6öÆBÅö÷ £C’ÄÖÆRÃS2Ã2ã’ÄÖöFW&FRÄ†÷BÄvöö@£cRÄfVÖÆRÃ“bÃ2ãrÄ†–v‚Ä6öÆBÄvöö@£3‚ÄÖÆRÃsbÃ"ã“RÄ†–v‚Äæ÷&ÖÂÄvöö@£CbÄÖÆRÃSRÃãƒÄÖöFW&FRÄ6öÆBÄvöö@£CÄÖÆRÃs‚Ã2ãBÄÆ÷rÄ†÷BÄvöö@£SrÄfVÖÆRÃ‚Ã2ãbÄÆ÷rÄ†÷BÄvöö@£C2ÄÖÆRÃƒrÃ"ãƒÄÖöFW&FRÄæ÷&ÖÂÄvöö@£cÄfVÖÆRÃÃBã3ÄÖöFW&FRÄ†÷BÄvöö@£3"ÄfVÖÆRÃbÃ"ãƒbÄÆ÷rÄ6öÆBÅö÷ £#ÄÖÆRÃƒ’Ã"ã“rÄ†–v‚Ä6öÆBÄvöö@£#BÄfVÖÆRÃCbÃ"ã’Ä†–v‚Äæ÷&ÖÂÄvöö@£cBÄÖÆRÃs2Ã"ãS‚Ä†–v‚Äæ÷&ÖÂÄvöö@£c2ÄfVÖÆRÃC‚Ããc’ÄÆ÷rÄ†÷BÄvöö@£#2ÄfVÖÆRÃc"Ã"ãCBÄÖöFW&FRÄæ÷&ÖÂÄvöö@£S2ÄfVÖÆRÃÃ2ãsRÄÆ÷rÄ†÷BÄvöö@£3ÄÖÆRÃƒ2Ã"ã#RÄÖöFW&FRÄ6öÆBÅö÷ £SÄfVÖÆRÃ"Ã2ãÄÖöFW&FRÄæ÷&ÖÂÄvöö@£S2ÄfVÖÆRÃs’Ã"ã“BÄ†–v‚Äæ÷&ÖÂÄvöö@£SRÄÖÆRÃS"ÃãRÄÖöFW&FRÄ6öÆBÅö÷ £c‚ÄfVÖÆRÃbÃ2ãBÄÆ÷rÄæ÷&ÖÂÅö÷ £3rÄfVÖÆRÃ“bÃ"ãƒ‚ÄÆ÷rÄæ÷&ÖÂÄvöö@£3rÄfVÖÆRÃ“ÃBã"ÄÖöFW&FRÄ†÷BÄvöö@£#rÄfVÖÆRÃƒBÃBã#BÄ†–v‚Ä†÷BÄvöö@£3RÄfVÖÆRÃRÃ2ãƒ2ÄÖöFW&FRÄ6öÆBÄvöö@£C"ÄÖÆRÃC’Ãã“BÄ†–v‚Ä6öÆBÄvöö@£3‚ÄÖÆRÃc2Ã"ãRÄÖöFW&FRÄ6öÆBÄvöö@£SÄÖÆRÃC‚Ã"ãSBÄÆ÷rÄ†÷BÄvöö@£S"ÄÖÆRÃ2Ã2ãSRÄÆ÷rÄ†÷BÄvöö@£C2ÄÖÆRÃ“2ÃBã#bÄ†–v‚Ä†÷BÄvöö@£3ÄfVÖÆRÃ“2Ã"ãSrÄÖöFW&FRÄ6öÆBÅö÷ £3rÄfVÖÆRÃ“Ã"ã“2Ä†–v‚Ä6öÆBÄvöö@£cÄÖÆRÃsÃ"ã2ÄÆ÷rÄ6öÆBÅö÷ £SRÄfVÖÆRÃsÃ2ãbÄ†–v‚Ä†÷BÄvöö@£c"ÄfVÖÆRÃcrÃ"ãCbÄÖöFW&FRÄ†÷BÄvöö@£CÄÖÆRÃCbÃãRÄÆ÷rÄæ÷&ÖÂÄvöö@£3BÄfVÖÆRÃSRÃ"ã3‚Ä†–v‚Ä6öÆBÄvöö@£3"ÄÖÆRÃsRÃ"ãƒ2ÄÆ÷rÄ†÷BÄvöö@£SBÄÖÆRÃ“rÃ2ã"Ä†–v‚Ä6öÆBÄvöö@£c2ÄÖÆRÃƒÃ2ã#"Ä†–v‚Ä6öÆBÄvöö@£C"ÄÖÆRÃSbÃ2ãÄÖöFW&FRÄ†÷BÄvöö@£crÄfVÖÆRÃS2ÃãRÄÆ÷rÄæ÷&ÖÂÅö÷ £CbÄfVÖÆRÃc’Ã"ãBÄÖöFW&FRÄæ÷&ÖÂÄvöö@£3ÄÖÆRÃ“Ã2ã#’ÄÆ÷rÄ†÷BÄvöö@£#ÄfVÖÆRÃc"Ã"ã2ÄÆ÷rÄ†÷BÄvöö@£S2ÄfVÖÆRÃÃ"ãS’ÄÆ÷rÄæ÷&ÖÂÅö÷ £3RÄÖÆRÃ“2Ã2ã’Ä†–v‚Äæ÷&ÖÂÄvöö@£#rÄÖÆRÃ‚ÃBãsBÄÖöFW&FRÄ†÷BÄvöö@£SÄfVÖÆRÃs’Ã2ã“"ÄÖöFW&FRÄ†÷BÄvöö@£#’ÄÖÆRÃSrÃã“bÄÆ÷rÄæ÷&ÖÂÄvöö@£c‚ÄÖÆRÃsRÃ"ãSbÄ†–v‚Ä6öÆBÄvöö@£cÄfVÖÆRÃ“RÃ"ã‚ÄÆ÷rÄ6öÆBÅö÷ £C"ÄÖÆRÃƒ’Ã"ã3"ÄÆ÷rÄ6öÆBÅö÷ £C’ÄÖÆRÃcbÃ2ã32Ä†–v‚Ä†÷BÄvöö@£#‚ÄfVÖÆRÃS’Ã2ãCbÄÖöFW&FRÄ†÷BÄvöö@£SÄÖÆRÃsBÃ"ãbÄÖöFW&FRÄ6öÆBÄvöö@£crÄÖÆRÃbÃ"ã“’ÄÆ÷rÄæ÷&ÖÂÅö÷ £CrÄfVÖÆRÃsbÃ"ã“bÄ†–v‚Äæ÷&ÖÂÄvöö@£C"ÄfVÖÆRÃSbÃ"ãRÄÖöFW&FRÄæ÷&ÖÂÄvöö@£SBÄfVÖÆRÃcÃ"ã’Ä†–v‚Ä†÷BÄvöö@£c‚ÄÖÆRÃBÃ2ãRÄÖöFW&FRÄ6öÆBÄvöö@£#ÄÖÆRÃCrÃãRÄÆ÷rÄ6öÆBÄvöö@£C’ÄfVÖÆRÃRÃ2ãC‚ÄÖöFW&FRÄ6öÆBÄvöö@£SÄÖÆRÃcRÃ2ãCrÄ†–v‚Ä†÷BÄvöö@£3rÄÖÆRÃc‚Ã"ã3rÄ†–v‚Ä6öÆBÄvöö@£’ÄÖÆRÃS2Ã2ãÄ†–v‚Ä†÷BÄvöö@£C’ÄÖÆRÃ"Ã2ã3RÄÆ÷rÄæ÷&ÖÂÄvöö@£3rÄÖÆRÃ“ÃBãƒBÄ†–v‚Ä†÷BÄvöö@£CRÄfVÖÆRÃBÃ"ã“’ÄÆ÷rÄ6öÆBÅö÷ £cbÄfVÖÆRÃ“RÃ"ãsBÄÖöFW&FRÄæ÷&ÖÂÅö÷ £#bÄÖÆRÃRÃ2ãsRÄ†–v‚Äæ÷&ÖÂÄvöö@£C"ÄfVÖÆRÃ“’Ã2ãSBÄÖöFW&FRÄæ÷&ÖÂÄvöö@£SrÄfVÖÆRÃ"Ã2ãs‚ÄÖöFW&FRÄ†÷BÄvöö@£CbÄÖÆRÃsÃ2ãBÄ†–v‚Äæ÷&ÖÂÄvöö@£SbÄÖÆRÃbÃ2ã‚ÄÖöFW&FRÄ6öÆBÄvöö@£CÄfVÖÆRÃ“2Ã2ãCbÄ†–v‚Äæ÷&ÖÂÄvöö@£CBÄÖÆRÃSBÃ"ãsÄ†–v‚Ä6öÆBÄvöö@£CRÄÖÆRÃCbÃã“2Ä†–v‚Äæ÷&ÖÂÄvöö@£3"ÄfVÖÆRÃ2ÃBã2Ä†–v‚Äæ÷&ÖÂÄvöö@£32ÄfVÖÆRÃ“bÃBãC‚Ä†–v‚Ä†÷BÄvöö@£crÄfVÖÆRÃBÃ"ãƒbÄÖöFW&FRÄ6öÆBÅö÷ £’ÄÖÆRÃÃ2ã#bÄÆ÷rÄ†÷BÄvöö@£SrÄfVÖÆRÃc2ÃãSÄÆ÷rÄæ÷&ÖÂÅö÷ £#‚ÄÖÆRÃ“bÃ"ã#bÄÆ÷rÄ6öÆBÅö÷ £CRÄÖÆRÃbÃBã"ÄÖöFW&FRÄ†÷BÄvöö@£SrÄfVÖÆRÃ“BÃ2ãBÄÆ÷rÄ†÷BÄvöö@£3rÄÖÆRÃc"Ã2ã"Ä†–v‚Ä6öÆBÄvöö@£CbÄfVÖÆRÃƒ‚Ã2ãbÄ†–v‚Ä6öÆBÄvöö@£crÄÖÆRÃ“rÃ2ã“2ÄÖöFW&FRÄ†÷BÄvöö@£#‚ÄfVÖÆRÃ“BÃ2ãCÄÆ÷rÄ†÷BÄvöö@£#RÄÖÆRÃS‚Ã"ãÄÖöFW&FRÄ6öÆBÄvöö@£#BÄfVÖÆRÃƒ‚Ã"ã"ÄÆ÷rÄ6öÆBÅö÷ £3RÄfVÖÆRÃƒÃ2ãc’Ä†–v‚Äæ÷&ÖÂÄvöö@£3ÄÖÆRÃƒ2Ã"ã#"ÄÆ÷rÄæ÷&ÖÂÅö÷ £3bÄÖÆRÃ’ÃBãcrÄ†–v‚Ä†÷BÄvöö@£#’ÄfVÖÆRÃsBÃ"ã2ÄÖöFW&FRÄæ÷&ÖÂÄvöö@£cÄÖÆRÃs"Ã"ã“‚Ä†–v‚Ä6öÆBÄvöö@£CbÄÖÆRÃƒRÃ"ãsRÄÆ÷rÄ†÷BÄvöö@£cbÄÖÆRÃs2Ã"ãsÄÆ÷rÄ†÷BÄvöö@£C‚ÄfVÖÆRÃsÃ"ãƒ‚ÄÆ÷rÄ†÷BÄvöö@£SrÄÖÆRÃ"Ã"ãCÄÆ÷rÄæ÷&ÖÂÅö÷ £3"ÄfVÖÆRÃcRÃ2ã’Ä†–v‚Ä6öÆBÄvöö@£CbÄÖÆRÃ"Ã2ã"ÄÆ÷rÄ6öÆBÄvöö@£SRÄfVÖÆRÃc2Ãã“BÄÖöFW&FRÄ6öÆBÄvöö@£SÄfVÖÆRÃ"ÃBã#2Ä†–v‚Ä†÷BÄvöö@£3ÄÖÆRÃC‚ÃãƒÄÖöFW&FRÄæ÷&ÖÂÄvöö@£3‚ÄfVÖÆRÃBÃBãc2Ä†–v‚Ä†÷BÄvöö@£c"ÄfVÖÆRÃƒbÃ"ãSRÄÖöFW&FRÄ6öÆBÅö÷ £cbÄfVÖÆRÃCrÃãRÄÆ÷rÄæ÷&ÖÂÄvöö@£3‚ÄÖÆRÃc"Ã2ãrÄ†–v‚Äæ÷&ÖÂÄvöö@£S’ÄfVÖÆRÃs’Ã"ã#"ÄÖöFW&FRÄæ÷&ÖÂÅö÷ £#‚ÄÖÆRÃ"Ã2ãrÄÖöFW&FRÄæ÷&ÖÂÄvöö@£SRÄfVÖÆRÃ“Ã"ã“2ÄÆ÷rÄ†÷BÄvöö@£3rÄÖÆRÃsÃ2ãÄ†–v‚Ä6öÆBÄvöö@£SbÄÖÆRÃƒÃ"ã‚ÄÖöFW&FRÄæ÷&ÖÂÅö÷ £cbÄfVÖÆRÃ“Ãã“’ÄÆ÷rÄ6öÆBÅö÷ £cBÄfVÖÆRÃsÃ2ãC’Ä†–v‚Ä†÷BÄvöö@£3‚ÄfVÖÆRÃ"Ã2ã#‚ÄÖöFW&FRÄ6öÆBÄvöö@£‚ÄÖÆRÃ2ÃBãBÄÖöFW&FRÄæ÷&ÖÂÄvöö@£C"ÄÖÆRÃ‚Ã2ãsbÄÖöFW&FRÄ6öÆBÄvöö@£#’ÄfVÖÆRÃ“"Ã2ã“BÄ†–v‚Äæ÷&ÖÂÄvöö@£#’ÄÖÆRÃSRÃ2ã#RÄ†–v‚Ä†÷BÄvöö@£c‚ÄfVÖÆRÃS"ÃãRÄÖöFW&FRÄæ÷&ÖÂÅö÷ £32ÄfVÖÆRÃƒÃ2ã#2ÄÖöFW&FRÄæ÷&ÖÂÄvöö@£C2ÄfVÖÆRÃSbÃ"ãSÄ†–v‚Ä6öÆBÄvöö@£#ÄfVÖÆRÃbÃ2ãsÄ†–v‚Ä6öÆBÄvöö@£C2ÄÖÆRÃ2ÃBãbÄ†–v‚Ä†÷BÄvöö@£3‚ÄÖÆRÃƒbÃ"ã“‚ÄÆ÷rÄæ÷&ÖÂÄvöö@£3RÄÖÆRÃSÃ"ã’Ä†–v‚Ä6öÆBÄvöö@£cRÄÖÆRÃ“"Ã2ã3rÄÆ÷rÄ†÷BÄvöö@£3RÄfVÖÆRÃƒ’Ã2ãƒRÄ†–v‚Äæ÷&ÖÂÄvöö@£#’ÄfVÖÆRÃc2Ã2ãBÄÖöFW&FRÄ†÷BÄvöö@£#"ÄÖÆRÃ“RÃ2ã#RÄÆ÷rÄ†÷BÄvöö@£#’ÄfVÖÆRÃÃ"ãƒrÄÆ÷rÄæ÷&ÖÂÅö÷ £32ÄÖÆRÃrÃ"ãC"ÄÆ÷rÄ6öÆBÅö÷ £cBÄÖÆRÃ“‚Ã"ãBÄÆ÷rÄæ÷&ÖÂÅö÷ £SÄfVÖÆRÃS’ÃãRÄÖöFW&FRÄ6öÆBÅö÷ £SBÄÖÆRÃƒ"Ã"ã“"Ä†–v‚Ä6öÆBÄvöö@£C‚ÄfVÖÆRÃBÃ2ã“bÄ†–v‚Äæ÷&ÖÂÄvöö@£3‚ÄÖÆRÃƒ‚Ã2ã"ÄÆ÷rÄæ÷&ÖÂÄvöö@£‚ÄÖÆRÃSBÃã“bÄÖöFW&FRÄæ÷&ÖÂÄvöö@£3bÄfVÖÆRÃsÃ2ãc2Ä†–v‚Ä†÷BÄvöö@£cÄÖÆRÃS"ÃãRÄÆ÷rÄæ÷&ÖÂÅö÷ £3‚ÄÖÆRÃ“Ã2ã2ÄÖöFW&FRÄ6öÆBÄvöö@£cRÄfVÖÆRÃ“Ã2ã"ÄÖöFW&FRÄ†÷BÄvöö@£CBÄfVÖÆRÃcBÃãRÄÆ÷rÄ6öÆBÅö÷ £#’ÄÖÆRÃcrÃ"ãBÄÆ÷rÄ†÷BÄvöö@£cÄÖÆRÃƒ‚Ã"ãC2ÄÖöFW&FRÄ6öÆBÅö÷ £CrÄfVÖÆRÃ“"Ã2ã“ÄÆ÷rÄ†÷BÄvöö@£#ÄÖÆRÃs’Ã"ãSBÄÆ÷rÄ6öÆBÄvöö@£SBÄfVÖÆRÃƒBÃ"ãs’ÄÖöFW&FRÄæ÷&ÖÂÄvöö@£cRÄÖÆRÃc"Ã"ãs‚Ä†–v‚Ä†÷BÄvöö@£C’ÄÖÆRÃƒbÃ2ãRÄ†–v‚Äæ÷&ÖÂÄvöö@£C2ÄÖÆRÃBÃBãsbÄÖöFW&FRÄ†÷BÄvöö@£SÄÖÆRÃƒRÃ2ãSbÄÆ÷rÄ†÷BÄvöö@£#ÄfVÖÆRÃcRÃ"ãS"ÄÆ÷rÄ†÷BÄvöö@£C‚ÄfVÖÆRÃÃBãbÄ†–v‚Äæ÷&ÖÂÄvöö@£#ÄfVÖÆRÃC‚Ã"ãÄ†–v‚Ä6öÆBÄvöö@£c’ÄÖÆRÃ“’Ã"ãSBÄÆ÷rÄ6öÆBÅö÷ £SRÄfVÖÆRÃsbÃ"ã“‚ÄÆ÷rÄ†÷BÄvöö@£#bÄÖÆRÃs‚Ã"ãÄÆ÷rÄæ÷&ÖÂÅö÷ £#rÄÖÆRÃsbÃ2ãÄÆ÷rÄ†÷BÄvöö@£#BÄfVÖÆRÃS’Ã"ã’Ä†–v‚Ä6öÆBÄvöö@£#‚ÄÖÆRÃ“rÃ2ã3bÄÆ÷rÄæ÷&ÖÂÄvöö@£3‚ÄfVÖÆRÃsÃãƒrÄÆ÷rÄæ÷&ÖÂÅö÷ £S"ÄfVÖÆRÃƒ2ÃãRÄÆ÷rÄ6öÆBÅö÷ £CRÄfVÖÆRÃRÃBãRÄÖöFW&FRÄæ÷&ÖÂÄvöö@£#"ÄfVÖÆRÃcÃ2ãÄÆ÷rÄ†÷BÄvöö@£3’ÄÖÆRÃƒ‚Ã2ãƒÄÖöFW&FRÄ†÷BÄvöö@£S‚ÄfVÖÆRÃ“’Ã"ã‚ÄÆ÷rÄæ÷&ÖÂÅö÷ £c"ÄfVÖÆRÃSrÃãRÄÆ÷rÄæ÷&ÖÂÅö÷ £CrÄÖÆRÃc"Ã"ãc2ÄÆ÷rÄ†÷BÄvöö@£3BÄÖÆRÃSBÃãRÄÆ÷rÄ6öÆBÅö÷ £CÄÖÆRÃS"Ã"ãsÄ†–v‚Äæ÷&ÖÂÄvöö@£3ÄÖÆRÃs2Ã2ãc"Ä†–v‚Äæ÷&ÖÂÄvöö@£S’ÄÖÆRÃsBÃ"ãc’Ä†–v‚Ä6öÆBÄvöö@£#rÄÖÆRÃ“Ã"ã3‚ÄÆ÷rÄæ÷&ÖÂÅö÷ £32ÄfVÖÆRÃs2Ã"ã’ÄÆ÷rÄ6öÆBÄvöö@£3"ÄfVÖÆRÃ“RÃ2ãsRÄÆ÷rÄ†÷BÄvöö@£S’ÄfVÖÆRÃcBÃ"ã3rÄ†–v‚Ä6öÆBÄvöö@£CbÄfVÖÆRÃCbÃ"ãcbÄÖöFW&FRÄ†÷BÄvöö@£cBÄÖÆRÃ“‚Ã2ã"Ä†–v‚Ä6öÆBÄvöö@£#bÄfVÖÆRÃc2Ã2ã‚Ä†–v‚Ä6öÆBÄvöö@£SÄfVÖÆRÃ"ÃBã“"Ä†–v‚Ä†÷BÄvöö@£#2ÄÖÆRÃs2Ã"ã3bÄÆ÷rÄ6öÆBÄvöö@£#rÄÖÆRÃsRÃ2ã"Ä†–v‚Ä6öÆBÄvöö@£SbÄÖÆRÃÃ"ã“2ÄÆ÷rÄæ÷&ÖÂÅö÷ £C‚ÄÖÆRÃSrÃ2ãc‚Ä†–v‚Ä†÷BÄvöö@£‚ÄfVÖÆRÃƒ’ÃBãrÄÖöFW&FRÄ†÷BÄvöö@£C2ÄÖÆRÃcÃ"ãrÄÖöFW&FRÄæ÷&ÖÂÄvöö@£32ÄÖÆRÃ“‚Ã2ãS‚Ä†–v‚Äæ÷&ÖÂÄvöö@£C"ÄÖÆRÃc‚Ã2ã"Ä†–v‚Ä6öÆBÄvöö@£SbÄÖÆRÃCRÃãƒBÄÆ÷rÄ†÷BÄvöö@£C2ÄÖÆRÃRÃ2ã3bÄÆ÷rÄ†÷BÄvöö@£3BÄfVÖÆRÃC‚Ã"ã"ÄÖöFW&FRÄ6öÆBÄvöö@£#"ÄÖÆRÃ“bÃ"ãSBÄÆ÷rÄ6öÆBÅö÷ £3BÄfVÖÆRÃsBÃ"ãƒrÄ†–v‚Ä6öÆBÄvöö@£SÄÖÆRÃ"Ã"ãcbÄÆ÷rÄæ÷&ÖÂÅö÷ £S’ÄÖÆRÃƒ2Ã2ãƒ‚ÄÖöFW&FRÄ†÷BÄvöö@£#BÄfVÖÆRÃƒÃ2ã"Ä†–v‚Ä6öÆBÄvöö@£CbÄÖÆRÃSBÃãRÄÆ÷rÄ6öÆBÅö÷ £c"ÄfVÖÆRÃS2ÃãƒRÄÖöFW&FRÄæ÷&ÖÂÄvöö@£3‚ÄfVÖÆRÃSÃ"ãRÄ†–v‚Ä6öÆBÄvöö@£cRÄÖÆRÃ“Ã"ãS‚ÄÖöFW&FRÄ6öÆBÅö÷ £c"ÄfVÖÆRÃcÃ2ãSrÄ†–v‚Ä†÷BÄvöö@£’ÄfVÖÆRÃSrÃ"ãcRÄÖöFW&FRÄæ÷&ÖÂÄvöö@£#’ÄfVÖÆRÃsÃ"ãSbÄ†–v‚Ä6öÆBÄvöö@£c‚ÄfVÖÆRÃƒBÃBã#"Ä†–v‚Ä†÷BÄvöö@£S2ÄÖÆRÃƒ’Ã"ãSrÄÖöFW&FRÄæ÷&ÖÂÅö÷ £32ÄfVÖÆRÃƒÃ2ãƒBÄ†–v‚Ä†÷BÄvöö@£c’ÄfVÖÆRÃS2ÃãbÄÆ÷rÄæ÷&ÖÂÄvöö@£#bÄÖÆRÃ‚Ã2ãSÄÆ÷rÄæ÷&ÖÂÄvöö@£S2ÄÖÆRÃƒÃãRÄÆ÷rÄ6öÆBÅö÷ £SÄÖÆRÃ’ÃBã3rÄÖöFW&FRÄ†÷BÄvöö@£#2ÄfVÖÆRÃ“"Ã2ã“rÄ†–v‚Ä†÷BÄvöö@£#rÄÖÆRÃs"ÃBãrÄ†–v‚Ä†÷BÄvöö@£C2ÄfVÖÆRÃ“BÃ2ãCÄÖöFW&FRÄ6öÆBÄvöö@£3ÄfVÖÆRÃSrÃ2ãbÄ†–v‚Äæ÷&ÖÂÄvöö@£3"ÄÖÆRÃs2Ã2ã"ÄÖöFW&FRÄ†÷BÄvöö@£#"ÄÖÆRÃsbÃ"ãRÄÆ÷rÄæ÷&ÖÂÄvöö@£CBÄfVÖÆRÃƒ2Ã2ãsÄÖöFW&FRÄ†÷BÄvöö@£CbÄfVÖÆRÃS‚ÃãSRÄÆ÷rÄ6öÆBÅö÷ £#rÄfVÖÆRÃƒRÃ2ãƒ"Ä†–v‚Ä†÷BÄvöö@£32ÄÖÆRÃc‚Ã"ãCbÄ†–v‚Ä6öÆBÄvöö@£SÄfVÖÆRÃƒ2Ã2ãCrÄ†–v‚Äæ÷&ÖÂÄvöö@£#BÄfVÖÆRÃs"Ã"ãRÄÆ÷rÄæ÷&ÖÂÄvöö@£#rÄÖÆRÃƒ"ÃBãcÄ†–v‚Ä†÷BÄvöö@£SÄÖÆRÃ“BÃ2ã32Ä†–v‚Ä6öÆBÄvöö@£c2ÄÖÆRÃCbÃãc2ÄÖöFW&FRÄ6öÆBÄvöö@£‚ÄÖÆRÃcbÃ"ã“2Ä†–v‚Äæ÷&ÖÂÄvöö@£#‚ÄfVÖÆRÃS‚Ã"ãC2ÄÖöFW&FRÄæ÷&ÖÂÄvöö@£CRÄÖÆRÃ2Ã2ãCbÄÖöFW&FRÄæ÷&ÖÂÄvöö@£cÄfVÖÆRÃc‚Ã"ãsbÄÖöFW&FRÄ†÷BÄvöö@£#ÄfVÖÆRÃcbÃ"ã"ÄÆ÷rÄ6öÆBÄvöö@£#BÄÖÆRÃ"ÃBãÄ†–v‚Äæ÷&ÖÂÄvöö@£#’ÄfVÖÆRÃC‚Ãã“RÄ†–v‚Äæ÷&ÖÂÄvöö@£cBÄÖÆRÃ’Ã2ãs"ÄÖöFW&FRÄæ÷&ÖÂÄvöö@£CÄfVÖÆRÃC‚Ãã“Ä†–v‚Ä6öÆBÄvöö@£c’ÄfVÖÆRÃƒBÃ2ãRÄÖöFW&FRÄ†÷BÄvöö@£c‚ÄÖÆRÃS2Ã"ã#’ÄÖöFW&FRÄæ÷&ÖÂÄvöö@£‚ÄfVÖÆRÃSBÃ"ãbÄÖöFW&FRÄæ÷&ÖÂÄvöö@£SrÄÖÆRÃcbÃ"ãSÄ†–v‚Äæ÷&ÖÂÄvöö@£#‚ÄÖÆRÃcÃ"ãSÄÖöFW&FRÄæ÷&ÖÂÄvöö@£CrÄÖÆRÃSRÃ2ãÄ†–v‚Äæ÷&ÖÂÄvöö@£#2ÄfVÖÆRÃs’Ã"ã2ÄÖöFW&FRÄ6öÆBÅö÷ £SÄÖÆRÃ2Ã2ã#’ÄÖöFW&FRÄæ÷&ÖÂÄvöö@£cÄÖÆRÃ“Ã2ã2Ä†–v‚Ä6öÆBÄvöö@£S’ÄÖÆRÃCbÃ"ãS"Ä†–v‚Ä†÷BÄvöö@£3"ÄÖÆRÃ“BÃ"ãƒrÄÖöFW&FRÄæ÷&ÖÂÄvöö@£C2ÄÖÆRÃÃ2ãC‚ÄÖöFW&FRÄ6öÆBÄvöö@£S"ÄfVÖÆRÃsÃ2ãc2Ä†–v‚Ä†÷BÄvöö@£crÄfVÖÆRÃsÃãRÄÆ÷rÄ6öÆBÅö÷ £S2ÄfVÖÆRÃƒBÃ2ãÄÖöFW&FRÄæ÷&ÖÂÄvöö@£cÄfVÖÆRÃSbÃãRÄÆ÷rÄ6öÆBÅö÷ £cRÄfVÖÆRÃsrÃ2ã#BÄ†–v‚Ä†÷BÄvöö@£3’ÄÖÆRÃSÃ2ãbÄÖöFW&FRÄ†÷BÄvöö@£3BÄÖÆRÃCbÃ2ã#’Ä†–v‚Ä†÷BÄvöö@£cBÄfVÖÆRÃSbÃãRÄÆ÷rÄ6öÆBÅö÷ £#’ÄfVÖÆRÃ“RÃ2ãcÄ†–v‚Ä6öÆBÄvöö@£3BÄfVÖÆRÃCRÃ"ã"ÄÖöFW&FRÄ6öÆBÄvöö@£SrÄfVÖÆRÃ2ÃBãCrÄÖöFW&FRÄ†÷BÄvöö@£c2ÄÖÆRÃƒ2Ã2ãBÄ†–v‚Äæ÷&ÖÂÄvöö@£cbÄÖÆRÃsÃ"ãsRÄÖöFW&FRÄæ÷&ÖÂÄvöö@£cÄfVÖÆRÃcBÃ"ãƒ’Ä†–v‚Ä†÷BÄvöö@£3ÄfVÖÆRÃƒRÃ2ã3"ÄÖöFW&FRÄ†÷BÄvöö@£SRÄÖÆRÃ“Ã2ãƒrÄ†–v‚Ä†÷BÄvöö@£SrÄÖÆRÃ“BÃ"ãBÄÆ÷rÄ6öÆBÅö÷ £S‚ÄÖÆRÃcrÃ2ãRÄ†–v‚Äæ÷&ÖÂÄvöö@£3"ÄfVÖÆRÃS2ÃãSrÄÆ÷rÄ6öÆBÅö÷ £SbÄfVÖÆRÃ2Ã2ãcRÄÖöFW&FRÄæ÷&ÖÂÄvöö@£#2ÄÖÆRÃSBÃ"ãBÄÖöFW&FRÄæ÷&ÖÂÄvöö@£CÄÖÆRÃC‚ÃãcrÄÖöFW&FRÄæ÷&ÖÂÄvöö@£S"ÄfVÖÆRÃ"ÃBã"Ä†–v‚Ä†÷BÄvöö@£SBÄÖÆRÃCbÃ"ã“BÄ†–v‚Ä†÷BÄvöö@£CRÄfVÖÆRÃc2Ã"ã“rÄÖöFW&FRÄ†÷BÄvöö@£3ÄÖÆRÃs2Ã"ãs"ÄÖöFW&FRÄ6öÆBÄvöö@£#2ÄÖÆRÃBÃBãSbÄ†–v‚Äæ÷&ÖÂÄvöö@£#rÄÖÆRÃ“‚Ã"ãsRÄÆ÷rÄæ÷&ÖÂÅö÷ £#’ÄÖÆRÃƒÃ"ã#‚ÄÆ÷rÄ6öÆBÅö÷ £#2ÄÖÆRÃƒRÃ"ãsrÄÆ÷rÄ†÷BÄvöö@£3ÄÖÆRÃbÃ2ãS2ÄÖöFW&FRÄæ÷&ÖÂÄvöö@£3rÄfVÖÆRÃSBÃãs"ÄÖöFW&FRÄæ÷&ÖÂÄvöö@£#ÄÖÆRÃSBÃ"ãs’ÄÆ÷rÄ†÷BÄvöö@£#rÄÖÆRÃ“BÃ2ã2ÄÆ÷rÄæ÷&ÖÂÄvöö@£CÄfVÖÆRÃS2Ã"ãƒ2Ä†–v‚Ä†÷BÄvöö@£#RÄÖÆRÃ“RÃBãRÄÖöFW&FRÄ†÷BÄvöö@£#ÄÖÆRÃRÃRãbÄ†–v‚Ä†÷BÄvöö@£3BÄfVÖÆRÃsBÃ2ãsrÄ†–v‚Ä†÷BÄvöö@£S‚ÄfVÖÆRÃsÃ"ã3‚ÄÆ÷rÄ†÷BÄvöö@£c2ÄfVÖÆRÃc‚ÃãRÄÆ÷rÄ6öÆBÅö÷ £#"ÄfVÖÆRÃƒÃ"ãC2ÄÆ÷rÄ6öÆBÄvöö@£#2ÄfVÖÆRÃ“Ã2ã#bÄ†–v‚Ä6öÆBÄvöö@£C’ÄÖÆRÃBÃ2ã#RÄÆ÷rÄ6öÆBÄvöö@£S’ÄÖÆRÃƒBÃ"ãƒ’ÄÖöFW&FRÄ6öÆBÄvöö@£#"ÄfVÖÆRÃRÃBã3"ÄÆ÷rÄ†÷BÄvöö@£32ÄÖÆRÃ“bÃ2ãc"ÄÆ÷rÄ†÷BÄvöö@£C"ÄÖÆRÃSÃ"ã“bÄ†–v‚Äæ÷&ÖÂÄvöö@£crÄfVÖÆRÃCRÃ"ãSRÄ†–v‚Äæ÷&ÖÂÄvöö@£cbÄÖÆRÃcBÃã‚ÄÖöFW&FRÄ6öÆBÅö÷ £32ÄÖÆRÃsrÃã“RÄÆ÷rÄ6öÆBÅö÷ £3bÄfVÖÆRÃcÃ2ãƒ2Ä†–v‚Ä†÷BÄvöö@£C"ÄfVÖÆRÃ“’Ã"ã‚ÄÖöFW&FRÄ6öÆBÅö÷ £#bÄÖÆRÃcrÃ2ã’Ä†–v‚Äæ÷&ÖÂÄvöö@£C’ÄÖÆRÃsÃ2ã"ÄÖöFW&FRÄ†÷BÄvöö@£cÄÖÆRÃc"ÃãRÄÆ÷rÄ6öÆBÅö÷ £#ÄÖÆRÃS‚Ã"ã#rÄ†–v‚Äæ÷&ÖÂÄvöö@£C2ÄÖÆRÃƒRÃ2ã2Ä†–v‚Ä6öÆBÄvöö@£CÄÖÆRÃcbÃ"ãrÄÆ÷rÄæ÷&ÖÂÄvöö@£#ÄÖÆRÃ“BÃ2ã‚ÄÆ÷rÄ†÷BÄvöö@£C’ÄfVÖÆRÃSRÃ"ãbÄ†–v‚Ä6öÆBÄvöö@£S"ÄÖÆRÃcBÃ"ãc’Ä†–v‚Äæ÷&ÖÂÄvöö@£SÄfVÖÆRÃSBÃãS2ÄÖöFW&FRÄ6öÆBÅö÷ £C’ÄfVÖÆRÃƒ’Ã"ãSÄÆ÷rÄ6öÆBÅö÷ £C‚ÄfVÖÆRÃ“bÃ2ãcrÄÆ÷rÄ†÷BÄvöö@£CRÄfVÖÆRÃCRÃ"ãbÄÖöFW&FRÄ†÷BÄvöö@£c2ÄfVÖÆRÃsBÃ"ã"Ä†–v‚Ä6öÆBÅö÷ £3ÄfVÖÆRÃrÃ"ãcrÄÆ÷rÄ6öÆBÅö÷ £#rÄfVÖÆRÃCRÃãRÄÆ÷rÄ6öÆBÄvöö@£CbÄfVÖÆRÃs‚Ã2ãRÄ†–v‚Ä6öÆBÄvöö@£’ÄfVÖÆRÃ“‚Ã2ãRÄ†–v‚Äæ÷&ÖÂÄvöö@£c"ÄÖÆRÃsBÃ"ãrÄ†–v‚Ä6öÆBÄvöö@£c2ÄfVÖÆRÃs2ÃãcbÄÆ÷rÄæ÷&ÖÂÅö÷ £SBÄÖÆRÃc‚Ã"ãc’ÄÖöFW&FRÄ†÷BÄvöö@£32ÄÖÆRÃ“BÃ2ãsrÄ†–v‚Äæ÷&ÖÂÄvöö@£cÄfVÖÆRÃBÃBã#RÄÖöFW&FRÄ†÷BÄvöö@£CÄfVÖÆRÃcBÃ"ãƒBÄÆ÷rÄ†÷BÄvöö@£#ÄÖÆRÃsRÃ"ã’Ä†–v‚Äæ÷&ÖÂÄvöö@£CBÄÖÆRÃ’ÃBãcRÄ†–v‚Äæ÷&ÖÂÄvöö@£SbÄfVÖÆRÃCrÃãs2Ä†–v‚Äæ÷&ÖÂÄvöö@£cBÄÖÆRÃcBÃ"ãc"Ä†–v‚Äæ÷&ÖÂÄvöö@£3rÄfVÖÆRÃc2Ã"ãƒrÄ†–v‚Äæ÷&ÖÂÄvöö@£3‚ÄfVÖÆRÃƒrÃ2ã"ÄÖöFW&FRÄ6öÆBÄvöö@£3rÄÖÆRÃRÃ2ãsbÄÆ÷rÄ†÷BÄvöö@£3’ÄfVÖÆRÃƒ"Ã"ã3BÄÆ÷rÄ6öÆBÅö÷ £SbÄÖÆRÃRÃ"ã#BÄÆ÷rÄ6öÆBÅö÷ £cÄÖÆRÃcÃãcRÄÖöFW&FRÄ6öÆBÅö÷ £c’ÄÖÆRÃ“Ã2ã#‚ÄÖöFW&FRÄæ÷&ÖÂÄvöö@£C2ÄÖÆRÃ“RÃ"ãsÄÆ÷rÄæ÷&ÖÂÅö÷ £cÄÖÆRÃsÃã“2ÄÖöFW&FRÄ6öÆBÅö÷ £#‚ÄÖÆRÃs2Ã"ã3RÄÆ÷rÄ6öÆBÄvöö@£C"ÄÖÆRÃcRÃ"ãÄÖöFW&FRÄ6öÆBÄvöö@£cÄfVÖÆRÃsÃ"ãsÄ†–v‚Ä6öÆBÄvöö@£CÄÖÆRÃƒRÃBã#"Ä†–v‚Ä†÷BÄvöö@£cÄfVÖÆRÃ“BÃ2ãBÄ†–v‚Ä6öÆBÄvöö@£CÄÖÆRÃ“Ã"ã3"ÄÆ÷rÄæ÷&ÖÂÅö÷ £3ÄÖÆRÃ"ÃBã2Ä†–v‚Äæ÷&ÖÂÄvöö@£crÄfVÖÆRÃ"Ã2ãBÄÆ÷rÄæ÷&ÖÂÅö÷ £’ÄfVÖÆRÃsrÃ2ãs‚ÄÖöFW&FRÄ†÷BÄvöö@£CBÄfVÖÆRÃ“BÃ"ã3bÄÆ÷rÄæ÷&ÖÂÅö÷ £CBÄfVÖÆRÃsÃ2ãbÄÖöFW&FRÄæ÷&ÖÂÄvöö@£#RÄÖÆRÃs‚Ã"ãc’Ä†–v‚Ä6öÆBÄvöö@£CÄÖÆRÃcÃ"ã‚ÄÖöFW&FRÄæ÷&ÖÂÄvöö@£c’ÄÖÆRÃƒ"Ã2ãBÄ†–v‚Ä6öÆBÄvöö@£SRÄfVÖÆRÃsÃ"ãRÄÖöFW&FRÄ6öÆBÅö÷ £C"ÄÖÆRÃ"Ã"ãƒBÄÖöFW&FRÄ6öÆBÅö÷ £cRÄÖÆRÃSrÃãRÄÆ÷rÄæ÷&ÖÂÅö÷ £C"ÄfVÖÆRÃSBÃã“bÄÖöFW&FRÄæ÷&ÖÂÄvöö@£CBÄÖÆRÃÃ"ãƒ’ÄÆ÷rÄæ÷&ÖÂÅö÷ £C2ÄfVÖÆRÃCbÃãƒÄ†–v‚Ä6öÆBÄvöö@£3rÄfVÖÆRÃƒ"Ã2ã#2Ä†–v‚Äæ÷&ÖÂÄvöö@£CRÄfVÖÆRÃ“rÃBã3BÄ†–v‚Äæ÷&ÖÂÄvöö@£CÄÖÆRÃs"Ã"ã3"ÄÖöFW&FRÄæ÷&ÖÂÄvöö@£SRÄÖÆRÃcBÃã“RÄÆ÷rÄæ÷&ÖÂÄvöö@£#ÄÖÆRÃcrÃ2ãSbÄ†–v‚Ä†÷BÄvöö@£S2ÄÖÆRÃ‚Ã2ã3‚Ä†–v‚Ä6öÆBÄvöö@£C2ÄÖÆRÃƒÃ"ã“bÄÖöFW&FRÄæ÷&ÖÂÄvöö@£#rÄÖÆRÃƒ‚Ã"ã“RÄÆ÷rÄæ÷&ÖÂÄvöö@£#"ÄÖÆRÃc‚Ã2ãbÄÖöFW&FRÄ†÷BÄvöö@£CrÄfVÖÆRÃc2Ãã“’ÄÆ÷rÄ6öÆBÄvöö@£cbÄÖÆRÃÃ"ãSBÄÆ÷rÄæ÷&ÖÂÅö÷ £cÄfVÖÆRÃSRÃãRÄÆ÷rÄ6öÆBÅö÷ £3BÄÖÆRÃcÃ"ã#2ÄÖöFW&FRÄ6öÆBÄvöö@£#2ÄfVÖÆRÃbÃBã2Ä†–v‚Äæ÷&ÖÂÄvöö@£#‚ÄfVÖÆRÃSrÃ"ã3BÄ†–v‚Äæ÷&ÖÂÄvöö@£cbÄfVÖÆRÃs"Ã"ãs’Ä†–v‚Ä6öÆBÄvöö@£32ÄÖÆRÃƒÃãc’ÄÆ÷rÄ6öÆBÅö÷ £3rÄfVÖÆRÃCbÃ"ãƒRÄÖöFW&FRÄ†÷BÄvöö@£SBÄÖÆRÃ“BÃBãS‚Ä†–v‚Ä†÷BÄvöö@£CÄÖÆRÃS2Ã"ãCrÄÆ÷rÄ†÷BÄvöö@£SrÄfVÖÆRÃƒBÃ2ãs‚Ä†–v‚Ä†÷BÄvöö@£#2ÄfVÖÆRÃc2Ã"ãSRÄ†–v‚Ä6öÆBÄvöö@£3bÄÖÆRÃsrÃãS’ÄÆ÷rÄ6öÆBÅö÷ £c"ÄÖÆRÃRÃ2ãcBÄ†–v‚Ä6öÆBÄvöö@£3ÄÖÆRÃc"Ã2ã“"Ä†–v‚Ä†÷BÄvöö@£#2ÄÖÆRÃs"Ã"ãBÄÆ÷rÄæ÷&ÖÂÅö÷ £C’ÄÖÆRÃBÃ2ãSrÄ†–v‚Ä6öÆBÄvöö@£#bÄÖÆRÃ“‚ÃBãcBÄ†–v‚Ä†÷BÄvöö@£#ÄÖÆRÃcÃã‚ÄÆ÷rÄæ÷&ÖÂÅö÷ £C‚ÄfVÖÆRÃRÃ2ãC’ÄÆ÷rÄ†÷BÄvöö@£#ÄÖÆRÃ“BÃ2ãsBÄ†–v‚Äæ÷&ÖÂÄvöö@£S‚ÄfVÖÆRÃcÃ"ãÄ†–v‚Ä6öÆBÄvöö@£SÄÖÆRÃCbÃ"ã"ÄÖöFW&FRÄæ÷&ÖÂÄvöö@£cbÄfVÖÆRÃS’ÃãRÄÖöFW&FRÄ6öÆBÅö÷ £CrÄfVÖÆRÃ“BÃBãc"Ä†–v‚Ä†÷BÄvöö@£#’ÄÖÆRÃCbÃãRÄÆ÷rÄ6öÆBÄvöö@£CbÄÖÆRÃs2Ã"ã#rÄÖöFW&FRÄæ÷&ÖÂÄvöö@£C‚ÄfVÖÆRÃRÃBãÄÆ÷rÄ†÷BÄvöö@£’ÄÖÆRÃƒ‚Ã"ãsbÄÖöFW&FRÄ6öÆBÄvöö@£cbÄÖÆRÃC’ÃãƒrÄÆ÷rÄ†÷BÄvöö@£#RÄfVÖÆRÃ“BÃ2ã2ÄÆ÷rÄ†÷BÄvöö@£S‚ÄfVÖÆRÃSBÃ"ãS’Ä†–v‚Ä†÷BÄvöö@£SbÄfVÖÆRÃS‚Ã"ãCrÄ†–v‚Äæ÷&ÖÂÄvöö@£3BÄfVÖÆRÃcRÃã“bÄÖöFW&FRÄæ÷&ÖÂÄvöö@£SÄÖÆRÃ“‚Ã2ã‚ÄÆ÷rÄ†÷BÄvöö@£cRÄfVÖÆRÃƒ’Ã"ãS2ÄÖöFW&FRÄæ÷&ÖÂÅö÷ £crÄfVÖÆRÃcBÃ"ãs‚Ä†–v‚Ä6öÆBÄvöö@£‚ÄfVÖÆRÃ‚ÃBã’Ä†–v‚Ä6öÆBÄvöö@£‚ÄÖÆRÃ“rÃ2ã“bÄÆ÷rÄ†÷BÄvöö@£#"ÄfVÖÆRÃBÃ2ã3‚ÄÆ÷rÄæ÷&ÖÂÄvöö@£#’ÄfVÖÆRÃÃBã#‚ÄÖöFW&FRÄ†÷BÄvöö@£3RÄÖÆRÃSRÃ"ãÄÆ÷rÄ†÷BÄvöö@£#"ÄÖÆRÃÃ"ãƒbÄÖöFW&FRÄ6öÆBÅö÷ £CBÄfVÖÆRÃsbÃ2ãRÄ†–v‚Ä6öÆBÄvöö@£’ÄÖÆRÃC‚Ã"ãC"ÄÖöFW&FRÄæ÷&ÖÂÄvöö@£SBÄfVÖÆRÃ“"Ã"ãc’ÄÖöFW&FRÄæ÷&ÖÂÅö÷ £3ÄÖÆRÃƒbÃ2ã3rÄÆ÷rÄ†÷BÄvöö@£cBÄÖÆRÃSbÃãƒbÄÖöFW&FRÄæ÷&ÖÂÄvöö@£3"ÄÖÆRÃsÃ"ãCRÄÖöFW&FRÄ6öÆBÄvöö@£S"ÄÖÆRÃSrÃãRÄÖöFW&FRÄ6öÆBÅö÷ £#"ÄfVÖÆRÃƒrÃ"ãƒbÄÖöFW&FRÄ6öÆBÄvöö@£3bÄÖÆRÃ2ÃBã#rÄÖöFW&FRÄ†÷BÄvöö@£#’ÄÖÆRÃs2Ã2ã#bÄÖöFW&FRÄ†÷BÄvöö@£c‚ÄÖÆRÃƒrÃ2ã“2Ä†–v‚Ä†÷BÄvöö@£3‚ÄfVÖÆRÃS’Ã2ãs‚Ä†–v‚Ä†÷BÄvöö@£cBÄÖÆRÃCbÃãRÄÖöFW&FRÄ6öÆBÄvöö@£S‚ÄÖÆRÃSÃ"ã‚Ä†–v‚Ä†÷BÄvöö@£c‚ÄÖÆRÃcÃ"ã’ÄÖöFW&FRÄ†÷BÄvöö@£#bÄfVÖÆRÃsBÃ2ãƒ"ÄÖöFW&FRÄ†÷BÄvöö@£S’ÄÖÆRÃ‚Ã2ã“rÄÆ÷rÄ†÷BÄvöö@£#BÄÖÆRÃcÃ2ã‚Ä†–v‚Äæ÷&ÖÂÄvöö@£#bÄÖÆRÃCRÃãRÄÆ÷rÄ6öÆBÄvöö@£3rÄÖÆRÃ“RÃ2ãS"Ä†–v‚Äæ÷&ÖÂÄvöö@£SBÄÖÆRÃC’ÃãcbÄ†–v‚Ä6öÆBÄvöö@£3rÄfVÖÆRÃC’ÃãƒbÄÆ÷rÄ†÷BÄvöö@£#BÄfVÖÆRÃ’ÃBãsbÄ†–v‚Äæ÷&ÖÂÄvöö@£’ÄfVÖÆRÃSbÃãƒ2ÄÖöFW&FRÄ6öÆBÄvöö@£C’ÄfVÖÆRÃ“"Ã"ãsbÄÖöFW&FRÄ6öÆBÄvöö@£C‚ÄfVÖÆRÃ"Ã2ã3rÄÆ÷rÄ†÷BÄvöö@£#bÄfVÖÆRÃcRÃã“RÄÖöFW&FRÄ6öÆBÄvöö@£#BÄÖÆRÃSrÃ2ãRÄ†–v‚Äæ÷&ÖÂÄvöö@£c’ÄfVÖÆRÃs"ÃãRÄÆ÷rÄæ÷&ÖÂÅö÷ £c2ÄfVÖÆRÃ“"Ã"ã#BÄÖöFW&FRÄ6öÆBÅö÷ £cÄÖÆRÃƒBÃ"ã’ÄÆ÷rÄ†÷BÄvöö@£CBÄfVÖÆRÃCrÃ"ã“"ÄÖöFW&FRÄ†÷BÄvöö@£SrÄfVÖÆRÃc"ÃãRÄÆ÷rÄæ÷&ÖÂÅö÷ £SbÄÖÆRÃÃBãÄ†–v‚Äæ÷&ÖÂÄvöö@£#RÄÖÆRÃƒÃ2ã2Ä†–v‚Ä6öÆBÄvöö@£c"ÄÖÆRÃsBÃ"ãC’ÄÖöFW&FRÄ6öÆBÄvöö@£#’ÄÖÆRÃsÃãRÄÆ÷rÄ6öÆBÅö÷ £C‚ÄÖÆRÃS’Ã"ãƒ2ÄÖöFW&FRÄ†÷BÄvöö@£S’ÄÖÆRÃbÃ"ãc‚ÄÖöFW&FRÄ6öÆBÅö÷ £cbÄfVÖÆRÃS2Ãã“ÄÆ÷rÄ†÷BÄvöö@£SBÄfVÖÆRÃS2ÃãƒBÄ†–v‚Äæ÷&ÖÂÄvöö@£c2ÄfVÖÆRÃƒRÃ"ã3rÄÆ÷rÄæ÷&ÖÂÅö÷ £SBÄfVÖÆRÃSÃãRÄÆ÷rÄ6öÆBÅö÷ £3BÄfVÖÆRÃƒÃ2ãS’ÄÆ÷rÄ†÷BÄvöö@£CBÄfVÖÆRÃCRÃ"ã“BÄÖöFW&FRÄ†÷BÄvöö@£3ÄfVÖÆRÃBÃ2ãS‚ÄÖöFW&FRÄæ÷&ÖÂÄvöö@£‚ÄÖÆRÃS"Ã"ãC2Ä†–v‚Äæ÷&ÖÂÄvöö@£cBÄÖÆRÃƒÃ2ãC‚ÄÖöFW&FRÄ†÷BÄvöö@£c"ÄÖÆRÃC‚Ã"ãc’Ä†–v‚Ä†÷BÄvöö@£CrÄÖÆRÃ“Ã"ãBÄÆ÷rÄæ÷&ÖÂÅö÷ £3RÄÖÆRÃsBÃ2ãbÄ†–v‚Äæ÷&ÖÂÄvöö@£‚ÄÖÆRÃ"Ã2ã#"ÄÖöFW&FRÄæ÷&ÖÂÄvöö@£c"ÄfVÖÆRÃcbÃ"ãBÄÆ÷rÄæ÷&ÖÂÄvöö@£cRÄfVÖÆRÃrÃ"ãC’ÄÆ÷rÄ6öÆBÅö÷ £c‚ÄfVÖÆRÃbÃ"ã“RÄÆ÷rÄæ÷&ÖÂÅö÷ £S‚ÄfVÖÆRÃsÃ"ãRÄÖöFW&FRÄ6öÆBÄvöö@£S’ÄÖÆRÃSbÃ"ã“2Ä†–v‚Ä†÷BÄvöö@£#ÄfVÖÆRÃƒ2Ã2ãC‚ÄÖöFW&FRÄæ÷&ÖÂÄvöö@£c"ÄÖÆRÃRÃ2ãSrÄÖöFW&FRÄ†÷BÄvöö@£cbÄfVÖÆRÃsRÃ"ãCbÄÖöFW&FRÄ6öÆBÄvöö@£3rÄÖÆRÃcBÃ"ã3‚ÄÆ÷rÄæ÷&ÖÂÄvöö@£3bÄÖÆRÃSrÃãsRÄÖöFW&FRÄ6öÆBÄvöö@£cÄfVÖÆRÃ“2Ã2ãBÄ†–v‚Ä6öÆBÄvöö@£S"ÄfVÖÆRÃƒRÃã“bÄÖöFW&FRÄ6öÆBÅö÷ £CÄfVÖÆRÃsRÃ"ãC’ÄÖöFW&FRÄ6öÆBÄvöö@£SÄÖÆRÃBÃBã#"ÄÖöFW&FRÄ†÷BÄvöö@£#bÄÖÆRÃƒBÃ2ãSÄ†–v‚Ä6öÆBÄvöö@£CRÄfVÖÆRÃRÃRã3"Ä†–v‚Ä†÷BÄvöö@£SÄfVÖÆRÃbÃ2ã3rÄÆ÷rÄæ÷&ÖÂÄvöö@£c"ÄÖÆRÃC’ÃãRÄÖöFW&FRÄ6öÆBÄvöö@£CbÄÖÆRÃCrÃãRÄÆ÷rÄæ÷&ÖÂÄvöö@£cBÄÖÆRÃsbÃã‚ÄÖöFW&FRÄ6öÆBÅö÷ £CBÄÖÆRÃƒÃ"ãSrÄÖöFW&FRÄæ÷&ÖÂÄvöö@£3rÄÖÆRÃCrÃ2ã"Ä†–v‚Ä†÷BÄvöö@£SrÄÖÆRÃBÃ2ãC‚ÄÆ÷rÄ†÷BÄvöö@£#2ÄÖÆRÃcrÃ2ãRÄÆ÷rÄ†÷BÄvöö@£SbÄÖÆRÃƒBÃãSRÄÆ÷rÄ6öÆBÅö÷ £c"ÄfVÖÆRÃƒÃ2ã3‚Ä†–v‚Äæ÷&ÖÂÄvöö@£’ÄÖÆRÃS‚Ã"ãs"Ä†–v‚Ä6öÆBÄvöö@£crÄfVÖÆRÃS’ÃãRÄÆ÷rÄæ÷&ÖÂÅö÷ £cÄÖÆRÃsbÃã“BÄÆ÷rÄæ÷&ÖÂÅö÷ £cbÄÖÆRÃÃ2ã3ÄÖöFW&FRÄ6öÆBÄvöö@£#"ÄÖÆRÃc"Ã"ã"ÄÖöFW&FRÄæ÷&ÖÂÄvöö@£#ÄÖÆRÃÃ2ãCbÄÆ÷rÄ†÷BÄvöö@£c’ÄÖÆRÃrÃ2ã“‚ÄÖöFW&FRÄ†÷BÄvöö@£3’ÄÖÆRÃc"Ã"ã32Ä†–v‚Ä6öÆBÄvöö@£3"ÄfVÖÆRÃRÃBãÄ†–v‚Ä6öÆBÄvöö@£#rÄfVÖÆRÃC‚ÃãRÄÆ÷rÄæ÷&ÖÂÄvöö@£C’ÄÖÆRÃc‚Ã"ã“ÄÖöFW&FRÄ†÷BÄvöö@£C’ÄfVÖÆRÃ’Ã2ã“rÄÖöFW&FRÄæ÷&ÖÂÄvöö@£3‚ÄfVÖÆRÃƒbÃ2ãrÄÖöFW&FRÄæ÷&ÖÂÄvöö@£SrÄfVÖÆRÃc’ÃãRÄÆ÷rÄ6öÆBÅö÷ £S’ÄfVÖÆRÃs"Ã"ãc’Ä†–v‚Äæ÷&ÖÂÄvöö@£C’ÄfVÖÆRÃƒRÃ2ãCÄÖöFW&FRÄ†÷BÄvöö@£crÄfVÖÆRÃc‚Ã"ã#BÄÖöFW&FRÄæ÷&ÖÂÄvöö@£c’ÄfVÖÆRÃSBÃãc‚ÄÖöFW&FRÄæ÷&ÖÂÄvöö@£crÄÖÆRÃrÃ2ã“bÄ†–v‚Ä6öÆBÄvöö@£‚ÄÖÆRÃ"ÃBãCRÄ†–v‚Äæ÷&ÖÂÄvöö@£c2ÄfVÖÆRÃs"Ã2ãSrÄ†–v‚Ä†÷BÄvöö@£32ÄfVÖÆRÃ2Ã"ãCÄÆ÷rÄ6öÆBÅö÷ £cBÄfVÖÆRÃƒRÃ"ãƒ’ÄÖöFW&FRÄ6öÆBÄvöö@£#‚ÄfVÖÆRÃcBÃ2ã3rÄ†–v‚Äæ÷&ÖÂÄvöö@£C‚ÄfVÖÆRÃbÃBãC2Ä†–v‚Ä†÷BÄvöö@£#ÄfVÖÆRÃS‚Ã2ã3rÄ†–v‚Ä†÷BÄvöö@£CÄÖÆRÃƒÃ2ã"Ä†–v‚Äæ÷&ÖÂÄvöö@£C2ÄÖÆRÃc‚Ã"ã2ÄÖöFW&FRÄæ÷&ÖÂÄvöö@£cBÄÖÆRÃS’Ã"ã"Ä†–v‚Äæ÷&ÖÂÄvöö@£#ÄfVÖÆRÃC‚Ã2ãrÄÖöFW&FRÄ†÷BÄvöö@£3bÄÖÆRÃsÃ"ãCbÄÆ÷rÄ†÷BÄvöö@£#ÄÖÆRÃÃ2ãSBÄÖöFW&FRÄæ÷&ÖÂÄvöö@£SRÄÖÆRÃs‚Ã"ãƒ"ÄÖöFW&FRÄæ÷&ÖÂÄvöö@£’ÄÖÆRÃƒrÃ2ã“bÄ†–v‚Äæ÷&ÖÂÄvöö@£3‚ÄfVÖÆRÃSbÃãRÄÆ÷rÄ6öÆBÅö÷ £‚ÄÖÆRÃƒbÃ"ãc‚ÄÖöFW&FRÄ6öÆBÄvöö@£cbÄfVÖÆRÃSÃ2ãbÄ†–v‚Ä†÷BÄvöö@£cÄÖÆRÃSrÃãs"Ä†–v‚Ä6öÆBÄvöö@£S"ÄÖÆRÃs"Ãã“bÄÆ÷rÄ6öÆBÅö÷ £C’ÄfVÖÆRÃ’ÃBã#ÄÖöFW&FRÄ†÷BÄvöö@£c’ÄÖÆRÃC‚ÃãRÄÖöFW&FRÄ6öÆBÄvöö@£SrÄÖÆRÃÃ2ãS’ÄÆ÷rÄ†÷BÄvöö@£#ÄfVÖÆRÃ’ÃBã#RÄ†–v‚Ä6öÆBÄvöö@£c‚ÄÖÆRÃc’Ã"ãbÄÆ÷rÄ†÷BÄvöö@£#"ÄÖÆRÃ‚ÃBãÄÖöFW&FRÄ†÷BÄvöö@£c2ÄfVÖÆRÃcrÃãƒbÄÆ÷rÄ6öÆBÅö÷ £#"ÄÖÆRÃRÃ"ã“rÄÆ÷rÄæ÷&ÖÂÅö÷ £S‚ÄfVÖÆRÃSÃ2ã3‚Ä†–v‚Ä†÷BÄvöö@£crÄÖÆRÃBÃ2ã“2Ä†–v‚Ä6öÆBÄvöö@£‚ÄÖÆRÃbÃRã3BÄ†–v‚Ä†÷BÄvöö@£SbÄfVÖÆRÃ“rÃ2ãcrÄÖöFW&FRÄ†÷BÄvöö@£3"ÄfVÖÆRÃƒÃ"ã“’ÄÖöFW&FRÄ6öÆBÄvöö@£crÄÖÆRÃsRÃã“’ÄÖöFW&FRÄæ÷&ÖÂÅö÷ £#"ÄfVÖÆRÃcÃ2ã“bÄ†–v‚Ä†÷BÄvöö@£SbÄfVÖÆRÃƒbÃ2ãc‚Ä†–v‚Äæ÷&ÖÂÄvöö@£’ÄfVÖÆRÃÃ2ã3ÄÆ÷rÄæ÷&ÖÂÄvöö@£SrÄfVÖÆRÃrÃ2ãc’Ä†–v‚Äæ÷&ÖÂÄvöö@£C’ÄÖÆRÃRÃ2ã#"ÄÆ÷rÄ6öÆBÄvöö@£#’ÄfVÖÆRÃƒÃ2ãƒ’ÄÖöFW&FRÄ†÷BÄvöö@£SÄfVÖÆRÃSÃ"ãRÄ†–v‚Ä6öÆBÄvöö@£C2ÄfVÖÆRÃcBÃ"ã’ÄÖöFW&FRÄæ÷&ÖÂÄvöö@£3bÄÖÆRÃcÃ"ãBÄ†–v‚Ä6öÆBÄvöö@£#2ÄfVÖÆRÃcBÃ"ãSBÄÖöFW&FRÄ6öÆBÄvöö@£S‚ÄfVÖÆRÃSÃãRÄÆ÷rÄ6öÆBÅö÷ £#ÄÖÆRÃcÃ"ãbÄÆ÷rÄ†÷BÄvöö@£crÄfVÖÆRÃƒ‚Ã"ãƒ"ÄÖöFW&FRÄ6öÆBÄvöö@£#ÄÖÆRÃCrÃ"ãs"ÄÖöFW&FRÄ†÷BÄvöö@£SbÄÖÆRÃSÃ"ã’ÄÖöFW&FRÄ†÷BÄvöö@£#BÄfVÖÆRÃS"Ã"ãCÄÖöFW&FRÄ†÷BÄvöö@£CbÄÖÆRÃsÃ"ãC‚Ä†–v‚Ä6öÆBÄvöö@£CbÄfVÖÆRÃ“RÃ2ãCRÄ†–v‚Äæ÷&ÖÂÄvöö@£cRÄÖÆRÃsBÃ"ãS2ÄÆ÷rÄ†÷BÄvöö@£3BÄÖÆRÃƒrÃBã’Ä†–v‚Ä†÷BÄvöö@£#ÄfVÖÆRÃs2Ã"ãs’Ä†–v‚Ä6öÆBÄvöö@£cRÄfVÖÆRÃS2ÃãsrÄÖöFW&FRÄ6öÆBÄvöö@£#rÄÖÆRÃc‚Ã"ãS2ÄÆ÷rÄæ÷&ÖÂÄvöö@£3’ÄÖÆRÃRÃ2ãƒbÄ†–v‚Äæ÷&ÖÂÄvöö@£S’ÄfVÖÆRÃcÃãRÄÆ÷rÄ6öÆBÅö÷ £c"ÄfVÖÆRÃ“"Ã2ãSÄÖöFW&FRÄ†÷BÄvöö@£#2ÄfVÖÆRÃsrÃ2ã#rÄ†–v‚Äæ÷&ÖÂÄvöö@£#rÄfVÖÆRÃ“’Ã2ã3‚ÄÖöFW&FRÄ6öÆBÄvöö@£CÄfVÖÆRÃs"Ãã“rÄÖöFW&FRÄ6öÆBÅö÷ £cÄfVÖÆRÃ“RÃ2ãcrÄÖöFW&FRÄ†÷BÄvöö@£#RÄÖÆRÃs2Ã"ã‚ÄÆ÷rÄæ÷&ÖÂÅö÷ £3"ÄfVÖÆRÃC’Ã"ã3rÄ†–v‚Ä6öÆBÄvöö@£c2ÄÖÆRÃS’ÃãsBÄÆ÷rÄæ÷&ÖÂÅö÷ £S2ÄfVÖÆRÃƒ2Ã"ãRÄÆ÷rÄ6öÆBÅö÷ £#"ÄfVÖÆRÃsRÃBãÄ†–v‚Ä†÷BÄvöö@£C’ÄfVÖÆRÃC‚Ã2ãC’Ä†–v‚Ä†÷BÄvöö@£SRÄfVÖÆRÃS’Ãã“2ÄÆ÷rÄæ÷&ÖÂÄvöö@£C2ÄfVÖÆRÃƒ2Ã"ã3‚ÄÖöFW&FRÄ6öÆBÅö÷ £SBÄÖÆRÃsrÃBã2Ä†–v‚Ä†÷BÄvöö@£3rÄfVÖÆRÃ“bÃ2ã32Ä†–v‚Ä6öÆBÄvöö@£#’ÄfVÖÆRÃC‚ÃãRÄÆ÷rÄ6öÆBÄvöö@£#ÄÖÆRÃ“rÃ2ãc‚Ä†–v‚Ä6öÆBÄvöö@£#BÄfVÖÆRÃƒ’Ã"ã3’ÄÖöFW&FRÄ6öÆBÅö÷ £C’ÄfVÖÆRÃsÃ"ã“’ÄÖöFW&FRÄæ÷&ÖÂÄvöö@£C‚ÄfVÖÆRÃBÃ2ã‚ÄÆ÷rÄ†÷BÄvöö@£SÄfVÖÆRÃ“‚Ã"ãbÄÆ÷rÄ6öÆBÅö÷ £S‚ÄÖÆRÃ“RÃBãÄÖöFW&FRÄ†÷BÄvöö@£#rÄÖÆRÃƒ"Ã"ã2ÄÆ÷rÄæ÷&ÖÂÅö÷ £CbÄfVÖÆRÃc2Ã"ãCRÄÖöFW&FRÄæ÷&ÖÂÄvöö@£S’ÄÖÆRÃ“BÃBãcrÄ†–v‚Ä†÷BÄvöö@£SÄÖÆRÃC‚Ãã“BÄÖöFW&FRÄæ÷&ÖÂÄvöö@£C"ÄÖÆRÃS2Ããs‚ÄÆ÷rÄ6öÆBÄvöö@£C‚ÄÖÆRÃsrÃ"ãC2ÄÖöFW&FRÄæ÷&ÖÂÄvöö@£S"ÄÖÆRÃSrÃ"ã"Ä†–v‚Ä6öÆBÄvöö@£SÄfVÖÆRÃ“"Ã2ãCÄÖöFW&FRÄ6öÆBÄvöö@£‚ÄÖÆRÃ“‚Ã2ãSrÄ†–v‚Ä6öÆBÄvöö@£3BÄfVÖÆRÃcbÃãS"ÄÆ÷rÄ6öÆBÅö÷ £‚ÄfVÖÆRÃ“"Ã"ã“’Ä†–v‚Ä6öÆBÄvöö@£’ÄÖÆRÃc’Ã2ãCÄ†–v‚Äæ÷&ÖÂÄvöö@£C2ÄfVÖÆRÃCRÃãRÄÆ÷rÄ6öÆBÄvöö@£c2ÄÖÆRÃC’ÃãRÄÆ÷rÄæ÷&ÖÂÄvöö@£CbÄfVÖÆRÃs2Ã"ãSrÄÆ÷rÄ†÷BÄvöö@£#RÄÖÆRÃƒrÃ2ãrÄ†–v‚Ä6öÆBÄvöö@£SÄfVÖÆRÃs’Ããs"ÄÆ÷rÄæ÷&ÖÂÅö÷ £SÄÖÆRÃcRÃãSbÄÆ÷rÄ6öÆBÅö÷ £C’ÄfVÖÆRÃCRÃ"ã#ÄÆ÷rÄ†÷BÄvöö@£C2ÄfVÖÆRÃƒbÃ2ã3bÄ†–v‚Ä6öÆBÄvöö@£CBÄÖÆRÃ“RÃBã“’Ä†–v‚Ä†÷BÄvöö@£#RÄÖÆRÃsRÃ2ã‚ÄÖöFW&FRÄ†÷BÄvöö@£3‚ÄfVÖÆRÃsÃ"ãC2ÄÖöFW&FRÄæ÷&ÖÂÄvöö@£c2ÄÖÆRÃSbÃãRÄÆ÷rÄ6öÆBÅö÷ £#rÄfVÖÆRÃS"ÃãRÄÆ÷rÄæ÷&ÖÂÅö÷ £SRÄfVÖÆRÃ’Ã2ã"ÄÆ÷rÄæ÷&ÖÂÅö÷ £SÄfVÖÆRÃ“’Ã2ãBÄÖöFW&FRÄ6öÆBÄvöö@£3‚ÄfVÖÆRÃ“’Ã"ãsRÄÆ÷rÄ6öÆBÅö÷ £SbÄÖÆRÃs"ÃãƒbÄÆ÷rÄæ÷&ÖÂÅö÷ £SBÄfVÖÆRÃcbÃ"ãSRÄÖöFW&FRÄæ÷&ÖÂÄvöö@£c"ÄfVÖÆRÃS’Ãã’ÄÖöFW&FRÄæ÷&ÖÂÄvöö@£cBÄÖÆRÃc"ÃãRÄÆ÷rÄ6öÆBÅö÷ £SÄÖÆRÃC‚Ãã“"ÄÖöFW&FRÄæ÷&ÖÂÄvöö@£3bÄÖÆRÃ“"ÃBã#ÄÖöFW&FRÄ†÷BÄvöö@£S2ÄÖÆRÃ“"Ã"ãS‚ÄÆ÷rÄæ÷&ÖÂÅö÷ £cBÄÖÆRÃ‚Ã2ã#ÄÆ÷rÄ†÷BÅö÷ £CRÄÖÆRÃS’ÃãcrÄÖöFW&FRÄ6öÆBÅö÷ £C‚ÄÖÆRÃBÃBãC‚Ä†–v‚Äæ÷&ÖÂÄvöö@£#ÄÖÆRÃSÃãRÄÆ÷rÄ6öÆBÅö÷ £3BÄfVÖÆRÃSBÃ2ãCÄ†–v‚Ä†÷BÄvöö@£C2ÄfVÖÆRÃcbÃ"ãsbÄ†–v‚Ä6öÆBÄvöö@£#’ÄÖÆRÃƒ2ÃBãC2Ä†–v‚Ä†÷BÄvöö@£CÄÖÆRÃ“’Ã2ã"Ä†–v‚Ä6öÆBÄvöö@£CÄÖÆRÃ2ÃBãC2Ä†–v‚Äæ÷&ÖÂÄvöö@£#RÄÖÆRÃƒbÃ"ãbÄÆ÷rÄæ÷&ÖÂÄvöö@£#bÄfVÖÆRÃCRÃãRÄÆ÷rÄ6öÆBÄvöö@£cÄfVÖÆRÃbÃBãc"Ä†–v‚Ä†÷BÄvöö@£CRÄfVÖÆRÃSÃ"ãS"Ä†–v‚Äæ÷&ÖÂÄvöö@£S’ÄÖÆRÃƒ"Ã"ãSRÄÖöFW&FRÄ6öÆBÄvöö@£#ÄÖÆRÃs"Ãã’ÄÆ÷rÄ6öÆBÅö÷ £32ÄÖÆRÃƒ‚Ã2ãSÄ†–v‚Ä6öÆBÄvöö@£C‚ÄfVÖÆRÃ“"Ã2ãBÄÖöFW&FRÄ6öÆBÄvöö@£3BÄfVÖÆRÃs’Ã2ãCBÄÖöFW&FRÄ†÷BÄvöö@£CÄfVÖÆRÃÃ2ã’ÄÖöFW&FRÄæ÷&ÖÂÄvöö@£CÄÖÆRÃƒÃBãÄÖöFW&FRÄ†÷BÄvöö@£CbÄÖÆRÃs2Ã"ãƒ’Ä†–v‚Ä6öÆBÄvöö@£S’ÄfVÖÆRÃs"Ã"ã#2ÄÆ÷rÄ†÷BÄvöö@£S’ÄÖÆRÃc"Ã2ã3‚Ä†–v‚Ä†÷BÄvöö@£cbÄfVÖÆRÃc’Ã"ãbÄÖöFW&FRÄ†÷BÄvöö@£cRÄfVÖÆRÃ“BÃ"ãƒBÄ†–v‚Ä6öÆBÄvöö@£#‚ÄÖÆRÃƒRÃ"ã“"ÄÖöFW&FRÄ6öÆBÄvöö@£#ÄÖÆRÃƒ’Ãã“rÄÆ÷rÄ6öÆBÅö÷ £cRÄfVÖÆRÃ“"ÃBã2Ä†–v‚Ä†÷BÄvöö@£cRÄÖÆRÃsÃ"ã“"Ä†–v‚Äæ÷&ÖÂÄvöö@£CÄfVÖÆRÃ“’Ã2ã‚ÄÆ÷rÄæ÷&ÖÂÄvöö@£#rÄfVÖÆRÃƒ‚Ã2ãS’ÄÆ÷rÄ†÷BÄvöö@£3bÄfVÖÆRÃRÃ"ãcÄÆ÷rÄ6öÆBÅö÷ £3bÄÖÆRÃS‚ÃãcrÄÆ÷rÄ6öÆBÅö÷ £CRÄÖÆRÃc2ÃãRÄÆ÷rÄ6öÆBÅö÷ £cRÄÖÆRÃCrÃ"ãBÄÆ÷rÄ†÷BÄvöö@£c"ÄfVÖÆRÃSbÃãRÄÆ÷rÄ6öÆBÅö÷ £CRÄfVÖÆRÃ’Ã2ã“’ÄÖöFW&FRÄ†÷BÄvöö@£CBÄÖÆRÃcRÃBã‚Ä†–v‚Ä†÷BÄvöö@£3BÄÖÆRÃ“Ã2ãƒ"Ä†–v‚Ä6öÆBÄvöö@£#rÄfVÖÆRÃcBÃ"ãSrÄÆ÷rÄ†÷BÄvöö@£S"ÄfVÖÆRÃƒ2Ã2ã’ÄÆ÷rÄ†÷BÄvöö@£3"ÄÖÆRÃSbÃ"ã#BÄ†–v‚Äæ÷&ÖÂÄvöö@£S2ÄÖÆRÃsrÃ"ãc’ÄÆ÷rÄ†÷BÄvöö@£SrÄÖÆRÃ“Ã2ãBÄÖöFW&FRÄæ÷&ÖÂÄvöö@£#BÄÖÆRÃƒrÃBãÄ†–v‚Ä†÷BÄvöö@£c’ÄÖÆRÃRÃBãBÄÆ÷rÄ†÷BÄvöö@£cbÄÖÆRÃ2Ã"ã3RÄÆ÷rÄ6öÆBÅö÷ £#ÄÖÆRÃs‚Ãã’ÄÆ÷rÄ6öÆBÅö÷ £#’ÄÖÆRÃc‚Ã"ã#bÄÆ÷rÄæ÷&ÖÂÄvöö@£CbÄÖÆRÃ“‚Ã2ãCBÄÖöFW&FRÄæ÷&ÖÂÄvöö@£3’ÄÖÆRÃcBÃ"ã“rÄÖöFW&FRÄ†÷BÄvöö@£S‚ÄfVÖÆRÃ“RÃ2ã#RÄÖöFW&FRÄæ÷&ÖÂÄvöö@£3’ÄfVÖÆRÃ“BÃ2ã#ÄÆ÷rÄ†÷BÄvöö@£cÄfVÖÆRÃcrÃãS’ÄÆ÷rÄ6öÆBÅö÷ £#‚ÄÖÆRÃ“‚Ã2ãSbÄÆ÷rÄ†÷BÄvöö@£S"ÄfVÖÆRÃ“bÃ2ã#BÄ†–v‚Äæ÷&ÖÂÄvöö@£#ÄfVÖÆRÃ’ÃBã2ÄÖöFW&FRÄ†÷BÄvöö@£cÄfVÖÆRÃRÃBã32Ä†–v‚Äæ÷&ÖÂÄvöö@£c2ÄÖÆRÃsrÃBãÄ†–v‚Ä†÷BÄvöö@£crÄfVÖÆRÃ“Ã2ãrÄÖöFW&FRÄ†÷BÄvöö@£S2ÄÖÆRÃSrÃ"ãcÄÖöFW&FRÄ†÷BÄvöö@£#2ÄfVÖÆRÃƒbÃ2ãCrÄÆ÷rÄ†÷BÄvöö@£c"ÄÖÆRÃSÃãcÄÆ÷rÄ†÷BÄvöö@£cÄÖÆRÃcBÃ"ã‚ÄÖöFW&FRÄæ÷&ÖÂÄvöö@£c"ÄfVÖÆRÃ“"Ã"ãBÄÆ÷rÄ6öÆBÅö÷ £#’ÄÖÆRÃCRÃãRÄÖöFW&FRÄ6öÆBÄvöö@£C’ÄfVÖÆRÃSBÃãS‚ÄÆ÷rÄ6öÆBÅö÷ £#rÄÖÆRÃ’ÃBã“RÄÖöFW&FRÄ†÷BÄvöö@£C’ÄfVÖÆRÃ’ÃRãÄ†–v‚Ä†÷BÄvöö@£C2ÄÖÆRÃ’Ã2ãS‚ÄÆ÷rÄ†÷BÄvöö@£#’ÄfVÖÆRÃƒÃ2ãC"ÄÆ÷rÄ†÷BÄvöö@£C"ÄfVÖÆRÃS"Ã"ã3‚ÄÖöFW&FRÄæ÷&ÖÂÄvöö@£CBÄÖÆRÃrÃBãÄÖöFW&FRÄæ÷&ÖÂÄvöö@£S"ÄÖÆRÃcÃ2ãÄ†–v‚Ä†÷BÄvöö@£CrÄfVÖÆRÃsbÃ"ãSrÄÆ÷rÄ†÷BÄvöö@£SrÄÖÆRÃ“‚ÃBãsRÄ†–v‚Ä†÷BÄvöö@£3rÄfVÖÆRÃCRÃãSBÄÖöFW&FRÄæ÷&ÖÂÄvöö@£cbÄÖÆRÃÃ2ã32ÄÆ÷rÄ†÷BÄvöö@£3ÄÖÆRÃsbÃ2ã3BÄ†–v‚Äæ÷&ÖÂÄvöö@£3’ÄfVÖÆRÃsrÃ"ãc’ÄÆ÷rÄ†÷BÄvöö@£#"ÄÖÆRÃSbÃ"ã#RÄÖöFW&FRÄ6öÆBÄvöö@£CBÄÖÆRÃSrÃãƒbÄÆ÷rÄæ÷&ÖÂÄvöö@£#‚ÄfVÖÆRÃƒÃBã#2Ä†–v‚Ä†÷BÄvöö@£crÄÖÆRÃ“RÃ"ã‚ÄÆ÷rÄ6öÆBÅö÷ £3RÄÖÆRÃc"Ãã’ÄÆ÷rÄæ÷&ÖÂÄvöö@£cÄfVÖÆRÃS2Ãã“rÄ†–v‚Ä6öÆBÄvöö@£3"ÄÖÆRÃcÃ"ãCRÄ†–v‚Ä6öÆBÄvöö@£C2ÄfVÖÆRÃS‚Ã"ã#’Ä†–v‚Äæ÷&ÖÂÄvöö@£cRÄÖÆRÃS2Ã"ãsbÄ†–v‚Äæ÷&ÖÂÄvöö@£S"ÄÖÆRÃBÃ"ãSrÄÆ÷rÄ6öÆBÅö÷ £C2ÄÖÆRÃƒ2Ã"ãsbÄÆ÷rÄ†÷BÄvöö@£SrÄÖÆRÃ"Ã2ãCÄ†–v‚Ä6öÆBÄvöö@£3BÄÖÆRÃs2Ã"ã#ÄÆ÷rÄ6öÆBÄvöö@£S’ÄÖÆRÃs"Ã"ãS‚ÄÆ÷rÄ†÷BÄvöö@£#rÄÖÆRÃSRÃ"ã2ÄÖöFW&FRÄæ÷&ÖÂÄvöö@£CrÄfVÖÆRÃ“2Ã2ã#ÄÆ÷rÄ†÷BÄvöö@£CRÄÖÆRÃcBÃ2ã3‚Ä†–v‚Äæ÷&ÖÂÄvöö@£#’ÄÖÆRÃC’Ã"ãs"ÄÖöFW&FRÄ†÷BÄvöö@£#rÄÖÆRÃƒ2Ã2ã32ÄÖöFW&FRÄæ÷&ÖÂÄvöö@£’ÄÖÆRÃBÃ2ãC"ÄÆ÷rÄæ÷&ÖÂÄvöö@£SBÄfVÖÆRÃS"Ã"ãcbÄ†–v‚Ä†÷BÄvöö@£#ÄÖÆRÃs"Ã2ã3ÄÖöFW&FRÄ†÷BÄvöö@£CbÄÖÆRÃ“‚ÃBã2Ä†–v‚Äæ÷&ÖÂÄvöö@£#bÄfVÖÆRÃƒÃ"ã“‚Ä†–v‚Ä6öÆBÄvöö@£3BÄÖÆRÃ“"Ã"ãSÄÆ÷rÄ6öÆBÅö÷ £#’ÄÖÆRÃ"ÃBãƒ2Ä†–v‚Ä†÷BÄvöö@£#‚ÄfVÖÆRÃSÃ"ã#bÄ†–v‚Ä6öÆBÄvöö@£#ÄfVÖÆRÃS’Ã2ãBÄ†–v‚Äæ÷&ÖÂÄvöö@£S‚ÄfVÖÆRÃcÃãRÄÆ÷rÄ6öÆBÅö÷ £cÄfVÖÆRÃ‚Ã2ã"ÄÆ÷rÄæ÷&ÖÂÅö÷ £‚ÄÖÆRÃsRÃ"ãCRÄ†–v‚Ä6öÆBÄvöö@£S‚ÄÖÆRÃs"Ã"ãrÄÆ÷rÄ†÷BÅö÷ £S2ÄÖÆRÃ“’Ããƒ’ÄÆ÷rÄ6öÆBÅö÷ £c‚ÄfVÖÆRÃƒ"Ã"ãcrÄÖöFW&FRÄ6öÆBÄvöö@£#2ÄÖÆRÃƒ’Ã2ãƒ2Ä†–v‚Äæ÷&ÖÂÄvöö@£CbÄfVÖÆRÃsbÃ2ãsrÄÖöFW&FRÄ†÷BÄvöö@£c’ÄfVÖÆRÃs2Ã2ãbÄÖöFW&FRÄ†÷BÄvöö@£#ÄÖÆRÃ“RÃBãcbÄ†–v‚Ä†÷BÄvöö@£C"ÄfVÖÆRÃcbÃ"ãRÄÆ÷rÄ6öÆBÄvöö@£#RÄÖÆRÃƒ‚Ã"ãRÄÖöFW&FRÄ6öÆBÅö÷ £3’ÄfVÖÆRÃsÃãRÄÆ÷rÄ6öÆBÅö÷ £#BÄÖÆRÃÃ2ãRÄÆ÷rÄ†÷BÄvöö@£c‚ÄÖÆRÃcRÃã“BÄÆ÷rÄæ÷&ÖÂÅö÷ £CBÄfVÖÆRÃÃBã"Ä†–v‚Äæ÷&ÖÂÄvöö@£3BÄÖÆRÃsRÃ"ã’ÄÆ÷rÄæ÷&ÖÂÅö÷ £’ÄÖÆRÃsÃ2ã#2Ä†–v‚Ä6öÆBÄvöö@£CRÄÖÆRÃSÃãRÄÖöFW&FRÄ6öÆBÄvöö@£3bÄÖÆRÃÃ2ã#RÄÖöFW&FRÄ6öÆBÄvöö@£3rÄfVÖÆRÃƒ‚Ã2ãƒ‚Ä†–v‚Ä†÷BÄvöö@£#bÄfVÖÆRÃ“BÃ2ãc‚ÄÖöFW&FRÄæ÷&ÖÂÄvöö@£C’ÄÖÆRÃƒBÃBãÄÖöFW&FRÄ†÷BÄvöö@£3ÄÖÆRÃsÃ"ã“‚ÄÆ÷rÄ†÷BÄvöö@£#RÄÖÆRÃSBÃ"ãCÄ†–v‚Ä6öÆBÄvöö@£crÄfVÖÆRÃƒRÃ2ãS’Ä†–v‚Äæ÷&ÖÂÄvöö@£3BÄÖÆRÃ“"Ã2ãs‚Ä†–v‚Äæ÷&ÖÂÄvöö@£C"ÄÖÆRÃ“RÃ"ãs’ÄÆ÷rÄ6öÆBÅö÷ £CÄÖÆRÃ“bÃBã3RÄ†–v‚Ä†÷BÄvöö@£#‚ÄfVÖÆRÃƒrÃ"ã“RÄ†–v‚Ä6öÆBÄvöö@£#rÄÖÆRÃCRÃãƒ"ÄÆ÷rÄæ÷&ÖÂÄvöö@£#’ÄfVÖÆRÃC’ÃãcÄÆ÷rÄ6öÆBÄvöö@£#"ÄÖÆRÃSÃ"ãs2ÄÖöFW&FRÄ†÷BÄvöö@£3ÄÖÆRÃsrÃBã’Ä†–v‚Ä†÷BÄvöö@£#2ÄÖÆRÃ“RÃ2ãSRÄÆ÷rÄ†÷BÄvöö@£crÄÖÆRÃC‚ÃãRÄÆ÷rÄæ÷&ÖÂÄvöö@£c’ÄÖÆRÃ“rÃBãRÄ†–v‚Ä†÷BÄvöö@£3‚ÄÖÆRÃsRÃãƒBÄÆ÷rÄæ÷&ÖÂÅö÷ £#BÄfVÖÆRÃRÃBãCBÄ†–v‚Äæ÷&ÖÂÄvöö@£#bÄÖÆRÃBÃBãc‚Ä†–v‚Ä†÷BÄvöö@£3"ÄÖÆRÃSÃãRÄÆ÷rÄ6öÆBÅö÷ £CÄfVÖÆRÃ‚Ã2ãbÄÖöFW&FRÄ6öÆBÅö÷ £SÄÖÆRÃ“‚ÃBãÄ†–v‚Äæ÷&ÖÂÄvöö@£SÄÖÆRÃs"Ã2ãCÄ†–v‚Ä†÷BÄvöö@£cÄfVÖÆRÃƒÃ"ãs2Ä†–v‚Ä6öÆBÄvöö@£crÄÖÆRÃc’Ã2ã#‚Ä†–v‚Ä†÷BÄvöö@£’ÄfVÖÆRÃs"Ã"ã#bÄÆ÷rÄæ÷&ÖÂÄvöö@£CÄÖÆRÃc‚ÃãRÄÆ÷rÄ6öÆBÅö÷ £#RÄÖÆRÃc"Ã"ãSbÄ†–v‚Äæ÷&ÖÂÄvöö@£#RÄÖÆRÃÃ2ãCRÄ†–v‚Ä6öÆBÄvöö@£3rÄÖÆRÃc"Ã"ãƒ2Ä†–v‚Äæ÷&ÖÂÄvöö@£3RÄÖÆRÃƒbÃ2ã’Ä†–v‚Ä6öÆBÄvöö@£3‚ÄÖÆRÃBÃRã2Ä†–v‚Ä†÷BÄvöö@£#ÄfVÖÆRÃƒrÃBã#rÄÖöFW&FRÄ†÷BÄvöö@£crÄÖÆRÃrÃ2ãSbÄÆ÷rÄ†÷BÄvöö@£CrÄÖÆRÃ‚Ã"ãƒBÄÆ÷rÄ6öÆBÅö÷ £c’ÄÖÆRÃcrÃ"ã#RÄ†–v‚Ä6öÆBÄvöö@£#rÄfVÖÆRÃc’Ã"ãCrÄÖöFW&FRÄ6öÆBÄvöö@£c‚ÄÖÆRÃc‚Ã"ãÄ†–v‚Ä6öÆBÄvöö@£crÄfVÖÆRÃsBÃ"ã3"ÄÆ÷rÄ†÷BÄvöö@£3BÄÖÆRÃs"Ã"ãbÄÆ÷rÄæ÷&ÖÂÄvöö@£#rÄÖÆRÃ’ÃBãCÄ†–v‚Äæ÷&ÖÂÄvöö@£C’ÄfVÖÆRÃsÃ"ãBÄÖöFW&FRÄ6öÆBÄvöö@£#BÄfVÖÆRÃƒ"Ã"ãs’ÄÆ÷rÄ†÷BÄvöö@£SrÄfVÖÆRÃ"Ã2ãrÄ†–v‚Ä6öÆBÄvöö@£CBÄÖÆRÃs‚Ã"ãÄÆ÷rÄ6öÆBÅö÷ £3"ÄfVÖÆRÃSBÃ"ãrÄÖöFW&FRÄ6öÆBÄvöö@£C2ÄÖÆRÃcÃãs"ÄÆ÷rÄæ÷&ÖÂÅö÷ £#‚ÄÖÆRÃcÃ"ãs2Ä†–v‚Äæ÷&ÖÂÄvöö@£#ÄÖÆRÃ“rÃBãCRÄÖöFW&FRÄ†÷BÄvöö@£c2ÄÖÆRÃs2Ã2ãC"Ä†–v‚Ä†÷BÄvöö@£cRÄfVÖÆRÃÃ"ã3"ÄÆ÷rÄæ÷&ÖÂÅö÷ £#ÄfVÖÆRÃc2ÃãƒBÄÆ÷rÄ6öÆBÅö÷ £c‚ÄÖÆRÃc’Ã"ãÄÆ÷rÄ†÷BÄvöö@£c"ÄÖÆRÃ“rÃ2ãsÄÆ÷rÄ†÷BÄvöö@£#"ÄÖÆRÃ“BÃ2ãCÄÆ÷rÄ†÷BÄvöö@£CbÄÖÆRÃcRÃãsrÄÆ÷rÄæ÷&ÖÂÅö÷ £3BÄÖÆRÃCrÃ"ãs’Ä†–v‚Ä†÷BÄvöö@£crÄÖÆRÃ“‚ÃBã2ÄÖöFW&FRÄ†÷BÄvöö@£#2ÄÖÆRÃƒRÃ"ã’ÄÆ÷rÄæ÷&ÖÂÅö÷ £CbÄÖÆRÃ2Ã2ãRÄ†–v‚Ä6öÆBÄvöö@£c2ÄfVÖÆRÃSbÃãRÄÆ÷rÄæ÷&ÖÂÅö÷ £3ÄfVÖÆRÃ“2ÃBã#BÄ†–v‚Ä†÷BÄvöö@£3BÄfVÖÆRÃƒrÃ"ãc‚ÄÖöFW&FRÄ6öÆBÄvöö@£#BÄÖÆRÃSbÃãS"ÄÆ÷rÄæ÷&ÖÂÅö÷ £cBÄÖÆRÃc2Ã"ãCÄÖöFW&FRÄæ÷&ÖÂÄvöö@£#RÄÖÆRÃƒBÃ"ãƒBÄÆ÷rÄæ÷&ÖÂÄvöö@£S"ÄfVÖÆRÃsÃ"ã“"Ä†–v‚Äæ÷&ÖÂÄvöö@£3‚ÄÖÆRÃ“bÃBã#rÄ†–v‚Äæ÷&ÖÂÄvöö@£SÄÖÆRÃƒ’Ã2ã3rÄÖöFW&FRÄ6öÆBÄvöö@£S2ÄfVÖÆRÃcÃ2ãcÄ†–v‚Ä†÷BÄvöö@£3‚ÄfVÖÆRÃƒ"Ã"ã3ÄÖöFW&FRÄ6öÆBÅö÷ £cRÄÖÆRÃSbÃ2ãRÄ†–v‚Ä†÷BÄvöö@£cRÄfVÖÆRÃSÃãcÄÖöFW&FRÄ6öÆBÄvöö@£C"ÄÖÆRÃ“"Ã2ã“2Ä†–v‚Ä6öÆBÄvöö@£#‚ÄÖÆRÃsrÃ2ã#BÄÖöFW&FRÄ†÷BÄvöö@£SbÄÖÆRÃc‚Ã"ã#"ÄÆ÷rÄæ÷&ÖÂÄvöö@£cÄfVÖÆRÃS2ÃãRÄÖöFW&FRÄ6öÆBÅö÷ £SRÄÖÆRÃC’ÃãRÄÆ÷rÄ6öÆBÄvöö@£SÄfVÖÆRÃrÃ2ãSbÄÆ÷rÄ†÷BÄvöö@£S2ÄfVÖÆRÃƒÃ2ãÄ†–v‚Äæ÷&ÖÂÄvöö@£c‚ÄÖÆRÃcÃ"ã#RÄÖöFW&FRÄæ÷&ÖÂÄvöö@£#rÄÖÆRÃsRÃ2ã“rÄ†–v‚Ä†÷BÄvöö@£S‚ÄfVÖÆRÃ“Ã"ãƒ’ÄÆ÷rÄ†÷BÄvöö@£32ÄfVÖÆRÃƒBÃ"ãbÄÆ÷rÄ6öÆBÅö÷ £#rÄfVÖÆRÃCRÃãcBÄÆ÷rÄ†÷BÄvöö@£CRÄÖÆRÃ“"Ã2ã“Ä†–v‚Äæ÷&ÖÂÄvöö@£SRÄfVÖÆRÃƒ‚Ã2ã#‚Ä†–v‚Ä6öÆBÄvöö@£#"ÄÖÆRÃSÃã“bÄÖöFW&FRÄ6öÆBÄvöö@£S’ÄÖÆRÃÃ2ãs"Ä†–v‚Ä6öÆBÄvöö@£3BÄfVÖÆRÃrÃBã3rÄ†–v‚Ä6öÆBÄvöö@£c‚ÄfVÖÆRÃcRÃ"ã3BÄÖöFW&FRÄæ÷&ÖÂÄvöö@£32ÄfVÖÆRÃ“Ã2ãƒ"Ä†–v‚Ä6öÆBÄvöö@£cÄfVÖÆRÃCrÃãRÄ†–v‚Ä6öÆBÄvöö@£SRÄÖÆRÃs‚Ã"ã#"ÄÖöFW&FRÄ6öÆBÅö÷ £C2ÄfVÖÆRÃsbÃ2ã3rÄÖöFW&FRÄ†÷BÄvöö@£SRÄÖÆRÃ“’Ã2ã"Ä†–v‚Ä6öÆBÄvöö@£c‚ÄfVÖÆRÃÃ"ã3’ÄÆ÷rÄ6öÆBÅö÷ £SRÄfVÖÆRÃSbÃãRÄÆ÷rÄ6öÆBÅö÷ £#rÄÖÆRÃ’ÃBãÄ†–v‚Ä6öÆBÄvöö@£c‚ÄÖÆRÃ‚Ã2ã"ÄÆ÷rÄ†÷BÅö÷ £3bÄÖÆRÃsBÃ2ã#ÄÆ÷rÄ†÷BÄvöö@£3RÄÖÆRÃc‚Ã"ã32ÄÖöFW&FRÄæ÷&ÖÂÄvöö@£cÄÖÆRÃÃ2ã#2Ä†–v‚Ä6öÆBÄvöö@£c’ÄÖÆRÃsbÃ"ãbÄ†–v‚Äæ÷&ÖÂÄvöö@£3RÄfVÖÆRÃ“2Ã2ãRÄ†–v‚Ä6öÆBÄvöö@£c"ÄÖÆRÃ“’ÃBãbÄ†–v‚Äæ÷&ÖÂÄvöö@£3ÄfVÖÆRÃrÃRã’Ä†–v‚Ä†÷BÄvöö@£#rÄÖÆRÃcbÃ2ã3RÄ†–v‚Äæ÷&ÖÂÄvöö@£S"ÄfVÖÆRÃcÃã‚ÄÆ÷rÄæ÷&ÖÂÄvöö@£#‚ÄfVÖÆRÃcÃ2ãrÄ†–v‚Äæ÷&ÖÂÄvöö@£#’ÄÖÆRÃCrÃãRÄÆ÷rÄ6öÆBÄvöö@£3bÄfVÖÆRÃc2Ã"ãS‚Ä†–v‚Ä6öÆBÄvöö@£3rÄÖÆRÃcbÃ"ã“BÄ†–v‚Äæ÷&ÖÂÄvöö@£cÄÖÆRÃSBÃãRÄÆ÷rÄæ÷&ÖÂÅö÷ £3BÄfVÖÆRÃSÃãRÄÆ÷rÄ6öÆBÅö÷ £C‚ÄÖÆRÃƒÃ"ã3BÄÆ÷rÄ6öÆBÅö÷ £#BÄÖÆRÃcÃ"ãRÄÖöFW&FRÄæ÷&ÖÂÄvöö@£S"ÄÖÆRÃS‚ÃãsRÄÖöFW&FRÄæ÷&ÖÂÄvöö@£#bÄÖÆRÃSRÃãRÄÆ÷rÄ6öÆBÅö÷ £#bÄÖÆRÃc’Ã"ã3rÄÖöFW&FRÄæ÷&ÖÂÄvöö@£CÄfVÖÆRÃ“Ã"ãCrÄÖöFW&FRÄ6öÆBÅö÷ £cBÄfVÖÆRÃc‚ÃãƒBÄÖöFW&FRÄ6öÆBÅö÷ £C2ÄfVÖÆRÃƒ"Ã2ãBÄ†–v‚Ä6öÆBÄvöö@£c2ÄfVÖÆRÃƒrÃãsbÄÆ÷rÄ6öÆBÅö÷ £#RÄfVÖÆRÃC’Ã"ã3’ÄÖöFW&FRÄ†÷BÄvöö@£SbÄÖÆRÃ’Ã"ãƒ’ÄÖöFW&FRÄ6öÆBÅö÷ £#ÄfVÖÆRÃ“bÃBãC2ÄÖöFW&FRÄ†÷BÄvöö@£3bÄfVÖÆRÃC‚Ããc2ÄÆ÷rÄ6öÆBÄvöö@£crÄÖÆRÃƒrÃãƒBÄÆ÷rÄæ÷&ÖÂÅö÷ £S‚ÄfVÖÆRÃsRÃ2ãS’ÄÖöFW&FRÄ†÷BÄvöö@£32ÄfVÖÆRÃÃ2ã#‚ÄÖöFW&FRÄæ÷&ÖÂÄvöö@£CrÄÖÆRÃSÃãRÄÆ÷rÄ6öÆBÅö÷ £CrÄÖÆRÃcbÃ"ãSRÄ†–v‚Ä6öÆBÄvöö@£C‚ÄfVÖÆRÃC‚Ããs2ÄÖöFW&FRÄæ÷&ÖÂÄvöö@£CrÄfVÖÆRÃSÃ"ã"ÄÖöFW&FRÄæ÷&ÖÂÄvöö@£#rÄfVÖÆRÃƒ2Ã2ãCrÄÖöFW&FRÄ†÷BÄvöö@£S"ÄÖÆRÃ“bÃ"ãSÄÖöFW&FRÄ6öÆBÅö÷ £CÄfVÖÆRÃSrÃ"ãƒ2Ä†–v‚Ä6öÆBÄvöö@£3BÄÖÆRÃcÃ2ã“BÄ†–v‚Ä†÷BÄvöö@£3bÄfVÖÆRÃc2Ã"ãS"Ä†–v‚Äæ÷&ÖÂÄvöö@£CbÄÖÆRÃsBÃ"ãbÄÆ÷rÄæ÷&ÖÂÄvöö@£CbÄfVÖÆRÃ“"Ã2ã“"ÄÖöFW&FRÄ†÷BÄvöö@£CRÄÖÆRÃ“bÃ"ãC2ÄÆ÷rÄæ÷&ÖÂÅö÷ £3‚ÄÖÆRÃ"ÃBãÄÆ÷rÄ†÷BÄvöö@£SrÄfVÖÆRÃcÃãRÄÆ÷rÄ6öÆBÅö÷ £3"ÄÖÆRÃSRÃ"ã“Ä†–v‚Ä†÷BÄvöö@£CÄfVÖÆRÃ“"ÃBãƒ"Ä†–v‚Ä†÷BÄvöö@£C2ÄfVÖÆRÃS"Ã"ãsrÄ†–v‚Äæ÷&ÖÂÄvöö@£3ÄÖÆRÃƒRÃBãÄÖöFW&FRÄ†÷BÄvöö@£S"ÄfVÖÆRÃs‚Ã"ã3BÄ†–v‚Ä6öÆBÄvöö@£S2ÄfVÖÆRÃSbÃ"ãrÄÖöFW&FRÄ†÷BÄvöö@£CbÄfVÖÆRÃ“2Ã2ã“"ÄÖöFW&FRÄ†÷BÄvöö@£S"ÄÖÆRÃS2Ã"ãS"ÄÖöFW&FRÄ†÷BÄvöö@£SbÄfVÖÆRÃƒ"Ã"ã#ÄÆ÷rÄ6öÆBÅö÷ £C2ÄfVÖÆRÃ2Ã"ãƒ"ÄÖöFW&FRÄ6öÆBÅö÷ £S"ÄÖÆRÃsÃ"ã‚Ä†–v‚Ä6öÆBÅö÷ £’ÄfVÖÆRÃcrÃ"ãC’ÄÆ÷rÄ†÷BÄvöö@£SÄÖÆRÃ“BÃBãS‚Ä†–v‚Ä†÷BÄvöö@£c‚ÄÖÆRÃƒbÃBãBÄ†–v‚Ä†÷BÄvöö@£C‚ÄÖÆRÃ2ÃBã#bÄÆ÷rÄ†÷BÄvöö@£C2ÄÖÆRÃ“RÃBã#BÄ†–v‚Äæ÷&ÖÂÄvöö@£#‚ÄfVÖÆRÃ“bÃ"ãC2ÄÆ÷rÄæ÷&ÖÂÅö÷ £#’ÄÖÆRÃcrÃ2ã’ÄÆ÷rÄ†÷BÄvöö@£cÄfVÖÆRÃrÃ2ãsÄ†–v‚Äæ÷&ÖÂÄvöö@£CÄÖÆRÃƒbÃ2ã“RÄÖöFW&FRÄ†÷BÄvöö@£3‚ÄfVÖÆRÃc’Ã2ã#rÄÖöFW&FRÄ†÷BÄvöö@£SBÄfVÖÆRÃÃBãbÄ†–v‚Ä†÷BÄvöö@£CbÄfVÖÆRÃ“ÃBã#Ä†–v‚Ä†÷BÄvöö@£C’ÄfVÖÆRÃSrÃ2ãrÄ†–v‚Äæ÷&ÖÂÄvöö@£#‚ÄÖÆRÃ“‚ÃBã3rÄ†–v‚Äæ÷&ÖÂÄvöö@£c’ÄÖÆRÃs2Ã2ã‚Ä†–v‚Ä†÷BÄvöö@£cbÄfVÖÆRÃƒRÃ2ãc"Ä†–v‚Ä†÷BÄvöö@£cÄfVÖÆRÃSbÃãbÄ†–v‚Ä6öÆBÅö÷ £SRÄÖÆRÃC‚Ããc"ÄÖöFW&FRÄæ÷&ÖÂÄvöö@£#rÄÖÆRÃc"Ã"ãÄÆ÷rÄæ÷&ÖÂÄvöö@£3bÄfVÖÆRÃ"ÃBã3bÄÖöFW&FRÄ†÷BÄvöö@£CÄÖÆRÃcrÃ"ã“rÄÆ÷rÄ†÷BÄvöö@£c"ÄfVÖÆRÃs‚Ã"ãCBÄÆ÷rÄæ÷&ÖÂÄvöö@£3ÄfVÖÆRÃÃBãC2Ä†–v‚Ä†÷BÄvöö@£cÄÖÆRÃSrÃ"ãRÄÆ÷rÄ†÷BÄvöö@£#RÄÖÆRÃƒrÃBãRÄ†–v‚Ä†÷BÄvöö@£3ÄÖÆRÃ“’Ã"ãsbÄÖöFW&FRÄ6öÆBÅö÷ £c"ÄÖÆRÃsÃ"ã‚ÄÖöFW&FRÄ6öÆBÅö÷ £3bÄÖÆRÃ’ÃBã32ÄÆ÷rÄ†÷BÄvöö@£cÄfVÖÆRÃsÃ"ãÄÖöFW&FRÄæ÷&ÖÂÄvöö@£c"ÄÖÆRÃƒ"Ã"ãSÄÖöFW&FRÄ6öÆBÄvöö@£c’ÄÖÆRÃC’ÃãRÄÆ÷rÄ6öÆBÄvöö@£c2ÄfVÖÆRÃƒBÃ"ã"ÄÆ÷rÄ6öÆBÅö÷ £CbÄÖÆRÃc"Ã"ã#bÄÖöFW&FRÄæ÷&ÖÂÄvöö@£3bÄfVÖÆRÃ“"Ã"ã“RÄÖöFW&FRÄ6öÆBÄvöö@£‚ÄÖÆRÃƒ2Ã"ãc’ÄÖöFW&FRÄæ÷&ÖÂÄvöö@£cÄÖÆRÃ“bÃ2ã"ÄÖöFW&FRÄæ÷&ÖÂÄvöö@£CÄÖÆRÃsÃ"ãƒÄÆ÷rÄ†÷BÄvöö@£’ÄfVÖÆRÃbÃ2ãS’ÄÆ÷rÄ†÷BÄvöö@£#’ÄfVÖÆRÃƒBÃ"ãS’ÄÖöFW&FRÄæ÷&ÖÂÄvöö@£3"ÄÖÆRÃC‚Ã2ãCÄ†–v‚Ä†÷BÄvöö@£CÄfVÖÆRÃ“2Ã2ã#bÄÖöFW&FRÄæ÷&ÖÂÄvöö@£‚ÄfVÖÆRÃ’ÃBã#RÄ†–v‚Ä6öÆBÄvöö@£cRÄfVÖÆRÃÃBãƒbÄ†–v‚Ä†÷BÄvöö@£3"ÄÖÆRÃc"Ã"ãƒ‚ÄÆ÷rÄ†÷BÄvöö@£c’ÄfVÖÆRÃS"ÃãRÄÆ÷rÄæ÷&ÖÂÅö÷ £#2ÄfVÖÆRÃƒBÃ2ãƒ’Ä†–v‚Äæ÷&ÖÂÄvöö@£CbÄfVÖÆRÃs’Ã2ã"ÄÆ÷rÄ†÷BÄvöö@£#’ÄfVÖÆRÃsrÃ"ã2ÄÖöFW&FRÄ6öÆBÅö÷ £SRÄfVÖÆRÃ“Ã2ã3BÄ†–v‚Ä6öÆBÄvöö@£C‚ÄÖÆRÃƒBÃ2ãSbÄÖöFW&FRÄ†÷BÄvöö@£S’ÄfVÖÆRÃƒ‚Ã2ãrÄÆ÷rÄ†÷BÄvöö@£3rÄfVÖÆRÃ“rÃBãsBÄ†–v‚Ä†÷BÄvöö@£c’ÄÖÆRÃsÃ"ãbÄÖöFW&FRÄæ÷&ÖÂÄvöö@£#"ÄÖÆRÃÃ2ã3BÄÆ÷rÄæ÷&ÖÂÄvöö@£CrÄfVÖÆRÃƒ’Ã2ãbÄÆ÷rÄæ÷&ÖÂÄvöö@£#RÄfVÖÆRÃ“Ã2ã’ÄÖöFW&FRÄ†÷BÄvöö@£#BÄfVÖÆRÃsÃ"ãC’ÄÆ÷rÄ†÷BÄvöö@£3BÄfVÖÆRÃSÃ"ã#‚ÄÖöFW&FRÄæ÷&ÖÂÄvöö@£3bÄfVÖÆRÃ“‚ÃBãƒBÄ†–v‚Ä†÷BÄvöö@£S"ÄÖÆRÃs’Ã2ã3ÄÖöFW&FRÄ†÷BÄvöö@£#2ÄfVÖÆRÃcrÃ"ãS’ÄÆ÷rÄ†÷BÄvöö@£c‚ÄfVÖÆRÃbÃBã#‚Ä†–v‚Äæ÷&ÖÂÄvöö@£‚ÄfVÖÆRÃ“2Ã2ã3RÄÖöFW&FRÄ6öÆBÄvöö@£CRÄÖÆRÃƒÃãƒRÄÆ÷rÄ6öÆBÅö÷ £cRÄÖÆRÃc2Ã"ãbÄÆ÷rÄ†÷BÄvöö@£3"ÄÖÆRÃc‚Ã"ãƒ2ÄÖöFW&FRÄæ÷&ÖÂÄvöö@£#RÄfVÖÆRÃ2Ã2ã#‚ÄÖöFW&FRÄ6öÆBÄvöö@£CRÄfVÖÆRÃs‚Ã2ã"Ä†–v‚Äæ÷&ÖÂÄvöö@£CBÄfVÖÆRÃSbÃ2ã2ÄÖöFW&FRÄ†÷BÄvöö@£c’ÄÖÆRÃÃ"ãS"ÄÆ÷rÄ6öÆBÅö÷ £3ÄfVÖÆRÃrÃ2ã“BÄ†–v‚Ä6öÆBÄvöö@£3’ÄÖÆRÃ“bÃ"ã“"ÄÆ÷rÄ6öÆBÄvöö@£#"ÄfVÖÆRÃ2ÃRãÄ†–v‚Ä†÷BÄvöö@£CÄÖÆRÃS‚Ã2ã2ÄÖöFW&FRÄ†÷BÄvöö@£c’ÄfVÖÆRÃc’Ã"ã3‚ÄÆ÷rÄ†÷BÄvöö@£3RÄfVÖÆRÃƒÃ2ãÄÆ÷rÄ†÷BÄvöö@£C"ÄfVÖÆRÃcBÃ"ã“bÄ†–v‚Ä6öÆBÄvöö@£3BÄfVÖÆRÃRÃBã2ÄÆ÷rÄ†÷BÄvöö@£SBÄfVÖÆRÃcBÃ"ãCRÄ†–v‚Ä6öÆBÄvöö@£SBÄfVÖÆRÃs’Ã"ãs’ÄÆ÷rÄ†÷BÄvöö@£32ÄÖÆRÃC‚Ã2ãÄ†–v‚Ä†÷BÄvöö@£3BÄÖÆRÃƒ‚Ã"ã“BÄÖöFW&FRÄ6öÆBÄvöö@£SÄfVÖÆRÃƒbÃ"ãcRÄÆ÷rÄæ÷&ÖÂÄvöö@£CÄfVÖÆRÃƒÃ"ãcBÄÆ÷rÄæ÷&ÖÂÄvöö@£3ÄfVÖÆRÃSBÃãSÄÆ÷rÄ6öÆBÅö÷ £c2ÄfVÖÆRÃ“rÃ2ãRÄÆ÷rÄ†÷BÄvöö@£c"ÄfVÖÆRÃSrÃ"ãC’Ä†–v‚Ä6öÆBÄvöö@£SBÄÖÆRÃs‚Ã"ã#2ÄÖöFW&FRÄ6öÆBÅö÷ £CBÄfVÖÆRÃSbÃ2ãrÄ†–v‚Äæ÷&ÖÂÄvöö@£CRÄÖÆRÃS2Ã"ãÄÆ÷rÄ†÷BÄvöö@£CÄÖÆRÃsBÃ"ãÄÆ÷rÄæ÷&ÖÂÅö÷ £S2ÄÖÆRÃsBÃ"ãS‚ÄÖöFW&FRÄ6öÆBÄvöö@£32ÄfVÖÆRÃcBÃãSrÄÆ÷rÄæ÷&ÖÂÅö÷ £CbÄÖÆRÃƒÃ2ãÄÖöFW&FRÄæ÷&ÖÂÄvöö@£‚ÄfVÖÆRÃs2Ã"ãÄÆ÷rÄ6öÆBÅö÷ £CbÄfVÖÆRÃƒrÃ"ãsBÄÖöFW&FRÄ6öÆBÄvöö@£3BÄfVÖÆRÃ“‚Ã2ã“rÄ†–v‚Äæ÷&ÖÂÄvöö@£32ÄfVÖÆRÃ“RÃ2ãBÄÖöFW&FRÄæ÷&ÖÂÄvöö@£c2ÄfVÖÆRÃcrÃãRÄÆ÷rÄæ÷&ÖÂÅö÷ £’ÄfVÖÆRÃbÃ2ãC2ÄÖöFW&FRÄ6öÆBÄvöö@£S2ÄfVÖÆRÃSÃãRÄÖöFW&FRÄ6öÆBÄvöö@£#"ÄÖÆRÃÃ"ãS"ÄÆ÷rÄæ÷&ÖÂÅö÷ £c2ÄfVÖÆRÃ2Ã2ã3rÄ†–v‚Ä6öÆBÄvöö@£cÄÖÆRÃ“BÃ2ã‚Ä†–v‚Ä6öÆBÄvöö@£SRÄfVÖÆRÃƒ"Ã"ãÄÖöFW&FRÄ6öÆBÅö÷ £3bÄfVÖÆRÃsÃ"ã“bÄÆ÷rÄ†÷BÄvöö@£#BÄÖÆRÃƒ"Ã"ãrÄÖöFW&FRÄ6öÆBÅö÷ £CbÄfVÖÆRÃ“RÃ"ãcÄÖöFW&FRÄ6öÆBÅö÷ £cÄfVÖÆRÃS’Ã"ã3’ÄÖöFW&FRÄ†÷BÄvöö@£#‚ÄÖÆRÃsrÃBãCrÄ†–v‚Ä†÷BÄvöö@£CRÄÖÆRÃcBÃ2ã“"Ä†–v‚Ä†÷BÄvöö@£32ÄÖÆRÃcÃ"ã"ÄÆ÷rÄæ÷&ÖÂÄvöö@£CÄfVÖÆRÃƒÃ"ã#RÄÆ÷rÄ6öÆBÅö÷ £#BÄÖÆRÃ“2ÃBã2Ä†–v‚Ä†÷BÄvöö@£3BÄfVÖÆRÃc2Ã"ãc‚ÄÖöFW&FRÄæ÷&ÖÂÄvöö@£3RÄÖÆRÃ“rÃ2ãc‚ÄÆ÷rÄ†÷BÄvöö@£‚ÄÖÆRÃ“Ã"ãs2ÄÆ÷rÄæ÷&ÖÂÄvöö@£CBÄÖÆRÃc’Ã2ã#Ä†–v‚Ä6öÆBÄvöö@£#rÄÖÆRÃƒÃ"ã2ÄÆ÷rÄ6öÆBÅö÷ £SÄÖÆRÃbÃBã#rÄ†–v‚Ä6öÆBÄvöö@£SÄÖÆRÃC‚ÃãRÄÆ÷rÄ†÷BÄvöö@£#"ÄÖÆRÃƒbÃ"ã3rÄÆ÷rÄ6öÆBÅö÷ £‚ÄfVÖÆRÃs‚Ã"ãS"ÄÖöFW&FRÄ6öÆBÄvöö@£#’ÄfVÖÆRÃCRÃãRÄÖöFW&FRÄ6öÆBÄvöö@£3RÄfVÖÆRÃC’Ã"ã‚Ä†–v‚Ä†÷BÄvöö@£C‚ÄÖÆRÃcbÃ2ã#rÄÖöFW&FRÄ†÷BÄvöö@£CBÄfVÖÆRÃƒÃ2ã“‚Ä†–v‚Ä†÷BÄvöö@£SÄfVÖÆRÃs’ÃãƒrÄÆ÷rÄæ÷&ÖÂÅö÷ £C2ÄÖÆRÃCRÃ"ãBÄ†–v‚Ä6öÆBÄvöö@£C2ÄÖÆRÃƒ2Ã"ãÄÆ÷rÄ6öÆBÅö÷ £C2ÄfVÖÆRÃ“’ÃBãƒ’Ä†–v‚Ä†÷BÄvöö@£CRÄÖÆRÃƒrÃBã’Ä†–v‚Ä†÷BÄvöö@£3RÄfVÖÆRÃC’ÃãS"ÄÖöFW&FRÄ6öÆBÄvöö@£‚ÄÖÆRÃ‚ÃBãSÄ†–v‚Äæ÷&ÖÂÄvöö@£S‚ÄfVÖÆRÃ“rÃ2ã#’ÄÆ÷rÄ†÷BÄvöö@£C’ÄÖÆRÃƒÃ"ã3rÄÖöFW&FRÄ6öÆBÅö÷ £’ÄfVÖÆRÃS‚Ã2ãRÄ†–v‚Äæ÷&ÖÂÄvöö@£#rÄfVÖÆRÃS"Ã2ãrÄ†–v‚Ä†÷BÄvöö@£3ÄÖÆRÃƒbÃ2ãƒBÄ†–v‚Ä†÷BÄvöö@£SÄfVÖÆRÃ“Ã2ãRÄÖöFW&FRÄæ÷&ÖÂÄvöö@£3‚ÄfVÖÆRÃ‚ÃBãRÄÖöFW&FRÄ†÷BÄvöö@£CÄÖÆRÃ‚Ã2ãC’ÄÆ÷rÄæ÷&ÖÂÄvöö@£C"ÄÖÆRÃƒrÃ2ãCBÄÖöFW&FRÄæ÷&ÖÂÄvöö@£C"ÄÖÆRÃ“Ã2ãrÄÖöFW&FRÄæ÷&ÖÂÄvöö@£3"ÄÖÆRÃƒbÃ2ãC‚ÄÖöFW&FRÄæ÷&ÖÂÄvöö@£cÄÖÆRÃs‚Ã"ãsbÄÖöFW&FRÄ†÷BÄvöö@£#"ÄÖÆRÃcBÃ"ãBÄ†–v‚Ä6öÆBÄvöö@£#ÄÖÆRÃƒRÃ"ãc‚ÄÆ÷rÄ6öÆBÄvöö@£#rÄÖÆRÃƒ2Ã"ã“BÄÖöFW&FRÄæ÷&ÖÂÄvöö@£cBÄfVÖÆRÃƒ’Ã"ãƒ‚ÄÆ÷rÄ†÷BÄvöö@£#ÄfVÖÆRÃSÃ"ãS’Ä†–v‚Ä6öÆBÄvöö@£c"ÄfVÖÆRÃBÃ2ã#‚ÄÆ÷rÄæ÷&ÖÂÄvöö@£cÄÖÆRÃs"Ã"ã#bÄÆ÷rÄæ÷&ÖÂÄvöö@£cRÄÖÆRÃc2Ããƒ2ÄÆ÷rÄ†÷BÅö÷ £cÄfVÖÆRÃcrÃ2ãSBÄ†–v‚Ä†÷BÄvöö@£‚ÄfVÖÆRÃcbÃ2ãc‚Ä†–v‚Ä†÷BÄvöö@£CÄÖÆRÃsrÃ"ãƒ‚Ä†–v‚Ä6öÆBÄvöö@£3"ÄfVÖÆRÃBÃ2ã32ÄÆ÷rÄ†÷BÄvöö@£3ÄÖÆRÃBÃ"ãsRÄÆ÷rÄæ÷&ÖÂÅö÷ £c‚ÄÖÆRÃ’ÃBãRÄ†–v‚Äæ÷&ÖÂÄvöö@£3’ÄÖÆRÃ‚Ã2ã“ÄÆ÷rÄ†÷BÄvöö@£CrÄÖÆRÃƒBÃ"ãƒrÄÆ÷rÄæ÷&ÖÂÄvöö@£#rÄfVÖÆRÃsrÃãsbÄÆ÷rÄ6öÆBÅö÷ £SÄÖÆRÃsÃ"ã#2Ä†–v‚Ä6öÆBÄvöö@£C"ÄfVÖÆRÃcBÃ"ãSrÄÖöFW&FRÄæ÷&ÖÂÄvöö@£cÄfVÖÆRÃ"Ã2ã3bÄ†–v‚Ä6öÆBÄvöö@£SrÄfVÖÆRÃ‚Ã2ãƒ‚ÄÖöFW&FRÄæ÷&ÖÂÄvöö@£SrÄfVÖÆRÃS’Ã"ã#"Ä†–v‚Ä6öÆBÄvöö@£CÄÖÆRÃs’Ã"ãC2ÄÖöFW&FRÄ6öÆBÄvöö@£3’ÄfVÖÆRÃcÃ"ã“bÄÖöFW&FRÄ†÷BÄvöö@£c"ÄfVÖÆRÃ"Ã"ãƒbÄÖöFW&FRÄæ÷&ÖÂÅö÷ £C2ÄÖÆRÃS2Ã"ãC2ÄÖöFW&FRÄ†÷BÄvöö@£cRÄÖÆRÃc’Ã"ãcbÄÆ÷rÄ†÷BÄvöö@£cBÄfVÖÆRÃRÃ2ãS2ÄÖöFW&FRÄ6öÆBÄvöö@£CbÄÖÆRÃcBÃ"ãƒ"ÄÖöFW&FRÄ†÷BÄvöö@£S2ÄÖÆRÃbÃBã‚Ä†–v‚Äæ÷&ÖÂÄvöö@£#‚ÄfVÖÆRÃcBÃ"ã‚Ä†–v‚Äæ÷&ÖÂÄvöö@£C2ÄÖÆRÃcrÃ"ãSÄÖöFW&FRÄ6öÆBÄvöö@£CbÄÖÆRÃC‚ÃãRÄÆ÷rÄæ÷&ÖÂÄvöö@£SÄÖÆRÃ"Ã"ã3RÄÆ÷rÄ6öÆBÅö÷ £c’ÄfVÖÆRÃs"Ã"ã2Ä†–v‚Ä6öÆBÅö÷ £SÄfVÖÆRÃ2Ã"ãSrÄÆ÷rÄ6öÆBÅö÷ £SÄÖÆRÃÃ2ãSÄÖöFW&FRÄæ÷&ÖÂÄvöö@£cbÄÖÆRÃƒÃãRÄÆ÷rÄ6öÆBÅö÷ £SrÄÖÆRÃ“’Ã2ãƒ‚ÄÖöFW&FRÄ†÷BÄvöö@£C’ÄÖÆRÃSRÃãRÄÆ÷rÄæ÷&ÖÂÅö÷ £crÄÖÆRÃƒÃ"ãcbÄÖöFW&FRÄ6öÆBÄvöö@£’ÄfVÖÆRÃsÃãƒ‚ÄÖöFW&FRÄ6öÆBÅö÷ £SRÄfVÖÆRÃsÃ2ã#BÄÖöFW&FRÄ†÷BÄvöö@£3"ÄfVÖÆRÃbÃBã2Ä†–v‚Ä6öÆBÄvöö@£C’ÄÖÆRÃ“BÃ2ã’ÄÆ÷rÄ†÷BÄvöö@£32ÄÖÆRÃƒÃ"ãsÄÆ÷rÄæ÷&ÖÂÄvöö@£CÄfVÖÆRÃ2Ã2ã’ÄÆ÷rÄ6öÆBÄvöö@£S’ÄfVÖÆRÃ“RÃ2ã3rÄÆ÷rÄ†÷BÄvöö@£#ÄÖÆRÃSRÃ"ãCBÄ†–v‚Äæ÷&ÖÂÄvöö@£#BÄfVÖÆRÃcÃ"ãc"ÄÖöFW&FRÄæ÷&ÖÂÄvöö@£C2ÄfVÖÆRÃ“ÃBãBÄÖöFW&FRÄ†÷BÄvöö@£C2ÄÖÆRÃÃ2ã’ÄÆ÷rÄ6öÆBÄvöö@£#rÄÖÆRÃ“"Ã2ãSrÄ†–v‚Äæ÷&ÖÂÄvöö@£S‚ÄfVÖÆRÃs"Ã"ã3BÄ†–v‚Ä6öÆBÄvöö@£‚ÄfVÖÆRÃs‚Ã"ã“RÄ†–v‚Ä6öÆBÄvöö@£S‚ÄfVÖÆRÃ’Ã2ãÄÖöFW&FRÄ6öÆBÅö÷ £#ÄfVÖÆRÃS‚ÃãRÄÖöFW&FRÄ6öÆBÅö÷ £C2ÄfVÖÆRÃc‚Ã2ã2Ä†–v‚Äæ÷&ÖÂÄvöö@£3BÄfVÖÆRÃsbÃ"ãC"ÄÖöFW&FRÄ6öÆBÄvöö@£S‚ÄÖÆRÃS’Ã"ãsÄÖöFW&FRÄ†÷BÄvöö@£SrÄÖÆRÃs’Ã"ãc‚ÄÖöFW&FRÄæ÷&ÖÂÄvöö@£3ÄfVÖÆRÃsÃãbÄÆ÷rÄæ÷&ÖÂÅö÷ £SÄfVÖÆRÃs’Ããc’ÄÆ÷rÄæ÷&ÖÂÅö÷ £SÄfVÖÆRÃcÃ"ã"ÄÖöFW&FRÄ6öÆBÄvöö@£C’ÄÖÆRÃcbÃBãrÄ†–v‚Ä†÷BÄvöö@£SbÄÖÆRÃƒ2Ã2ã"ÄÖöFW&FRÄ†÷BÄvöö@£cRÄfVÖÆRÃS"Ã"ã#2ÄÆ÷rÄ†÷BÄvöö@£CrÄÖÆRÃRÃBã#‚ÄÆ÷rÄ†÷BÄvöö@£CrÄfVÖÆRÃSBÃ"ã#ÄÆ÷rÄ†÷BÄvöö@£c2ÄÖÆRÃc‚ÃãRÄÆ÷rÄ6öÆBÅö÷ £SÄÖÆRÃÃ2ãƒ‚Ä†–v‚Äæ÷&ÖÂÄvöö@£3’ÄfVÖÆRÃƒÃ"ãcbÄÖöFW&FRÄæ÷&ÖÂÄvöö@£#ÄÖÆRÃ‚ÃBã#RÄ†–v‚Ä6öÆBÄvöö@£SrÄfVÖÆRÃcrÃ"ãbÄ†–v‚Ä6öÆBÄvöö@£#’ÄÖÆRÃ“bÃBãc"Ä†–v‚Ä†÷BÄvöö@£#"ÄÖÆRÃc"Ããc2ÄÖöFW&FRÄ6öÆBÅö÷ £cRÄfVÖÆRÃ“‚Ã2ãS"ÄÖöFW&FRÄæ÷&ÖÂÄvöö@£cÄfVÖÆRÃBÃ"ãSÄÆ÷rÄæ÷&ÖÂÅö÷ £#‚ÄÖÆRÃCrÃãRÄÖöFW&FRÄ6öÆBÄvöö@£C’ÄfVÖÆRÃcbÃ"ãS‚ÄÖöFW&FRÄ6öÆBÄvöö@£crÄÖÆRÃsÃ"ã“bÄ†–v‚Äæ÷&ÖÂÄvöö@£S‚ÄÖÆRÃS"ÃãRÄÆ÷rÄ6öÆBÅö÷ £3ÄfVÖÆRÃBÃ2ã#’ÄÆ÷rÄ6öÆBÄvöö@£c2ÄÖÆRÃC’Ã"ãBÄ†–v‚Äæ÷&ÖÂÄvöö@£CÄfVÖÆRÃcÃ"ãBÄÖöFW&FRÄ6öÆBÄvöö@£3BÄÖÆRÃBÃ2ãƒ‚Ä†–v‚Äæ÷&ÖÂÄvöö@£cRÄfVÖÆRÃsbÃ"ã#‚Ä†–v‚Ä6öÆBÄvöö@£#BÄfVÖÆRÃÃ"ãƒ‚ÄÖöFW&FRÄ6öÆBÅö÷ £cRÄÖÆRÃcrÃ"ã#bÄÖöFW&FRÄ6öÆBÄvöö@£SÄÖÆRÃRÃ"ãCRÄÆ÷rÄæ÷&ÖÂÅö÷ £’ÄfVÖÆRÃ"ÃRã2Ä†–v‚Ä†÷BÄvöö@£SÄfVÖÆRÃcrÃãRÄÆ÷rÄ6öÆBÅö÷ £C‚ÄfVÖÆRÃ“"Ã2ãS2ÄÖöFW&FRÄæ÷&ÖÂÄvöö@£c"ÄÖÆRÃsbÃãcbÄÆ÷rÄæ÷&ÖÂÅö÷ £crÄÖÆRÃs’Ã2ã’Ä†–v‚Ä6öÆBÄvöö@£SBÄÖÆRÃÃ2ãSÄÖöFW&FRÄæ÷&ÖÂÄvöö@£3rÄÖÆRÃ“"Ã2ãcRÄ†–v‚Ä6öÆBÄvöö@£3"ÄÖÆRÃbÃ2ã3ÄÖöFW&FRÄæ÷&ÖÂÄvöö@£S‚ÄÖÆRÃcRÃ"ã“’ÄÖöFW&FRÄ†÷BÄvöö@£#"ÄÖÆRÃS’Ã2ãÄÖöFW&FRÄ†÷BÄvöö@£cÄÖÆRÃsÃ"ã“ÄÖöFW&FRÄ†÷BÄvöö@£cÄÖÆRÃƒ2Ã"ãÄÖöFW&FRÄ6öÆBÅö÷ £S‚ÄÖÆRÃs’ÃãcrÄÆ÷rÄæ÷&ÖÂÅö÷ £#bÄÖÆRÃBÃ2ã‚ÄÖöFW&FRÄ6öÆBÄvöö@£S’ÄfVÖÆRÃcÃ"ã#’ÄÖöFW&FRÄ†÷BÄvöö@£cÄfVÖÆRÃsbÃ2ãƒ"Ä†–v‚Ä†÷BÄvöö@£SrÄfVÖÆRÃƒ"Ã"ã“‚ÄÖöFW&FRÄæ÷&ÖÂÄvöö@£S‚ÄfVÖÆRÃcÃãRÄÆ÷rÄ6öÆBÅö÷ £c"ÄÖÆRÃS’Ãã“BÄÖöFW&FRÄæ÷&ÖÂÄvöö@£SBÄÖÆRÃƒBÃ"ãBÄÖöFW&FRÄ6öÆBÅö÷ £3BÄÖÆRÃ“"Ã2ã‚Ä†–v‚Ä6öÆBÄvöö@£SbÄÖÆRÃ’Ã2ãSBÄÖöFW&FRÄ6öÆBÄvöö@£SbÄfVÖÆRÃBÃ2ãÄ†–v‚Ä6öÆBÅö÷ £S"ÄfVÖÆRÃs‚ÃãcBÄÆ÷rÄ6öÆBÅö÷ £SbÄÖÆRÃc2Ã"ãƒrÄÖöFW&FRÄ†÷BÄvöö@£3‚ÄÖÆRÃrÃBã#"ÄÆ÷rÄ†÷BÄvöö@£cbÄÖÆRÃC‚Ã"ãÄÆ÷rÄ†÷BÄvöö@£c’ÄfVÖÆRÃCRÃãRÄÆ÷rÄ6öÆBÄvöö@£3BÄfVÖÆRÃS2ÃãS2ÄÆ÷rÄ6öÆBÅö÷ £#rÄfVÖÆRÃ“2ÃBãÄ†–v‚Äæ÷&ÖÂÄvöö@£3"ÄfVÖÆRÃƒ’Ã"ã3rÄÆ÷rÄ6öÆBÅö÷ £SRÄÖÆRÃCrÃãRÄÆ÷rÄæ÷&ÖÂÄvöö@£SÄÖÆRÃ2Ã2ãÄÆ÷rÄ6öÆBÄvöö@£CrÄÖÆRÃƒrÃ"ãSbÄÖöFW&FRÄ6öÆBÅö÷ £c"ÄfVÖÆRÃRÃ2ãƒrÄ†–v‚Äæ÷&ÖÂÄvöö@£3rÄÖÆRÃƒ’Ã2ãƒ"Ä†–v‚Ä6öÆBÄvöö@£SÄfVÖÆRÃcbÃ"ãCrÄÖöFW&FRÄ†÷BÄvöö@£C"ÄfVÖÆRÃCbÃ"ãÄ†–v‚Äæ÷&ÖÂÄvöö@£cÄÖÆRÃcÃ"ã#‚ÄÖöFW&FRÄæ÷&ÖÂÄvöö@£SBÄfVÖÆRÃ“bÃ2ãCRÄÖöFW&FRÄæ÷&ÖÂÄvöö@£C"ÄÖÆRÃ‚Ã2ãcBÄÆ÷rÄæ÷&ÖÂÄvöö@£cbÄÖÆRÃSBÃãS‚ÄÆ÷rÄ†÷BÅö÷ £3‚ÄÖÆRÃs"Ã"ãSRÄ†–v‚Ä6öÆBÄvöö@£CÄfVÖÆRÃs2Ã"ãƒrÄÖöFW&FRÄ6öÆBÄvöö@£CÄÖÆRÃcÃ"ãsbÄÆ÷rÄ†÷BÄvöö@£S’ÄfVÖÆRÃsRÃ"ãSbÄ†–v‚Ä6öÆBÄvöö@£c2ÄÖÆRÃCbÃ"ã3"Ä†–v‚Äæ÷&ÖÂÄvöö@£crÄÖÆRÃBÃ2ã“‚Ä†–v‚Äæ÷&ÖÂÄvöö@£SBÄfVÖÆRÃcÃãƒ"ÄÆ÷rÄæ÷&ÖÂÅö÷ £C2ÄfVÖÆRÃƒbÃ2ãCbÄÖöFW&FRÄ†÷BÄvöö@£32ÄfVÖÆRÃƒ"Ã"ãc’ÄÖöFW&FRÄ6öÆBÄvöö@£3ÄÖÆRÃ2Ã2ãs’ÄÆ÷rÄ†÷BÄvöö@£CÄfVÖÆRÃ“rÃ"ã’ÄÆ÷rÄ6öÆBÅö÷ £#"ÄÖÆRÃ“"Ã2ã#‚Ä†–v‚Äæ÷&ÖÂÄvöö@£c‚ÄfVÖÆRÃc‚ÃãRÄÆ÷rÄ6öÆBÅö÷ £#‚ÄfVÖÆRÃƒbÃ"ã“2ÄÆ÷rÄ†÷BÄvöö@£#"ÄfVÖÆRÃSRÃ2ãBÄ†–v‚Ä†÷BÄvöö@£3ÄfVÖÆRÃRÃ"ã’ÄÆ÷rÄ6öÆBÅö÷ £#ÄÖÆRÃc’Ã2ãCÄ†–v‚Ä†÷BÄvöö@£CBÄfVÖÆRÃcrÃBã2Ä†–v‚Ä†÷BÄvöö@£CbÄfVÖÆRÃ"Ã2ã’ÄÆ÷rÄ†÷BÄvöö@£#rÄÖÆRÃsbÃ2ãÄ†–v‚Äæ÷&ÖÂÄvöö@£CÄfVÖÆRÃƒBÃ"ã“ÄÆ÷rÄæ÷&ÖÂÄvöö@£CÄÖÆRÃƒ2Ã2ãcrÄÆ÷rÄ†÷BÄvöö@£c"ÄÖÆRÃs‚Ã2ãƒbÄ†–v‚Ä†÷BÄvöö@£3"ÄÖÆRÃCbÃ"ã#RÄ†–v‚Ä6öÆBÄvöö@£‚ÄfVÖÆRÃ“‚ÃBã3RÄ†–v‚Ä†÷BÄvöö@£’ÄfVÖÆRÃƒÃ"ã3‚ÄÆ÷rÄ6öÆBÅö÷ £CÄfVÖÆRÃcBÃ"ãS’Ä†–v‚Ä6öÆBÄvöö@£cÄfVÖÆRÃSbÃ"ãsBÄ†–v‚Ä†÷BÄvöö@£SRÄÖÆRÃsRÃ"ãCÄÖöFW&FRÄæ÷&ÖÂÄvöö@£SÄÖÆRÃ“RÃ"ãs‚ÄÆ÷rÄæ÷&ÖÂÅö÷ £C‚ÄÖÆRÃrÃ2ãS2ÄÆ÷rÄ†÷BÄvöö@£SÄfVÖÆRÃcBÃ"ãBÄÖöFW&FRÄæ÷&ÖÂÄvöö@£SbÄÖÆRÃSÃãRÄÖöFW&FRÄæ÷&ÖÂÅö÷ £#’ÄfVÖÆRÃRÃBãs2Ä†–v‚Ä†÷BÄvöö@£cbÄfVÖÆRÃƒBÃ2ãÄ†–v‚Ä6öÆBÄvöö@£SRÄÖÆRÃS’Ã2ãSrÄ†–v‚Ä†÷BÄvöö@£#’ÄÖÆRÃsÃ2ã‚ÄÖöFW&FRÄ†÷BÄvöö@£CrÄfVÖÆRÃbÃ2ãbÄÆ÷rÄæ÷&ÖÂÄvöö@£cÄfVÖÆRÃcÃãRÄÆ÷rÄ6öÆBÅö÷ £#2ÄÖÆRÃƒÃ"ãS’ÄÆ÷rÄ6öÆBÄvöö@£3‚ÄfVÖÆRÃcbÃ"ãbÄ†–v‚Ä6öÆBÄvöö@£#ÄÖÆRÃ"ÃBã2ÄÖöFW&FRÄ†÷BÄvöö@£3BÄÖÆRÃc"Ã"ãS2ÄÆ÷rÄ†÷BÄvöö@£3’ÄfVÖÆRÃRÃRã2Ä†–v‚Ä†÷BÄvöö@£cÄÖÆRÃc2ÃãsÄÖöFW&FRÄæ÷&ÖÂÅö÷ £3RÄfVÖÆRÃ"Ã2ãbÄÆ÷rÄæ÷&ÖÂÄvöö@£C2ÄfVÖÆRÃsÃ2ãBÄ†–v‚Äæ÷&ÖÂÄvöö@£CRÄÖÆRÃ“RÃ2ã’ÄÆ÷rÄ†÷BÄvöö@£3ÄÖÆRÃ’Ã2ãsrÄ†–v‚Ä6öÆBÄvöö@£#‚ÄfVÖÆRÃs’Ã"ãƒÄÆ÷rÄ†÷BÄvöö@£#"ÄÖÆRÃƒBÃ2ã#RÄÆ÷rÄ†÷BÄvöö@£SBÄÖÆRÃƒ‚Ã2ã#2Ä†–v‚Äæ÷&ÖÂÄvöö@£3RÄfVÖÆRÃSbÃ"ã#’ÄÖöFW&FRÄ6öÆBÄvöö@£CrÄfVÖÆRÃ‚Ã2ãCRÄÆ÷rÄ†÷BÄvöö@£S"ÄfVÖÆRÃ“Ã2ãƒÄ†–v‚Äæ÷&ÖÂÄvöö@£CRÄÖÆRÃ“"ÃBã32Ä†–v‚Ä†÷BÄvöö@£c‚ÄÖÆRÃcÃãSbÄÖöFW&FRÄæ÷&ÖÂÅö÷ £cÄfVÖÆRÃ“’Ã"ã"ÄÆ÷rÄæ÷&ÖÂÅö÷ £3bÄÖÆRÃc"Ããc‚ÄÖöFW&FRÄ6öÆBÅö÷ £CrÄÖÆRÃs"Ã2ãcRÄ†–v‚Ä†÷BÄvöö@£3"ÄfVÖÆRÃSRÃãRÄÆ÷rÄ6öÆBÅö÷ £c"ÄfVÖÆRÃƒ2Ãã“RÄÆ÷rÄæ÷&ÖÂÅö÷ £3BÄÖÆRÃc‚ÃãsrÄÆ÷rÄ6öÆBÅö÷ £S2ÄÖÆRÃC‚ÃãcbÄ†–v‚Äæ÷&ÖÂÄvöö@£#‚ÄÖÆRÃc’Ã"ã“Ä†–v‚Äæ÷&ÖÂÄvöö@£CRÄÖÆRÃ“bÃ"ã2ÄÆ÷rÄ6öÆBÅö÷ £#2ÄÖÆRÃS’Ã"ãC2Ä†–v‚Äæ÷&ÖÂÄvöö@£SÄfVÖÆRÃSbÃãƒ‚ÄÆ÷rÄæ÷&ÖÂÄvöö@£S"ÄfVÖÆRÃs‚Ã"ãƒ2ÄÖöFW&FRÄæ÷&ÖÂÄvöö@£SRÄfVÖÆRÃƒBÃ"ãSrÄÆ÷rÄ†÷BÄvöö@£C‚ÄÖÆRÃSbÃãƒBÄÖöFW&FRÄ6öÆBÄvöö@£S’ÄfVÖÆRÃcBÃãRÄÆ÷rÄ6öÆBÅö÷ £C‚ÄÖÆRÃCbÃãrÄÖöFW&FRÄæ÷&ÖÂÄvöö@£S"ÄÖÆRÃsÃãsBÄÆ÷rÄ6öÆBÅö÷ £c‚ÄÖÆRÃcÃã“BÄÖöFW&FRÄ6öÆBÄvöö@£C2ÄÖÆRÃƒ‚Ã2ã“‚Ä†–v‚Äæ÷&ÖÂÄvöö@£S’ÄÖÆRÃcBÃãRÄÖöFW&FRÄ6öÆBÅö÷ £cÄÖÆRÃs"Ã"ãs2ÄÖöFW&FRÄæ÷&ÖÂÄvöö@£‚ÄfVÖÆRÃcÃ"ãƒrÄÖöFW&FRÄ†÷BÄvöö@£C’ÄÖÆRÃs2Ã"ãCBÄÆ÷rÄæ÷&ÖÂÄvöö@£c2ÄÖÆRÃc‚Ã2ã3BÄ†–v‚Ä†÷BÄvöö@£c2ÄÖÆRÃS‚Ã"ãÄÖöFW&FRÄæ÷&ÖÂÄvöö@£cÄfVÖÆRÃƒrÃ2ãsbÄ†–v‚Äæ÷&ÖÂÄvöö@£SÄÖÆRÃSRÃãRÄÖöFW&FRÄ6öÆBÅö÷ £3"ÄÖÆRÃcRÃ2ãS2Ä†–v‚Ä†÷BÄvöö@£3rÄÖÆRÃcÃ"ã’Ä†–v‚Ä6öÆBÄvöö@£3"ÄfVÖÆRÃC’Ã"ãcÄÖöFW&FRÄ†÷BÄvöö@£c’ÄÖÆRÃƒÃ"ãCbÄÖöFW&FRÄæ÷&ÖÂÄvöö@£cbÄfVÖÆRÃƒ"Ã"ãsbÄ†–v‚Äæ÷&ÖÂÄvöö@£CBÄfVÖÆRÃ“BÃ2ãcBÄ†–v‚Äæ÷&ÖÂÄvöö@£cÄÖÆRÃS2Ãã“‚ÄÖöFW&FRÄæ÷&ÖÂÄvöö@£‚ÄÖÆRÃsBÃBã#rÄ†–v‚Ä†÷BÄvöö@£3rÄÖÆRÃC‚ÃãRÄÆ÷rÄæ÷&ÖÂÄvöö@£SÄfVÖÆRÃRÃ"ã#"ÄÆ÷rÄ6öÆBÅö÷ £cBÄfVÖÆRÃ“RÃ"ã"ÄÆ÷rÄ6öÆBÅö÷ £SbÄfVÖÆRÃc’Ã2ã#rÄÖöFW&FRÄ†÷BÄvöö@£#RÄÖÆRÃs‚Ã2ãƒÄ†–v‚Äæ÷&ÖÂÄvöö@£3’ÄÖÆRÃbÃ2ãCÄÆ÷rÄæ÷&ÖÂÄvöö@£SbÄfVÖÆRÃcbÃã“BÄÆ÷rÄæ÷&ÖÂÅö÷ £SÄÖÆRÃ2Ã"ãRÄÆ÷rÄ6öÆBÅö÷ £S‚ÄÖÆRÃ“‚Ã"ãC2ÄÆ÷rÄæ÷&ÖÂÅö÷ £SÄfVÖÆRÃc"Ã2ã’Ä†–v‚Äæ÷&ÖÂÄvöö@£C’ÄÖÆRÃSÃ"ãƒRÄÖöFW&FRÄ†÷BÄvöö@£crÄfVÖÆRÃ“RÃ2ã#RÄ†–v‚Äæ÷&ÖÂÄvöö@£#rÄÖÆRÃs’Ã"ãSrÄÆ÷rÄæ÷&ÖÂÄvöö@£cbÄÖÆRÃsRÃ2ã"Ä†–v‚Ä6öÆBÄvöö@£SrÄÖÆRÃcÃ"ãs"Ä†–v‚Äæ÷&ÖÂÄvöö@£SÄÖÆRÃƒÃ2ã#’ÄÖöFW&FRÄ†÷BÄvöö@£C‚ÄfVÖÆRÃs"Ã"ãcRÄÖöFW&FRÄ6öÆBÄvöö@£cÄfVÖÆRÃSBÃãRÄÆ÷rÄæ÷&ÖÂÅö÷ £S2ÄfVÖÆRÃs"Ãã“bÄÖöFW&FRÄ6öÆBÅö÷ £#BÄÖÆRÃCbÃã’Ä†–v‚Äæ÷&ÖÂÄvöö@£#rÄfVÖÆRÃS‚Ã"ãbÄÖöFW&FRÄæ÷&ÖÂÄvöö@£SRÄÖÆRÃsbÃãS’ÄÆ÷rÄ6öÆBÅö÷ £cRÄfVÖÆRÃS"ÃãrÄÖöFW&FRÄ6öÆBÄvöö@£32ÄÖÆRÃsRÃ2ãƒ"Ä†–v‚Ä†÷BÄvöö@£CrÄÖÆRÃƒ2Ã"ãrÄÆ÷rÄæ÷&ÖÂÅö÷ £#’ÄfVÖÆRÃ“Ã2ã’ÄÖöFW&FRÄ6öÆBÄvöö@£3rÄÖÆRÃcRÃ"ã’ÄÆ÷rÄ†÷BÄvöö@£3"ÄÖÆRÃ“‚Ã2ã"ÄÖöFW&FRÄæ÷&ÖÂÄvöö@£32ÄÖÆRÃcrÃ2ã#rÄ†–v‚Ä†÷BÄvöö@£CbÄÖÆRÃƒÃ2ã3"ÄÆ÷rÄ†÷BÄvöö@£#RÄÖÆRÃs2Ã2ã#‚Ä†–v‚Ä6öÆBÄvöö@£crÄfVÖÆRÃcbÃ"ãSRÄ†–v‚Ä6öÆBÄvöö@£3rÄÖÆRÃ“RÃBãÄÖöFW&FRÄ†÷BÄvöö@£SRÄfVÖÆRÃSBÃãƒ’ÄÖöFW&FRÄæ÷&ÖÂÄvöö@£CrÄÖÆRÃƒBÃã‚ÄÆ÷rÄ6öÆBÅö÷ £#"ÄfVÖÆRÃƒrÃ"ã“‚ÄÆ÷rÄæ÷&ÖÂÄvöö@£CÄfVÖÆRÃsRÃ"ãS’ÄÆ÷rÄ†÷BÄvöö@£c’ÄfVÖÆRÃrÃ2ãƒRÄÖöFW&FRÄæ÷&ÖÂÄvöö@£#‚ÄfVÖÆRÃsrÃ2ã‚Ä†–v‚Ä6öÆBÄvöö@£S’ÄfVÖÆRÃsRÃ"ãÄÆ÷rÄ6öÆBÅö÷ £crÄÖÆRÃSrÃãsRÄÆ÷rÄæ÷&ÖÂÄvöö@£cÄÖÆRÃƒ"Ã2ã2Ä†–v‚Äæ÷&ÖÂÄvöö@£S’ÄÖÆRÃƒ2Ã2ãSRÄ†–v‚Äæ÷&ÖÂÄvöö@£#bÄÖÆRÃƒbÃ2ã3rÄÆ÷rÄ†÷BÄvöö@£C"ÄÖÆRÃcÃ"ã#bÄÖöFW&FRÄ6öÆBÄvöö@£#‚ÄfVÖÆRÃS2Ã2ãbÄÖöFW&FRÄ†÷BÄvöö@£SbÄÖÆRÃƒ’Ã2ãSrÄÖöFW&FRÄ†÷BÄvöö@£c‚ÄfVÖÆRÃƒrÃ2ã“BÄÖöFW&FRÄ†÷BÄvöö@£32ÄÖÆRÃCbÃã’Ä†–v‚Äæ÷&ÖÂÄvöö@£3bÄÖÆRÃ‚Ã2ãbÄÆ÷rÄæ÷&ÖÂÅö÷ £SRÄfVÖÆRÃ2Ã"ãƒrÄÖöFW&FRÄ6öÆBÅö÷ £c"ÄÖÆRÃ“RÃ"ã#ÄÆ÷rÄæ÷&ÖÂÅö÷ £#rÄÖÆRÃƒÃ"ãCÄÆ÷rÄ6öÆBÄvöö@£32ÄfVÖÆRÃ“BÃ2ãƒRÄ†–v‚Äæ÷&ÖÂÄvöö@£S’ÄÖÆRÃCRÃ"ãRÄÆ÷rÄ†÷BÄvöö@£cbÄÖÆRÃc2Ã"ãSrÄÖöFW&FRÄæ÷&ÖÂÄvöö@£SRÄfVÖÆRÃS"ÃãRÄÆ÷rÄ6öÆBÅö÷ £#’ÄfVÖÆRÃS2Ã"ãCÄ†–v‚Ä6öÆBÄvöö@£SrÄÖÆRÃRÃBãƒ"Ä†–v‚Ä†÷BÄvöö@£#RÄÖÆRÃcrÃ2ãƒ2Ä†–v‚Ä†÷BÄvöö@£#‚ÄÖÆRÃCRÃãRÄÖöFW&FRÄ6öÆBÄvöö@£#"ÄfVÖÆRÃS‚Ã"ã#RÄÆ÷rÄ†÷BÄvöö@£CÄfVÖÆRÃC‚Ã2ã#bÄ†–v‚Ä†÷BÄvöö@£#BÄÖÆRÃ“‚ÃBãÄ†–v‚Äæ÷&ÖÂÄvöö@£‚ÄfVÖÆRÃcBÃ"ãbÄÆ÷rÄ†÷BÄvöö@£C2ÄÖÆRÃs‚Ã2ãcÄ†–v‚Äæ÷&ÖÂÄvöö@£SrÄfVÖÆRÃC’Ã"ã#rÄÆ÷rÄ†÷BÄvöö@£CrÄÖÆRÃ“Ã2ãbÄÆ÷rÄæ÷&ÖÂÄvöö@£3‚ÄfVÖÆRÃƒbÃ2ãS‚ÄÖöFW&FRÄ†÷BÄvöö@£C2ÄfVÖÆRÃcrÃ"ãCBÄÆ÷rÄæ÷&ÖÂÄvöö@£#RÄÖÆRÃÃBãc2Ä†–v‚Ä†÷BÄvöö@£c2ÄfVÖÆRÃƒrÃ"ãS2Ä†–v‚Ä6öÆBÅö÷ £S2ÄÖÆRÃc"ÃãRÄÖöFW&FRÄ6öÆBÅö÷ £#RÄÖÆRÃc2Ã2ã’Ä†–v‚Äæ÷&ÖÂÄvöö@£#‚ÄfVÖÆRÃsrÃ2ã3"Ä†–v‚Äæ÷&ÖÂÄvöö@£c"ÄfVÖÆRÃƒ2Ã"ãC‚ÄÖöFW&FRÄæ÷&ÖÂÅö÷ £SÄÖÆRÃ“BÃ2ãÄÖöFW&FRÄ6öÆBÄvöö@£c’ÄfVÖÆRÃsBÃã“BÄÆ÷rÄ6öÆBÅö÷ £CBÄfVÖÆRÃƒ2Ã"ã#2ÄÆ÷rÄ6öÆBÅö÷ £3rÄÖÆRÃrÃBãrÄ†–v‚Äæ÷&ÖÂÄvöö@£crÄÖÆRÃc"ÃãcÄÆ÷rÄæ÷&ÖÂÅö÷ £cRÄfVÖÆRÃƒ’Ã2ãS"Ä†–v‚Ä6öÆBÄvöö@£CÄfVÖÆRÃsRÃ"ã3"ÄÆ÷rÄæ÷&ÖÂÄvöö@£C"ÄfVÖÆRÃƒ2Ã2ãƒÄ†–v‚Ä†÷BÄvöö@£CRÄfVÖÆRÃSÃã“2ÄÆ÷rÄæ÷&ÖÂÄvöö@£S’ÄfVÖÆRÃƒbÃ2ã’ÄÆ÷rÄ†÷BÄvöö@£3bÄÖÆRÃ‚ÃBãÄÖöFW&FRÄ†÷BÄvöö@£3RÄÖÆRÃƒ’Ã"ã2ÄÆ÷rÄ6öÆBÅö÷ £CrÄÖÆRÃcbÃ"ãC2ÄÖöFW&FRÄæ÷&ÖÂÄvöö@£SÄÖÆRÃs’Ã2ã#"Ä†–v‚Äæ÷&ÖÂÄvöö@£3"ÄfVÖÆRÃƒ2Ã"ãƒ2ÄÖöFW&FRÄæ÷&ÖÂÄvöö@£#’ÄÖÆRÃSBÃãc’ÄÖöFW&FRÄæ÷&ÖÂÄvöö@£cÄfVÖÆRÃcBÃ"ãC2ÄÆ÷rÄ†÷BÄvöö@£c2ÄfVÖÆRÃs"Ã"ã“’ÄÆ÷rÄ†÷BÄvöö@£c"ÄÖÆRÃ“RÃ"ãƒ2ÄÆ÷rÄæ÷&ÖÂÅö÷ £#RÄÖÆRÃƒ‚Ã2ãCBÄ†–v‚Äæ÷&ÖÂÄvöö@£3bÄÖÆRÃ“2Ã"ã“‚ÄÖöFW&FRÄæ÷&ÖÂÄvöö@£CBÄfVÖÆRÃ“ÃBãRÄ†–v‚Äæ÷&ÖÂÄvöö@£SBÄfVÖÆRÃ“Ã2ãrÄ†–v‚Äæ÷&ÖÂÄvöö@£3bÄÖÆRÃsBÃ2ã#"Ä†–v‚Ä6öÆBÄvöö@£SÄfVÖÆRÃRÃBãBÄÆ÷rÄ†÷BÄvöö@£S’ÄfVÖÆRÃSrÃ"ãCrÄÆ÷rÄ†÷BÄvöö@£cÄfVÖÆRÃS2ÃãRÄÆ÷rÄ6öÆBÅö÷ £cÄfVÖÆRÃ’Ã2ãƒBÄ†–v‚Ä6öÆBÄvöö@£#"ÄfVÖÆRÃSbÃ"ãC2ÄÖöFW&FRÄæ÷&ÖÂÄvöö@£cRÄfVÖÆRÃƒ2Ã"ãÄÆ÷rÄæ÷&ÖÂÅö÷ £3’ÄÖÆRÃÃBã2Ä†–v‚Ä6öÆBÄvöö@£S‚ÄfVÖÆRÃSÃãSRÄÖöFW&FRÄ6öÆBÄvöö@£#ÄÖÆRÃƒ2Ã"ãcBÄÆ÷rÄæ÷&ÖÂÄvöö@£S2ÄÖÆRÃƒBÃ"ã3"ÄÆ÷rÄæ÷&ÖÂÅö÷ £CÄfVÖÆRÃ“ÃBãsÄ†–v‚Ä†÷BÄvöö@£3‚ÄÖÆRÃsÃ"ã’Ä†–v‚Äæ÷&ÖÂÄvöö@£3"ÄfVÖÆRÃ‚Ã2ãC’ÄÆ÷rÄ†÷BÄvöö@£crÄÖÆRÃs2Ã2ã#Ä†–v‚Äæ÷&ÖÂÄvöö@£SrÄÖÆRÃ"Ã"ãƒÄÆ÷rÄæ÷&ÖÂÅö÷ £3"ÄfVÖÆRÃrÃ2ãÄÆ÷rÄ6öÆBÅö÷ £#’ÄfVÖÆRÃ‚Ã2ã“‚Ä†–v‚Ä6öÆBÄvöö@£#bÄÖÆRÃ“‚Ã2ã2ÄÆ÷rÄæ÷&ÖÂÄvöö@£SÄfVÖÆRÃCRÃãc"Ä†–v‚Ä6öÆBÄvöö@£CbÄfVÖÆRÃC’Ã2ã#2Ä†–v‚Ä†÷BÄvöö@£CBÄfVÖÆRÃƒ2Ã2ã2ÄÖöFW&FRÄ6öÆBÄvöö@£c’ÄÖÆRÃ“Ã"ã“’ÄÆ÷rÄ†÷BÄvöö@£CÄÖÆRÃƒbÃ"ãcÄÆ÷rÄ6öÆBÄvöö@£#BÄfVÖÆRÃc’Ã"ã“RÄÖöFW&FRÄæ÷&ÖÂÄvöö@£C"ÄfVÖÆRÃs"ÃãRÄÆ÷rÄ6öÆBÅö÷ £C2ÄfVÖÆRÃƒrÃ2ãƒbÄÖöFW&FRÄ†÷BÄvöö@£3‚ÄfVÖÆRÃ“BÃ2ãC"ÄÖöFW&FRÄæ÷&ÖÂÄvöö@£c‚ÄÖÆRÃƒrÃ"ãsÄÆ÷rÄæ÷&ÖÂÄvöö@£cÄÖÆRÃsRÃãRÄÆ÷rÄ6öÆBÅö÷ £SRÄfVÖÆRÃ“Ã"ãrÄÆ÷rÄ6öÆBÅö÷ £#BÄfVÖÆRÃs’Ã"ãcÄÖöFW&FRÄ6öÆBÄvöö@£SrÄÖÆRÃƒrÃ"ãbÄÖöFW&FRÄæ÷&ÖÂÅö÷ £‚ÄfVÖÆRÃs‚Ã"ãƒ’ÄÖöFW&FRÄæ÷&ÖÂÄvöö@£CbÄfVÖÆRÃ“RÃ"ãRÄÆ÷rÄæ÷&ÖÂÅö÷ £CRÄfVÖÆRÃƒ’Ã2ãBÄ†–v‚Ä6öÆBÄvöö@£c‚ÄÖÆRÃS"Ã"ãs"ÄÖöFW&FRÄ†÷BÄvöö@£3RÄfVÖÆRÃS’Ã"ãCÄ†–v‚Äæ÷&ÖÂÄvöö@£3RÄfVÖÆRÃcBÃ"ãS2ÄÆ÷rÄ†÷BÄvöö@£SRÄfVÖÆRÃ“bÃ2ã#BÄÖöFW&FRÄ6öÆBÄvöö@£‚ÄfVÖÆRÃSBÃ"ã#rÄÖöFW&FRÄæ÷&ÖÂÄvöö@£cRÄÖÆRÃsrÃ"ãƒ’ÄÆ÷rÄ†÷BÄvöö@£S"ÄfVÖÆRÃƒÃ"ã“RÄ†–v‚Äæ÷&ÖÂÄvöö@£c2ÄfVÖÆRÃ“Ã"ãƒ‚ÄÆ÷rÄæ÷&ÖÂÄvöö@£#BÄfVÖÆRÃRÃ2ãsÄ†–v‚Äæ÷&ÖÂÄvöö@£S’ÄÖÆRÃSbÃãc2ÄÖöFW&FRÄ6öÆBÅö÷ £C‚ÄfVÖÆRÃƒ2Ã"ã“’ÄÖöFW&FRÄ6öÆBÄvöö@£CÄÖÆRÃƒ‚Ã"ã“‚ÄÆ÷rÄæ÷&ÖÂÄvöö@£3’ÄÖÆRÃcRÃ2ã32ÄÖöFW&FRÄ†÷BÄvöö@£CRÄfVÖÆRÃRÃ2ãrÄÆ÷rÄ6öÆBÄvöö@£3bÄfVÖÆRÃc‚Ã"ãrÄÖöFW&FRÄ6öÆBÄvöö@£C‚ÄÖÆRÃC’Ã"ãBÄ†–v‚Äæ÷&ÖÂÄvöö@£SBÄÖÆRÃsbÃ"ã“‚ÄÖöFW&FRÄ†÷BÄvöö@£SÄÖÆRÃs2Ããs2ÄÆ÷rÄ6öÆBÅö÷ £CrÄfVÖÆRÃƒ’ÃBãCrÄ†–v‚Ä†÷BÄvöö@£SBÄÖÆRÃSRÃ"ã#‚Ä†–v‚Ä6öÆBÄvöö@£cbÄÖÆRÃ“Ãã“ÄÆ÷rÄæ÷&ÖÂÅö÷ £CÄfVÖÆRÃS"Ã"ã#RÄ†–v‚Äæ÷&ÖÂÄvöö@£#2ÄfVÖÆRÃc"ÃãRÄÆ÷rÄ6öÆBÅö÷ £CBÄÖÆRÃƒ2Ã2ãsBÄÖöFW&FRÄ†÷BÄvöö@£3"ÄfVÖÆRÃS‚ÃãSrÄÖöFW&FRÄ6öÆBÅö÷ £3‚ÄfVÖÆRÃ“Ã2ãSBÄÖöFW&FRÄ†÷BÄvöö@£S‚ÄfVÖÆRÃSÃ"ã#rÄ†–v‚Äæ÷&ÖÂÄvöö@£SrÄÖÆRÃc2Ã"ã3"ÄÆ÷rÄ†÷BÄvöö@£#rÄÖÆRÃCbÃãs‚ÄÖöFW&FRÄ6öÆBÄvöö@£3rÄÖÆRÃSÃãsRÄÖöFW&FRÄ6öÆBÄvöö@£3bÄfVÖÆRÃc"Ã2ãrÄ†–v‚Äæ÷&ÖÂÄvöö@£3BÄÖÆRÃ“rÃ2ãs2ÄÖöFW&FRÄæ÷&ÖÂÄvöö@£#ÄÖÆRÃc’Ã"ãrÄÖöFW&FRÄæ÷&ÖÂÄvöö@£3ÄfVÖÆRÃƒRÃ"ãSbÄÆ÷rÄ6öÆBÄvöö@£crÄfVÖÆRÃcÃ"ã"ÄÖöFW&FRÄ6öÆBÄvöö@£#RÄfVÖÆRÃsBÃ"ãsRÄ†–v‚Ä6öÆBÄvöö@£crÄfVÖÆRÃSÃã“bÄ†–v‚Ä6öÆBÄvöö@£#ÄfVÖÆRÃsBÃ2ãbÄÆ÷rÄ†÷BÄvöö@£#ÄfVÖÆRÃS’Ã"ãÄ†–v‚Ä6öÆBÄvöö@£‚ÄÖÆRÃSrÃ2ãƒRÄ†–v‚Ä†÷BÄvöö@£SbÄfVÖÆRÃƒ2Ã"ã‚ÄÆ÷rÄ6öÆBÅö÷ £CrÄfVÖÆRÃƒRÃ"ã’ÄÆ÷rÄ†÷BÄvöö@£#2ÄfVÖÆRÃcbÃ2ã"ÄÖöFW&FRÄ†÷BÄvöö@£S2ÄÖÆRÃ“BÃ2ã#rÄ†–v‚Ä6öÆBÄvöö@£C’ÄfVÖÆRÃƒ’ÃBã#RÄÖöFW&FRÄ†÷BÄvöö@£C"ÄfVÖÆRÃ“2Ã2ãcÄÆ÷rÄ†÷BÄvöö@£3bÄfVÖÆRÃsÃãsbÄÆ÷rÄæ÷&ÖÂÅö÷ £SBÄÖÆRÃcBÃ"ãSBÄÖöFW&FRÄæ÷&ÖÂÄvöö@£cRÄfVÖÆRÃƒBÃ"ã2ÄÆ÷rÄæ÷&ÖÂÅö÷ £#2ÄfVÖÆRÃSbÃãƒRÄÆ÷rÄæ÷&ÖÂÄvöö@£cRÄÖÆRÃƒrÃ"ã‚ÄÆ÷rÄæ÷&ÖÂÄvöö@£cBÄfVÖÆRÃcRÃã“BÄÖöFW&FRÄæ÷&ÖÂÅö÷ £’ÄÖÆRÃSÃ"ãCÄÖöFW&FRÄæ÷&ÖÂÄvöö@£S"ÄfVÖÆRÃƒÃ2ãbÄ†–v‚Ä†÷BÄvöö@£#BÄfVÖÆRÃ“BÃ2ã“2Ä†–v‚Äæ÷&ÖÂÄvöö@£c2ÄfVÖÆRÃCRÃ"ãCÄ†–v‚Äæ÷&ÖÂÄvöö@£3‚ÄÖÆRÃsbÃ"ãSbÄÖöFW&FRÄ6öÆBÄvöö@£3ÄÖÆRÃƒ2Ã2ãS2Ä†–v‚Äæ÷&ÖÂÄvöö@£C"ÄfVÖÆRÃs2Ã"ãƒBÄÆ÷rÄ†÷BÄvöö@£C’ÄÖÆRÃSRÃ"ã3Ä†–v‚Ä6öÆBÄvöö@£S"ÄÖÆRÃc’Ã"ãbÄÆ÷rÄæ÷&ÖÂÅö÷ £c‚ÄÖÆRÃSÃãRÄÆ÷rÄ6öÆBÅö÷ £CBÄÖÆRÃÃ2ãcBÄ†–v‚Äæ÷&ÖÂÄvöö@£3’ÄfVÖÆRÃSRÃ2ã"Ä†–v‚Ä†÷BÄvöö@£CrÄfVÖÆRÃcrÃ2ã3’ÄÖöFW&FRÄ†÷BÄvöö@£3‚ÄfVÖÆRÃC’Ã"ã#2Ä†–v‚Ä6öÆBÄvöö@£cÄfVÖÆRÃS’Ã2ãS‚Ä†–v‚Ä†÷BÄvöö@£CÄfVÖÆRÃ“‚Ã2ã“BÄÆ÷rÄ†÷BÄvöö@£S"ÄfVÖÆRÃƒRÃ2ã3bÄ†–v‚Äæ÷&ÖÂÄvöö@£3‚ÄfVÖÆRÃsBÃ2ãBÄ†–v‚Äæ÷&ÖÂÄvöö@£S"ÄÖÆRÃƒ"Ã"ãcRÄÆ÷rÄæ÷&ÖÂÄvöö@£S2ÄfVÖÆRÃ‚ÃBã3RÄÖöFW&FRÄ†÷BÄvöö@£3RÄÖÆRÃcbÃãSbÄÆ÷rÄæ÷&ÖÂÅö÷ £32ÄÖÆRÃCrÃ"ãRÄÖöFW&FRÄæ÷&ÖÂÄvöö@£SbÄÖÆRÃƒBÃ"ã#"ÄÖöFW&FRÄæ÷&ÖÂÅö÷ £cÄfVÖÆRÃ“bÃBã"Ä†–v‚Ä†÷BÄvöö@£’ÄÖÆRÃbÃ2ãƒÄÖöFW&FRÄ6öÆBÄvöö@£c‚ÄÖÆRÃ‚Ã2ãsrÄ†–v‚Ä6öÆBÄvöö@£#‚ÄÖÆRÃs’Ã"ã3ÄÆ÷rÄæ÷&ÖÂÅö÷ £’ÄÖÆRÃCRÃ"ãc2Ä†–v‚Ä†÷BÄvöö@£CBÄfVÖÆRÃ’ÃBã“‚Ä†–v‚Ä†÷BÄvöö@£c"ÄÖÆRÃƒ‚Ã2ãC’Ä†–v‚Ä6öÆBÄvöö@£’ÄfVÖÆRÃƒRÃ2ãSBÄÆ÷rÄ†÷BÄvöö@£crÄÖÆRÃƒRÃ2ãsRÄ†–v‚Ä†÷BÄvöö@£cRÄfVÖÆRÃSrÃ"ã“ÄÖöFW&FRÄ†÷BÄvöö@£CrÄfVÖÆRÃƒ‚Ã"ã2ÄÆ÷rÄ6öÆBÅö÷ £#’ÄfVÖÆRÃÃ2ãS2Ä†–v‚Ä6öÆBÄvöö@£3ÄfVÖÆRÃ“"Ã2ãC‚ÄÆ÷rÄ†÷BÄvöö@£SrÄfVÖÆRÃBÃ"ã3RÄÆ÷rÄæ÷&ÖÂÅö÷ £3‚ÄÖÆRÃc"Ã"ã3"ÄÖöFW&FRÄ6öÆBÄvöö@£3ÄÖÆRÃ“’Ã2ã3ÄÖöFW&FRÄ6öÆBÄvöö@£c"ÄfVÖÆRÃrÃ2ãc’Ä†–v‚Ä6öÆBÄvöö@£c2ÄÖÆRÃcÃã“bÄÆ÷rÄ†÷BÄvöö@£#’ÄÖÆRÃ‚Ã2ãcrÄÆ÷rÄ†÷BÄvöö@£CRÄfVÖÆRÃƒ"Ã2ãSBÄ†–v‚Äæ÷&ÖÂÄvöö@£C‚ÄfVÖÆRÃrÃ2ãsbÄÖöFW&FRÄ6öÆBÄvöö@£cBÄÖÆRÃC‚Ã"ã’Ä†–v‚Äæ÷&ÖÂÄvöö@£C"ÄÖÆRÃcBÃã“bÄÖöFW&FRÄ6öÆBÄvöö@£3RÄÖÆRÃƒ"Ã"ã2ÄÆ÷rÄæ÷&ÖÂÅö÷ £cbÄfVÖÆRÃ“"Ã"ã#’ÄÆ÷rÄ6öÆBÅö÷ £3‚ÄfVÖÆRÃ“rÃ2ãc2Ä†–v‚Ä6öÆBÄvöö@£#RÄfVÖÆRÃs‚Ã2ã3rÄ†–v‚Äæ÷&ÖÂÄvöö@£‚ÄÖÆRÃs’Ã"ãƒ’Ä†–v‚Ä6öÆBÄvöö@£C2ÄÖÆRÃC’Ã"ã#’ÄÖöFW&FRÄ†÷BÄvöö@£3"ÄfVÖÆRÃc2ÃãƒrÄÖöFW&FRÄ6öÆBÅö÷ £SbÄfVÖÆRÃsÃãSÄÆ÷rÄæ÷&ÖÂÅö÷ £3"ÄÖÆRÃƒBÃ2ãCÄ†–v‚Äæ÷&ÖÂÄvöö@£C’ÄÖÆRÃ"Ã2ã‚ÄÆ÷rÄ†÷BÄvöö@£SbÄÖÆRÃ“bÃ"ãC2ÄÆ÷rÄ6öÆBÅö÷ £SRÄfVÖÆRÃs"Ã"ãCbÄ†–v‚Ä6öÆBÄvöö@£CÄÖÆRÃƒÃ"ãRÄÆ÷rÄæ÷&ÖÂÅö÷ £cÄfVÖÆRÃ“BÃ2ãrÄÆ÷rÄ†÷BÄvöö@£3ÄÖÆRÃCRÃ"ã3"ÄÆ÷rÄ†÷BÄvöö@£‚ÄfVÖÆRÃ“bÃ"ãƒÄÆ÷rÄæ÷&ÖÂÅö÷ £SBÄÖÆRÃƒRÃ2ãc’Ä†–v‚Ä†÷BÄvöö@£3‚ÄfVÖÆRÃ’Ã2ãS‚ÄÆ÷rÄ†÷BÄvöö@£c‚ÄÖÆRÃ“bÃ2ãC’ÄÖöFW&FRÄæ÷&ÖÂÄvöö@£3RÄÖÆRÃƒÃ2ãbÄÆ÷rÄ†÷BÄvöö@£SRÄÖÆRÃCbÃãRÄÖöFW&FRÄæ÷&ÖÂÄvöö@£’ÄfVÖÆRÃÃ"ãƒ‚ÄÆ÷rÄæ÷&ÖÂÅö÷ £#BÄÖÆRÃƒRÃBãs"Ä†–v‚Ä†÷BÄvöö@£S‚ÄÖÆRÃSÃãS’ÄÖöFW&FRÄæ÷&ÖÂÄvöö@£CbÄfVÖÆRÃS"Ã"ã’ÄÖöFW&FRÄæ÷&ÖÂÄvöö@£SrÄÖÆRÃsbÃ"ãƒ‚ÄÖöFW&FRÄ†÷BÄvöö@£#rÄÖÆRÃc"Ããs"ÄÆ÷rÄ6öÆBÅö÷ £#’ÄfVÖÆRÃSRÃãc2ÄÖöFW&FRÄ6öÆBÅö÷ £SRÄfVÖÆRÃ“’Ã2ãCÄÖöFW&FRÄæ÷&ÖÂÄvöö@£#RÄÖÆRÃcbÃ"ã“BÄ†–v‚Äæ÷&ÖÂÄvöö@£S2ÄÖÆRÃSRÃãRÄÖöFW&FRÄ6öÆBÅö÷ £SÄfVÖÆRÃCrÃãRÄÖöFW&FRÄ6öÆBÄvöö@£c‚ÄÖÆRÃ“BÃBãÄÖöFW&FRÄ†÷BÄvöö@£S2ÄÖÆRÃ“’Ã2ã#‚ÄÖöFW&FRÄæ÷&ÖÂÄvöö@£c‚ÄfVÖÆRÃ“rÃBãsrÄ†–v‚Ä†÷BÄvöö@£C‚ÄfVÖÆRÃsbÃ2ã"ÄÖöFW&FRÄæ÷&ÖÂÄvöö@£3bÄfVÖÆRÃS2Ã"ã3RÄÖöFW&FRÄ†÷BÄvöö@£SRÄÖÆRÃc2Ããƒ‚Ä†–v‚Ä6öÆBÅö÷ £#‚ÄfVÖÆRÃrÃ"ã“’ÄÆ÷rÄ6öÆBÅö÷ £cÄfVÖÆRÃsrÃ"ãƒRÄÖöFW&FRÄ†÷BÄvöö@£crÄfVÖÆRÃc‚Ã"ãSRÄÖöFW&FRÄæ÷&ÖÂÄvöö@£3BÄÖÆRÃc2Ã"ã"ÄÖöFW&FRÄæ÷&ÖÂÄvöö@£’ÄfVÖÆRÃƒRÃ"ãSrÄÖöFW&FRÄæ÷&ÖÂÄvöö@£C’ÄÖÆRÃsrÃ2ãƒBÄ†–v‚Ä†÷BÄvöö@£C"ÄÖÆRÃBÃ2ã#2ÄÆ÷rÄæ÷&ÖÂÄvöö@£c‚ÄÖÆRÃSÃ2ã#"Ä†–v‚Ä†÷BÄvöö@£C"ÄÖÆRÃS"Ã"ã"ÄÖöFW&FRÄæ÷&ÖÂÄvöö@£S"ÄÖÆRÃc’Ã"ã“2ÄÖöFW&FRÄ†÷BÄvöö@£C’ÄÖÆRÃsbÃ"ãc2ÄÆ÷rÄæ÷&ÖÂÄvöö@£C2ÄÖÆRÃS"Ã"ãbÄ†–v‚Äæ÷&ÖÂÄvöö@£’ÄÖÆRÃc2ÃãSBÄÆ÷rÄ6öÆBÅö÷ £SbÄÖÆRÃS"ÃãbÄ†–v‚Ä6öÆBÄvöö@£3ÄÖÆRÃsRÃãrÄÆ÷rÄ6öÆBÅö÷ £‚ÄÖÆRÃ“Ã2ãC’ÄÖöFW&FRÄæ÷&ÖÂÄvöö@£3rÄfVÖÆRÃsbÃ2ãCrÄÆ÷rÄ†÷BÄvöö@£3ÄfVÖÆRÃCrÃ2ã2Ä†–v‚Ä†÷BÄvöö@£#bÄfVÖÆRÃÃBãrÄ†–v‚Ä6öÆBÄvöö@£c‚ÄÖÆRÃCbÃ"ã#Ä†–v‚Ä6öÆBÄvöö@£C‚ÄÖÆRÃS’Ãã“rÄÆ÷rÄ6öÆBÄvöö@£SÄÖÆRÃƒrÃBã"Ä†–v‚Ä†÷BÄvöö@£c"ÄÖÆRÃsÃ"ãSbÄÆ÷rÄ†÷BÄvöö@£c’ÄÖÆRÃCbÃã“"Ä†–v‚Ä6öÆBÄvöö@£CrÄÖÆRÃƒRÃ2ã"ÄÖöFW&FRÄ6öÆBÄvöö@£SÄfVÖÆRÃ“bÃ2ãRÄÆ÷rÄ6öÆBÄvöö@£3ÄfVÖÆRÃ“BÃBãbÄÖöFW&FRÄ†÷BÄvöö@£crÄÖÆRÃc2Ã2ãrÄ†–v‚Ä†÷BÄvöö@£#2ÄfVÖÆRÃSbÃãs‚ÄÆ÷rÄ6öÆBÄvöö@£CÄfVÖÆRÃ“ÃBã#"Ä†–v‚Ä†÷BÄvöö@£crÄÖÆRÃs’Ãã“‚ÄÖöFW&FRÄ6öÆBÅö÷ £crÄÖÆRÃcbÃ"ãC’Ä†–v‚Äæ÷&ÖÂÄvöö@£#2ÄfVÖÆRÃƒÃ"ã#RÄÆ÷rÄ6öÆBÅö÷ £#"ÄfVÖÆRÃcBÃ"ãc’Ä†–v‚Äæ÷&ÖÂÄvöö@£3RÄfVÖÆRÃƒRÃ"ãƒ‚ÄÖöFW&FRÄ6öÆBÄvöö@£#"ÄÖÆRÃ‚Ã2ã2ÄÆ÷rÄ6öÆBÄvöö@£3BÄÖÆRÃs’Ã"ã“’ÄÖöFW&FRÄæ÷&ÖÂÄvöö@£3bÄÖÆRÃBÃ"ãcrÄÆ÷rÄ6öÆBÅö÷ £’ÄÖÆRÃƒbÃ"ãsBÄÆ÷rÄæ÷&ÖÂÄvöö@£cBÄÖÆRÃSRÃ"ã"Ä†–v‚Äæ÷&ÖÂÄvöö@£3ÄfVÖÆRÃ2Ã2ã3rÄÆ÷rÄæ÷&ÖÂÄvöö@£cRÄfVÖÆRÃS"ÃãRÄÖöFW&FRÄ6öÆBÅö÷ £#"ÄfVÖÆRÃsBÃ2ãsÄ†–v‚Ä†÷BÄvöö@£#‚ÄÖÆRÃc’Ã"ãs‚Ä†–v‚Äæ÷&ÖÂÄvöö@£#‚ÄÖÆRÃbÃ2ã“bÄÆ÷rÄ†÷BÄvöö@£‚ÄÖÆRÃ“Ã"ã#RÄÆ÷rÄ6öÆBÅö÷ £SRÄfVÖÆRÃc2Ããc’ÄÆ÷rÄ6öÆBÅö÷ £#’ÄfVÖÆRÃsrÃ2ã#"Ä†–v‚Äæ÷&ÖÂÄvöö@£cÄfVÖÆRÃcRÃ"ãBÄÆ÷rÄ†÷BÄvöö@£CrÄÖÆRÃcBÃ"ãsBÄ†–v‚Äæ÷&ÖÂÄvöö@£S2ÄÖÆRÃSÃ"ã#"ÄÆ÷rÄ†÷BÄvöö@£c"ÄÖÆRÃc"ÃãSrÄÆ÷rÄ6öÆBÅö÷ £‚ÄÖÆRÃ“rÃ2ã"ÄÆ÷rÄ6öÆBÄvöö@£C‚ÄÖÆRÃ"Ã2ãcbÄÆ÷rÄ†÷BÄvöö@£SRÄfVÖÆRÃƒ‚Ã"ã"ÄÖöFW&FRÄ6öÆBÅö÷ £3"ÄfVÖÆRÃs’Ã"ãC’ÄÖöFW&FRÄæ÷&ÖÂÄvöö@£3‚ÄÖÆRÃƒBÃ2ã#2ÄÖöFW&FRÄ†÷BÄvöö@£c"ÄfVÖÆRÃƒ‚Ã"ãsbÄÖöFW&FRÄæ÷&ÖÂÄvöö@£cbÄÖÆRÃcRÃãRÄÆ÷rÄ6öÆBÅö÷ £SBÄÖÆRÃS‚Ã2ãSrÄ†–v‚Ä†÷BÄvöö@£cÄfVÖÆRÃBÃ2ã“RÄ†–v‚Äæ÷&ÖÂÄvöö@£SBÄÖÆRÃcRÃãRÄÆ÷rÄ6öÆBÅö÷ £3RÄfVÖÆRÃRÃBãƒbÄ†–v‚Ä†÷BÄvöö@£3RÄÖÆRÃ“‚Ã2ã#RÄÖöFW&FRÄ6öÆBÄvöö@£C2ÄfVÖÆRÃs2Ã"ã3BÄÆ÷rÄ6öÆBÄvöö@£#2ÄÖÆRÃ"ÃBãBÄÆ÷rÄ†÷BÄvöö@£SÄÖÆRÃrÃ2ãc2ÄÆ÷rÄ†÷BÄvöö@£C2ÄfVÖÆRÃs‚Ã"ã‚Ä†–v‚Ä6öÆBÄvöö@£cbÄÖÆRÃSbÃ"ãc"Ä†–v‚Äæ÷&ÖÂÄvöö@£3‚ÄfVÖÆRÃc‚Ã"ãrÄÆ÷rÄ6öÆBÄvöö@£’ÄfVÖÆRÃCRÃ"ã“2ÄÖöFW&FRÄ†÷BÄvöö@£SÄÖÆRÃC’ÃãRÄÆ÷rÄ6öÆBÄvöö@£3ÄfVÖÆRÃcRÃ2ã‚Ä†–v‚Ä†÷BÄvöö@£SbÄÖÆRÃ2Ã"ãSBÄÆ÷rÄ6öÆBÅö÷ £3‚ÄÖÆRÃ‚ÃBãsBÄÖöFW&FRÄ†÷BÄvöö@£S‚ÄfVÖÆRÃƒ"Ã"ãbÄÆ÷rÄæ÷&ÖÂÅö÷ £CRÄfVÖÆRÃSBÃ"ã#BÄ†–v‚Ä6öÆBÄvöö@£SrÄfVÖÆRÃ“bÃBã‚ÄÖöFW&FRÄ†÷BÄvöö@£CÄfVÖÆRÃc‚Ã"ãCRÄÆ÷rÄ†÷BÄvöö@£crÄfVÖÆRÃƒ"Ã"ã2ÄÆ÷rÄæ÷&ÖÂÅö÷ £#RÄfVÖÆRÃ“2Ã"ãs"ÄÆ÷rÄ6öÆBÅö÷ £SbÄÖÆRÃ“rÃ2ãBÄÆ÷rÄæ÷&ÖÂÄvöö@£CrÄfVÖÆRÃC’Ã"ãS‚Ä†–v‚Ä6öÆBÄvöö@£S"ÄfVÖÆRÃC’Ã2ã#RÄ†–v‚Ä†÷BÄvöö@£CBÄfVÖÆRÃc"Ã"ã"ÄÆ÷rÄæ÷&ÖÂÄvöö@£#RÄÖÆRÃbÃBãBÄÆ÷rÄ†÷BÄvöö@£c2ÄfVÖÆRÃcRÃ"ã2Ä†–v‚Ä6öÆBÄvöö@£cÄfVÖÆRÃcbÃ"ãcrÄÆ÷rÄ†÷BÄvöö@£‚ÄfVÖÆRÃsÃ"ãs‚ÄÖöFW&FRÄ6öÆBÄvöö@£3ÄfVÖÆRÃs‚Ã"ãSrÄÆ÷rÄæ÷&ÖÂÄvöö@£#ÄfVÖÆRÃ“RÃ"ã“RÄÆ÷rÄæ÷&ÖÂÄvöö@£SbÄfVÖÆRÃC’ÃãRÄÆ÷rÄ6öÆBÄvöö@£3BÄÖÆRÃcrÃ"ã“"Ä†–v‚Ä6öÆBÄvöö@£cRÄfVÖÆRÃSÃãƒ2Ä†–v‚Äæ÷&ÖÂÄvöö@£#BÄfVÖÆRÃS’Ã2ãS"Ä†–v‚Ä†÷BÄvöö@£3rÄÖÆRÃ“‚Ã"ã“2ÄÆ÷rÄæ÷&ÖÂÅö÷ £C‚ÄfVÖÆRÃ“2Ã"ãCÄÆ÷rÄ6öÆBÅö÷ £#ÄfVÖÆRÃ‚Ã2ã#2ÄÖöFW&FRÄ6öÆBÅö÷ £3BÄÖÆRÃcbÃ2ã‚Ä†–v‚Ä6öÆBÄvöö@£#ÄfVÖÆRÃ“"Ã"ãƒ"ÄÆ÷rÄ6öÆBÄvöö@£SÄÖÆRÃƒrÃ2ã#BÄÆ÷rÄ†÷BÄvöö@£32ÄfVÖÆRÃCbÃãs"ÄÆ÷rÄ†÷BÄvöö@£cRÄÖÆRÃ“Ã2ã3Ä†–v‚Äæ÷&ÖÂÄvöö@£#ÄÖÆRÃS"ÃãSbÄÆ÷rÄæ÷&ÖÂÄvöö@£cbÄfVÖÆRÃC’ÃãRÄÖöFW&FRÄæ÷&ÖÂÄvöö@£cbÄfVÖÆRÃ2Ã"ã“bÄÖöFW&FRÄ6öÆBÅö÷ £3BÄÖÆRÃs"Ã2ãrÄÖöFW&FRÄ†÷BÄvöö@£S‚ÄÖÆRÃCRÃãRÄÆ÷rÄ6öÆBÄvöö@£cÄfVÖÆRÃcÃ"ãC"ÄÖöFW&FRÄ†÷BÄvöö@£SBÄÖÆRÃ“Ã"ãƒÄÆ÷rÄ†÷BÄvöö@£3bÄfVÖÆRÃcrÃ"ã’ÄÖöFW&FRÄ6öÆBÄvöö@£‚ÄÖÆRÃRÃ2ãRÄÖöFW&FRÄ6öÆBÄvöö@£S2ÄfVÖÆRÃc’Ã2ã#‚ÄÖöFW&FRÄ†÷BÄvöö@£CRÄÖÆRÃC’Ã"ãƒRÄ†–v‚Äæ÷&ÖÂÄvöö@£3ÄÖÆRÃcÃ"ãRÄ†–v‚Ä6öÆBÄvöö@£#‚ÄfVÖÆRÃSRÃãƒrÄÆ÷rÄ†÷BÄvöö@£SÄfVÖÆRÃS"Ã"ã2Ä†–v‚Ä6öÆBÄvöö@£S’ÄfVÖÆRÃS‚Ã"ãƒ2ÄÖöFW&FRÄ†÷BÄvöö@£cbÄfVÖÆRÃƒ"Ã"ã3ÄÖöFW&FRÄ6öÆBÅö÷ £CbÄÖÆRÃs"Ã2ãSBÄ†–v‚Äæ÷&ÖÂÄvöö@£CÄÖÆRÃSÃ"ãSrÄÖöFW&FRÄ†÷BÄvöö@£crÄfVÖÆRÃsRÃ"ãBÄÖöFW&FRÄ6öÆBÅö÷ £CbÄÖÆRÃƒBÃ"ãƒ‚ÄÆ÷rÄ†÷BÄvöö@£SÄfVÖÆRÃÃ2ã“bÄÖöFW&FRÄæ÷&ÖÂÄvöö@£C"ÄÖÆRÃƒbÃ2ã#’Ä†–v‚Ä6öÆBÄvöö@£3RÄÖÆRÃSÃ"ãcbÄÆ÷rÄ†÷BÄvöö@£#"ÄfVÖÆRÃsrÃ2ãƒ"Ä†–v‚Ä†÷BÄvöö@£SrÄfVÖÆRÃC‚Ã"ãÄÆ÷rÄ†÷BÄvöö@£S’ÄÖÆRÃsÃ2ã#Ä†–v‚Äæ÷&ÖÂÄvöö@£C’ÄfVÖÆRÃ’Ã2ãƒÄÖöFW&FRÄæ÷&ÖÂÄvöö@£‚ÄfVÖÆRÃCrÃ"ãCBÄÆ÷rÄ†÷BÄvöö@£cÄÖÆRÃc’Ã"ãBÄÖöFW&FRÄæ÷&ÖÂÄvöö@£cBÄfVÖÆRÃs’Ãã“bÄÖöFW&FRÄ6öÆBÅö÷ £3ÄÖÆRÃcrÃ"ãƒ"Ä†–v‚Ä6öÆBÄvöö@£3bÄÖÆRÃS’Ã"ãS2ÄÖöFW&FRÄæ÷&ÖÂÄvöö@£c’ÄÖÆRÃsÃ"ãS"Ä†–v‚Äæ÷&ÖÂÄvöö@£3BÄfVÖÆRÃRÃ2ãƒRÄÖöFW&FRÄ†÷BÄvöö@£32ÄfVÖÆRÃƒrÃ2ãS‚ÄÖöFW&FRÄæ÷&ÖÂÄvöö@£CÄÖÆRÃc’Ã2ãbÄÖöFW&FRÄ†÷BÄvöö@£3bÄÖÆRÃs‚Ã2ãC"ÄÖöFW&FRÄ†÷BÄvöö@£’ÄÖÆRÃC’Ã"ã#2ÄÖöFW&FRÄæ÷&ÖÂÄvöö@£SRÄfVÖÆRÃ“‚Ã"ãsrÄÖöFW&FRÄæ÷&ÖÂÅö÷ £CÄÖÆRÃ“RÃ2ãc2ÄÆ÷rÄ†÷BÄvöö@£S‚ÄfVÖÆRÃ“‚Ã2ãcrÄÆ÷rÄ†÷BÄvöö@£3rÄfVÖÆRÃs’Ã2ã2Ä†–v‚Äæ÷&ÖÂÄvöö@£S’ÄÖÆRÃcbÃãSRÄÖöFW&FRÄ6öÆBÅö÷ £SBÄfVÖÆRÃSrÃãRÄÖöFW&FRÄ6öÆBÅö÷ £C‚ÄÖÆRÃS‚Ã"ã“bÄ†–v‚Ä†÷BÄvöö@£SbÄfVÖÆRÃƒ"Ã"ãsBÄÆ÷rÄ†÷BÄvöö@£3RÄfVÖÆRÃƒ2Ã2ã’Ä†–v‚Ä6öÆBÄvöö@£#ÄÖÆRÃƒRÃ2ãbÄÆ÷rÄ†÷BÄvöö@£CBÄÖÆRÃcrÃ"ã#"ÄÖöFW&FRÄæ÷&ÖÂÄvöö@£cÄÖÆRÃSrÃ"ãCÄÖöFW&FRÄæ÷&ÖÂÄvöö@£3ÄÖÆRÃs’Ã"ãrÄÖöFW&FRÄ6öÆBÅö÷ £cÄfVÖÆRÃ“bÃ2ã#RÄÆ÷rÄ†÷BÄvöö@£cBÄfVÖÆRÃS"ÃãsRÄÆ÷rÄ†÷BÄvöö@£32ÄÖÆRÃ‚Ã2ã3"ÄÆ÷rÄ6öÆBÄvöö@£CbÄÖÆRÃs’Ã2ãÄ†–v‚Äæ÷&ÖÂÄvöö@£c’ÄfVÖÆRÃ’Ã"ãsrÄÖöFW&FRÄ6öÆBÅö÷ £SbÄÖÆRÃS‚ÃãRÄÆ÷rÄ6öÆBÅö÷ £c2ÄÖÆRÃs2Ã"ã"ÄÆ÷rÄæ÷&ÖÂÅö÷ £#ÄÖÆRÃsÃ2ãcbÄÖöFW&FRÄ†÷BÄvöö@£CÄfVÖÆRÃƒ’Ã"ãcrÄÆ÷rÄæ÷&ÖÂÄvöö@£3rÄfVÖÆRÃs2Ã"ãS"ÄÆ÷rÄæ÷&ÖÂÄvöö@£c‚ÄÖÆRÃc"Ããs2ÄÖöFW&FRÄæ÷&ÖÂÅö÷ £3‚ÄfVÖÆRÃc2Ã2ã‚ÄÖöFW&FRÄ†÷BÄvöö@£CÄÖÆRÃsÃ"ãc"ÄÆ÷rÄ†÷BÄvöö@£S"ÄfVÖÆRÃsrÃãcÄÆ÷rÄæ÷&ÖÂÅö÷ £cbÄÖÆRÃS2ÃãRÄÖöFW&FRÄæ÷&ÖÂÅö÷ £SBÄfVÖÆRÃ2Ã2ã3RÄÆ÷rÄ†÷BÄvöö@£#"ÄfVÖÆRÃƒ‚Ã"ãCbÄÖöFW&FRÄ6öÆBÅö÷ £#rÄfVÖÆRÃ"Ã2ãs"ÄÖöFW&FRÄæ÷&ÖÂÄvöö@£32ÄÖÆRÃBÃ2ãsBÄÖöFW&FRÄ6öÆBÄvöö@£#‚ÄfVÖÆRÃrÃ2ãC"ÄÖöFW&FRÄæ÷&ÖÂÄvöö@£S‚ÄÖÆRÃ“rÃ"ã’ÄÆ÷rÄ†÷BÅö÷ £SRÄÖÆRÃc‚Ã"ãbÄÆ÷rÄ†÷BÄvöö@£#RÄÖÆRÃSÃãRÄÖöFW&FRÄ6öÆBÅö÷ £cbÄfVÖÆRÃ‚Ã2ãbÄÖöFW&FRÄ6öÆBÅö÷ £c2ÄÖÆRÃ“RÃ2ã#bÄÖöFW&FRÄ†÷BÄvöö@£#BÄfVÖÆRÃSÃãRÄÖöFW&FRÄ6öÆBÄvöö@£32ÄÖÆRÃÃ2ãBÄÖöFW&FRÄæ÷&ÖÂÄvöö@£3BÄÖÆRÃrÃ2ãC"ÄÆ÷rÄ†÷BÄvöö@£#BÄÖÆRÃs’ÃBãC2Ä†–v‚Ä†÷BÄvöö@£CBÄfVÖÆRÃsBÃ"ãSbÄÖöFW&FRÄæ÷&ÖÂÄvöö@£S"ÄfVÖÆRÃSÃ"ã"Ä†–v‚Äæ÷&ÖÂÄvöö@£#RÄfVÖÆRÃcBÃ"ãS’ÄÖöFW&FRÄæ÷&ÖÂÄvöö@£3ÄÖÆRÃsÃ2ãcBÄ†–v‚Ä†÷BÄvöö@£S‚ÄfVÖÆRÃRÃ2ãRÄÆ÷rÄæ÷&ÖÂÄvöö@£CÄfVÖÆRÃcÃ2ãRÄÖöFW&FRÄ†÷BÄvöö@£’ÄfVÖÆRÃCRÃãS’Ä†–v‚Ä6öÆBÄvöö@£3ÄÖÆRÃSÃãƒ2ÄÖöFW&FRÄæ÷&ÖÂÄvöö@£CBÄÖÆRÃ“2Ã2ãRÄÖöFW&FRÄ6öÆBÄvöö@£3’ÄfVÖÆRÃs‚Ã2ãcrÄ†–v‚Äæ÷&ÖÂÄvöö@£3bÄÖÆRÃsRÃ"ã#ÄÆ÷rÄæ÷&ÖÂÅö÷ £3BÄÖÆRÃcrÃ"ãƒ’Ä†–v‚Ä6öÆBÄvöö@£SRÄfVÖÆRÃSBÃ"ã’Ä†–v‚Äæ÷&ÖÂÄvöö@£’ÄfVÖÆRÃcbÃ2ã#BÄÖöFW&FRÄ†÷BÄvöö@£#bÄÖÆRÃÃ"ãc"ÄÆ÷rÄæ÷&ÖÂÅö÷ £#2ÄfVÖÆRÃÃBãSBÄÖöFW&FRÄ†÷BÄvöö@£3"ÄÖÆRÃsÃ2ãbÄÖöFW&FRÄ†÷BÄvöö@£cÄfVÖÆRÃSrÃãS‚ÄÆ÷rÄæ÷&ÖÂÅö÷ £crÄfVÖÆRÃSBÃãbÄÖöFW&FRÄ6öÆBÅö÷ £SrÄfVÖÆRÃƒ‚Ãã“rÄÆ÷rÄ6öÆBÅö÷ £SBÄfVÖÆRÃƒÃ"ã3’ÄÆ÷rÄ†÷BÅö÷ £CRÄÖÆRÃÃ2ã3"ÄÆ÷rÄæ÷&ÖÂÄvöö@£cÄÖÆRÃS2Ã"ãƒ"Ä†–v‚Ä†÷BÄvöö@£cÄfVÖÆRÃsbÃ"ãƒ2Ä†–v‚Äæ÷&ÖÂÄvöö@£S"ÄÖÆRÃ"Ã2ã3RÄ†–v‚Äæ÷&ÖÂÄvöö@£C"ÄfVÖÆRÃs"ÃãS"ÄÆ÷rÄ6öÆBÅö÷ £SrÄÖÆRÃcBÃ"ã’ÄÖöFW&FRÄ6öÆBÄvöö@£c‚ÄÖÆRÃSBÃ"ã“BÄ†–v‚Ä†÷BÄvöö@£SBÄÖÆRÃBÃBã#bÄ†–v‚Äæ÷&ÖÂÄvöö@£CrÄÖÆRÃ“bÃBã2Ä†–v‚Äæ÷&ÖÂÄvöö@£#’ÄÖÆRÃs2Ã"ã‚Ä†–v‚Ä6öÆBÄvöö@£3BÄÖÆRÃ“rÃ2ãƒBÄÖöFW&FRÄæ÷&ÖÂÄvöö@£cbÄÖÆRÃ“2ÃBã"Ä†–v‚Ä†÷BÄvöö@£#‚ÄfVÖÆRÃcÃ"ãbÄÖöFW&FRÄæ÷&ÖÂÄvöö@£S2ÄÖÆRÃ“RÃ2ãƒRÄ†–v‚Äæ÷&ÖÂÄvöö@£SBÄÖÆRÃCrÃãƒÄ†–v‚Ä6öÆBÄvöö@£SRÄÖÆRÃ“’Ãã“BÄÆ÷rÄ6öÆBÅö÷ £CÄfVÖÆRÃs‚Ã"ãƒ‚Ä†–v‚Ä6öÆBÄvöö@£3"ÄÖÆRÃS‚Ã"ãS’ÄÖöFW&FRÄæ÷&ÖÂÄvöö@£3‚ÄÖÆRÃs"Ã"ãc‚Ä†–v‚Äæ÷&ÖÂÄvöö@£3’ÄfVÖÆRÃBÃ2ãƒ‚Ä†–v‚Äæ÷&ÖÂÄvöö@£CÄÖÆRÃC‚Ã2ã#’Ä†–v‚Ä†÷BÄvöö@£#2ÄfVÖÆRÃSBÃãRÄÆ÷rÄæ÷&ÖÂÅö÷ £#rÄfVÖÆRÃrÃ2ã3BÄÆ÷rÄ6öÆBÄvöö@£C"ÄÖÆRÃsbÃ"ãcRÄÖöFW&FRÄ6öÆBÄvöö@£C2ÄfVÖÆRÃsÃ"ãc2ÄÖöFW&FRÄ6öÆBÄvöö@£C2ÄÖÆRÃSRÃãc‚ÄÖöFW&FRÄæ÷&ÖÂÄvöö@£C’ÄÖÆRÃ2ÃRãÄ†–v‚Ä†÷BÄvöö@£#bÄÖÆRÃSRÃ"ã“"Ä†–v‚Ä†÷BÄvöö@£C’ÄfVÖÆRÃSRÃãRÄÖöFW&FRÄ6öÆBÅö÷ £crÄÖÆRÃ“rÃ2ãsbÄÆ÷rÄ†÷BÄvöö@£32ÄfVÖÆRÃƒrÃ"ãƒ’ÄÖöFW&FRÄæ÷&ÖÂÄvöö@£#’ÄÖÆRÃs‚Ã2ã32ÄÖöFW&FRÄ†÷BÄvöö@£#bÄÖÆRÃSbÃ"ã3BÄ†–v‚Äæ÷&ÖÂÄvöö@£SÄÖÆRÃsÃ2ã"Ä†–v‚Äæ÷&ÖÂÄvöö@£3ÄfVÖÆRÃÃ2ã32ÄÆ÷rÄ†÷BÄvöö@£3’ÄfVÖÆRÃ“"ÃBã‚Ä†–v‚Ä†÷BÄvöö@£#RÄfVÖÆRÃSrÃ"ãs’Ä†–v‚Äæ÷&ÖÂÄvöö@£S‚ÄÖÆRÃSBÃãƒrÄÖöFW&FRÄ6öÆBÄvöö@£CBÄfVÖÆRÃSRÃ"ãs‚ÄÆ÷rÄ†÷BÄvöö@£#BÄÖÆRÃƒbÃ"ãsbÄÖöFW&FRÄæ÷&ÖÂÄvöö@£CRÄfVÖÆRÃsÃ"ãBÄÆ÷rÄ†÷BÄvöö@£c’ÄfVÖÆRÃC‚Ããc2ÄÖöFW&FRÄ6öÆBÄvöö@£#rÄÖÆRÃC‚Ã"ãc‚Ä†–v‚Äæ÷&ÖÂÄvöö@£crÄÖÆRÃsBÃ"ãRÄ†–v‚Ä6öÆBÅö÷ £#’ÄÖÆRÃcRÃãƒ2ÄÆ÷rÄæ÷&ÖÂÅö÷ £3BÄÖÆRÃS2Ã"ãbÄ†–v‚Ä6öÆBÄvöö@£3’ÄÖÆRÃ2Ã2ãCrÄÖöFW&FRÄ6öÆBÄvöö@£S‚ÄÖÆRÃ“"Ã"ã"ÄÆ÷rÄ6öÆBÅö÷ £#BÄfVÖÆRÃSÃ2ãÄ†–v‚Ä†÷BÄvöö@£3BÄÖÆRÃs"Ã"ãs’Ä†–v‚Äæ÷&ÖÂÄvöö@£SRÄfVÖÆRÃ“2Ã2ã2ÄÆ÷rÄ†÷BÄvöö@£c"ÄfVÖÆRÃƒ’Ã"ãsBÄÆ÷rÄæ÷&ÖÂÄvöö@£S"ÄÖÆRÃs’Ã"ã’ÄÆ÷rÄ6öÆBÅö÷ £C‚ÄfVÖÆRÃƒÃ"ãc2ÄÆ÷rÄæ÷&ÖÂÄvöö@£SrÄfVÖÆRÃRÃ2ã#2ÄÆ÷rÄæ÷&ÖÂÄvöö@£3RÄÖÆRÃSrÃ"ãcRÄÆ÷rÄ†÷BÄvöö@£3BÄfVÖÆRÃcbÃãƒ2ÄÖöFW&FRÄ6öÆBÅö÷ £3"ÄÖÆRÃ“‚Ã"ã“BÄÆ÷rÄæ÷&ÖÂÄvöö@£C"ÄfVÖÆRÃc‚Ã"ã2ÄÆ÷rÄ†÷BÄvöö@£32ÄÖÆRÃc’ÃãrÄÆ÷rÄ6öÆBÅö÷ £cRÄfVÖÆRÃCRÃãRÄÆ÷rÄ6öÆBÄvöö@£crÄÖÆRÃsrÃ"ãsbÄÖöFW&FRÄ†÷BÄvöö@£#BÄÖÆRÃs"Ã"ãRÄÆ÷rÄ6öÆBÅö÷ £#RÄÖÆRÃƒ‚Ã2ãƒBÄ†–v‚Äæ÷&ÖÂÄvöö@£cRÄfVÖÆRÃSÃãRÄÖöFW&FRÄ6öÆBÅö÷ £CbÄÖÆRÃƒ’Ã2ãsBÄÖöFW&FRÄ†÷BÄvöö@£SrÄÖÆRÃ“Ã"ã’Ä†–v‚Ä6öÆBÄvöö@£SBÄÖÆRÃ’Ã2ã#bÄÆ÷rÄ†÷BÅö÷ £S‚ÄÖÆRÃS’ÃãcÄÆ÷rÄ6öÆBÅö÷ £CbÄÖÆRÃƒ2Ã"ã#BÄÖöFW&FRÄ6öÆBÅö÷ £’ÄÖÆRÃs"ÃãƒBÄÆ÷rÄæ÷&ÖÂÅö÷ £3ÄÖÆRÃCrÃã“"ÄÖöFW&FRÄ6öÆBÄvöö@£c‚ÄÖÆRÃ‚Ã"ãƒRÄÆ÷rÄ6öÆBÅö÷ £3‚ÄÖÆRÃ“BÃ2ãS"ÄÖöFW&FRÄæ÷&ÖÂÄvöö@£CRÄÖÆRÃcÃ"ãCRÄÖöFW&FRÄ6öÆBÄvöö@£crÄÖÆRÃSÃãRÄÖöFW&FRÄ6öÆBÅö÷ £‚ÄÖÆRÃƒbÃ2ã“RÄ†–v‚Ä†÷BÄvöö@£SbÄfVÖÆRÃCRÃ"ãƒbÄ†–v‚Ä†÷BÄvöö@£#rÄfVÖÆRÃÃBã#Ä†–v‚Ä†÷BÄvöö@£S‚ÄfVÖÆRÃSRÃãS"ÄÆ÷rÄ6öÆBÅö÷ £c"ÄÖÆRÃcBÃãc’ÄÆ÷rÄæ÷&ÖÂÅö÷ £SbÄÖÆRÃ“Ã2ãcBÄÖöFW&FRÄ†÷BÄvöö@£S’ÄÖÆRÃs’Ã"ã#’ÄÆ÷rÄ†÷BÅö÷ £#ÄÖÆRÃ“RÃ"ãSrÄÆ÷rÄ6öÆBÅö÷ £SrÄÖÆRÃsbÃ"ã‚ÄÖöFW&FRÄæ÷&ÖÂÅö÷ £CbÄÖÆRÃsRÃ2ãRÄ†–v‚Äæ÷&ÖÂÄvöö@£#‚ÄfVÖÆRÃsBÃ"ã"ÄÖöFW&FRÄ6öÆBÅö÷ £S2ÄfVÖÆRÃSÃã“BÄÆ÷rÄ†÷BÄvöö@£3bÄfVÖÆRÃ“Ã2ã#‚ÄÖöFW&FRÄ6öÆBÄvöö@£3RÄÖÆRÃƒÃ2ãbÄ†–v‚Ä6öÆBÄvöö@£c’ÄfVÖÆRÃ“‚Ã2ãRÄÖöFW&FRÄ6öÆBÄvöö@£crÄÖÆRÃcBÃ"ã“2ÄÖöFW&FRÄ†÷BÄvöö@£CÄfVÖÆRÃƒ"Ã2ã2Ä†–v‚Ä6öÆBÄvöö@£c‚ÄfVÖÆRÃSÃãsBÄ†–v‚Ä6öÆBÄvöö@£‚ÄÖÆRÃrÃ2ã‚ÄÖöFW&FRÄ6öÆBÅö÷ £CÄÖÆRÃ“‚Ã2ã3RÄÖöFW&FRÄæ÷&ÖÂÄvöö@£#"ÄfVÖÆRÃSBÃ2ã#rÄ†–v‚Ä†÷BÄvöö@£c2ÄÖÆRÃs’ÃBãÄ†–v‚Ä†÷BÄvöö@£cBÄÖÆRÃcÃãRÄÖöFW&FRÄ6öÆBÅö÷ £S"ÄfVÖÆRÃƒBÃ"ãSrÄ†–v‚Ä6öÆBÄvöö@£#‚ÄfVÖÆRÃ“RÃ2ãbÄÖöFW&FRÄ†÷BÄvöö@£c2ÄfVÖÆRÃ“BÃ2ãs"Ä†–v‚Äæ÷&ÖÂÄvöö@£‚ÄÖÆRÃSbÃ"ã“Ä†–v‚Ä†÷BÄvöö@£c"ÄfVÖÆRÃ“Ã"ãÄÆ÷rÄæ÷&ÖÂÅö÷ £#’ÄÖÆRÃSÃãRÄÆ÷rÄ6öÆBÄvöö@£SRÄÖÆRÃBÃ2ãcBÄ†–v‚Ä6öÆBÄvöö@£CRÄÖÆRÃsÃ2ãs‚Ä†–v‚Ä†÷BÄvöö@£3"ÄfVÖÆRÃsrÃ"ãSRÄÖöFW&FRÄ6öÆBÄvöö@£SÄÖÆRÃSrÃ"ã’Ä†–v‚Äæ÷&ÖÂÄvöö@£crÄÖÆRÃBÃBãrÄ†–v‚Äæ÷&ÖÂÄvöö@£#ÄfVÖÆRÃcRÃ"ãcbÄ†–v‚Äæ÷&ÖÂÄvöö@£crÄÖÆRÃSrÃãRÄÆ÷rÄæ÷&ÖÂÅö÷ £CBÄÖÆRÃcRÃ"ã3RÄÆ÷rÄæ÷&ÖÂÄvöö@£3ÄfVÖÆRÃs2Ã"ãÄÖöFW&FRÄ6öÆBÅö÷ £CrÄÖÆRÃƒBÃBãSrÄ†–v‚Ä†÷BÄvöö@£#ÄfVÖÆRÃCRÃ"ã3‚ÄÖöFW&FRÄ†÷BÄvöö@£3‚ÄfVÖÆRÃCbÃ"ãBÄÖöFW&FRÄ6öÆBÄvöö@£3RÄfVÖÆRÃSÃã“’Ä†–v‚Ä6öÆBÄvöö@£#ÄfVÖÆRÃ“Ã"ã3bÄÆ÷rÄæ÷&ÖÂÅö÷ £3ÄfVÖÆRÃ“BÃBãsRÄ†–v‚Ä†÷BÄvöö@£S’ÄfVÖÆRÃc‚Ã2ãƒ‚Ä†–v‚Ä†÷BÄvöö@£S2ÄÖÆRÃƒBÃ2ã#‚Ä†–v‚Ä6öÆBÄvöö@£SÄfVÖÆRÃSÃãSÄÆ÷rÄ†÷BÅö÷ £3bÄfVÖÆRÃƒ’Ãã“BÄÆ÷rÄ6öÆBÅö÷ £C‚ÄÖÆRÃCbÃãRÄÆ÷rÄæ÷&ÖÂÄvöö@£C‚ÄfVÖÆRÃƒbÃ2ãsbÄ†–v‚Ä6öÆBÄvöö@£3‚ÄÖÆRÃS2Ã"ã32ÄÆ÷rÄ†÷BÄvöö@£3’ÄÖÆRÃ“rÃBãRÄ†–v‚Äæ÷&ÖÂÄvöö@£3bÄÖÆRÃcÃ"ãBÄÖöFW&FRÄæ÷&ÖÂÄvöö@£3ÄfVÖÆRÃS’Ã"ãSBÄÖöFW&FRÄ†÷BÄvöö@£S‚ÄÖÆRÃ“BÃBãÄÖöFW&FRÄ†÷BÄvöö@£#"ÄfVÖÆRÃƒRÃ2ã‚ÄÆ÷rÄ†÷BÄvöö@£CBÄfVÖÆRÃ2Ã2ãBÄÖöFW&FRÄæ÷&ÖÂÄvöö@£3ÄÖÆRÃs’Ã2ã2Ä†–v‚Äæ÷&ÖÂÄvöö@£3’ÄfVÖÆRÃsÃBã"Ä†–v‚Ä†÷BÄvöö@£SÄÖÆRÃ“‚Ã"ã“"ÄÆ÷rÄæ÷&ÖÂÅö÷ £S"ÄfVÖÆRÃCrÃãRÄ†–v‚Ä6öÆBÄvöö@£#ÄÖÆRÃÃ2ãƒ2ÄÆ÷rÄ†÷BÄvöö@£#‚ÄfVÖÆRÃCrÃ"ã#bÄÖöFW&FRÄ†÷BÄvöö@£3RÄfVÖÆRÃ“rÃ2ã#’ÄÖöFW&FRÄ6öÆBÄvöö@£3"ÄfVÖÆRÃƒBÃBãc’Ä†–v‚Ä†÷BÄvöö@£SRÄfVÖÆRÃRÃ"ãcrÄÆ÷rÄ6öÆBÅö÷ £cBÄfVÖÆRÃC’Ã"ãbÄ†–v‚Ä†÷BÄvöö@£#"ÄfVÖÆRÃSbÃãRÄÆ÷rÄæ÷&ÖÂÅö÷ £C2ÄÖÆRÃCRÃ"ã‚ÄÖöFW&FRÄæ÷&ÖÂÄvöö@£SRÄÖÆRÃc‚Ã"ã3"Ä†–v‚Ä6öÆBÄvöö@£c"ÄÖÆRÃ“ÃBã#bÄ†–v‚Ä†÷BÄvöö@£’ÄÖÆRÃCbÃãs’ÄÆ÷rÄ†÷BÄvöö@£cbÄfVÖÆRÃbÃBãsÄ†–v‚Ä†÷BÄvöö@£SBÄÖÆRÃrÃ2ãÄÆ÷rÄ6öÆBÅö÷ £cRÄÖÆRÃ“‚Ã2ãSbÄ†–v‚Ä6öÆBÄvöö@£CrÄÖÆRÃƒbÃBã"ÄÖöFW&FRÄ†÷BÄvöö@£S’ÄÖÆRÃ’Ã2ãƒ"Ä†–v‚Äæ÷&ÖÂÄvöö@£#BÄfVÖÆRÃ“RÃ2ãC2ÄÆ÷rÄ†÷BÄvöö@£32ÄÖÆRÃ“rÃ"ãsRÄÖöFW&FRÄ6öÆBÅö÷ £S’ÄfVÖÆRÃƒÃãcbÄÆ÷rÄ6öÆBÅö÷ £c"ÄÖÆRÃcÃ"ãÄÆ÷rÄ†÷BÄvöö@£’ÄÖÆRÃƒÃ"ã32ÄÆ÷rÄ6öÆBÅö÷ £CbÄÖÆRÃ’ÃBã2Ä†–v‚Ä6öÆBÄvöö@£SrÄfVÖÆRÃSRÃãRÄÆ÷rÄæ÷&ÖÂÅö÷ £3rÄfVÖÆRÃsRÃ"ã‚Ä†–v‚Ä6öÆBÄvöö@£crÄÖÆRÃS2Ãã“‚Ä†–v‚Äæ÷&ÖÂÄvöö@£#rÄÖÆRÃ“rÃ2ãƒÄÆ÷rÄ†÷BÄvöö@£C2ÄÖÆRÃƒÃ"ãcBÄÖöFW&FRÄ6öÆBÄvöö@£SbÄfVÖÆRÃ2Ã2ãsbÄÖöFW&FRÄ†÷BÄvöö@£cÄfVÖÆRÃc’Ã"ãs’Ä†–v‚Ä6öÆBÄvöö@£SRÄfVÖÆRÃsrÃãs’ÄÖöFW&FRÄ6öÆBÅö÷ £‚ÄÖÆRÃ“Ã2ã2ÄÖöFW&FRÄæ÷&ÖÂÄvöö@£CÄfVÖÆRÃ“2Ã2ãƒrÄÆ÷rÄ†÷BÄvöö@£CrÄÖÆRÃ"Ã2ãCBÄÆ÷rÄ†÷BÄvöö@£SÄÖÆRÃ2Ã"ãsbÄÆ÷rÄæ÷&ÖÂÅö÷ £CbÄfVÖÆRÃcÃãRÄÆ÷rÄ6öÆBÅö÷ £c2ÄÖÆRÃƒ"Ã2ãS‚Ä†–v‚Ä†÷BÄvöö@£cbÄÖÆRÃc‚ÃãS"ÄÆ÷rÄ6öÆBÅö÷ £3bÄfVÖÆRÃƒbÃ2ãc2ÄÆ÷rÄ†÷BÄvöö@£’ÄfVÖÆRÃS"Ã2ãS‚Ä†–v‚Ä†÷BÄvöö@£S‚ÄfVÖÆRÃSrÃãRÄÆ÷rÄæ÷&ÖÂÅö÷ £cBÄfVÖÆRÃ“Ã"ã“’ÄÆ÷rÄ†÷BÄvöö@£CbÄÖÆRÃsBÃã“‚ÄÆ÷rÄ6öÆBÅö÷ £#2ÄÖÆRÃSÃã“ÄÖöFW&FRÄæ÷&ÖÂÄvöö@£#"ÄfVÖÆRÃƒRÃ2ãÄÖöFW&FRÄ6öÆBÄvöö@£SbÄÖÆRÃsBÃ"ãsbÄ†–v‚Ä6öÆBÄvöö@£CÄfVÖÆRÃBÃ2ãsÄ†–v‚Ä6öÆBÄvöö@£3ÄfVÖÆRÃƒ"Ã"ã3RÄÆ÷rÄæ÷&ÖÂÅö÷ £#ÄfVÖÆRÃc2Ã"ãc2Ä†–v‚Ä6öÆBÄvöö@£CRÄÖÆRÃsÃ2ãBÄ†–v‚Äæ÷&ÖÂÄvöö@£3bÄfVÖÆRÃs’Ã2ãÄÖöFW&FRÄ†÷BÄvöö@£#"ÄÖÆRÃSÃ2ãrÄÖöFW&FRÄ†÷BÄvöö@£cÄÖÆRÃ“"Ã2ãSbÄ†–v‚Ä6öÆBÄvöö@£SÄfVÖÆRÃs’Ã2ãcbÄÖöFW&FRÄ†÷BÄvöö@£cRÄÖÆRÃSÃãƒÄ†–v‚Ä6öÆBÄvöö@£S2ÄfVÖÆRÃƒ‚Ã"ãc"ÄÆ÷rÄæ÷&ÖÂÅö÷ £CbÄfVÖÆRÃ’ÃBãc‚ÄÖöFW&FRÄ†÷BÄvöö@£S"ÄfVÖÆRÃÃ2ãƒ’Ä†–v‚Ä6öÆBÄvöö@£3ÄfVÖÆRÃSbÃ"ãCBÄÖöFW&FRÄ†÷BÄvöö@£32ÄfVÖÆRÃ"Ã2ã"ÄÖöFW&FRÄæ÷&ÖÂÄvöö@£#2ÄÖÆRÃƒÃ2ãBÄ†–v‚Ä6öÆBÄvöö@£c‚ÄfVÖÆRÃsÃ"ã“"ÄÆ÷rÄ†÷BÄvöö@£S2ÄfVÖÆRÃBÃ2ãSRÄÆ÷rÄ†÷BÄvöö@£#ÄfVÖÆRÃSrÃ"ã‚ÄÆ÷rÄ†÷BÄvöö@£#‚ÄfVÖÆRÃ“"Ã2ã#’Ä†–v‚Ä6öÆBÄvöö@£’ÄfVÖÆRÃSrÃãc’ÄÆ÷rÄ6öÆBÅö÷ £cÄÖÆRÃÃ"ãc"ÄÆ÷rÄ6öÆBÅö÷ £3ÄfVÖÆRÃ2ÃBã"Ä†–v‚Ä6öÆBÄvöö@£cÄfVÖÆRÃƒRÃ"ãc‚ÄÆ÷rÄæ÷&ÖÂÄvöö@£SrÄÖÆRÃRÃ2ã“"Ä†–v‚Äæ÷&ÖÂÄvöö@£3bÄfVÖÆRÃƒ’Ã2ãsrÄ†–v‚Äæ÷&ÖÂÄvöö@£3bÄfVÖÆRÃÃ2ãCbÄÆ÷rÄæ÷&ÖÂÄvöö@£SrÄÖÆRÃ’Ã"ãSÄÆ÷rÄ6öÆBÅö÷ £CBÄfVÖÆRÃsBÃ2ã"ÄÖöFW&FRÄæ÷&ÖÂÄvöö@£S2ÄfVÖÆRÃ’Ã2ãsrÄÖöFW&FRÄæ÷&ÖÂÄvöö@£3‚ÄfVÖÆRÃs‚ÃBã3Ä†–v‚Ä†÷BÄvöö@£CbÄÖÆRÃSÃ2ã3’Ä†–v‚Ä†÷BÄvöö@£#2ÄfVÖÆRÃCrÃ"ãÄ†–v‚Äæ÷&ÖÂÄvöö@£#’ÄfVÖÆRÃ“bÃ2ãƒÄÖöFW&FRÄ†÷BÄvöö@£C2ÄfVÖÆRÃsÃ2ãsrÄÖöFW&FRÄ†÷BÄvöö@£3’ÄÖÆRÃbÃ2ãC2Ä†–v‚Ä6öÆBÄvöö@£#bÄfVÖÆRÃCrÃãRÄÖöFW&FRÄ6öÆBÄvöö@£S‚ÄfVÖÆRÃƒ‚ÃBã’Ä†–v‚Ä†÷BÄvöö@£3bÄÖÆRÃ2ÃBã#BÄÖöFW&FRÄ†÷BÄvöö@£#rÄfVÖÆRÃsrÃ2ãs"Ä†–v‚Äæ÷&ÖÂÄvöö@£cÄfVÖÆRÃSrÃ"ã3"ÄÆ÷rÄ†÷BÄvöö@£3ÄÖÆRÃ“‚Ã2ãƒÄÖöFW&FRÄ†÷BÄvöö@£3bÄfVÖÆRÃƒÃ"ã“2ÄÖöFW&FRÄ6öÆBÄvöö@£#"ÄfVÖÆRÃS’Ã"ã2Ä†–v‚Ä6öÆBÄvöö@£cBÄfVÖÆRÃ“"Ã2ã#BÄÆ÷rÄ†÷BÄvöö@£C"ÄfVÖÆRÃC’Ããƒ2ÄÆ÷rÄ†÷BÄvöö@£#BÄfVÖÆRÃc"Ã"ãc2ÄÖöFW&FRÄ†÷BÄvöö@£cbÄfVÖÆRÃSbÃ"ã“rÄ†–v‚Ä†÷BÄvöö@£SÄfVÖÆRÃcRÃ"ã#"ÄÆ÷rÄ†÷BÄvöö@£3RÄÖÆRÃƒbÃãƒRÄÆ÷rÄ6öÆBÅö÷ £#ÄfVÖÆRÃÃ"ãƒBÄÖöFW&FRÄ6öÆBÅö÷ £3ÄfVÖÆRÃ“RÃ"ãC’ÄÆ÷rÄæ÷&ÖÂÅö÷ £SBÄfVÖÆRÃS’Ã"ãbÄ†–v‚Äæ÷&ÖÂÄvöö@£CBÄÖÆRÃSbÃ2ã3ÄÖöFW&FRÄ†÷BÄvöö@£crÄfVÖÆRÃ“Ã"ã“‚Ä†–v‚Ä6öÆBÄvöö@£32ÄÖÆRÃs‚ÃBãS2Ä†–v‚Ä†÷BÄvöö@£c2ÄfVÖÆRÃ‚Ã2ã#rÄÆ÷rÄæ÷&ÖÂÄvöö@£3‚ÄÖÆRÃ“rÃ2ãsrÄ†–v‚Äæ÷&ÖÂÄvöö@£3RÄfVÖÆRÃCrÃãcBÄÆ÷rÄæ÷&ÖÂÄvöö@£#’ÄfVÖÆRÃƒ"Ã2ãCrÄÆ÷rÄ†÷BÄvöö@£3RÄfVÖÆRÃs’Ã"ãƒ‚Ä†–v‚Äæ÷&ÖÂÄvöö@£#2ÄfVÖÆRÃcÃ"ã‚Ä†–v‚Ä6öÆBÄvöö@£#2ÄÖÆRÃ“Ã2ãSRÄÖöFW&FRÄæ÷&ÖÂÄvöö@£3"ÄfVÖÆRÃSRÃ"ãrÄ†–v‚Äæ÷&ÖÂÄvöö@£#ÄÖÆRÃSrÃ2ãBÄÖöFW&FRÄ†÷BÄvöö@£‚ÄfVÖÆRÃC’Ã"ãcBÄ†–v‚Ä6öÆBÄvöö@£C’ÄfVÖÆRÃƒRÃ"ãƒrÄÆ÷rÄæ÷&ÖÂÄvöö@£#BÄÖÆRÃcRÃBã’Ä†–v‚Ä†÷BÄvöö@£3rÄÖÆRÃ’ÃBãƒRÄÖöFW&FRÄ†÷BÄvöö@£C’ÄÖÆRÃSÃ"ãBÄÆ÷rÄ†÷BÄvöö@£#rÄfVÖÆRÃc’Ã2ã"ÄÖöFW&FRÄæ÷&ÖÂÄvöö@£CbÄfVÖÆRÃSbÃ"ãBÄÖöFW&FRÄæ÷&ÖÂÄvöö@£c‚ÄÖÆRÃ“BÃãsrÄÆ÷rÄ6öÆBÅö÷ £#ÄÖÆRÃC‚Ã"ãÄÆ÷rÄ†÷BÄvöö@£#2ÄfVÖÆRÃƒÃ"ãcÄÖöFW&FRÄ6öÆBÄvöö@£SÄfVÖÆRÃS‚Ã2ã3RÄ†–v‚Ä†÷BÄvöö@£’ÄfVÖÆRÃSÃ2ã3‚Ä†–v‚Ä†÷BÄvöö@£#’ÄfVÖÆRÃcÃ2ã2Ä†–v‚Ä†÷BÄvöö@£#BÄfVÖÆRÃCRÃãRÄÖöFW&FRÄ6öÆBÄvöö@£3rÄÖÆRÃsrÃ2ãSBÄ†–v‚Ä†÷BÄvöö@£c‚ÄÖÆRÃsrÃ"ãcrÄÆ÷rÄ†÷BÄvöö@£3bÄÖÆRÃƒ‚Ã"ã‚ÄÆ÷rÄ6öÆBÄvöö@£C’ÄfVÖÆRÃC’Ã"ãcbÄÖöFW&FRÄ†÷BÄvöö@£cBÄfVÖÆRÃSÃ"ã’ÄÖöFW&FRÄæ÷&ÖÂÄvöö@£SBÄÖÆRÃSÃã“BÄÖöFW&FRÄæ÷&ÖÂÄvöö@£CRÄÖÆRÃSBÃ"ã3"ÄÖöFW&FRÄ†÷BÄvöö@£#bÄfVÖÆRÃc‚Ã2ãS"ÄÖöFW&FRÄ†÷BÄvöö@£#ÄÖÆRÃƒ’Ã2ã“"Ä†–v‚Äæ÷&ÖÂÄvöö@£CÄfVÖÆRÃsÃ"ã“Ä†–v‚Ä6öÆBÄvöö@£#‚ÄfVÖÆRÃc2ÃãsÄÆ÷rÄ6öÆBÅö÷ £3ÄfVÖÆRÃSÃãcBÄÖöFW&FRÄ6öÆBÄvöö@£c"ÄÖÆRÃÃBãrÄ†–v‚Ä†÷BÄvöö@£c2ÄÖÆRÃc2ÃãRÄÆ÷rÄ6öÆBÅö÷ £S2ÄÖÆRÃrÃ2ãS"Ä†–v‚Äæ÷&ÖÂÄvöö@£crÄÖÆRÃ’ÃBãÄÖöFW&FRÄ†÷BÄvöö@£3"ÄfVÖÆRÃRÃBã#‚ÄÆ÷rÄ†÷BÄvöö@£’ÄÖÆRÃsBÃ"ãBÄÖöFW&FRÄæ÷&ÖÂÄvöö@£#ÄÖÆRÃc2ÃãsBÄÆ÷rÄ6öÆBÅö÷ £#bÄÖÆRÃÃ"ãs"ÄÆ÷rÄæ÷&ÖÂÅö÷ £cbÄÖÆRÃ2ÃBã#’Ä†–v‚Ä†÷BÄvöö@£32ÄÖÆRÃcBÃ"ãS’Ä†–v‚Ä6öÆBÄvöö@£SÄÖÆRÃSbÃã‚ÄÆ÷rÄæ÷&ÖÂÄvöö@£CÄfVÖÆRÃcBÃãRÄÆ÷rÄ6öÆBÅö÷ £cBÄfVÖÆRÃƒ’Ã2ã"Ä†–v‚Ä6öÆBÄvöö@£S"ÄÖÆRÃsÃ"ãÄÆ÷rÄ6öÆBÅö÷ £C’ÄfVÖÆRÃs2Ã"ã“’ÄÖöFW&FRÄæ÷&ÖÂÄvöö@£CbÄfVÖÆRÃÃ2ã3‚ÄÖöFW&FRÄæ÷&ÖÂÄvöö@£S2ÄÖÆRÃC‚ÃãRÄÆ÷rÄ6öÆBÄvöö@£CÄfVÖÆRÃcrÃ2ã2Ä†–v‚Äæ÷&ÖÂÄvöö@£cÄÖÆRÃ“"Ã"ãsÄÆ÷rÄæ÷&ÖÂÅö÷ £CÄfVÖÆRÃsRÃ"ãsrÄÖöFW&FRÄ6öÆBÄvöö@£3bÄfVÖÆRÃ“bÃ2ã“’Ä†–v‚Ä6öÆBÄvöö@£#ÄfVÖÆRÃSÃ"ãbÄÖöFW&FRÄ6öÆBÄvöö@£3bÄfVÖÆRÃBÃBãsRÄ†–v‚Ä†÷BÄvöö@£CbÄfVÖÆRÃSbÃã“BÄ†–v‚Ä6öÆBÄvöö@£CRÄfVÖÆRÃC’ÃãRÄÆ÷rÄ6öÆBÄvöö@£3BÄÖÆRÃsÃ2ãBÄÆ÷rÄ†÷BÄvöö@£#ÄÖÆRÃSbÃãRÄÆ÷rÄæ÷&ÖÂÅö÷ £c’ÄfVÖÆRÃƒÃ"ã“2ÄÖöFW&FRÄæ÷&ÖÂÄvöö@£#ÄfVÖÆRÃc2Ã2ã“"Ä†–v‚Ä†÷BÄvöö@£3ÄfVÖÆRÃc‚Ã"ã3bÄÆ÷rÄæ÷&ÖÂÄvöö@£#RÄfVÖÆRÃƒ’Ã"ã#RÄÆ÷rÄ6öÆBÅö÷ £#ÄÖÆRÃƒ’Ã"ãs‚ÄÆ÷rÄæ÷&ÖÂÄvöö@£SRÄÖÆRÃÃ2ãS’Ä†–v‚Ä6öÆBÄvöö@£3"ÄfVÖÆRÃ‚Ã2ãƒRÄÖöFW&FRÄ6öÆBÄvöö@£SbÄfVÖÆRÃS"ÃãRÄÆ÷rÄæ÷&ÖÂÅö÷ £SRÄÖÆRÃsrÃ"ãCrÄÆ÷rÄæ÷&ÖÂÄvöö@£c"ÄÖÆRÃcrÃ"ã#ÄÖöFW&FRÄ6öÆBÄvöö@£c‚ÄÖÆRÃƒrÃ"ãrÄÖöFW&FRÄ6öÆBÅö÷ £#rÄÖÆRÃcBÃãRÄÆ÷rÄ6öÆBÅö÷ £SÄÖÆRÃÃBã2ÄÖöFW&FRÄ†÷BÄvöö@£SrÄÖÆRÃCRÃãRÄ†–v‚Ä6öÆBÄvöö@£c2ÄfVÖÆRÃ2Ã"ã3bÄÆ÷rÄ6öÆBÅö÷ £3bÄfVÖÆRÃS"Ã"ã#BÄÆ÷rÄ†÷BÄvöö@£cÄfVÖÆRÃCRÃãRÄÆ÷rÄæ÷&ÖÂÄvöö@£SÄfVÖÆRÃ’ÃBãÄ†–v‚Ä6öÆBÄvöö@£#ÄÖÆRÃCbÃãSRÄÆ÷rÄ6öÆBÄvöö@£#rÄÖÆRÃƒbÃ"ãC"ÄÆ÷rÄ6öÆBÅö÷ £C2ÄÖÆRÃsÃ2ãcRÄÖöFW&FRÄ†÷BÄvöö@£CbÄÖÆRÃcbÃãƒÄÖöFW&FRÄ6öÆBÅö÷ £C2ÄÖÆRÃ“bÃ2ãs"ÄÖöFW&FRÄ†÷BÄvöö@£S’ÄfVÖÆRÃS"Ã"ã#BÄ†–v‚Äæ÷&ÖÂÄvöö@£c2ÄÖÆRÃc"Ãã“‚ÄÖöFW&FRÄ6öÆBÄvöö@£#ÄfVÖÆRÃ2ÃBãS2Ä†–v‚Äæ÷&ÖÂÄvöö@£C’ÄfVÖÆRÃSRÃãS’ÄÖöFW&FRÄ6öÆBÅö÷ £CbÄÖÆRÃC‚Ã"ãC"Ä†–v‚Ä6öÆBÄvöö@£SRÄÖÆRÃSÃ"ã3‚Ä†–v‚Äæ÷&ÖÂÄvöö@£cBÄfVÖÆRÃs‚Ã"ãc’ÄÆ÷rÄ†÷BÄvöö@£C2ÄfVÖÆRÃc2ÃãRÄÆ÷rÄ6öÆBÅö÷ £#rÄfVÖÆRÃƒrÃBãS’Ä†–v‚Ä†÷BÄvöö@£S2ÄfVÖÆRÃ“’Ã2ãc2Ä†–v‚Äæ÷&ÖÂÄvöö@£#RÄÖÆRÃ“ÃBãs"Ä†–v‚Ä†÷BÄvöö@£CrÄÖÆRÃÃBã32Ä†–v‚Ä†÷BÄvöö@£S"ÄfVÖÆRÃCrÃãƒRÄ†–v‚Äæ÷&ÖÂÄvöö@£c"ÄÖÆRÃCbÃãƒ2Ä†–v‚Ä6öÆBÄvöö@£3RÄÖÆRÃs2Ã2ã#Ä†–v‚Äæ÷&ÖÂÄvöö@£SÄÖÆRÃ"ÃRãBÄ†–v‚Ä†÷BÄvöö@£CBÄfVÖÆRÃƒ"Ã2ãCÄÖöFW&FRÄ†÷BÄvöö@£‚ÄfVÖÆRÃƒrÃ"ãcÄÆ÷rÄæ÷&ÖÂÄvöö@£CbÄfVÖÆRÃCrÃ2ãbÄ†–v‚Ä†÷BÄvöö@£SbÄÖÆRÃSrÃãS2ÄÆ÷rÄæ÷&ÖÂÅö÷ £3rÄÖÆRÃ“Ã2ãBÄÆ÷rÄ†÷BÄvöö@£SÄfVÖÆRÃSÃãƒ‚ÄÖöFW&FRÄ6öÆBÄvöö@£S‚ÄÖÆRÃ“RÃ"ãC2ÄÆ÷rÄ6öÆBÅö÷ £3’ÄÖÆRÃc‚Ã"ãsBÄÆ÷rÄ†÷BÄvöö@£‚ÄfVÖÆRÃ“rÃ2ãƒrÄ†–v‚Äæ÷&ÖÂÄvöö@£S2ÄÖÆRÃsbÃã“2ÄÆ÷rÄæ÷&ÖÂÅö÷ £#BÄfVÖÆRÃƒ’Ã"ãSBÄÖöFW&FRÄ6öÆBÅö÷ £SÄfVÖÆRÃS‚Ã"ãƒ‚ÄÆ÷rÄ†÷BÄvöö@£crÄfVÖÆRÃƒBÃ"ã“bÄ†–v‚Äæ÷&ÖÂÄvöö@£cbÄfVÖÆRÃsBÃBã‚Ä†–v‚Ä†÷BÄvöö@£‚ÄfVÖÆRÃs‚Ã2ã#2Ä†–v‚Äæ÷&ÖÂÄvöö@£‚ÄÖÆRÃƒbÃ"ãsBÄÖöFW&FRÄæ÷&ÖÂÄvöö@£crÄfVÖÆRÃc2Ã"ã3ÄÖöFW&FRÄæ÷&ÖÂÄvöö@£’ÄfVÖÆRÃCrÃ"ãcRÄ†–v‚Ä†÷BÄvöö@£cbÄfVÖÆRÃÃ2ãSRÄÆ÷rÄ†÷BÄvöö@£cBÄÖÆRÃSRÃãcRÄÖöFW&FRÄæ÷&ÖÂÄvöö@£#2ÄfVÖÆRÃƒ’Ã"ãsÄÖöFW&FRÄ6öÆBÄvöö@£3RÄÖÆRÃsrÃ"ãc‚Ä†–v‚Ä6öÆBÄvöö@£#BÄfVÖÆRÃs2Ã2ãbÄÖöFW&FRÄ†÷BÄvöö@£C‚ÄÖÆRÃs2Ã2ã“BÄ†–v‚Ä†÷BÄvöö@£#ÄfVÖÆRÃ’Ã2ãcRÄ†–v‚Ä6öÆBÄvöö@£‚ÄfVÖÆRÃCrÃãcrÄÆ÷rÄ†÷BÄvöö@£’ÄÖÆRÃÃ2ãs2Ä†–v‚Äæ÷&ÖÂÄvöö@£c2ÄÖÆRÃc"Ã"ãRÄ†–v‚Ä6öÆBÄvöö@£SrÄfVÖÆRÃSÃ"ãc’ÄÖöFW&FRÄ†÷BÄvöö@£3BÄÖÆRÃƒÃ2ã3‚ÄÖöFW&FRÄ†÷BÄvöö@£‚ÄÖÆRÃs’Ã2ã2ÄÆ÷rÄ†÷BÄvöö@£32ÄfVÖÆRÃs"Ã2ãcRÄ†–v‚Äæ÷&ÖÂÄvöö@£S"ÄÖÆRÃc2ÃãSRÄÆ÷rÄæ÷&ÖÂÅö÷ £c‚ÄfVÖÆRÃC‚Ã"ã"ÄÖöFW&FRÄ†÷BÄvöö@£cbÄÖÆRÃƒ‚Ã"ã"ÄÆ÷rÄæ÷&ÖÂÅö÷ £3bÄfVÖÆRÃ“RÃ"ã“rÄÆ÷rÄæ÷&ÖÂÄvöö@£C2ÄÖÆRÃcÃ2ãc’Ä†–v‚Ä†÷BÄvöö@£S2ÄfVÖÆRÃs2Ããƒ"ÄÖöFW&FRÄ6öÆBÅö÷ £#ÄfVÖÆRÃS’Ã"ã’Ä†–v‚Äæ÷&ÖÂÄvöö@£#"ÄÖÆRÃcRÃ2ãC‚ÄÖöFW&FRÄ†÷BÄvöö@£cBÄÖÆRÃs‚Ã"ãBÄÖöFW&FRÄ6öÆBÅö÷ £cBÄÖÆRÃsRÃ2ãSRÄ†–v‚Ä†÷BÄvöö@£SrÄfVÖÆRÃƒ’Ã"ã’ÄÆ÷rÄ†÷BÄvöö@£3’ÄÖÆRÃcRÃã“bÄÖöFW&FRÄ6öÆBÄvöö@£cbÄÖÆRÃ“Ã2ãrÄ†–v‚Äæ÷&ÖÂÄvöö@£#rÄfVÖÆRÃƒ‚Ã2ã#‚ÄÖöFW&FRÄ6öÆBÄvöö@£#ÄÖÆRÃƒ"Ãã“’ÄÆ÷rÄ6öÆBÅö÷ £#ÄÖÆRÃƒ’Ã"ãƒ‚Ä†–v‚Ä6öÆBÄvöö@£crÄfVÖÆRÃS2Ããs"ÄÆ÷rÄæ÷&ÖÂÄvöö@£S’ÄÖÆRÃÃ2ã‚Ä†–v‚Ä6öÆBÄvöö@£#‚ÄfVÖÆRÃs"Ã"ãSbÄÆ÷rÄ†÷BÄvöö@£3ÄfVÖÆRÃ“Ã2ãCÄÆ÷rÄ†÷BÄvöö@£3"ÄÖÆRÃÃBã#‚Ä†–v‚Äæ÷&ÖÂÄvöö@£c’ÄÖÆRÃsRÃ"ãƒBÄÖöFW&FRÄ†÷BÄvöö@£3RÄÖÆRÃ"ÃBã’Ä†–v‚Ä†÷BÄvöö@£CrÄÖÆRÃs’Ã"ãcbÄÖöFW&FRÄæ÷&ÖÂÄvöö@£32ÄfVÖÆRÃsrÃ2ã#2ÄÖöFW&FRÄæ÷&ÖÂÄvöö@£c’ÄÖÆRÃƒÃ"ãƒBÄÆ÷rÄ†÷BÄvöö@£#ÄfVÖÆRÃrÃ2ãCRÄÖöFW&FRÄ6öÆBÄvöö@£#"ÄÖÆRÃ‚ÃBãs2ÄÖöFW&FRÄ†÷BÄvöö@£#ÄfVÖÆRÃs’Ã2ãcBÄÖöFW&FRÄ†÷BÄvöö@£3bÄÖÆRÃƒÃ"ã#bÄÖöFW&FRÄ6öÆBÅö÷ £C‚ÄÖÆRÃc"Ãã“bÄÖöFW&FRÄæ÷&ÖÂÄvöö@£cÄÖÆRÃcÃ"ãsbÄ†–v‚Ä†÷BÄvöö@£C’ÄÖÆRÃ“"Ã2ãCRÄ†–v‚Ä6öÆBÄvöö@£S2ÄfVÖÆRÃS"ÃãRÄÆ÷rÄæ÷&ÖÂÅö÷ £C"ÄÖÆRÃƒBÃBã"Ä†–v‚Ä†÷BÄvöö@£C‚ÄÖÆRÃC‚ÃãRÄÆ÷rÄæ÷&ÖÂÄvöö@£cÄfVÖÆRÃsÃ2ãCBÄÖöFW&FRÄ†÷BÄvöö@£3BÄfVÖÆRÃƒ"Ã2ãrÄÖöFW&FRÄæ÷&ÖÂÄvöö@£C"ÄÖÆRÃcÃ2ãCRÄÖöFW&FRÄ†÷BÄvöö@£3"ÄÖÆRÃc‚Ã2ã‚ÄÆ÷rÄ†÷BÄvöö@£c"ÄfVÖÆRÃrÃBãCrÄÖöFW&FRÄ†÷BÄvöö@£SrÄfVÖÆRÃcbÃ"ãCbÄÖöFW&FRÄ†÷BÄvöö@£#rÄÖÆRÃSbÃ"ã‚ÄÖöFW&FRÄæ÷&ÖÂÄvöö@£3’ÄÖÆRÃƒ2Ã2ãcRÄ†–v‚Ä6öÆBÄvöö@£cÄfVÖÆRÃcÃ"ãcbÄ†–v‚Ä6öÆBÄvöö@£SÄÖÆRÃ“Ã"ãc2Ä†–v‚Ä6öÆBÅö÷ £#2ÄÖÆRÃ“’Ã2ãSBÄÆ÷rÄ†÷BÄvöö@£crÄfVÖÆRÃc‚Ã"ãRÄÆ÷rÄ†÷BÄvöö@£crÄfVÖÆRÃcÃ"ãCrÄÆ÷rÄ†÷BÄvöö@£cBÄÖÆRÃc2Ã2ã#ÄÖöFW&FRÄ†÷BÄvöö@£3’ÄÖÆRÃS"Ã"ã"Ä†–v‚Äæ÷&ÖÂÄvöö@£C‚ÄfVÖÆRÃ“BÃ2ã‚ÄÖöFW&FRÄ6öÆBÄvöö@£CbÄÖÆRÃcRÃ"ãCBÄÖöFW&FRÄ6öÆBÄvöö@£#"ÄfVÖÆRÃÃBãS‚ÄÖöFW&FRÄ†÷BÄvöö@£3ÄfVÖÆRÃ“’ÃBã32ÄÖöFW&FRÄ†÷BÄvöö@£3’ÄÖÆRÃs2Ã2ã32Ä†–v‚Ä6öÆBÄvöö@£crÄfVÖÆRÃSRÃ"ãS"ÄÖöFW&FRÄ†÷BÄvöö@£S‚ÄfVÖÆRÃ“rÃ2ãrÄÖöFW&FRÄæ÷&ÖÂÄvöö@£C2ÄÖÆRÃS2ÃãRÄÆ÷rÄ6öÆBÅö÷ £‚ÄÖÆRÃÃ2ã’ÄÆ÷rÄ6öÆBÄvöö@£C‚ÄfVÖÆRÃRÃ2ã2ÄÆ÷rÄ6öÆBÄvöö@£S’ÄÖÆRÃ“"Ã2ãS"ÄÆ÷rÄ†÷BÄvöö@£S"ÄfVÖÆRÃ2Ã2ã‚ÄÖöFW&FRÄæ÷&ÖÂÄvöö@£SBÄfVÖÆRÃsBÃ"ãƒBÄÆ÷rÄ†÷BÄvöö@£32ÄfVÖÆRÃ“Ã2ãÄ†–v‚Ä6öÆBÄvöö@£S‚ÄfVÖÆRÃƒ’Ã"ã“"ÄÖöFW&FRÄæ÷&ÖÂÄvöö@£#bÄÖÆRÃ‚Ã2ã#ÄÆ÷rÄæ÷&ÖÂÅö÷ £CrÄÖÆRÃƒrÃ"ãC’ÄÆ÷rÄæ÷&ÖÂÅö÷ £c2ÄfVÖÆRÃ"Ã2ãs’Ä†–v‚Äæ÷&ÖÂÄvöö@£crÄÖÆRÃrÃ2ãS"Ä†–v‚Ä6öÆBÄvöö@£SÄfVÖÆRÃÃ2ãCÄÖöFW&FRÄæ÷&ÖÂÄvöö@£’ÄfVÖÆRÃsRÃ"ã3"ÄÖöFW&FRÄ6öÆBÄvöö@£32ÄÖÆRÃƒÃ"ãƒ’ÄÆ÷rÄ†÷BÄvöö@£#BÄÖÆRÃCRÃãRÄÆ÷rÄæ÷&ÖÂÄvöö@£S’ÄÖÆRÃƒ2Ã"ãbÄÖöFW&FRÄ6öÆBÅö÷ £‚ÄÖÆRÃÃ2ã’ÄÆ÷rÄ6öÆBÄvöö@£3’ÄfVÖÆRÃcÃ"ã#ÄÖöFW&FRÄ6öÆBÄvöö@£SRÄfVÖÆRÃSbÃ2ã#2Ä†–v‚Ä†÷BÄvöö@£cRÄfVÖÆRÃ“’Ã2ãrÄÖöFW&FRÄ6öÆBÄvöö@£3"ÄfVÖÆRÃsBÃãsbÄÆ÷rÄæ÷&ÖÂÅö÷ £c"ÄfVÖÆRÃcRÃ"ãc"Ä†–v‚Äæ÷&ÖÂÄvöö@£3ÄfVÖÆRÃS"ÃãS’ÄÆ÷rÄæ÷&ÖÂÄvöö@£S2ÄÖÆRÃsÃãcrÄÖöFW&FRÄ6öÆBÅö÷ £#2ÄfVÖÆRÃs‚Ã2ãrÄÖöFW&FRÄ†÷BÄvöö@£SbÄfVÖÆRÃƒRÃ"ãs2ÄÆ÷rÄæ÷&ÖÂÄvöö@£#bÄfVÖÆRÃƒ’Ã2ãsBÄÆ÷rÄ†÷BÄvöö@£C"ÄÖÆRÃ“bÃ2ã“’Ä†–v‚Ä6öÆBÄvöö@£SrÄfVÖÆRÃc2Ã2ãRÄÖöFW&FRÄ†÷BÄvöö@£#2ÄfVÖÆRÃSÃãƒBÄÖöFW&FRÄæ÷&ÖÂÄvöö@£CÄÖÆRÃBÃBãsBÄÖöFW&FRÄ†÷BÄvöö@£c’ÄÖÆRÃƒRÃ"ã“BÄ†–v‚Ä6öÆBÄvöö@£CÄÖÆRÃƒ"Ã"ãS’ÄÖöFW&FRÄ6öÆBÄvöö@£32ÄfVÖÆRÃƒ2Ã"ãsRÄÆ÷rÄæ÷&ÖÂÄvöö@£c‚ÄfVÖÆRÃC’Ããc"ÄÖöFW&FRÄ6öÆBÄvöö@£c‚ÄÖÆRÃƒRÃ"ã#BÄÖöFW&FRÄ6öÆBÅö÷ £CRÄfVÖÆRÃc2ÃãsÄÖöFW&FRÄ6öÆBÅö÷ £’ÄÖÆRÃS"Ã"ãÄÆ÷rÄ†÷BÄvöö@£#’ÄfVÖÆRÃ’ÃBãs’ÄÖöFW&FRÄ†÷BÄvöö@£SbÄÖÆRÃBÃBã32Ä†–v‚Ä†÷BÄvöö@£cÄfVÖÆRÃs"Ã2ãÄÖöFW&FRÄ†÷BÄvöö@£SÄÖÆRÃc’Ã2ã‚Ä†–v‚Ä†÷BÄvöö@£‚ÄfVÖÆRÃSBÃãsÄÖöFW&FRÄ6öÆBÄvöö@£#rÄÖÆRÃc"Ã"ãsRÄ†–v‚Äæ÷&ÖÂÄvöö@£#bÄÖÆRÃƒ’ÃBãbÄ†–v‚Äæ÷&ÖÂÄvöö@£#bÄÖÆRÃƒÃ"ãSBÄÖöFW&FRÄæ÷&ÖÂÄvöö@£SrÄÖÆRÃCbÃãRÄÖöFW&FRÄ6öÆBÄvöö@£C‚ÄfVÖÆRÃcBÃ"ãƒÄÆ÷rÄ†÷BÄvöö@£C2ÄfVÖÆRÃBÃRãbÄ†–v‚Ä†÷BÄvöö@£3’ÄÖÆRÃsRÃ"ã#2ÄÆ÷rÄæ÷&ÖÂÅö÷ £#BÄÖÆRÃC‚ÃãcbÄ†–v‚Ä6öÆBÄvöö@£SBÄfVÖÆRÃCbÃ2ãÄ†–v‚Ä†÷BÄvöö@£SbÄÖÆRÃcÃãƒbÄÖöFW&FRÄæ÷&ÖÂÄvöö@£SrÄÖÆRÃ“RÃ2ãC‚Ä†–v‚Ä6öÆBÄvöö@£3ÄÖÆRÃs"Ãã‚ÄÆ÷rÄ6öÆBÅö÷ £crÄÖÆRÃ“2Ã2ã"ÄÖöFW&FRÄæ÷&ÖÂÄvöö@£#‚ÄÖÆRÃƒ‚Ã2ãRÄ†–v‚Ä6öÆBÄvöö@£S2ÄÖÆRÃcÃ"ãS’Ä†–v‚Ä6öÆBÄvöö@£SÄÖÆRÃ“bÃ"ãƒ"ÄÆ÷rÄæ÷&ÖÂÅö÷ £3ÄfVÖÆRÃƒ"Ã2ãBÄÆ÷rÄ†÷BÄvöö@£SÄÖÆRÃcrÃ"ã#rÄÖöFW&FRÄ6öÆBÄvöö@£cÄÖÆRÃsRÃ"ãC2ÄÆ÷rÄæ÷&ÖÂÄvöö@£S’ÄfVÖÆRÃc’Ã"ãSBÄ†–v‚Ä6öÆBÄvöö@£CÄfVÖÆRÃ“rÃ"ã“bÄÖöFW&FRÄæ÷&ÖÂÄvöö@£#"ÄfVÖÆRÃSRÃ"ãÄÆ÷rÄ†÷BÄvöö@£3RÄÖÆRÃS‚Ãã“‚ÄÖöFW&FRÄ6öÆBÄvöö@£C2ÄfVÖÆRÃc’Ã"ãC‚ÄÖöFW&FRÄæ÷&ÖÂÄvöö@£crÄÖÆRÃcBÃãsRÄÖöFW&FRÄæ÷&ÖÂÅö÷ £S‚ÄÖÆRÃSbÃ"ãC"Ä†–v‚Äæ÷&ÖÂÄvöö@£SÄÖÆRÃ“"Ã2ãc"ÄÆ÷rÄ†÷BÄvöö@£3rÄfVÖÆRÃƒÃ2ãrÄÖöFW&FRÄæ÷&ÖÂÄvöö@£3ÄfVÖÆRÃƒÃ"ãs"ÄÆ÷rÄæ÷&ÖÂÄvöö@£SÄÖÆRÃSÃ"ãÄÖöFW&FRÄæ÷&ÖÂÄvöö@£3’ÄÖÆRÃcrÃ2ã’Ä†–v‚Äæ÷&ÖÂÄvöö@£C’ÄfVÖÆRÃƒ‚Ã"ãS‚ÄÖöFW&FRÄ6öÆBÅö÷ £#’ÄfVÖÆRÃÃ2ã’ÄÖöFW&FRÄæ÷&ÖÂÄvöö@£SbÄÖÆRÃsBÃ2ã3rÄ†–v‚Ä†÷BÄvöö@£CÄÖÆRÃcrÃãRÄÆ÷rÄ6öÆBÅö÷ £#ÄfVÖÆRÃs"Ã"ãC‚ÄÆ÷rÄ†÷BÄvöö@£#ÄfVÖÆRÃCbÃãcbÄÆ÷rÄæ÷&ÖÂÄvöö@£#2ÄfVÖÆRÃƒbÃ"ãcBÄÆ÷rÄæ÷&ÖÂÄvöö@£cÄfVÖÆRÃcrÃ2ã"ÄÖöFW&FRÄ†÷BÄvöö@£cÄÖÆRÃsRÃ"ã2ÄÆ÷rÄ6öÆBÅö÷ £S’ÄÖÆRÃSrÃãcBÄÆ÷rÄæ÷&ÖÂÅö÷ £SÄÖÆRÃcBÃã“2ÄÆ÷rÄæ÷&ÖÂÄvöö@£#rÄÖÆRÃ’Ã2ã#RÄÆ÷rÄæ÷&ÖÂÅö÷ £CbÄfVÖÆRÃ“‚Ã"ãcRÄÖöFW&FRÄ6öÆBÅö÷ £crÄfVÖÆRÃ’Ã2ãcrÄÆ÷rÄ†÷BÄvöö@£#bÄÖÆRÃcrÃ2ã3’ÄÖöFW&FRÄ†÷BÄvöö@£SÄfVÖÆRÃcÃ"ãcBÄ†–v‚Ä6öÆBÄvöö@£c2ÄfVÖÆRÃbÃ2ãSÄÆ÷rÄ†÷BÄvöö@£‚ÄfVÖÆRÃ“bÃ2ãC‚ÄÖöFW&FRÄ6öÆBÄvöö@£SRÄfVÖÆRÃƒBÃ2ãs"ÄÖöFW&FRÄ†÷BÄvöö@£C’ÄfVÖÆRÃƒBÃ"ã’Ä†–v‚Ä6öÆBÄvöö@£3ÄfVÖÆRÃsÃ"ãÄÖöFW&FRÄ6öÆBÅö÷ £#ÄÖÆRÃRÃ2ãCÄÆ÷rÄ†÷BÄvöö@£3BÄÖÆRÃsÃ2ãÄÆ÷rÄ†÷BÄvöö@£SRÄfVÖÆRÃ“RÃ2ãBÄÆ÷rÄ†÷BÄvöö@£#RÄfVÖÆRÃc’Ã"ãcRÄÖöFW&FRÄ6öÆBÄvöö@£c"ÄfVÖÆRÃÃ"ãC’ÄÖöFW&FRÄ6öÆBÅö÷ £cBÄÖÆRÃ‚Ã"ãc"ÄÆ÷rÄæ÷&ÖÂÅö÷ £CÄÖÆRÃbÃ2ã#‚ÄÆ÷rÄ6öÆBÄvöö@£SrÄfVÖÆRÃs2Ã2ã#‚Ä†–v‚Äæ÷&ÖÂÄvöö@£32ÄfVÖÆRÃsrÃ2ã‚Ä†–v‚Äæ÷&ÖÂÄvöö@£#‚ÄfVÖÆRÃs2Ã"ã#2ÄÖöFW&FRÄ6öÆBÄvöö@£CÄfVÖÆRÃC’ÃãsÄÆ÷rÄ†÷BÄvöö@£cÄÖÆRÃSÃãƒbÄÆ÷rÄ†÷BÄvöö@£#2ÄfVÖÆRÃsÃ"ãS2ÄÆ÷rÄæ÷&ÖÂÄvöö@£#bÄÖÆRÃcrÃ"ãSÄÆ÷rÄæ÷&ÖÂÄvöö@£CÄÖÆRÃ“Ã2ã3rÄÖöFW&FRÄæ÷&ÖÂÄvöö@£CbÄÖÆRÃ2Ã2ã#rÄÆ÷rÄ6öÆBÄvöö@£c2ÄfVÖÆRÃbÃ2ãrÄÆ÷rÄ6öÆBÅö÷ £#‚ÄÖÆRÃSrÃãƒ‚ÄÖöFW&FRÄ6öÆBÄvöö@£S’ÄÖÆRÃ“‚Ã"ã’ÄÆ÷rÄ6öÆBÅö÷ £cbÄfVÖÆRÃcbÃãS"ÄÖöFW&FRÄ6öÆBÅö÷ £cbÄÖÆRÃƒÃBã2Ä†–v‚Ä†÷BÄvöö@£cÄÖÆRÃ“2Ã"ãsÄÖöFW&FRÄ6öÆBÅö÷ £’ÄÖÆRÃsrÃBãCÄ†–v‚Ä†÷BÄvöö@£cRÄfVÖÆRÃƒÃ"ã2ÄÖöFW&FRÄ6öÆBÅö÷ £CBÄfVÖÆRÃcbÃ2ã#Ä†–v‚Ä†÷BÄvöö@£#2ÄÖÆRÃ“rÃ2ã#‚ÄÖöFW&FRÄ6öÆBÄvöö@£SÄfVÖÆRÃSÃãRÄÖöFW&FRÄ6öÆBÄvöö@£‚ÄfVÖÆRÃ“Ã"ãc‚ÄÆ÷rÄ6öÆBÅö÷ £crÄfVÖÆRÃÃ2ã’ÄÖöFW&FRÄ†÷BÄvöö@£CrÄfVÖÆRÃcrÃ"ãrÄÖöFW&FRÄ6öÆBÄvöö@£CRÄfVÖÆRÃsBÃ"ãCrÄÖöFW&FRÄ6öÆBÄvöö@£32ÄfVÖÆRÃsBÃ2ãÄÆ÷rÄ†÷BÄvöö@£SÄÖÆRÃs"ÃãƒRÄÆ÷rÄ6öÆBÅö÷ £C2ÄÖÆRÃS‚Ã"ã3‚Ä†–v‚Ä6öÆBÄvöö@£’ÄfVÖÆRÃcÃ"ã“’Ä†–v‚Ä6öÆBÄvöö@£#‚ÄÖÆRÃSRÃ"ã#BÄ†–v‚Äæ÷&ÖÂÄvöö@£SÄÖÆRÃrÃBãƒRÄÖöFW&FRÄ†÷BÄvöö@£SÄfVÖÆRÃsÃ2ãCÄÖöFW&FRÄ†÷BÄvöö@£3ÄfVÖÆRÃ“bÃ2ãSRÄÆ÷rÄ†÷BÄvöö@£crÄÖÆRÃsÃãc2ÄÆ÷rÄæ÷&ÖÂÅö÷ £#‚ÄÖÆRÃ“2Ã2ã#rÄ†–v‚Ä6öÆBÄvöö@£3‚ÄÖÆRÃRÃBã"ÄÖöFW&FRÄæ÷&ÖÂÄvöö@£3ÄfVÖÆRÃcBÃãRÄÆ÷rÄ6öÆBÅö÷ £#’ÄfVÖÆRÃÃ"ã“ÄÆ÷rÄæ÷&ÖÂÅö÷ £’ÄfVÖÆRÃsÃ"ãcBÄ†–v‚Äæ÷&ÖÂÄvöö@£SÄfVÖÆRÃcBÃ"ãBÄ†–v‚Ä6öÆBÄvöö@£S"ÄfVÖÆRÃ“RÃ"ãcÄÆ÷rÄæ÷&ÖÂÅö÷ £S2ÄÖÆRÃ“rÃBãÄ†–v‚Ä†÷BÄvöö@£CrÄfVÖÆRÃ"ÃBã#RÄ†–v‚Ä6öÆBÄvöö@£3‚ÄfVÖÆRÃcrÃ"ãSbÄ†–v‚Äæ÷&ÖÂÄvöö@£cRÄfVÖÆRÃ2Ã"ãc2ÄÆ÷rÄ6öÆBÅö÷ £CRÄfVÖÆRÃƒRÃ2ãÄÖöFW&FRÄæ÷&ÖÂÄvöö@£#bÄÖÆRÃ“2Ã"ãsBÄÆ÷rÄ6öÆBÅö÷ £CÄÖÆRÃc2ÃãRÄÆ÷rÄ6öÆBÅö÷ £S"ÄÖÆRÃ“‚Ã"ãCrÄÖöFW&FRÄ6öÆBÅö÷ £cÄfVÖÆRÃS2Ã"ãSrÄ†–v‚Äæ÷&ÖÂÄvöö@£SBÄfVÖÆRÃ“bÃ2ã#bÄ†–v‚Äæ÷&ÖÂÄvöö@£3BÄfVÖÆRÃ“2Ã2ãC"ÄÖöFW&FRÄæ÷&ÖÂÄvöö@£CBÄÖÆRÃS‚Ã"ã3‚ÄÆ÷rÄ†÷BÄvöö@£3ÄfVÖÆRÃCrÃãRÄÆ÷rÄæ÷&ÖÂÄvöö@£C’ÄfVÖÆRÃcrÃ2ãC‚Ä†–v‚Ä†÷BÄvöö@£#bÄÖÆRÃƒ2Ã"ãƒ‚ÄÖöFW&FRÄ6öÆBÄvöö@£cbÄÖÆRÃ“‚ÃBãÄ†–v‚Äæ÷&ÖÂÄvöö@£S’ÄfVÖÆRÃƒÃ2ãBÄÖöFW&FRÄ†÷BÄvöö@£cBÄfVÖÆRÃƒbÃ"ãƒ"Ä†–v‚Ä6öÆBÄvöö@£CbÄÖÆRÃCrÃ"ã3‚ÄÖöFW&FRÄæ÷&ÖÂÄvöö@£CbÄÖÆRÃ“bÃBãRÄÖöFW&FRÄ†÷BÄvöö@£c’ÄÖÆRÃƒÃ2ãrÄÖöFW&FRÄ†÷BÄvöö@£C’ÄfVÖÆRÃCbÃ"ã3bÄÖöFW&FRÄ†÷BÄvöö@£SrÄÖÆRÃcÃ"ãC‚ÄÖöFW&FRÄ†÷BÄvöö@£S"ÄÖÆRÃc’Ããs"ÄÆ÷rÄ6öÆBÅö÷ £#‚ÄfVÖÆRÃsrÃ2ãrÄÖöFW&FRÄ†÷BÄvöö@£3’ÄfVÖÆRÃƒ‚Ã"ã’ÄÆ÷rÄ6öÆBÅö÷ £C2ÄfVÖÆRÃCRÃã“’ÄÖöFW&FRÄ6öÆBÄvöö@£’ÄÖÆRÃs2Ã"ãSbÄÆ÷rÄæ÷&ÖÂÄvöö@£CrÄfVÖÆRÃBÃ2ãƒ2Ä†–v‚Ä6öÆBÄvöö@£SrÄÖÆRÃs‚Ã2ãÄ†–v‚Äæ÷&ÖÂÄvöö@£3"ÄfVÖÆRÃƒ2Ã"ãƒRÄÆ÷rÄæ÷&ÖÂÄvöö@£cÄfVÖÆRÃc’Ãã“‚ÄÆ÷rÄæ÷&ÖÂÅö÷ £3bÄÖÆRÃCRÃ"ãƒBÄÖöFW&FRÄ†÷BÄvöö@£CrÄÖÆRÃC’Ã"ãC‚ÄÖöFW&FRÄ†÷BÄvöö@£3ÄfVÖÆRÃsRÃ"ãSRÄ†–v‚Ä6öÆBÄvöö@£CbÄÖÆRÃ“RÃBã#rÄ†–v‚Äæ÷&ÖÂÄvöö@£cRÄÖÆRÃ“RÃ2ã3‚Ä†–v‚Äæ÷&ÖÂÄvöö@£#"ÄfVÖÆRÃS‚Ã"ãCBÄÆ÷rÄ†÷BÄvöö@£32ÄÖÆRÃƒrÃBãsbÄ†–v‚Ä†÷BÄvöö@£cÄÖÆRÃsBÃ2ãs‚Ä†–v‚Ä†÷BÄvöö@£c"ÄÖÆRÃƒBÃ"ãÄÖöFW&FRÄ6öÆBÅö÷ £3’ÄfVÖÆRÃCbÃãS2ÄÖöFW&FRÄæ÷&ÖÂÄvöö@£CÄÖÆRÃbÃ2ãs"Ä†–v‚Ä6öÆBÄvöö@£SÄfVÖÆRÃƒÃ"ãSrÄ†–v‚Ä6öÆBÄvöö@£3rÄÖÆRÃ“Ã2ã3Ä†–v‚Äæ÷&ÖÂÄvöö@£#rÄÖÆRÃc’ÃãsrÄÆ÷rÄæ÷&ÖÂÅö÷ £C’ÄÖÆRÃcÃ2ãbÄ†–v‚Ä†÷BÄvöö@£#rÄfVÖÆRÃcÃ"ãC"ÄÆ÷rÄ†÷BÄvöö@£CbÄfVÖÆRÃC‚Ã"ãBÄÖöFW&FRÄæ÷&ÖÂÄvöö@£#’ÄÖÆRÃs‚Ã2ã#‚ÄÖöFW&FRÄæ÷&ÖÂÄvöö@£CÄÖÆRÃc’Ã2ãc2Ä†–v‚Ä†÷BÄvöö@£C"ÄÖÆRÃsBÃ"ã“’Ä†–v‚Ä6öÆBÄvöö@£CÄÖÆRÃƒ2Ã"ã#RÄÆ÷rÄ6öÆBÅö÷ £SÄÖÆRÃcÃ2ãcbÄ†–v‚Ä†÷BÄvöö@£crÄÖÆRÃCbÃãcÄÖöFW&FRÄæ÷&ÖÂÄvöö@£SbÄfVÖÆRÃ2ÃBãSbÄ†–v‚Ä†÷BÄvöö@£3ÄfVÖÆRÃS’ÃãcrÄÖöFW&FRÄ6öÆBÅö÷ £’ÄÖÆRÃ‚ÃRã#’Ä†–v‚Ä†÷BÄvöö@£3ÄfVÖÆRÃCbÃãRÄÆ÷rÄæ÷&ÖÂÄvöö@£SrÄÖÆRÃ‚Ã"ãS"ÄÆ÷rÄæ÷&ÖÂÅö÷ £S‚ÄÖÆRÃƒ’Ã"ã“"ÄÆ÷rÄ†÷BÄvöö@£cÄÖÆRÃƒbÃãƒÄÆ÷rÄæ÷&ÖÂÅö÷ £cbÄÖÆRÃs’Ã2ãCBÄÖöFW&FRÄ†÷BÄvöö@£SBÄÖÆRÃSÃ"ãS’Ä†–v‚Äæ÷&ÖÂÄvöö@£cÄÖÆRÃcrÃãsÄÆ÷rÄæ÷&ÖÂÅö÷ £cÄfVÖÆRÃ“rÃ2ãcÄÖöFW&FRÄ†÷BÄvöö@£#ÄÖÆRÃs‚Ã2ãS’Ä†–v‚Ä†÷BÄvöö@£CBÄfVÖÆRÃsÃãƒ‚ÄÖöFW&FRÄ6öÆBÅö÷ £SbÄfVÖÆRÃBÃBã#2ÄÖöFW&FRÄ†÷BÄvöö@£C’ÄÖÆRÃcrÃ"ã#‚Ä†–v‚Ä6öÆBÄvöö@£#‚ÄfVÖÆRÃC‚ÃãsRÄÆ÷rÄ†÷BÄvöö@£c‚ÄfVÖÆRÃ“"ÃBãC’Ä†–v‚Ä†÷BÄvöö@£C"ÄÖÆRÃC’ÃãsBÄÆ÷rÄ†÷BÄvöö@£S‚ÄÖÆRÃcrÃ"ãCrÄ†–v‚Äæ÷&ÖÂÄvöö@£c’ÄfVÖÆRÃ“"Ã"ã“2ÄÆ÷rÄæ÷&ÖÂÄvöö@£SÄÖÆRÃƒ"ÃBã#bÄ†–v‚Ä†÷BÄvöö@£3‚ÄfVÖÆRÃsÃ2ã3BÄ†–v‚Ä†÷BÄvöö@£cÄfVÖÆRÃSÃãRÄÆ÷rÄ6öÆBÄvöö@£c‚ÄÖÆRÃbÃ"ãcÄÆ÷rÄæ÷&ÖÂÅö÷ £cRÄfVÖÆRÃƒ"Ã2ãsÄÖöFW&FRÄ†÷BÄvöö@£3BÄÖÆRÃ“"Ã2ãCbÄÖöFW&FRÄæ÷&ÖÂÄvöö@£S2ÄÖÆRÃ“‚Ã"ãS"ÄÖöFW&FRÄ6öÆBÅö÷ £S"ÄfVÖÆRÃcBÃãRÄÆ÷rÄ6öÆBÅö÷ £C‚ÄfVÖÆRÃcRÃ"ãBÄÆ÷rÄ6öÆBÄvöö@£SÄfVÖÆRÃÃ"ãS2ÄÆ÷rÄæ÷&ÖÂÅö÷ £C‚ÄÖÆRÃcrÃ2ã3‚Ä†–v‚Ä†÷BÄvöö@£cbÄfVÖÆRÃ“"ÃBãRÄ†–v‚Ä†÷BÄvöö@£#BÄfVÖÆRÃCbÃãs’ÄÆ÷rÄæ÷&ÖÂÄvöö@£SrÄÖÆRÃc‚ÃãRÄÆ÷rÄ6öÆBÅö÷ £c2ÄÖÆRÃS2ÃãRÄÆ÷rÄæ÷&ÖÂÅö÷ £SÄfVÖÆRÃ“RÃ2ã#"ÄÆ÷rÄ†÷BÄvöö@£crÄfVÖÆRÃcbÃ"ãsBÄÖöFW&FRÄ†÷BÄvöö@£#rÄfVÖÆRÃC‚Ã"ãcÄÆ÷rÄ†÷BÄvöö@£3’ÄÖÆRÃƒRÃ2ã"ÄÖöFW&FRÄæ÷&ÖÂÄvöö@£SBÄfVÖÆRÃS‚ÃãSbÄÖöFW&FRÄ6öÆBÅö÷ £cBÄfVÖÆRÃcÃ"ãÄÖöFW&FRÄ6öÆBÄvöö@£#ÄfVÖÆRÃƒÃBãSRÄ†–v‚Ä†÷BÄvöö@£CÄfVÖÆRÃc‚ÃãRÄÆ÷rÄ6öÆBÅö÷ £3bÄÖÆRÃSbÃ"ãƒ2Ä†–v‚Ä6öÆBÄvöö@£#’ÄfVÖÆRÃCrÃ"ã#BÄÆ÷rÄ†÷BÄvöö@£cBÄfVÖÆRÃ“Ã"ãS‚ÄÖöFW&FRÄæ÷&ÖÂÅö÷ £3"ÄfVÖÆRÃƒrÃ"ã“ÄÖöFW&FRÄ6öÆBÄvöö@£CRÄÖÆRÃƒ2Ã"ãsÄÆ÷rÄ†÷BÄvöö@£3BÄÖÆRÃÃRã’Ä†–v‚Ä†÷BÄvöö@£’ÄÖÆRÃ“‚ÃBãs"Ä†–v‚Ä†÷BÄvöö@£3RÄÖÆRÃs"Ã"ãs‚ÄÆ÷rÄ†÷BÄvöö@£S"ÄÖÆRÃ"Ã2ã3BÄÆ÷rÄ†÷BÄvöö@£#BÄfVÖÆRÃSÃãRÄÆ÷rÄ6öÆBÄvöö@£#"ÄÖÆRÃƒ"Ã"ãƒ"ÄÖöFW&FRÄæ÷&ÖÂÄvöö@£C"ÄfVÖÆRÃS’ÃãRÄÆ÷rÄæ÷&ÖÂÅö÷ £SbÄfVÖÆRÃ“"Ã2ãƒRÄÖöFW&FRÄ†÷BÄvöö@£C"ÄÖÆRÃcrÃ2ã"Ä†–v‚Äæ÷&ÖÂÄvöö@£3’ÄÖÆRÃcbÃ"ãRÄÖöFW&FRÄæ÷&ÖÂÄvöö@£cBÄfVÖÆRÃ‚Ã"ãc‚ÄÖöFW&FRÄ6öÆBÅö÷ £c’ÄÖÆRÃsbÃãƒbÄÖöFW&FRÄ6öÆBÅö÷ £S2ÄfVÖÆRÃs’Ã"ãs‚ÄÖöFW&FRÄæ÷&ÖÂÄvöö@£3ÄfVÖÆRÃs‚Ã2ãCÄÆ÷rÄ†÷BÄvöö@£CBÄÖÆRÃcRÃ"ã“ÄÖöFW&FRÄæ÷&ÖÂÄvöö@£c’ÄfVÖÆRÃsÃ"ã3RÄ†–v‚Ä6öÆBÄvöö@£#"ÄfVÖÆRÃsrÃ2ã"Ä†–v‚Ä6öÆBÄvöö@£3BÄfVÖÆRÃ“bÃBãrÄÖöFW&FRÄ†÷BÄvöö@£S’ÄfVÖÆRÃÃ"ã“2ÄÆ÷rÄ†÷BÅö÷ £#RÄfVÖÆRÃ‚Ã"ã“ÄÆ÷rÄ6öÆBÅö÷ £3bÄfVÖÆRÃS2ÃãRÄÆ÷rÄ6öÆBÅö÷ £3"ÄfVÖÆRÃrÃ2ã3‚ÄÆ÷rÄ6öÆBÄvöö@£cBÄÖÆRÃSrÃ"ã32ÄÖöFW&FRÄ†÷BÄvöö@£c’ÄfVÖÆRÃ“Ã2ãsRÄ†–v‚Äæ÷&ÖÂÄvöö@£CÄÖÆRÃcrÃ2ãc’ÄÖöFW&FRÄ†÷BÄvöö@£#"ÄfVÖÆRÃC‚Ã"ãƒrÄ†–v‚Ä†÷BÄvöö@£c’ÄfVÖÆRÃSrÃ2ã‚ÄÖöFW&FRÄ†÷BÄvöö@£C’ÄÖÆRÃsrÃ"ãÄÆ÷rÄæ÷&ÖÂÅö÷ £#BÄÖÆRÃS‚Ã"ãCRÄ†–v‚Äæ÷&ÖÂÄvöö@£3ÄÖÆRÃSBÃ"ã3"Ä†–v‚Ä6öÆBÄvöö@£c’ÄÖÆRÃƒ2Ãã“rÄÖöFW&FRÄ6öÆBÅö÷ £3RÄÖÆRÃc2Ã2ã2Ä†–v‚Ä†÷BÄvöö@£cÄÖÆRÃƒÃ"ãSrÄÆ÷rÄ†÷BÄvöö@£#BÄÖÆRÃ“bÃ2ãC2Ä†–v‚Ä6öÆBÄvöö@£#2ÄfVÖÆRÃ“bÃ2ã‚ÄÆ÷rÄ†÷BÄvöö@£cÄfVÖÆRÃƒÃ"ã“2ÄÖöFW&FRÄ†÷BÄvöö@£cRÄfVÖÆRÃsÃ"ãRÄÆ÷rÄæ÷&ÖÂÄvöö@£‚ÄfVÖÆRÃ“"Ã2ã#RÄ†–v‚Ä6öÆBÄvöö@£CRÄfVÖÆRÃ“2Ã2ã3RÄ†–v‚Äæ÷&ÖÂÄvöö@£S2ÄfVÖÆRÃCbÃ"ã"Ä†–v‚Ä6öÆBÄvöö@£SrÄfVÖÆRÃc"ÃãbÄÆ÷rÄ6öÆBÅö÷ £CBÄfVÖÆRÃƒ2Ã2ãCÄ†–v‚Äæ÷&ÖÂÄvöö@£SrÄfVÖÆRÃCrÃãRÄÆ÷rÄ6öÆBÄvöö@£S2ÄÖÆRÃcÃ2ã"ÄÖöFW&FRÄ†÷BÄvöö@£c’ÄÖÆRÃcbÃ"ãCbÄÖöFW&FRÄ†÷BÄvöö@£3ÄÖÆRÃ“2Ã2ã“"Ä†–v‚Äæ÷&ÖÂÄvöö@£cÄfVÖÆRÃcÃ"ãƒÄ†–v‚Äæ÷&ÖÂÄvöö@£’ÄÖÆRÃsÃ"ãƒÄÆ÷rÄ†÷BÄvöö@£#ÄÖÆRÃcRÃãRÄÆ÷rÄ6öÆBÅö÷ £#2ÄfVÖÆRÃc‚ÃãsÄÆ÷rÄ6öÆBÅö÷ £CÄÖÆRÃS"Ã"ãsbÄ†–v‚Ä6öÆBÄvöö@£c2ÄfVÖÆRÃSRÃãƒ’ÄÖöFW&FRÄæ÷&ÖÂÄvöö@£c"ÄÖÆRÃSBÃã“ÄÖöFW&FRÄæ÷&ÖÂÄvöö@£SRÄfVÖÆRÃcRÃ"ãSbÄÖöFW&FRÄ†÷BÄvöö@£3RÄÖÆRÃsÃ2ãÄ†–v‚Ä6öÆBÄvöö@£C‚ÄÖÆRÃƒ’Ã"ãCBÄÆ÷rÄ6öÆBÅö÷ £cÄÖÆRÃc"Ã"ãƒrÄ†–v‚Ä†÷BÄvöö@£#BÄÖÆRÃƒ"Ã"ã2ÄÆ÷rÄæ÷&ÖÂÅö÷ £CbÄÖÆRÃ“’Ã"ãrÄÖöFW&FRÄ6öÆBÅö÷ £3RÄfVÖÆRÃc2Ã"ãƒ’Ä†–v‚Äæ÷&ÖÂÄvöö@£’ÄfVÖÆRÃƒÃ2ãCBÄ†–v‚Ä6öÆBÄvöö@£SÄÖÆRÃrÃ"ãCBÄÆ÷rÄ6öÆBÅö÷ £#rÄfVÖÆRÃS’Ã2ã3RÄ†–v‚Ä†÷BÄvöö@£#ÄfVÖÆRÃC‚Ã"ã’ÄÆ÷rÄ†÷BÄvöö@£S’ÄÖÆRÃsRÃ2ãÄ†–v‚Ä6öÆBÄvöö@£CBÄÖÆRÃ“ÃBãbÄ†–v‚Ä†÷BÄvöö@£CrÄfVÖÆRÃƒrÃ2ãS‚ÄÖöFW&FRÄæ÷&ÖÂÄvöö@£3RÄfVÖÆRÃ“BÃ2ãcbÄ†–v‚Äæ÷&ÖÂÄvöö@£3ÄfVÖÆRÃSbÃ2ã‚Ä†–v‚Ä†÷BÄvöö@£#bÄfVÖÆRÃ“Ã2ãBÄ†–v‚Ä6öÆBÄvöö@£3‚ÄfVÖÆRÃc2Ã"ãbÄÖöFW&FRÄ6öÆBÄvöö@£’ÄfVÖÆRÃ“bÃ2ãsrÄÖöFW&FRÄæ÷&ÖÂÄvöö@£3ÄÖÆRÃsrÃ"ã’Ä†–v‚Ä6öÆBÄvöö@£c‚ÄÖÆRÃc‚Ã"ãsRÄÆ÷rÄ†÷BÄvöö@£#’ÄfVÖÆRÃ“’ÃBã3’Ä†–v‚Ä†÷BÄvöö@£#BÄÖÆRÃ“rÃ"ã‚ÄÆ÷rÄ6öÆBÅö÷ £3bÄÖÆRÃ“RÃ2ãcRÄ†–v‚Ä6öÆBÄvöö@£’ÄfVÖÆRÃƒ’ÃBãCbÄ†–v‚Ä†÷BÄvöö@£SrÄfVÖÆRÃSÃ"ã2ÄÖöFW&FRÄæ÷&ÖÂÄvöö@£cBÄfVÖÆRÃcÃãc2ÄÆ÷rÄæ÷&ÖÂÅö÷ £#bÄfVÖÆRÃƒÃ"ãƒ’Ä†–v‚Ä6öÆBÄvöö@£3‚ÄÖÆRÃsÃ2ãrÄÖöFW&FRÄæ÷&ÖÂÄvöö@£CrÄÖÆRÃrÃ2ãS2ÄÖöFW&FRÄæ÷&ÖÂÄvöö@£cBÄÖÆRÃ“Ã"ãSrÄÆ÷rÄ6öÆBÅö÷ £#ÄÖÆRÃRÃ2ãS2ÄÖöFW&FRÄ6öÆBÄvöö@£CbÄÖÆRÃƒÃ"ãc‚ÄÖöFW&FRÄæ÷&ÖÂÄvöö@£‚ÄÖÆRÃs’Ã2ã3Ä†–v‚Äæ÷&ÖÂÄvöö@£c’ÄÖÆRÃSÃã“bÄÖöFW&FRÄ†÷BÄvöö@£#"ÄfVÖÆRÃsbÃ"ãbÄÖöFW&FRÄ6öÆBÄvöö@£c"ÄÖÆRÃƒBÃ"ãÄÆ÷rÄ6öÆBÅö÷ £S’ÄÖÆRÃS"ÃãcRÄÖöFW&FRÄæ÷&ÖÂÄvöö@£3ÄÖÆRÃcrÃ"ãƒbÄ†–v‚Ä6öÆBÄvöö@£SÄÖÆRÃƒ"ÃBã#Ä†–v‚Ä†÷BÄvöö@£3bÄfVÖÆRÃsRÃ"ãSrÄÆ÷rÄæ÷&ÖÂÄvöö@£3ÄfVÖÆRÃsÃ"ãsÄÖöFW&FRÄ6öÆBÄvöö@£C’ÄfVÖÆRÃ“ÃBãrÄ†–v‚Ä†÷BÄvöö@£SBÄfVÖÆRÃSÃ"ãrÄÖöFW&FRÄæ÷&ÖÂÄvöö@£c’ÄÖÆRÃSRÃãrÄÆ÷rÄ†÷BÄvöö@£’ÄÖÆRÃ‚ÃBã#bÄ†–v‚Ä6öÆBÄvöö@£#’ÄfVÖÆRÃ“’Ã2ãƒBÄ†–v‚Ä6öÆBÄvöö@£SrÄfVÖÆRÃcrÃãRÄÆ÷rÄ6öÆBÅö÷ £#rÄÖÆRÃs’ÃãsbÄÆ÷rÄ6öÆBÅö÷ £C‚ÄfVÖÆRÃ“‚Ã2ã#ÄÆ÷rÄæ÷&ÖÂÄvöö@£3"ÄÖÆRÃÃ2ãsBÄÆ÷rÄ†÷BÄvöö@£3ÄfVÖÆRÃ“Ã"ãƒRÄÆ÷rÄ6öÆBÄvöö@£CBÄfVÖÆRÃƒÃ2ãÄÆ÷rÄ†÷BÄvöö@£3rÄÖÆRÃc’Ã2ãbÄÆ÷rÄ†÷BÄvöö@£3ÄÖÆRÃƒÃ"ãcBÄÖöFW&FRÄæ÷&ÖÂÄvöö@£SBÄÖÆRÃSBÃ"ãSÄ†–v‚Ä6öÆBÄvöö@£SÄfVÖÆRÃc‚Ã2ã#rÄ†–v‚Ä†÷BÄvöö@£C2ÄfVÖÆRÃƒ2Ã2ã3bÄ†–v‚Ä6öÆBÄvöö@£cBÄÖÆRÃ“"Ã2ã‚ÄÖöFW&FRÄ†÷BÄvöö@£SrÄfVÖÆRÃ“Ã"ãCRÄÖöFW&FRÄ6öÆBÅö÷ £#ÄfVÖÆRÃS‚Ã2ã’ÄÖöFW&FRÄ†÷BÄvöö@£#ÄÖÆRÃSbÃ"ãC"ÄÖöFW&FRÄ†÷BÄvöö@£CÄÖÆRÃCrÃ"ãSÄ†–v‚Äæ÷&ÖÂÄvöö@£SbÄÖÆRÃƒbÃ"ã3BÄÖöFW&FRÄ6öÆBÅö÷ £3ÄÖÆRÃc2Ã"ãS2ÄÖöFW&FRÄæ÷&ÖÂÄvöö@£#bÄÖÆRÃÃ2ãCÄÖöFW&FRÄæ÷&ÖÂÄvöö@£#BÄfVÖÆRÃ“‚Ã2ãC’Ä†–v‚Ä6öÆBÄvöö@£’ÄÖÆRÃs"Ã"ã3BÄÆ÷rÄ6öÆBÄvöö@£CBÄfVÖÆRÃ“2ÃBãCRÄ†–v‚Ä†÷BÄvöö@£S"ÄfVÖÆRÃ“ÃBã3rÄ†–v‚Ä†÷BÄvöö@£cÄfVÖÆRÃƒbÃ"ã“‚ÄÖöFW&FRÄæ÷&ÖÂÄvöö@£SRÄÖÆRÃS"Ã"ã“Ä†–v‚Ä†÷BÄvöö@£SRÄÖÆRÃC‚Ãã“’ÄÖöFW&FRÄæ÷&ÖÂÄvöö@£#"ÄÖÆRÃcÃ"ãS2ÄÆ÷rÄ†÷BÄvöö@£c"ÄÖÆRÃƒ’Ã"ã“"Ä†–v‚Äæ÷&ÖÂÄvöö@£CbÄÖÆRÃcRÃãRÄÆ÷rÄ6öÆBÅö÷ £CBÄfVÖÆRÃ“ÃBãs"Ä†–v‚Ä†÷BÄvöö@£cRÄfVÖÆRÃcrÃ"ãsRÄ†–v‚Ä6öÆBÄvöö@£c’ÄÖÆRÃƒbÃ"ã2ÄÖöFW&FRÄ6öÆBÅö÷ £c2ÄfVÖÆRÃCRÃãRÄÆ÷rÄæ÷&ÖÂÄvöö@£S2ÄÖÆRÃCbÃ"ã#Ä†–v‚Äæ÷&ÖÂÄvöö@£SrÄÖÆRÃ2Ã2ã#‚ÄÖöFW&FRÄ6öÆBÄvöö@£#rÄfVÖÆRÃƒÃ"ãSBÄÖöFW&FRÄæ÷&ÖÂÄvöö@£#ÄfVÖÆRÃcRÃãs’ÄÆ÷rÄ6öÆBÅö÷ £CRÄfVÖÆRÃC‚Ã2ã3"Ä†–v‚Ä†÷BÄvöö@£3ÄÖÆRÃS2Ã"ãCBÄÖöFW&FRÄæ÷&ÖÂÄvöö@£C"ÄfVÖÆRÃSÃãƒ"ÄÆ÷rÄ†÷BÄvöö@£#"ÄfVÖÆRÃSrÃ"ã3bÄ†–v‚Ä6öÆBÄvöö@£3rÄfVÖÆRÃSbÃ"ã#‚Ä†–v‚Ä6öÆBÄvöö@£#BÄfVÖÆRÃs‚Ã2ã#bÄÖöFW&FRÄ†÷BÄvöö@£3RÄfVÖÆRÃSBÃã“’Ä†–v‚Ä6öÆBÄvöö@£SbÄÖÆRÃƒ‚Ã"ãSRÄÖöFW&FRÄæ÷&ÖÂÅö÷ £c‚ÄÖÆRÃ‚Ã2ãRÄÆ÷rÄ†÷BÄvöö@£c2ÄÖÆRÃƒBÃ"ãsbÄÖöFW&FRÄ6öÆBÄvöö@£3‚ÄfVÖÆRÃ"Ã2ãs’ÄÖöFW&FRÄæ÷&ÖÂÄvöö@£crÄfVÖÆRÃSBÃãS2ÄÖöFW&FRÄ6öÆBÅö÷ £3bÄfVÖÆRÃsBÃ"ãrÄÖöFW&FRÄ6öÆBÅö÷ £3’ÄÖÆRÃ“‚Ã2ã“ÄÖöFW&FRÄæ÷&ÖÂÄvöö@£c"ÄfVÖÆRÃƒrÃã“‚ÄÆ÷rÄ6öÆBÅö÷ £3bÄfVÖÆRÃC’Ã"ãÄÖöFW&FRÄ6öÆBÄvöö@£3rÄÖÆRÃS’Ã"ã"Ä†–v‚Ä6öÆBÄvöö@£‚ÄfVÖÆRÃC’ÃãRÄÆ÷rÄ6öÆBÄvöö@£3‚ÄÖÆRÃRÃBãSBÄÖöFW&FRÄ†÷BÄvöö@£#’ÄÖÆRÃsÃ2ãÄÖöFW&FRÄæ÷&ÖÂÄvöö@£cRÄfVÖÆRÃc’Ã"ãRÄ†–v‚Ä6öÆBÄvöö@£’ÄfVÖÆRÃcbÃ"ãsÄÖöFW&FRÄæ÷&ÖÂÄvöö@£3BÄÖÆRÃRÃBãc’Ä†–v‚Ä†÷BÄvöö@£’ÄÖÆRÃsÃ"ãs‚ÄÖöFW&FRÄ6öÆBÄvöö@£‚ÄÖÆRÃƒBÃ2ãsRÄ†–v‚Ä†÷BÄvöö@£S2ÄfVÖÆRÃÃ"ã’ÄÖöFW&FRÄ6öÆBÅö÷ £3ÄÖÆRÃƒ2Ã2ã“2Ä†–v‚Äæ÷&ÖÂÄvöö@£#’ÄfVÖÆRÃcRÃ"ãCrÄÖöFW&FRÄ6öÆBÄvöö@£3ÄÖÆRÃc2Ã"ãS"Ä†–v‚Äæ÷&ÖÂÄvöö@£cRÄfVÖÆRÃÃ2ãc2ÄÆ÷rÄ†÷BÄvöö@£‚ÄfVÖÆRÃÃ2ãSRÄ†–v‚Ä6öÆBÄvöö@£CRÄÖÆRÃC‚Ãã“2Ä†–v‚Ä6öÆBÄvöö@£#‚ÄfVÖÆRÃƒBÃBãCÄ†–v‚Ä†÷BÄvöö@£S"ÄfVÖÆRÃSBÃãRÄÖöFW&FRÄ6öÆBÅö÷ £3"ÄfVÖÆRÃ2Ã2ãcRÄÖöFW&FRÄæ÷&ÖÂÄvöö@£c‚ÄÖÆRÃCrÃ"ãcbÄÖöFW&FRÄ†÷BÄvöö@£cBÄÖÆRÃcÃ2ã#rÄ†–v‚Ä†÷BÄvöö@£3ÄfVÖÆRÃCRÃãRÄÆ÷rÄ6öÆBÄvöö@£#‚ÄÖÆRÃ“’Ã2ãBÄÆ÷rÄæ÷&ÖÂÄvöö@£cBÄÖÆRÃ2Ã2ãC2Ä†–v‚Äæ÷&ÖÂÄvöö@£#BÄfVÖÆRÃ‚ÃBã2ÄÖöFW&FRÄ†÷BÄvöö@£C"ÄÖÆRÃs‚Ã"ã#rÄÖöFW&FRÄ6öÆBÅö÷ £3’ÄfVÖÆRÃ“‚Ã2ãcÄ†–v‚Äæ÷&ÖÂÄvöö@£3RÄÖÆRÃcÃãs2ÄÆ÷rÄæ÷&ÖÂÅö÷ £C‚ÄÖÆRÃ“"Ã"ãƒRÄÖöFW&FRÄ6öÆBÄvöö@£SÄÖÆRÃs‚Ã2ã3Ä†–v‚Äæ÷&ÖÂÄvöö@£#’ÄÖÆRÃƒÃ2ãcÄÆ÷rÄ†÷BÄvöö@£S‚ÄÖÆRÃÃ"ãSbÄÆ÷rÄæ÷&ÖÂÅö÷ £3ÄfVÖÆRÃ“Ã"ãSrÄÆ÷rÄ6öÆBÅö÷ £#‚ÄfVÖÆRÃƒBÃ2ã3’ÄÖöFW&FRÄæ÷&ÖÂÄvöö@£C’ÄfVÖÆRÃ“bÃ2ãSÄÆ÷rÄ†÷BÄvöö@£c‚ÄfVÖÆRÃ2Ã2ã‚ÄÖöFW&FRÄæ÷&ÖÂÄvöö@£#bÄfVÖÆRÃS"Ã"ã"ÄÆ÷rÄ†÷BÄvöö@£#RÄÖÆRÃcÃ"ãCRÄÆ÷rÄ†÷BÄvöö@£3’ÄfVÖÆRÃc"Ã2ãÄ†–v‚Äæ÷&ÖÂÄvöö@£#RÄÖÆRÃC’ÃãrÄÆ÷rÄ†÷BÄvöö@£3bÄÖÆRÃRÃRã#rÄ†–v‚Ä†÷BÄvöö@£’ÄÖÆRÃ“BÃBãs‚Ä†–v‚Ä†÷BÄvöö@£#BÄfVÖÆRÃ“2ÃBã3"ÄÖöFW&FRÄ†÷BÄvöö@£#BÄfVÖÆRÃc"Ã"ãs’ÄÖöFW&FRÄ†÷BÄvöö@£CbÄÖÆRÃcÃãRÄÆ÷rÄ6öÆBÅö÷ £CrÄÖÆRÃc’Ã"ãC’ÄÖöFW&FRÄæ÷&ÖÂÄvöö@£3ÄfVÖÆRÃcbÃ2ã3bÄÖöFW&FRÄ†÷BÄvöö@£CBÄfVÖÆRÃs’Ã"ã32ÄÆ÷rÄ6öÆBÅö÷ £#’ÄfVÖÆRÃƒrÃ2ãRÄÆ÷rÄ†÷BÄvöö@£#ÄfVÖÆRÃ“’Ã"ãSbÄÆ÷rÄæ÷&ÖÂÅö÷ £CÄfVÖÆRÃC‚Ã"ãCrÄ†–v‚Ä6öÆBÄvöö@£#ÄÖÆRÃ2ÃBã2ÄÖöFW&FRÄ†÷BÄvöö@£SrÄfVÖÆRÃsBÃ"ãbÄÆ÷rÄ6öÆBÅö÷ £32ÄfVÖÆRÃsrÃ2ã3RÄ†–v‚Ä6öÆBÄvöö@£cRÄÖÆRÃsÃ"ãƒ‚Ä†–v‚Äæ÷&ÖÂÄvöö@£S2ÄfVÖÆRÃsÃ2ã3bÄ†–v‚Ä†÷BÄvöö@£c2ÄÖÆRÃSbÃãs2ÄÖöFW&FRÄæ÷&ÖÂÄvöö@£SBÄÖÆRÃ“"Ã2ãƒ2Ä†–v‚Ä†÷BÄvöö@£S’ÄÖÆRÃƒÃ2ãÄ†–v‚Äæ÷&ÖÂÄvöö@£3rÄfVÖÆRÃRÃ2ã“bÄÖöFW&FRÄæ÷&ÖÂÄvöö@£cBÄfVÖÆRÃ“Ã2ãbÄ†–v‚Ä6öÆBÄvöö@£C’ÄÖÆRÃSBÃ2ãbÄ†–v‚Ä†÷BÄvöö@£3RÄÖÆRÃs’Ã2ã#Ä†–v‚Äæ÷&ÖÂÄvöö@£#BÄÖÆRÃs’Ã2ãC"Ä†–v‚Äæ÷&ÖÂÄvöö@£SRÄfVÖÆRÃ“RÃ2ã3bÄ†–v‚Äæ÷&ÖÂÄvöö@£#bÄÖÆRÃs‚Ã2ãSbÄ†–v‚Ä†÷BÄvöö@£CbÄÖÆRÃ“2Ã"ã’ÄÆ÷rÄæ÷&ÖÂÄvöö@£3’ÄÖÆRÃƒ‚ÃBãsbÄ†–v‚Ä†÷BÄvöö@£c‚ÄÖÆRÃS2ÃãRÄÆ÷rÄ6öÆBÅö÷ £C2ÄfVÖÆRÃs2Ã2ãBÄÆ÷rÄ†÷BÄvöö@£SbÄfVÖÆRÃcrÃ"ã“bÄ†–v‚Ä†÷BÄvöö@£cÄfVÖÆRÃƒ‚Ã2ãRÄ†–v‚Äæ÷&ÖÂÄvöö@£3bÄÖÆRÃ“2Ã2ã“"ÄÖöFW&FRÄ†÷BÄvöö@£#ÄÖÆRÃbÃ2ã’ÄÖöFW&FRÄæ÷&ÖÂÄvöö@£c"ÄÖÆRÃ‚Ã"ã’ÄÆ÷rÄ6öÆBÅö÷ £c’ÄÖÆRÃƒÃ"ãCÄÖöFW&FRÄ6öÆBÄvöö@£C’ÄfVÖÆRÃÃ2ãC‚Ä†–v‚Ä6öÆBÄvöö@£CBÄfVÖÆRÃƒRÃ2ã#2Ä†–v‚Äæ÷&ÖÂÄvöö@£CÄfVÖÆRÃbÃBãƒBÄ†–v‚Ä†÷BÄvöö@£3RÄfVÖÆRÃSBÃãsRÄÖöFW&FRÄæ÷&ÖÂÄvöö@£#bÄÖÆRÃ“BÃBã’Ä†–v‚Äæ÷&ÖÂÄvöö@£’ÄÖÆRÃcÃ2ã3Ä†–v‚Äæ÷&ÖÂÄvöö@£#ÄÖÆRÃs’Ã"ãsbÄÆ÷rÄæ÷&ÖÂÄvöö@£C’ÄÖÆRÃs‚ÃãbÄÆ÷rÄ6öÆBÅö÷ £#ÄÖÆRÃSBÃ"ã3‚Ä†–v‚Äæ÷&ÖÂÄvöö@£#’ÄÖÆRÃ“RÃ2ã“"ÄÖöFW&FRÄ†÷BÄvöö@£SÄÖÆRÃ2Ã"ãƒ"ÄÆ÷rÄ6öÆBÅö÷ £#"ÄfVÖÆRÃcbÃ"ãƒ"ÄÆ÷rÄ†÷BÄvöö@£cÄÖÆRÃs"Ã"ã“ÄÆ÷rÄ†÷BÄvöö@£SrÄÖÆRÃ“BÃBã#2Ä†–v‚Ä†÷BÄvöö@£3"ÄÖÆRÃƒrÃ2ãSBÄÆ÷rÄ†÷BÄvöö@£3RÄÖÆRÃc’Ã"ãBÄ†–v‚Ä6öÆBÄvöö@£cBÄÖÆRÃ‚ÃBã#Ä†–v‚Ä†÷BÄvöö@£C2ÄÖÆRÃƒrÃ"ãsbÄÆ÷rÄ6öÆBÄvöö@£S"ÄfVÖÆRÃ“bÃBã"Ä†–v‚Ä†÷BÄvöö@£#RÄÖÆRÃCbÃ"ã“Ä†–v‚Ä†÷BÄvöö@£32ÄÖÆRÃƒÃ2ãS"Ä†–v‚Ä6öÆBÄvöö@£3BÄÖÆRÃc"Ãã“BÄÆ÷rÄæ÷&ÖÂÄvöö@£’ÄÖÆRÃƒBÃ"ãrÄÆ÷rÄæ÷&ÖÂÄvöö@£C‚ÄfVÖÆRÃc’Ã"ã“bÄ†–v‚Äæ÷&ÖÂÄvöö@£32ÄfVÖÆRÃƒbÃã“’ÄÆ÷rÄ6öÆBÅö÷ £S’ÄÖÆRÃƒÃ"ãSÄ†–v‚Ä6öÆBÄvöö@£3ÄÖÆRÃcbÃ2ãBÄÖöFW&FRÄ†÷BÄvöö@£c"ÄfVÖÆRÃ“Ã"ãBÄÆ÷rÄ6öÆBÅö÷ £c2ÄfVÖÆRÃƒÃ2ãSbÄ†–v‚Ä†÷BÄvöö@£SRÄÖÆRÃcrÃ"ãbÄÆ÷rÄæ÷&ÖÂÄvöö@£3BÄfVÖÆRÃ’Ã2ã’ÄÆ÷rÄæ÷&ÖÂÅö÷ £#‚ÄfVÖÆRÃsBÃã“’ÄÆ÷rÄ6öÆBÅö÷ £c2ÄÖÆRÃbÃ2ãƒÄ†–v‚Äæ÷&ÖÂÄvöö@£#bÄÖÆRÃsÃ2ã2Ä†–v‚Äæ÷&ÖÂÄvöö@£3"ÄÖÆRÃSbÃ"ã3‚ÄÖöFW&FRÄ†÷BÄvöö@£3ÄÖÆRÃS’Ã"ãRÄÖöFW&FRÄ6öÆBÄvöö@£cÄÖÆRÃƒrÃ2ãS2Ä†–v‚Äæ÷&ÖÂÄvöö@£#ÄÖÆRÃc’Ã"ã“bÄÆ÷rÄ†÷BÄvöö@£3RÄÖÆRÃ“rÃ"ãsRÄÖöFW&FRÄ6öÆBÅö÷ £#ÄÖÆRÃ“RÃ"ã“RÄÖöFW&FRÄ6öÆBÄvöö@£S"ÄÖÆRÃ“’Ã2ãSrÄ†–v‚Ä6öÆBÄvöö@£CrÄfVÖÆRÃƒBÃBã"ÄÖöFW&FRÄ†÷BÄvöö@£CÄfVÖÆRÃ’ÃBã3"ÄÆ÷rÄ†÷BÄvöö@£#’ÄfVÖÆRÃS"Ããs’ÄÖöFW&FRÄ6öÆBÄvöö@£3RÄÖÆRÃ’ÃBã’ÄÆ÷rÄ†÷BÄvöö@£SBÄfVÖÆRÃs2Ãã“bÄÆ÷rÄ6öÆBÅö÷ £CÄÖÆRÃƒ‚Ã"ã3RÄÖöFW&FRÄ6öÆBÅö÷ £3"ÄfVÖÆRÃsbÃ"ãC2ÄÆ÷rÄ6öÆBÄvöö@£c"ÄÖÆRÃcBÃã“RÄÆ÷rÄ†÷BÄvöö@£S‚ÄÖÆRÃs’Ã2ã#‚Ä†–v‚Ä†÷BÄvöö@£CBÄÖÆRÃc"Ã"ãC"Ä†–v‚Ä6öÆBÄvöö@£CBÄfVÖÆRÃs"Ã"ãcRÄÖöFW&FRÄ6öÆBÄvöö@£3"ÄÖÆRÃƒ’Ã2ãRÄÆ÷rÄæ÷&ÖÂÄvöö@£S2ÄÖÆRÃc2Ã2ãbÄÖöFW&FRÄ†÷BÄvöö@£c"ÄÖÆRÃÃ2ã3‚ÄÆ÷rÄ†÷BÄvöö@£CbÄÖÆRÃcÃ"ã"ÄÆ÷rÄæ÷&ÖÂÄvöö@£#’ÄÖÆRÃcÃ"ã#RÄÆ÷rÄæ÷&ÖÂÄvöö@£#bÄfVÖÆRÃsÃBãBÄ†–v‚Ä†÷BÄvöö@£S"ÄfVÖÆRÃSRÃ"ã‚ÄÖöFW&FRÄæ÷&ÖÂÄvöö@£3"ÄfVÖÆRÃ“rÃ"ã‚ÄÆ÷rÄæ÷&ÖÂÅö÷ £SÄÖÆRÃcbÃ"ã3"ÄÖöFW&FRÄæ÷&ÖÂÄvöö@£CBÄÖÆRÃSbÃ"ãC‚ÄÆ÷rÄ†÷BÄvöö@£#RÄfVÖÆRÃsrÃ2ãCrÄ†–v‚Äæ÷&ÖÂÄvöö@£#bÄfVÖÆRÃsÃBã#‚Ä†–v‚Ä†÷BÄvöö@£cBÄfVÖÆRÃ“bÃ2ãcbÄ†–v‚Äæ÷&ÖÂÄvöö@£3"ÄÖÆRÃSÃ"ã#rÄÆ÷rÄ†÷BÄvöö@£SBÄÖÆRÃsBÃ2ãs2Ä†–v‚Ä†÷BÄvöö@£cRÄfVÖÆRÃ“‚Ã2ãƒrÄ†–v‚Ä†÷BÄvöö@£C‚ÄfVÖÆRÃbÃ2ãcrÄÆ÷rÄ†÷BÄvöö@£SBÄÖÆRÃs‚Ã2ãs2Ä†–v‚Ä†÷BÄvöö@£C‚ÄÖÆRÃƒ‚ÃBãÄ†–v‚Ä†÷BÄvöö@£3‚ÄfVÖÆRÃcrÃ"ã2ÄÆ÷rÄæ÷&ÖÂÄvöö@£CbÄÖÆRÃ“BÃBãsbÄ†–v‚Ä†÷BÄvöö@£3BÄfVÖÆRÃcbÃ2ãÄ†–v‚Ä6öÆBÄvöö@£S’ÄÖÆRÃsBÃ"ãSÄÖöFW&FRÄæ÷&ÖÂÄvöö@£SbÄfVÖÆRÃSBÃãRÄÆ÷rÄ6öÆBÅö÷ £CÄÖÆRÃSÃ"ã#‚Ä†–v‚Ä6öÆBÄvöö@£3RÄÖÆRÃcÃ"ãÄÆ÷rÄæ÷&ÖÂÄvöö@£SrÄÖÆRÃƒBÃ"ãÄÆ÷rÄ6öÆBÅö÷ £3"ÄÖÆRÃSrÃãcrÄÆ÷rÄæ÷&ÖÂÅö÷ £crÄÖÆRÃs2ÃãRÄÆ÷rÄ6öÆBÅö÷ £SÄfVÖÆRÃC’Ãã“’ÄÖöFW&FRÄ6öÆBÄvöö@£#ÄfVÖÆRÃSÃ"ã#RÄ†–v‚Ä6öÆBÄvöö@£cbÄfVÖÆRÃ2ÃBã#bÄ†–v‚Äæ÷&ÖÂÄvöö@£CbÄÖÆRÃ“’Ã2ãc’Ä†–v‚Ä6öÆBÄvöö@£#ÄfVÖÆRÃsBÃ2ãrÄÖöFW&FRÄ†÷BÄvöö@£#ÄÖÆRÃRÃ2ã3‚Ä†–v‚Ä6öÆBÄvöö@£3"ÄÖÆRÃBÃ"ãCRÄÆ÷rÄ6öÆBÅö÷ £SrÄÖÆRÃ“BÃ2ã2ÄÆ÷rÄ†÷BÄvöö@£3"ÄfVÖÆRÃ“rÃ2ã32ÄÖöFW&FRÄ6öÆBÄvöö@£#bÄÖÆRÃ“RÃ2ãCBÄÆ÷rÄ†÷BÄvöö@£’ÄfVÖÆRÃsÃãcbÄÆ÷rÄ6öÆBÅö÷ £CRÄÖÆRÃsBÃ"ãSbÄ†–v‚Ä6öÆBÄvöö@£#bÄfVÖÆRÃcÃ"ãC‚Ä†–v‚Ä6öÆBÄvöö@£3rÄfVÖÆRÃbÃBã32ÄÆ÷rÄ†÷BÄvöö@£3ÄfVÖÆRÃ“bÃ2ã3ÄÆ÷rÄæ÷&ÖÂÄvöö@£#rÄfVÖÆRÃ’Ã"ãSbÄÆ÷rÄ6öÆBÅö÷ £#‚ÄfVÖÆRÃ“BÃ2ãrÄÆ÷rÄ†÷BÄvöö@£SÄfVÖÆRÃ“bÃBãƒrÄ†–v‚Ä†÷BÄvöö@£#rÄfVÖÆRÃ“BÃ2ãcBÄÖöFW&FRÄ†÷BÄvöö@£#’ÄÖÆRÃ"ÃBãSBÄ†–v‚Äæ÷&ÖÂÄvöö@£cbÄÖÆRÃRÃ2ãs‚Ä†–v‚Ä6öÆBÄvöö@£CÄÖÆRÃ“RÃBãSRÄ†–v‚Ä†÷BÄvöö@£crÄfVÖÆRÃc"Ã2ã"Ä†–v‚Äæ÷&ÖÂÄvöö@£crÄfVÖÆRÃS‚ÃãrÄ†–v‚Ä6öÆBÅö÷ £#2ÄÖÆRÃCrÃã“BÄ†–v‚Äæ÷&ÖÂÄvöö@£’ÄfVÖÆRÃCRÃ"ãSÄ†–v‚Äæ÷&ÖÂÄvöö@£3ÄÖÆRÃsbÃ"ãC’ÄÖöFW&FRÄæ÷&ÖÂÄvöö@£SRÄfVÖÆRÃC’ÃãRÄÖöFW&FRÄ6öÆBÄvöö@£#rÄÖÆRÃ“rÃ2ãrÄ†–v‚Ä6öÆBÄvöö@£CrÄÖÆRÃsbÃ"ãCrÄÆ÷rÄæ÷&ÖÂÄvöö@£CrÄÖÆRÃCRÃ2ã"Ä†–v‚Ä†÷BÄvöö@£#ÄÖÆRÃ"ÃBãbÄÖöFW&FRÄ†÷BÄvöö@£C‚ÄÖÆRÃc2Ããs"ÄÆ÷rÄæ÷&ÖÂÅö÷ £3’ÄÖÆRÃs’Ã2ãrÄ†–v‚Ä6öÆBÄvöö@£c2ÄÖÆRÃs’Ã2ã"ÄÖöFW&FRÄ†÷BÄvöö@£CÄfVÖÆRÃƒÃ"ãƒbÄ†–v‚Ä6öÆBÄvöö@£’ÄfVÖÆRÃs’Ã"ã#BÄÆ÷rÄ6öÆBÅö÷ £cRÄÖÆRÃC‚ÃãRÄÖöFW&FRÄ6öÆBÄvöö@£3BÄÖÆRÃC‚Ã2ãSbÄ†–v‚Ä†÷BÄvöö@£3‚ÄÖÆRÃSÃ"ã’Ä†–v‚Ä6öÆBÄvöö@£c2ÄÖÆRÃsrÃ2ãcRÄÖöFW&FRÄ†÷BÄvöö@£#ÄÖÆRÃÃ2ãCbÄÆ÷rÄ†÷BÄvöö@£3rÄfVÖÆRÃs’Ã2ã#2ÄÆ÷rÄ†÷BÄvöö@£CrÄÖÆRÃƒ2Ã2ã#"ÄÆ÷rÄ†÷BÄvöö@£3"ÄfVÖÆRÃcbÃ"ãSBÄÖöFW&FRÄ6öÆBÄvöö@£#’ÄfVÖÆRÃs’Ããc"ÄÆ÷rÄ6öÆBÅö÷ £C’ÄfVÖÆRÃC‚ÃãRÄÆ÷rÄ6öÆBÄvöö@£#’ÄfVÖÆRÃcbÃ"ã’Ä†–v‚Ä6öÆBÄvöö@£3‚ÄÖÆRÃs2Ã"ãsBÄ†–v‚Äæ÷&ÖÂÄvöö@£CRÄfVÖÆRÃ“Ã2ãcbÄÆ÷rÄ†÷BÄvöö@£#ÄÖÆRÃƒRÃ2ã2Ä†–v‚Ä6öÆBÄvöö@£cÄfVÖÆRÃc‚Ã"ãCBÄÆ÷rÄ†÷BÄvöö@£S‚ÄÖÆRÃsRÃãƒ’ÄÆ÷rÄæ÷&ÖÂÅö÷ £’ÄÖÆRÃcBÃ"ã’ÄÖöFW&FRÄæ÷&ÖÂÄvöö@£#ÄfVÖÆRÃƒ‚Ã2ãbÄÖöFW&FRÄ†÷BÄvöö@£cbÄÖÆRÃcBÃ"ãC"Ä†–v‚Äæ÷&ÖÂÄvöö@£3"ÄÖÆRÃ‚Ã2ã“bÄÖöFW&FRÄæ÷&ÖÂÄvöö@£S2ÄfVÖÆRÃƒÃ2ãbÄÆ÷rÄ†÷BÄvöö@£CrÄÖÆRÃƒBÃBãCBÄ†–v‚Ä†÷BÄvöö@£c"ÄfVÖÆRÃbÃ2ã‚ÄÖöFW&FRÄæ÷&ÖÂÄvöö@£3RÄfVÖÆRÃc‚Ã"ãCÄÆ÷rÄæ÷&ÖÂÄvöö@£c2ÄfVÖÆRÃCbÃ"ãSBÄÖöFW&FRÄ†÷BÄvöö@£SBÄÖÆRÃCRÃãRÄ†–v‚Ä6öÆBÄvöö@£#‚ÄfVÖÆRÃsBÃãƒRÄÆ÷rÄæ÷&ÖÂÅö÷ £CBÄfVÖÆRÃs‚Ã"ãC‚ÄÖöFW&FRÄæ÷&ÖÂÄvöö@£SbÄfVÖÆRÃCbÃãSÄ†–v‚Ä6öÆBÄvöö@£cRÄÖÆRÃCrÃ2ã#bÄ†–v‚Ä†÷BÄvöö@£CrÄÖÆRÃs’Ãã“rÄÆ÷rÄæ÷&ÖÂÅö÷ £3’ÄfVÖÆRÃbÃ2ã“BÄ†–v‚Äæ÷&ÖÂÄvöö@£SÄÖÆRÃBÃ2ã3bÄÖöFW&FRÄ6öÆBÄvöö@£SRÄÖÆRÃsBÃ"ãƒ‚Ä†–v‚Ä6öÆBÄvöö@£cÄfVÖÆRÃS2ÃãRÄÆ÷rÄæ÷&ÖÂÅö÷ £#‚ÄÖÆRÃSBÃ"ãSÄ†–v‚Ä6öÆBÄvöö@£#2ÄÖÆRÃcÃ2ã#"ÄÖöFW&FRÄ†÷BÄvöö@£cBÄÖÆRÃC‚ÃãRÄÆ÷rÄ6öÆBÄvöö@£#ÄfVÖÆRÃSRÃãSÄÆ÷rÄæ÷&ÖÂÅö÷ £c’ÄÖÆRÃs2Ã2ãBÄ†–v‚Ä†÷BÄvöö@£#ÄÖÆRÃ“2Ã2ãcRÄÖöFW&FRÄæ÷&ÖÂÄvöö@£3BÄfVÖÆRÃCrÃã“ÄÆ÷rÄæ÷&ÖÂÄvöö@£c’ÄfVÖÆRÃsRÃ2ãCBÄ†–v‚Äæ÷&ÖÂÄvöö@£CRÄÖÆRÃCRÃ2ãRÄ†–v‚Ä†÷BÄvöö@£S2ÄÖÆRÃ2ÃBãCÄ†–v‚Ä†÷BÄvöö@£CrÄÖÆRÃC‚Ããs"ÄÖöFW&FRÄ6öÆBÄvöö@£S‚ÄfVÖÆRÃBÃ2ãCbÄ†–v‚Äæ÷&ÖÂÄvöö@£3‚ÄfVÖÆRÃƒBÃ"ãSrÄÖöFW&FRÄ6öÆBÄvöö@£3"ÄÖÆRÃƒBÃ"ãc‚ÄÆ÷rÄ6öÆBÄvöö@£S’ÄfVÖÆRÃƒÃ"ã“’ÄÖöFW&FRÄ†÷BÄvöö@£S"ÄfVÖÆRÃƒÃãc"ÄÆ÷rÄ6öÆBÅö÷ £crÄÖÆRÃc’Ã"ãSbÄ†–v‚Ä6öÆBÄvöö@£cÄÖÆRÃSBÃ2ãC"Ä†–v‚Ä†÷BÄvöö@£#ÄfVÖÆRÃ“’Ã2ã“RÄ†–v‚Ä6öÆBÄvöö@£c"ÄÖÆRÃƒRÃ"ãCÄÖöFW&FRÄ6öÆBÅö÷ £SÄÖÆRÃSÃ"ã‚ÄÖöFW&FRÄ6öÆBÄvöö@£C2ÄfVÖÆRÃ“"Ã"ãƒÄÖöFW&FRÄæ÷&ÖÂÄvöö@£#"ÄfVÖÆRÃ“Ã2ãS’ÄÖöFW&FRÄæ÷&ÖÂÄvöö@£cÄÖÆRÃcÃ2ãS’Ä†–v‚Ä†÷BÄvöö@£3"ÄÖÆRÃcRÃ2ãCBÄ†–v‚Ä†÷BÄvöö@£#RÄÖÆRÃsBÃ2ã"Ä†–v‚Ä6öÆBÄvöö@£SÄÖÆRÃs"Ã2ãS"ÄÖöFW&FRÄ†÷BÄvöö@£‚ÄÖÆRÃrÃ2ãcrÄ†–v‚Ä6öÆBÄvöö@£cÄÖÆRÃƒ2Ã"ã3RÄÆ÷rÄ6öÆBÅö÷ £C‚ÄÖÆRÃƒ"Ã2ãs2Ä†–v‚Äæ÷&ÖÂÄvöö@£#2ÄfVÖÆRÃSÃ"ã“’Ä†–v‚Äæ÷&ÖÂÄvöö@£S2ÄfVÖÆRÃcÃãsRÄÖöFW&FRÄæ÷&ÖÂÅö÷ £3RÄÖÆRÃSÃãRÄÆ÷rÄ6öÆBÅö÷ £SÄÖÆRÃ“RÃ"ã“RÄÖöFW&FRÄæ÷&ÖÂÄvöö@£crÄfVÖÆRÃcRÃ2ãCÄ†–v‚Ä†÷BÄvöö@£3‚ÄÖÆRÃsÃ"ã3RÄÆ÷rÄ†÷BÄvöö@£C2ÄfVÖÆRÃc2Ã"ãCBÄÖöFW&FRÄ6öÆBÄvöö@£cRÄfVÖÆRÃSÃ"ãsbÄ†–v‚Ä†÷BÄvöö@£3"ÄfVÖÆRÃ“Ã2ã#’ÄÖöFW&FRÄ6öÆBÄvöö@£cRÄfVÖÆRÃƒ‚Ã2ãÄÖöFW&FRÄæ÷&ÖÂÄvöö@£#‚ÄfVÖÆRÃÃ"ã"ÄÆ÷rÄ6öÆBÅö÷ £SBÄfVÖÆRÃs‚Ã"ã#‚ÄÖöFW&FRÄ6öÆBÅö÷ £cBÄÖÆRÃsBÃ"ãrÄÆ÷rÄæ÷&ÖÂÅö÷ £32ÄfVÖÆRÃsrÃ"ãS‚Ä†–v‚Ä6öÆBÄvöö@£3rÄÖÆRÃƒBÃBãc2Ä†–v‚Ä†÷BÄvöö@£SÄfVÖÆRÃSbÃãsrÄÆ÷rÄæ÷&ÖÂÄvöö@£#RÄfVÖÆRÃC‚Ã2ãSRÄ†–v‚Ä†÷BÄvöö@£3ÄfVÖÆRÃƒ2ÃãsrÄÆ÷rÄ6öÆBÅö÷ £3ÄÖÆRÃSÃ"ã2Ä†–v‚Ä6öÆBÄvöö@£C"ÄÖÆRÃƒRÃ"ãC"ÄÆ÷rÄæ÷&ÖÂÅö÷ £cBÄÖÆRÃƒbÃBãÄ†–v‚Ä†÷BÄvöö@£’ÄÖÆRÃcbÃ"ãƒrÄ†–v‚Äæ÷&ÖÂÄvöö@£SbÄÖÆRÃCRÃãƒ‚ÄÖöFW&FRÄ†÷BÄvöö@£#"ÄÖÆRÃS’Ã"ãƒbÄ†–v‚Äæ÷&ÖÂÄvöö@£#ÄÖÆRÃƒ‚ÃBãcrÄ†–v‚Ä†÷BÄvöö@£SÄÖÆRÃBÃ2ãƒ‚ÄÆ÷rÄ†÷BÄvöö@£c2ÄfVÖÆRÃsÃ"ãsrÄÆ÷rÄ†÷BÄvöö@£c2ÄfVÖÆRÃs‚Ã2ãSbÄÖöFW&FRÄ†÷BÄvöö@£3’ÄÖÆRÃS’Ã"ãcbÄÖöFW&FRÄæ÷&ÖÂÄvöö@£C"ÄfVÖÆRÃBÃ2ãRÄÆ÷rÄ†÷BÄvöö@£3‚ÄfVÖÆRÃƒÃBãC2Ä†–v‚Ä†÷BÄvöö@£cRÄfVÖÆRÃcrÃ"ãƒ’ÄÖöFW&FRÄ†÷BÄvöö@£CÄfVÖÆRÃSrÃ"ãSRÄÖöFW&FRÄæ÷&ÖÂÄvöö@£#"ÄfVÖÆRÃS’Ã"ã#RÄÆ÷rÄ†÷BÄvöö@£3BÄfVÖÆRÃS"ÃãRÄÆ÷rÄ6öÆBÅö÷ £SRÄfVÖÆRÃƒbÃ2ãƒrÄ†–v‚Ä†÷BÄvöö@£c’ÄfVÖÆRÃc‚Ã"ã#2ÄÖöFW&FRÄ6öÆBÄvöö@£c"ÄfVÖÆRÃCrÃ"ãs"Ä†–v‚Ä†÷BÄvöö@£SRÄÖÆRÃcbÃã“RÄ†–v‚Ä6öÆBÅö÷ £cbÄÖÆRÃs2Ããƒ‚ÄÖöFW&FRÄ6öÆBÅö÷ £S’ÄfVÖÆRÃSÃãRÄÆ÷rÄæ÷&ÖÂÅö÷ £SrÄfVÖÆRÃSÃãRÄÆ÷rÄ6öÆBÄvöö@£SbÄfVÖÆRÃsrÃ"ãS‚Ä†–v‚Ä6öÆBÄvöö@£c’ÄfVÖÆRÃsrÃ2ãSRÄ†–v‚Ä†÷BÄvöö@£S"ÄfVÖÆRÃsBÃ2ã3RÄÖöFW&FRÄ†÷BÄvöö@£#BÄÖÆRÃbÃ2ã3’ÄÆ÷rÄ†÷BÄvöö@£S’ÄÖÆRÃc’Ã"ã’ÄÆ÷rÄ†÷BÄvöö@£CÄfVÖÆRÃs"ÃBã‚Ä†–v‚Ä†÷BÄvöö@£#rÄfVÖÆRÃƒÃ"ãSBÄÆ÷rÄ6öÆBÄvöö@£SRÄfVÖÆRÃsrÃ2ãs"Ä†–v‚Ä†÷BÄvöö@£S‚ÄfVÖÆRÃ“’ÃBãƒ"Ä†–v‚Ä†÷BÄvöö@£#ÄfVÖÆRÃS‚ÃãSrÄÆ÷rÄ6öÆBÅö÷ £crÄÖÆRÃcÃãƒ‚ÄÆ÷rÄæ÷&ÖÂÄvöö@£c2ÄÖÆRÃrÃ2ãBÄÆ÷rÄæ÷&ÖÂÅö÷ £c’ÄÖÆRÃcÃã“bÄ†–v‚Ä6öÆBÄvöö@£‚ÄÖÆRÃ“"Ã2ãC2ÄÆ÷rÄ†÷BÄvöö@£#2ÄfVÖÆRÃsrÃ2ãBÄ†–v‚Ä6öÆBÄvöö@£S’ÄÖÆRÃsBÃ"ã2ÄÖöFW&FRÄ6öÆBÅö÷ £c"ÄÖÆRÃS‚Ã"ãCBÄ†–v‚Äæ÷&ÖÂÄvöö@£#ÄfVÖÆRÃƒ‚Ã2ãSrÄÆ÷rÄ†÷BÄvöö@£CrÄÖÆRÃÃ2ãÄÆ÷rÄ6öÆBÅö÷ £cÄfVÖÆRÃbÃ"ãC’ÄÆ÷rÄæ÷&ÖÂÅö÷ £#RÄÖÆRÃ“bÃ2ãƒrÄ†–v‚Äæ÷&ÖÂÄvöö@£’ÄÖÆRÃRÃBãc2Ä†–v‚Äæ÷&ÖÂÄvöö@£cÄÖÆRÃ“2Ã"ãSÄÖöFW&FRÄæ÷&ÖÂÅö÷ £CbÄÖÆRÃcRÃ2ã#2Ä†–v‚Äæ÷&ÖÂÄvöö@£#BÄfVÖÆRÃ"Ã"ã“’ÄÖöFW&FRÄ6öÆBÅö÷ £32ÄfVÖÆRÃRÃ"ã“RÄÆ÷rÄ6öÆBÅö÷ £SBÄÖÆRÃC’ÃãSBÄÖöFW&FRÄ6öÆBÄvöö@£cRÄfVÖÆRÃSÃ"ãRÄ†–v‚Ä6öÆBÄvöö@£#ÄfVÖÆRÃC‚Ã"ãcrÄÖöFW&FRÄ†÷BÄvöö@£S"ÄfVÖÆRÃc"Ããs2ÄÖöFW&FRÄ6öÆBÅö÷ £cÄfVÖÆRÃ“BÃ2ã#’ÄÖöFW&FRÄ†÷BÄvöö@£3ÄfVÖÆRÃsRÃ"ãCbÄÆ÷rÄ†÷BÄvöö@£#2ÄÖÆRÃSRÃãRÄÆ÷rÄ6öÆBÅö÷ £3"ÄÖÆRÃc‚Ã"ã“rÄÆ÷rÄ†÷BÄvöö@£#RÄfVÖÆRÃs’ÃBãrÄ†–v‚Ä†÷BÄvöö@£cBÄÖÆRÃ“bÃ"ãbÄÆ÷rÄ6öÆBÅö÷ £’ÄÖÆRÃ’Ã2ãBÄÖöFW&FRÄæ÷&ÖÂÄvöö@£’ÄÖÆRÃS‚Ã"ãRÄÖöFW&FRÄ6öÆBÄvöö@£3‚ÄÖÆRÃs‚ÃBãÄ†–v‚Ä†÷BÄvöö@£SbÄÖÆRÃC‚Ã"ãSbÄ†–v‚Ä†÷BÄvöö@£SbÄfVÖÆRÃ’ÃBãsÄ†–v‚Ä†÷BÄvöö@£32ÄfVÖÆRÃ“RÃ2ã"ÄÆ÷rÄ†÷BÄvöö@£C‚ÄfVÖÆRÃSÃ"ãbÄÖöFW&FRÄ6öÆBÄvöö@£#"ÄfVÖÆRÃƒRÃBã#BÄÖöFW&FRÄ†÷BÄvöö@£#ÄfVÖÆRÃSBÃ"ãBÄÖöFW&FRÄæ÷&ÖÂÄvöö@£SbÄÖÆRÃCrÃãRÄÆ÷rÄæ÷&ÖÂÄvöö@£C2ÄfVÖÆRÃƒbÃ2ãSÄÖöFW&FRÄæ÷&ÖÂÄvöö@£#RÄÖÆRÃc‚Ã"ãCrÄÆ÷rÄ†÷BÄvöö@£c’ÄfVÖÆRÃƒ‚Ã"ãƒ’ÄÆ÷rÄ†÷BÄvöö@£3bÄÖÆRÃC’Ã"ãC2ÄÆ÷rÄ†÷BÄvöö@£c’ÄÖÆRÃs‚Ã"ãbÄ†–v‚Ä6öÆBÄvöö@£c2ÄfVÖÆRÃC‚ÃãRÄÆ÷rÄæ÷&ÖÂÄvöö@£SRÄfVÖÆRÃƒRÃ2ãC2Ä†–v‚Ä6öÆBÄvöö@£C‚ÄfVÖÆRÃBÃ2ã“’ÄÖöFW&FRÄæ÷&ÖÂÄvöö@£#BÄÖÆRÃc’Ã2ãbÄ†–v‚Äæ÷&ÖÂÄvöö@£c’ÄÖÆRÃc"Ã"ãƒ2Ä†–v‚Ä†÷BÄvöö@£S’ÄfVÖÆRÃ“2Ã2ãc2Ä†–v‚Ä6öÆBÄvöö@£SÄfVÖÆRÃ“bÃ2ãÄÖöFW&FRÄæ÷&ÖÂÄvöö@£#bÄÖÆRÃc2Ã2ã#BÄ†–v‚Äæ÷&ÖÂÄvöö@£S2ÄÖÆRÃs"Ã"ã#2Ä†–v‚Ä6öÆBÄvöö@£crÄfVÖÆRÃƒ"Ã2ãƒ"Ä†–v‚Ä†÷BÄvöö@£c2ÄfVÖÆRÃc‚ÃãRÄÆ÷rÄ6öÆBÅö÷ £#bÄÖÆRÃsbÃ"ãs2Ä†–v‚Ä6öÆBÄvöö@£C2ÄÖÆRÃƒ‚Ã"ãƒ’ÄÖöFW&FRÄæ÷&ÖÂÄvöö@£S"ÄÖÆRÃsÃãƒrÄÖöFW&FRÄæ÷&ÖÂÅö÷ £CrÄfVÖÆRÃƒÃ"ã3BÄÖöFW&FRÄ6öÆBÅö÷ £CRÄfVÖÆRÃcÃ"ãƒBÄÖöFW&FRÄ†÷BÄvöö@£CrÄÖÆRÃ“’ÃBãrÄ†–v‚Äæ÷&ÖÂÄvöö@£‚ÄÖÆRÃsÃ"ãc2ÄÖöFW&FRÄæ÷&ÖÂÄvöö@£3rÄfVÖÆRÃƒ2Ã2ã3bÄÖöFW&FRÄ†÷BÄvöö@£3ÄfVÖÆRÃ“rÃ2ãCBÄÆ÷rÄ†÷BÄvöö@£#BÄÖÆRÃ“Ã"ãcÄÆ÷rÄ6öÆBÅö÷ £SbÄÖÆRÃ“bÃ2ã3rÄÆ÷rÄ†÷BÄvöö@£CRÄfVÖÆRÃSÃ"ã“BÄÖöFW&FRÄ†÷BÄvöö@£CÄÖÆRÃc‚Ã"ã#2ÄÖöFW&FRÄæ÷&ÖÂÄvöö@£#ÄÖÆRÃƒRÃBãSBÄ†–v‚Ä†÷BÄvöö@£#rÄfVÖÆRÃcÃã’ÄÖöFW&FRÄæ÷&ÖÂÄvöö@£S’ÄÖÆRÃS’Ã2ãC‚Ä†–v‚Ä†÷BÄvöö@£#BÄÖÆRÃ“"Ã2ã“RÄÖöFW&FRÄ†÷BÄvöö@£3rÄfVÖÆRÃSÃ"ãSBÄ†–v‚Äæ÷&ÖÂÄvöö@£#bÄÖÆRÃ“"ÃBãS2Ä†–v‚Ä†÷BÄvöö@£CbÄfVÖÆRÃCrÃ"ã‚ÄÆ÷rÄ†÷BÄvöö@£CÄfVÖÆRÃrÃBã’ÄÆ÷rÄ†÷BÄvöö@£S2ÄÖÆRÃs’Ã2ãC"ÄÖöFW&FRÄ†÷BÄvöö@£SbÄfVÖÆRÃcRÃ"ãCrÄÆ÷rÄ†÷BÄvöö@£#bÄfVÖÆRÃCrÃãrÄ†–v‚Ä6öÆBÄvöö@£crÄfVÖÆRÃSrÃãcBÄÖöFW&FRÄæ÷&ÖÂÅö÷ £‚ÄfVÖÆRÃ“Ã2ãc2Ä†–v‚Ä6öÆBÄvöö@£SÄfVÖÆRÃcÃ"ã“"Ä†–v‚Äæ÷&ÖÂÄvöö@£c‚ÄÖÆRÃBÃ2ã3BÄ†–v‚Ä6öÆBÄvöö@£CBÄÖÆRÃƒ‚Ã"ãcbÄÖöFW&FRÄ6öÆBÄvöö@£SbÄÖÆRÃs’Ã2ãRÄÖöFW&FRÄæ÷&ÖÂÄvöö@£C‚ÄfVÖÆRÃSbÃ"ã3"ÄÖöFW&FRÄ6öÆBÄvöö@£SÄfVÖÆRÃƒ2Ã2ãc’Ä†–v‚Ä†÷BÄvöö@£#’ÄÖÆRÃƒ’Ã2ãRÄÆ÷rÄ†÷BÄvöö@£CÄÖÆRÃcBÃ"ãCrÄÆ÷rÄ†÷BÄvöö@£CRÄfVÖÆRÃcBÃ"ãBÄÖöFW&FRÄæ÷&ÖÂÄvöö@£c’ÄÖÆRÃ"Ã"ã“rÄÖöFW&FRÄæ÷&ÖÂÅö÷ £3’ÄÖÆRÃƒÃ2ãRÄÖöFW&FRÄæ÷&ÖÂÄvöö@£CbÄfVÖÆRÃƒÃ"ã“Ä†–v‚Äæ÷&ÖÂÄvöö@£3’ÄfVÖÆRÃc"Ã2ã#’ÄÖöFW&FRÄ†÷BÄvöö@£3bÄfVÖÆRÃs‚Ã"ãsBÄ†–v‚Ä6öÆBÄvöö@£3bÄfVÖÆRÃS2Ã"ã“’Ä†–v‚Äæ÷&ÖÂÄvöö@£CrÄfVÖÆRÃc’Ã"ãsrÄ†–v‚Ä6öÆBÄvöö@£C2ÄÖÆRÃc2Ã"ãBÄÖöFW&FRÄ6öÆBÄvöö@£S2ÄfVÖÆRÃ“2Ã"ãcRÄÆ÷rÄæ÷&ÖÂÅö÷ £#ÄfVÖÆRÃSÃ"ãCÄÖöFW&FRÄ†÷BÄvöö@£#ÄÖÆRÃSÃ"ã3‚ÄÆ÷rÄ†÷BÄvöö@£CrÄÖÆRÃ“rÃ2ãC"Ä†–v‚Äæ÷&ÖÂÄvöö@£32ÄfVÖÆRÃRÃ2ã#"ÄÆ÷rÄ6öÆBÄvöö@£cÄÖÆRÃÃ2ãÄÆ÷rÄæ÷&ÖÂÅö÷ £3ÄÖÆRÃ“Ã2ãCrÄ†–v‚Äæ÷&ÖÂÄvöö@£#‚ÄfVÖÆRÃ‚Ã"ãƒ’ÄÆ÷rÄæ÷&ÖÂÅö÷ £cRÄfVÖÆRÃc"Ã"ãRÄ†–v‚Ä6öÆBÄvöö@£C’ÄfVÖÆRÃc‚Ã"ãsrÄÖöFW&FRÄæ÷&ÖÂÄvöö@£#ÄfVÖÆRÃS‚Ã"ãbÄ†–v‚Äæ÷&ÖÂÄvöö@£32ÄÖÆRÃbÃ2ãs2Ä†–v‚Ä6öÆBÄvöö@£C‚ÄÖÆRÃcRÃ"ã“Ä†–v‚Äæ÷&ÖÂÄvöö@£c‚ÄfVÖÆRÃSBÃã“Ä†–v‚Ä6öÆBÄvöö@£#’ÄÖÆRÃ‚Ã2ãc2ÄÆ÷rÄæ÷&ÖÂÄvöö@£SbÄÖÆRÃ‚Ã2ãƒbÄ†–v‚Äæ÷&ÖÂÄvöö@£3ÄfVÖÆRÃƒ’Ã"ãRÄÖöFW&FRÄ6öÆBÅö÷ £cbÄÖÆRÃbÃ"ãs‚ÄÖöFW&FRÄ6öÆBÅö÷ £cbÄfVÖÆRÃCbÃãRÄÆ÷rÄ6öÆBÄvöö@£CbÄÖÆRÃs"Ãã“‚ÄÆ÷rÄ6öÆBÅö÷ £CÄfVÖÆRÃSÃ2ã#"Ä†–v‚Ä†÷BÄvöö@£C2ÄÖÆRÃrÃ"ã“rÄÆ÷rÄæ÷&ÖÂÅö÷ £#‚ÄÖÆRÃƒ"Ã"ãSrÄÆ÷rÄæ÷&ÖÂÄvöö@£C’ÄÖÆRÃsÃ"ã“‚ÄÖöFW&FRÄæ÷&ÖÂÄvöö@£S"ÄfVÖÆRÃCbÃ"ã‚ÄÖöFW&FRÄ†÷BÄvöö@£#BÄfVÖÆRÃ“"ÃBã3’ÄÖöFW&FRÄ†÷BÄvöö@£CÄfVÖÆRÃS2Ã"ã#BÄ†–v‚Äæ÷&ÖÂÄvöö@£S"ÄfVÖÆRÃbÃ2ãCrÄ†–v‚Ä6öÆBÄvöö@£3bÄfVÖÆRÃCrÃ"ãcRÄ†–v‚Äæ÷&ÖÂÄvöö@£S2ÄfVÖÆRÃ“rÃ2ãS2ÄÖöFW&FRÄ†÷BÄvöö@£C’ÄÖÆRÃ“2ÃBãÄ†–v‚Äæ÷&ÖÂÄvöö@£#ÄfVÖÆRÃSrÃ2ãƒbÄ†–v‚Ä†÷BÄvöö@£cÄfVÖÆRÃ“"Ã2ãƒÄ†–v‚Ä†÷BÄvöö@£cÄfVÖÆRÃsRÃ"ã’ÄÖöFW&FRÄæ÷&ÖÂÅö÷ £#’ÄÖÆRÃc2Ã2ãc‚Ä†–v‚Ä†÷BÄvöö@£c2ÄÖÆRÃƒRÃ"ãrÄÖöFW&FRÄ6öÆBÅö÷ £crÄfVÖÆRÃcÃãRÄÖöFW&FRÄ6öÆBÅö÷ £CÄfVÖÆRÃsBÃ"ãCRÄÆ÷rÄ†÷BÄvöö@£cÄfVÖÆRÃS’Ã"ãbÄ†–v‚Äæ÷&ÖÂÄvöö@£cÄfVÖÆRÃ“bÃ"ã‚Ä†–v‚Ä6öÆBÅö÷ £c2ÄfVÖÆRÃ2ÃBã2Ä†–v‚Ä†÷BÄvöö@£3‚ÄfVÖÆRÃs2Ã"ãBÄÖöFW&FRÄ6öÆBÅö÷ £#BÄÖÆRÃƒbÃ"ãC’ÄÖöFW&FRÄ6öÆBÅö÷ £#rÄÖÆRÃ“BÃ2ã‚ÄÖöFW&FRÄ6öÆBÄvöö@£3BÄfVÖÆRÃc"Ããƒ"ÄÖöFW&FRÄ6öÆBÅö÷ £SbÄfVÖÆRÃƒRÃ2ã"Ä†–v‚Äæ÷&ÖÂÄvöö@£C"ÄfVÖÆRÃƒ2Ã2ã3rÄ†–v‚Ä6öÆBÄvöö@£cÄfVÖÆRÃ‚ÃBãs’Ä†–v‚Ä†÷BÄvöö@£C"ÄÖÆRÃSrÃ"ãS‚Ä†–v‚Ä6öÆBÄvöö@£3bÄÖÆRÃCrÃ"ãsbÄ†–v‚Äæ÷&ÖÂÄvöö@£#‚ÄfVÖÆRÃSÃã’ÄÖöFW&FRÄ6öÆBÄvöö@£CbÄÖÆRÃsRÃ2ãƒ’ÄÖöFW&FRÄ†÷BÄvöö@£#rÄÖÆRÃS2Ã2ãÄ†–v‚Äæ÷&ÖÂÄvöö@£CBÄÖÆRÃc"Ã"ã“2ÄÆ÷rÄ†÷BÄvöö@£CrÄÖÆRÃƒ"Ã"ã“"ÄÖöFW&FRÄæ÷&ÖÂÄvöö@£#’ÄÖÆRÃs"Ã"ã#2ÄÆ÷rÄ6öÆBÄvöö@£#bÄÖÆRÃsrÃBã#‚Ä†–v‚Ä†÷BÄvöö@£S’ÄfVÖÆRÃS2Ããs"Ä†–v‚Ä6öÆBÄvöö@£#bÄfVÖÆRÃCbÃ"ãbÄ†–v‚Äæ÷&ÖÂÄvöö@£CbÄfVÖÆRÃ“"Ã2ãc‚ÄÖöFW&FRÄæ÷&ÖÂÄvöö@£C’ÄÖÆRÃc‚ÃBã’Ä†–v‚Ä†÷BÄvöö@£3rÄÖÆRÃƒrÃBãS‚Ä†–v‚Ä†÷BÄvöö@£3rÄfVÖÆRÃc2Ã2ã"ÄÖöFW&FRÄ†÷BÄvöö@£SÄfVÖÆRÃsÃ2ã#BÄ†–v‚Ä†÷BÄvöö@£C2ÄfVÖÆRÃs‚Ã"ãc2ÄÆ÷rÄ†÷BÄvöö@£S‚ÄfVÖÆRÃcRÃãRÄÖöFW&FRÄ6öÆBÅö÷ £CÄfVÖÆRÃ“Ã2ãBÄ†–v‚Ä6öÆBÄvöö@£#’ÄÖÆRÃCbÃãRÄÆ÷rÄæ÷&ÖÂÄvöö@£#’ÄÖÆRÃƒ2Ã"ãÄÆ÷rÄæ÷&ÖÂÅö÷ £CÄfVÖÆRÃSbÃ"ãBÄ†–v‚Ä6öÆBÄvöö@£#RÄÖÆRÃÃBã3RÄÖöFW&FRÄ†÷BÄvöö@£cÄÖÆRÃSÃã“ÄÆ÷rÄ†÷BÄvöö@£C"ÄfVÖÆRÃRÃBãSrÄÖöFW&FRÄ†÷BÄvöö@£cRÄfVÖÆRÃc’Ã"ãrÄÆ÷rÄ†÷BÄvöö@£32ÄÖÆRÃSbÃ"ãBÄÖöFW&FRÄæ÷&ÖÂÄvöö@£S2ÄÖÆRÃc‚ÃãcRÄÖöFW&FRÄ6öÆBÅö÷ £#ÄfVÖÆRÃ“BÃ2ãbÄ†–v‚Ä6öÆBÄvöö@£crÄfVÖÆRÃS"Ãã’ÄÖöFW&FRÄ6öÆBÄvöö@£#BÄÖÆRÃc’Ã"ã#2ÄÆ÷rÄæ÷&ÖÂÄvöö@£3"ÄfVÖÆRÃc"Ã"ãS"Ä†–v‚Ä6öÆBÄvöö@£CbÄÖÆRÃcÃ"ãc’ÄÖöFW&FRÄ†÷BÄvöö@£3"ÄÖÆRÃs2Ã"ãS’ÄÆ÷rÄ†÷BÄvöö@£’ÄÖÆRÃSrÃ"ãsrÄ†–v‚Ä6öÆBÄvöö@£3BÄfVÖÆRÃ“RÃBãÄ†–v‚Ä†÷BÄvöö@£CrÄÖÆRÃcrÃ"ãSRÄ†–v‚Ä6öÆBÄvöö@£cbÄfVÖÆRÃCRÃ"ãÄ†–v‚Äæ÷&ÖÂÄvöö@£CÄÖÆRÃs’Ã2ãs2Ä†–v‚Ä†÷BÄvöö@£#’ÄÖÆRÃS‚Ã"ãC‚ÄÖöFW&FRÄæ÷&ÖÂÄvöö@£C"ÄÖÆRÃcbÃ"ã“2ÄÖöFW&FRÄ†÷BÄvöö@£SBÄÖÆRÃs2ÃãSRÄÆ÷rÄæ÷&ÖÂÅö÷ £CrÄfVÖÆRÃ2Ã2ãƒBÄÆ÷rÄ†÷BÄvöö@£3‚ÄfVÖÆRÃSbÃ"ãRÄ†–v‚Ä6öÆBÄvöö@£C2ÄfVÖÆRÃƒÃ2ãbÄ†–v‚Äæ÷&ÖÂÄvöö@£3’ÄÖÆRÃc2Ã"ã3bÄÆ÷rÄæ÷&ÖÂÄvöö@£crÄfVÖÆRÃcÃãs‚ÄÆ÷rÄ†÷BÅö÷ £3"ÄfVÖÆRÃƒ2Ã2ãbÄÖöFW&FRÄ†÷BÄvöö@£3’ÄÖÆRÃ"ÃBã3BÄ†–v‚Äæ÷&ÖÂÄvöö@£#BÄÖÆRÃCbÃ"ãÄÖöFW&FRÄ6öÆBÄvöö@£c2ÄfVÖÆRÃƒ"Ã"ãCÄÆ÷rÄ†÷BÅö÷ £S‚ÄfVÖÆRÃsrÃ"ãCÄ†–v‚Ä6öÆBÄvöö@£cÄÖÆRÃSÃãrÄÖöFW&FRÄ6öÆBÄvöö@£#‚ÄfVÖÆRÃSbÃ"ãbÄÆ÷rÄ†÷BÄvöö@£‚ÄÖÆRÃRÃ2ãS"ÄÖöFW&FRÄæ÷&ÖÂÄvöö@£‚ÄfVÖÆRÃsÃ"ãs"Ä†–v‚Ä6öÆBÄvöö@£‚ÄfVÖÆRÃ‚ÃBã3RÄÆ÷rÄ†÷BÄvöö@£cbÄfVÖÆRÃs’Ã"ãCrÄÆ÷rÄæ÷&ÖÂÄvöö@£CÄÖÆRÃs’Ã2ãsÄ†–v‚Äæ÷&ÖÂÄvöö@£S’ÄfVÖÆRÃSÃãs’Ä†–v‚Ä6öÆBÄvöö@£C‚ÄÖÆRÃs’Ã"ãÄÖöFW&FRÄ6öÆBÅö÷ £CrÄfVÖÆRÃS2Ã"ãS2Ä†–v‚Ä6öÆBÄvöö@£‚ÄfVÖÆRÃSbÃãRÄÆ÷rÄ6öÆBÅö÷ £SÄfVÖÆRÃcbÃ"ã’Ä†–v‚Ä6öÆBÄvöö@£3ÄfVÖÆRÃSRÃãRÄÆ÷rÄ6öÆBÅö÷ £c‚ÄfVÖÆRÃs"Ã"ãbÄÖöFW&FRÄ6öÆBÅö÷ £#‚ÄfVÖÆRÃcbÃ2ã3bÄ†–v‚Ä†÷BÄvöö@£3bÄÖÆRÃ‚ÃBã#‚ÄÆ÷rÄ†÷BÄvöö@£#2ÄÖÆRÃS2Ã"ã#‚ÄÖöFW&FRÄæ÷&ÖÂÄvöö@£C‚ÄfVÖÆRÃbÃ2ãcbÄÆ÷rÄ†÷BÄvöö@£3’ÄÖÆRÃS2Ã"ãc2ÄÖöFW&FRÄ†÷BÄvöö@£3‚ÄfVÖÆRÃs’Ã"ãsrÄÆ÷rÄ†÷BÄvöö@£3‚ÄÖÆRÃ“rÃ"ãsRÄÆ÷rÄ6öÆBÅö÷ £S"ÄÖÆRÃƒBÃ"ã“bÄ†–v‚Äæ÷&ÖÂÄvöö@£3RÄÖÆRÃ2ÃBãS‚ÄÖöFW&FRÄ†÷BÄvöö@£c‚ÄfVÖÆRÃƒ‚Ã"ãbÄÆ÷rÄ6öÆBÅö÷ £32ÄÖÆRÃS2ÃãRÄÆ÷rÄ6öÆBÅö÷ £C"ÄÖÆRÃSÃ"ã’ÄÖöFW&FRÄæ÷&ÖÂÄvöö@£S"ÄÖÆRÃRÃ2ã#"Ä†–v‚Ä6öÆBÄvöö@£cbÄfVÖÆRÃ"Ã2ãƒ‚Ä†–v‚Ä6öÆBÄvöö@£SBÄÖÆRÃc‚ÃãsRÄÖöFW&FRÄæ÷&ÖÂÅö÷ £#‚ÄfVÖÆRÃs’ÃBãSBÄ†–v‚Ä†÷BÄvöö@£CÄÖÆRÃc‚Ã"ã#2ÄÖöFW&FRÄæ÷&ÖÂÄvöö@£#‚ÄÖÆRÃ’Ã2ã“2Ä†–v‚Äæ÷&ÖÂÄvöö@£3rÄfVÖÆRÃsrÃ2ãsrÄ†–v‚Ä†÷BÄvöö@£c"ÄfVÖÆRÃƒ’Ã"ã“"ÄÖöFW&FRÄæ÷&ÖÂÄvöö@£#’ÄfVÖÆRÃÃ2ãC"ÄÖöFW&FRÄ6öÆBÄvöö@£SRÄÖÆRÃƒrÃ"ãs"ÄÆ÷rÄæ÷&ÖÂÄvöö@£#‚ÄfVÖÆRÃcÃ"ã#2ÄÆ÷rÄæ÷&ÖÂÄvöö@£cÄÖÆRÃSrÃãsBÄÖöFW&FRÄ6öÆBÄvöö@£CbÄfVÖÆRÃƒ"Ã2ãsÄ†–v‚Ä†÷BÄvöö@£cbÄfVÖÆRÃ’Ã2ã3ÄÖöFW&FRÄæ÷&ÖÂÄvöö@£3ÄfVÖÆRÃCrÃ"ã“bÄ†–v‚Ä†÷BÄvöö@£#2ÄfVÖÆRÃ“Ã2ãƒBÄÆ÷rÄ†÷BÄvöö@£c"ÄfVÖÆRÃsrÃ"ãBÄÆ÷rÄæ÷&ÖÂÄvöö@£c’ÄfVÖÆRÃƒ"Ã2ãƒrÄ†–v‚Ä†÷BÄvöö@£C"ÄfVÖÆRÃCRÃãRÄÖöFW&FRÄ6öÆBÄvöö@£cbÄÖÆRÃc2Ã"ãÄ†–v‚Äæ÷&ÖÂÄvöö@£c’ÄÖÆRÃƒ2Ã"ã"ÄÆ÷rÄæ÷&ÖÂÅö÷ £#’ÄÖÆRÃcBÃ"ãCrÄ†–v‚Ä6öÆBÄvöö@£C‚ÄÖÆRÃÃ"ãs2ÄÆ÷rÄ6öÆBÅö÷ £’ÄÖÆRÃƒ"Ã2ãbÄÆ÷rÄ†÷BÄvöö@£#’ÄÖÆRÃs"Ã"ãCRÄÆ÷rÄæ÷&ÖÂÄvöö@£cbÄfVÖÆRÃcRÃã’Ä†–v‚Ä6öÆBÅö÷ £SrÄfVÖÆRÃƒbÃ"ã‚ÄÖöFW&FRÄ6öÆBÄvöö@£SrÄÖÆRÃrÃ2ãcRÄÆ÷rÄ†÷BÄvöö@£c2ÄfVÖÆRÃSBÃ"ã’Ä†–v‚Ä†÷BÄvöö@£32ÄfVÖÆRÃS"ÃãSRÄÖöFW&FRÄ6öÆBÅö÷ £c2ÄÖÆRÃC‚ÃãsBÄÖöFW&FRÄæ÷&ÖÂÄvöö@£3BÄÖÆRÃC’ÃãRÄÆ÷rÄæ÷&ÖÂÄvöö@£#"ÄÖÆRÃs’Ã"ãCRÄÆ÷rÄæ÷&ÖÂÄvöö@£cRÄÖÆRÃ2Ã"ãBÄÆ÷rÄ6öÆBÅö÷ £#ÄfVÖÆRÃs"Ããs2ÄÆ÷rÄæ÷&ÖÂÅö÷ £#bÄÖÆRÃcrÃãc‚ÄÆ÷rÄæ÷&ÖÂÅö÷ £#bÄÖÆRÃsBÃ"ãsBÄÖöFW&FRÄæ÷&ÖÂÄvöö@£CÄfVÖÆRÃcRÃ2ãÄÖöFW&FRÄ†÷BÄvöö@£S’ÄÖÆRÃ“"Ã2ãS2ÄÆ÷rÄ†÷BÄvöö@£3’ÄÖÆRÃ“BÃ2ãSBÄÖöFW&FRÄ†÷BÄvöö@£’ÄÖÆRÃ“’ÃBãcrÄ†–v‚Ä†÷BÄvöö@£CbÄfVÖÆRÃ“Ã"ã“bÄÆ÷rÄ†÷BÄvöö@£#bÄÖÆRÃbÃBãC2ÄÖöFW&FRÄ†÷BÄvöö@£cÄfVÖÆRÃƒÃ"ãc‚ÄÖöFW&FRÄæ÷&ÖÂÄvöö@£c‚ÄÖÆRÃCrÃãƒBÄÖöFW&FRÄæ÷&ÖÂÄvöö@£cbÄÖÆRÃCrÃ"ã#rÄÖöFW&FRÄ†÷BÄvöö@£SRÄÖÆRÃS‚ÃãRÄÖöFW&FRÄ6öÆBÅö÷ £#RÄfVÖÆRÃs’Ã2ã2ÄÖöFW&FRÄæ÷&ÖÂÄvöö@£3ÄÖÆRÃƒ‚ÃBãc‚Ä†–v‚Ä†÷BÄvöö@£3rÄÖÆRÃÃ"ãs‚ÄÖöFW&FRÄ6öÆBÅö÷ £c‚ÄÖÆRÃS‚Ããs"ÄÖöFW&FRÄ6öÆBÅö÷ £3rÄfVÖÆRÃS‚Ã2ã3"Ä†–v‚Ä†÷BÄvöö@£SbÄfVÖÆRÃ"Ã"ã#RÄÆ÷rÄ6öÆBÅö÷ £#bÄfVÖÆRÃ“"ÃBãsbÄ†–v‚Ä†÷BÄvöö@£#RÄfVÖÆRÃs"Ã"ãCBÄÆ÷rÄæ÷&ÖÂÄvöö@£SÄÖÆRÃCbÃ"ãÄÆ÷rÄ†÷BÄvöö@£#rÄÖÆRÃ“2Ã2ãS"Ä†–v‚Ä6öÆBÄvöö@£#RÄfVÖÆRÃsBÃ2ãSbÄ†–v‚Äæ÷&ÖÂÄvöö@£#BÄfVÖÆRÃSrÃ2ã#bÄÖöFW&FRÄ†÷BÄvöö@£’ÄÖÆRÃS’ÃãsbÄÆ÷rÄ6öÆBÅö÷ £#"ÄÖÆRÃsBÃ"ãCrÄÆ÷rÄ†÷BÄvöö@£SrÄÖÆRÃcRÃ"ãÄ†–v‚Ä6öÆBÄvöö@£#RÄÖÆRÃSÃ"ãƒBÄ†–v‚Ä†÷BÄvöö@£c’ÄÖÆRÃsBÃ2ã#’Ä†–v‚Äæ÷&ÖÂÄvöö@£CBÄfVÖÆRÃƒ‚Ã2ãSrÄÖöFW&FRÄæ÷&ÖÂÄvöö@£SrÄÖÆRÃSRÃãRÄÆ÷rÄ6öÆBÅö÷ £c’ÄfVÖÆRÃs’Ã"ã2ÄÖöFW&FRÄ6öÆBÅö÷ £SRÄÖÆRÃ“‚Ã"ã#bÄÆ÷rÄ6öÆBÅö÷ £#"ÄÖÆRÃsÃ2ãS’Ä†–v‚Äæ÷&ÖÂÄvöö@£CÄfVÖÆRÃ"Ã"ãcrÄÆ÷rÄæ÷&ÖÂÅö÷ £#bÄÖÆRÃcÃãRÄÆ÷rÄ6öÆBÅö÷ £cÄfVÖÆRÃs"Ã"ãsbÄÖöFW&FRÄ†÷BÄvöö@£S’ÄÖÆRÃS2Ã"ãÄ†–v‚Ä6öÆBÄvöö@£#’ÄÖÆRÃc2Ã"ãrÄÖöFW&FRÄ6öÆBÄvöö@£3ÄÖÆRÃÃ2ã#RÄ†–v‚Ä6öÆBÄvöö@£C"ÄÖÆRÃSrÃ2ã#bÄ†–v‚Ä†÷BÄvöö@£SÄfVÖÆRÃsÃ2ãBÄÖöFW&FRÄ†÷BÄvöö@£3bÄfVÖÆRÃ“bÃ2ãcrÄ†–v‚Ä6öÆBÄvöö@£’ÄfVÖÆRÃSbÃ"ãc2Ä†–v‚Ä6öÆBÄvöö@£C2ÄÖÆRÃc’Ã"ã2ÄÆ÷rÄæ÷&ÖÂÅö÷ £cÄfVÖÆRÃsRÃ"ã#BÄÖöFW&FRÄæ÷&ÖÂÅö÷ £cÄÖÆRÃ2Ã2ãC’Ä†–v‚Ä6öÆBÄvöö@£SÄÖÆRÃCRÃ"ã#rÄ†–v‚Äæ÷&ÖÂÄvöö@£cÄfVÖÆRÃ“rÃ"ã2ÄÆ÷rÄ6öÆBÅö÷ £3"ÄÖÆRÃ“Ã2ã‚ÄÖöFW&FRÄæ÷&ÖÂÄvöö@£32ÄÖÆRÃ2Ã2ãbÄÆ÷rÄæ÷&ÖÂÅö÷ £c’ÄÖÆRÃ“rÃBã3RÄ†–v‚Ä†÷BÄvöö@£#bÄÖÆRÃs"Ã"ã#‚ÄÆ÷rÄæ÷&ÖÂÄvöö@£#‚ÄfVÖÆRÃcbÃ"ã“bÄÖöFW&FRÄ†÷BÄvöö@£S‚ÄÖÆRÃsRÃ2ã#"Ä†–v‚Äæ÷&ÖÂÄvöö@£#rÄÖÆRÃƒÃ2ãsBÄ†–v‚Äæ÷&ÖÂÄvöö@£cBÄfVÖÆRÃ"Ã"ãBÄÆ÷rÄ6öÆBÅö÷ £SÄfVÖÆRÃcbÃ2ãÄÆ÷rÄ†÷BÄvöö@£c’ÄÖÆRÃ“ÃBã‚Ä†–v‚Ä†÷BÄvöö@£C2ÄfVÖÆRÃcÃ"ãC‚Ä†–v‚Äæ÷&ÖÂÄvöö@£CRÄÖÆRÃƒbÃ"ãCÄÖöFW&FRÄ6öÆBÅö÷ £3RÄÖÆRÃcÃ"ãSÄ†–v‚Ä6öÆBÄvöö@£C’ÄfVÖÆRÃBÃ"ã“’ÄÆ÷rÄæ÷&ÖÂÅö÷ £c‚ÄfVÖÆRÃ“RÃ"ãcBÄÖöFW&FRÄæ÷&ÖÂÅö÷ £CbÄÖÆRÃ‚ÃBãs’ÄÖöFW&FRÄ†÷BÄvöö@£crÄÖÆRÃSRÃãrÄÖöFW&FRÄæ÷&ÖÂÄvöö@£#ÄÖÆRÃ“"ÃBãCrÄ†–v‚Ä†÷BÄvöö@£‚ÄÖÆRÃs‚Ã2ãbÄ†–v‚Ä6öÆBÄvöö@£cbÄÖÆRÃc‚Ã"ãƒ2ÄÖöFW&FRÄ†÷BÄvöö@£C‚ÄÖÆRÃRÃBã"Ä†–v‚Äæ÷&ÖÂÄvöö@£#‚ÄÖÆRÃƒrÃ2ãCrÄÖöFW&FRÄ†÷BÄvöö@£3bÄÖÆRÃƒ’ÃBã#BÄÖöFW&FRÄ†÷BÄvöö@£#"ÄfVÖÆRÃSbÃ2ãcBÄ†–v‚Ä†÷BÄvöö@£crÄfVÖÆRÃc‚Ã"ãbÄÖöFW&FRÄæ÷&ÖÂÄvöö@£’ÄfVÖÆRÃSbÃ"ãƒ"ÄÖöFW&FRÄ†÷BÄvöö@£CÄfVÖÆRÃƒ‚Ã"ãs’ÄÖöFW&FRÄæ÷&ÖÂÄvöö@£c"ÄfVÖÆRÃc"Ã"ãcÄ†–v‚Ä6öÆBÄvöö@£SÄfVÖÆRÃs2Ã2ãs"Ä†–v‚Ä†÷BÄvöö@£SÄÖÆRÃC’Ããc2ÄÆ÷rÄ†÷BÄvöö@£#rÄÖÆRÃcbÃ2ã3rÄ†–v‚Äæ÷&ÖÂÄvöö@£‚ÄfVÖÆRÃƒBÃBã"Ä†–v‚Ä†÷BÄvöö@£3BÄÖÆRÃC’ÃãRÄÆ÷rÄ6öÆBÄvöö@£SbÄfVÖÆRÃ“RÃBã#rÄ†–v‚Ä†÷BÄvöö@£c‚ÄfVÖÆRÃ“’ÃBãC2Ä†–v‚Ä†÷BÄvöö@£c2ÄÖÆRÃcBÃ"ãÄÆ÷rÄæ÷&ÖÂÄvöö@£CBÄfVÖÆRÃBÃBã3’ÄÖöFW&FRÄ†÷BÄvöö@£cRÄfVÖÆRÃRÃ2ã’Ä†–v‚Ä6öÆBÅö÷ £CÄÖÆRÃS2ÃãRÄÆ÷rÄ6öÆBÅö÷ £c‚ÄfVÖÆRÃsbÃãsBÄÖöFW&FRÄ6öÆBÅö÷ £’ÄÖÆRÃcRÃ"ã“RÄÆ÷rÄ†÷BÄvöö@£#‚ÄÖÆRÃRÃBãcBÄ†–v‚Äæ÷&ÖÂÄvöö@£#"ÄÖÆRÃrÃ2ã’ÄÖöFW&FRÄ6öÆBÅö÷ £3BÄÖÆRÃƒRÃ"ãc"ÄÖöFW&FRÄ6öÆBÄvöö@£S‚ÄfVÖÆRÃS2Ã"ãRÄ†–v‚Ä6öÆBÄvöö@£cÄfVÖÆRÃSÃ"ã3Ä†–v‚Ä6öÆBÄvöö@£cÄÖÆRÃƒ‚Ãã“bÄÆ÷rÄæ÷&ÖÂÅö÷ £’ÄÖÆRÃC‚ÃãRÄÆ÷rÄ6öÆBÄvöö@£SBÄÖÆRÃsÃãRÄÆ÷rÄæ÷&ÖÂÅö÷ £c‚ÄfVÖÆRÃc"Ã"ãƒBÄ†–v‚Äæ÷&ÖÂÄvöö@£cBÄfVÖÆRÃcBÃ2ã#2Ä†–v‚Ä†÷BÄvöö@£CRÄfVÖÆRÃ‚Ã2ãs2Ä†–v‚Ä6öÆBÄvöö@£#’ÄfVÖÆRÃ‚ÃBã’ÄÆ÷rÄ†÷BÄvöö@£S2ÄÖÆRÃS"Ããƒ‚ÄÖöFW&FRÄæ÷&ÖÂÄvöö@£CÄÖÆRÃs’Ã"ã3’ÄÖöFW&FRÄ6öÆBÄvöö@£#2ÄÖÆRÃc’Ãã“bÄÆ÷rÄæ÷&ÖÂÅö÷ £#’ÄÖÆRÃs2Ã"ã“‚Ä†–v‚Äæ÷&ÖÂÄvöö@£C‚ÄfVÖÆRÃSÃãcBÄÆ÷rÄæ÷&ÖÂÄvöö@£32ÄfVÖÆRÃC‚ÃãRÄÆ÷rÄ6öÆBÄvöö@£#RÄfVÖÆRÃ’Ã2ãs"ÄÖöFW&FRÄ6öÆBÄvöö@£CÄÖÆRÃsBÃ2ãC"Ä†–v‚Äæ÷&ÖÂÄvöö@£CÄfVÖÆRÃƒrÃ"ãSRÄÖöFW&FRÄ6öÆBÅö÷ £cÄÖÆRÃƒ"Ã"ãC2ÄÆ÷rÄ†÷BÅö÷ £c"ÄfVÖÆRÃc‚ÃãRÄÆ÷rÄ6öÆBÅö÷ £#bÄÖÆRÃSbÃ"ã#‚ÄÖöFW&FRÄæ÷&ÖÂÄvöö@£C"ÄÖÆRÃ“rÃRãÄ†–v‚Ä†÷BÄvöö@£CBÄÖÆRÃSrÃ"ãC2Ä†–v‚Ä6öÆBÄvöö@£#bÄÖÆRÃSÃ"ã2ÄÆ÷rÄ†÷BÄvöö@£S2ÄfVÖÆRÃC’Ã"ã’Ä†–v‚Äæ÷&ÖÂÄvöö@£CRÄfVÖÆRÃ“bÃ2ãS’ÄÖöFW&FRÄæ÷&ÖÂÄvöö@£3‚ÄÖÆRÃ‚Ã2ãs‚Ä†–v‚Ä6öÆBÄvöö@£c2ÄfVÖÆRÃc’ÃãRÄÆ÷rÄæ÷&ÖÂÅö÷ £3bÄÖÆRÃSRÃãRÄÆ÷rÄæ÷&ÖÂÅö÷ £cBÄfVÖÆRÃƒ‚Ã2ã3RÄ†–v‚Äæ÷&ÖÂÄvöö@£CbÄfVÖÆRÃ2Ã2ãƒbÄÖöFW&FRÄæ÷&ÖÂÄvöö@£3’ÄfVÖÆRÃ’Ã2ãƒÄÖöFW&FRÄæ÷&ÖÂÄvöö@£#’ÄÖÆRÃcÃ"ãRÄÖöFW&FRÄ6öÆBÄvöö@£3bÄfVÖÆRÃCRÃ"ã“rÄ†–v‚Ä†÷BÄvöö@£SÄÖÆRÃ"Ã2ã3‚ÄÆ÷rÄ†÷BÄvöö@£SÄÖÆRÃ“bÃ2ãsbÄÖöFW&FRÄæ÷&ÖÂÄvöö@£CRÄfVÖÆRÃ‚Ã"ã“BÄÆ÷rÄæ÷&ÖÂÅö÷ £cÄÖÆRÃcbÃ"ã‚ÄÖöFW&FRÄ†÷BÄvöö@£’ÄÖÆRÃ“Ã2ãS’ÄÖöFW&FRÄæ÷&ÖÂÄvöö@£c’ÄÖÆRÃƒ’Ã"ã’Ä†–v‚Ä6öÆBÄvöö@£S2ÄÖÆRÃ“RÃ"ãSBÄÖöFW&FRÄ6öÆBÅö÷ £crÄfVÖÆRÃ“Ã2ãbÄÖöFW&FRÄ†÷BÄvöö@£S’ÄÖÆRÃƒRÃ2ã‚ÄÖöFW&FRÄæ÷&ÖÂÄvöö@£3rÄfVÖÆRÃcBÃã“‚ÄÆ÷rÄ6öÆBÄvöö@£C"ÄÖÆRÃc‚Ãã“‚ÄÆ÷rÄæ÷&ÖÂÅö÷ £SÄÖÆRÃ2Ã2ã“BÄÆ÷rÄ†÷BÄvöö@£CÄfVÖÆRÃSBÃãc‚ÄÆ÷rÄæ÷&ÖÂÄvöö@£SBÄÖÆRÃsRÃ2ã2ÄÖöFW&FRÄ†÷BÄvöö@£#‚ÄfVÖÆRÃcbÃ2ã#BÄÖöFW&FRÄ†÷BÄvöö@£3’ÄÖÆRÃƒÃ2ãÄ†–v‚Ä6öÆBÄvöö@£#"ÄÖÆRÃSRÃãcRÄÖöFW&FRÄ6öÆBÄvöö@£SrÄfVÖÆRÃs"Ã"ã3‚ÄÖöFW&FRÄ6öÆBÄvöö@£‚ÄfVÖÆRÃrÃ2ãƒrÄÖöFW&FRÄæ÷&ÖÂÄvöö@£c‚ÄfVÖÆRÃRÃ2ã“‚Ä†–v‚Ä6öÆBÄvöö@£S2ÄfVÖÆRÃsÃ2ãCÄÖöFW&FRÄ†÷BÄvöö@£CRÄÖÆRÃƒ’Ã"ã2ÄÆ÷rÄ6öÆBÅö÷ £3bÄfVÖÆRÃƒÃ"ã2ÄÖöFW&FRÄ6öÆBÅö÷ £S‚ÄÖÆRÃ’Ã"ã“BÄÆ÷rÄæ÷&ÖÂÅö÷ £cbÄÖÆRÃÃ2ã3Ä†–v‚Ä6öÆBÄvöö@£#RÄfVÖÆRÃs"Ããc’ÄÆ÷rÄ6öÆBÅö÷ £SÄÖÆRÃc’ÃãSbÄÖöFW&FRÄ6öÆBÅö÷ £‚ÄfVÖÆRÃƒ"ÃBãrÄ†–v‚Ä†÷BÄvöö@£SRÄfVÖÆRÃsBÃ2ã’Ä†–v‚Äæ÷&ÖÂÄvöö@£S2ÄÖÆRÃc"ÃãSBÄÆ÷rÄæ÷&ÖÂÅö÷ £#BÄÖÆRÃ2Ã2ã3RÄÖöFW&FRÄ6öÆBÄvöö@£3RÄfVÖÆRÃSÃãRÄÆ÷rÄæ÷&ÖÂÅö÷ £#ÄÖÆRÃcÃ"ãCbÄ†–v‚Ä6öÆBÄvöö@£SbÄÖÆRÃ“’Ã"ãS’ÄÆ÷rÄ6öÆBÅö÷ £3ÄÖÆRÃƒBÃ"ã“"ÄÖöFW&FRÄ6öÆBÄvöö@£#‚ÄfVÖÆRÃC’ÃãƒBÄÖöFW&FRÄ6öÆBÄvöö@£S’ÄfVÖÆRÃcBÃãƒ‚Ä†–v‚Ä6öÆBÅö÷ £CBÄfVÖÆRÃcRÃ"ã“2Ä†–v‚Ä6öÆBÄvöö@£C’ÄfVÖÆRÃ“‚ÃBã#bÄ†–v‚Ä†÷BÄvöö@£cRÄÖÆRÃsBÃ"ã“"Ä†–v‚Ä6öÆBÄvöö@£CÄfVÖÆRÃS2Ããƒ’ÄÖöFW&FRÄæ÷&ÖÂÄvöö@£#bÄfVÖÆRÃ“’ÃBãbÄÖöFW&FRÄ†÷BÄvöö@£3"ÄÖÆRÃSbÃ"ã3"ÄÖöFW&FRÄæ÷&ÖÂÄvöö@£#ÄfVÖÆRÃcÃ"ãS‚ÄÖöFW&FRÄæ÷&ÖÂÄvöö@£CrÄfVÖÆRÃrÃBãrÄ†–v‚Ä†÷BÄvöö@£SRÄfVÖÆRÃc"Ã2ãc‚Ä†–v‚Ä†÷BÄvöö@£S"ÄfVÖÆRÃcÃ"ã“2ÄÖöFW&FRÄ†÷BÄvöö@£3ÄÖÆRÃc‚Ã"ã“2ÄÖöFW&FRÄæ÷&ÖÂÄvöö@£#’ÄfVÖÆRÃS‚Ã"ã#’ÄÖöFW&FRÄæ÷&ÖÂÄvöö@£CRÄÖÆRÃsRÃ"ãsRÄ†–v‚Ä6öÆBÄvöö@£SrÄfVÖÆRÃbÃ2ã#"Ä†–v‚Ä6öÆBÄvöö@£CbÄfVÖÆRÃSRÃ"ã#"ÄÖöFW&FRÄæ÷&ÖÂÄvöö@£CBÄÖÆRÃsBÃ"ã#BÄÆ÷rÄ6öÆBÄvöö@£#ÄÖÆRÃS2Ã"ã’ÄÖöFW&FRÄæ÷&ÖÂÄvöö@£#"ÄfVÖÆRÃSRÃ"ã#bÄÖöFW&FRÄæ÷&ÖÂÄvöö@£cbÄÖÆRÃcRÃãRÄÆ÷rÄ6öÆBÅö÷ £SÄfVÖÆRÃBÃ2ãrÄÖöFW&FRÄ6öÆBÄvöö@£SÄÖÆRÃƒ2Ã2ã#2Ä†–v‚Äæ÷&ÖÂÄvöö@£S’ÄfVÖÆRÃ“BÃ2ã2ÄÖöFW&FRÄæ÷&ÖÂÄvöö@£S’ÄÖÆRÃCbÃ2ã#"Ä†–v‚Ä†÷BÄvöö@£cÄÖÆRÃS’Ã"ã2ÄÖöFW&FRÄ†÷BÄvöö@£3BÄfVÖÆRÃbÃ"ãƒbÄÆ÷rÄ6öÆBÅö÷ £C’ÄfVÖÆRÃsrÃ2ãƒ’ÄÖöFW&FRÄ†÷BÄvöö@£3bÄfVÖÆRÃ2Ã2ãcRÄÆ÷rÄ†÷BÄvöö@£#ÄÖÆRÃCrÃãƒ"Ä†–v‚Ä6öÆBÄvöö@£S2ÄfVÖÆRÃcrÃ2ã‚Ä†–v‚Äæ÷&ÖÂÄvöö@£CbÄfVÖÆRÃRÃ2ãRÄÖöFW&FRÄ6öÆBÄvöö@£3bÄÖÆRÃbÃ2ãƒ’ÄÖöFW&FRÄ†÷BÄvöö@£#‚ÄÖÆRÃs’Ã"ãsrÄÖöFW&FRÄæ÷&ÖÂÄvöö@£S"ÄfVÖÆRÃRÃ2ãƒbÄ†–v‚Äæ÷&ÖÂÄvöö@£#ÄÖÆRÃƒrÃ"ãc"ÄÆ÷rÄ6öÆBÄvöö@£32ÄfVÖÆRÃSRÃ"ãrÄÆ÷rÄ†÷BÄvöö@£SrÄÖÆRÃrÃ2ã2ÄÖöFW&FRÄæ÷&ÖÂÅö÷ £CrÄfVÖÆRÃsRÃ"ãRÄÖöFW&FRÄ6öÆBÅö÷ £‚ÄÖÆRÃƒ"ÃBã2ÄÖöFW&FRÄ†÷BÄvöö@£c2ÄÖÆRÃSÃ"ãBÄ†–v‚Ä6öÆBÄvöö@£3RÄfVÖÆRÃSbÃãRÄÆ÷rÄ6öÆBÅö÷ £’ÄfVÖÆRÃƒ‚Ã2ã3‚Ä†–v‚Ä6öÆBÄvöö@£#2ÄÖÆRÃSÃ"ãCÄÖöFW&FRÄæ÷&ÖÂÄvöö@£#BÄÖÆRÃSÃ"ãrÄÖöFW&FRÄ6öÆBÄvöö@£3’ÄÖÆRÃsÃ2ã3bÄ†–v‚Äæ÷&ÖÂÄvöö@£SRÄÖÆRÃS‚ÃãcbÄÆ÷rÄæ÷&ÖÂÅö÷ £3ÄfVÖÆRÃ“BÃBãCBÄÖöFW&FRÄ†÷BÄvöö@£#"ÄfVÖÆRÃC’ÃãRÄÆ÷rÄ6öÆBÄvöö@£SRÄfVÖÆRÃbÃBãC"Ä†–v‚Ä†÷BÄvöö@£#BÄfVÖÆRÃ“BÃ"ãS‚ÄÖöFW&FRÄ6öÆBÅö÷ £cBÄÖÆRÃs’Ã2ãc‚ÄÖöFW&FRÄ†÷BÄvöö@£S2ÄÖÆRÃ“rÃ2ãc’Ä†–v‚Äæ÷&ÖÂÄvöö@£C2ÄfVÖÆRÃÃ2ã3"ÄÖöFW&FRÄ6öÆBÄvöö@£cÄfVÖÆRÃƒRÃ2ãrÄÖöFW&FRÄæ÷&ÖÂÄvöö@£C"ÄÖÆRÃSÃãc"ÄÖöFW&FRÄæ÷&ÖÂÄvöö@£cÄÖÆRÃc‚ÃãRÄÆ÷rÄ6öÆBÅö÷ £c2ÄÖÆRÃcrÃã“ÄÖöFW&FRÄæ÷&ÖÂÅö÷ £3rÄÖÆRÃSÃãRÄÆ÷rÄ6öÆBÅö÷ £cÄÖÆRÃSRÃã“ÄÆ÷rÄ†÷BÄvöö@£C‚ÄÖÆRÃsÃ"ã#2ÄÆ÷rÄ6öÆBÄvöö@£#BÄfVÖÆRÃƒ’Ã2ãSÄÖöFW&FRÄæ÷&ÖÂÄvöö@£3rÄÖÆRÃbÃBãcÄ†–v‚Äæ÷&ÖÂÄvöö@£S"ÄÖÆRÃs‚Ã"ãSbÄÖöFW&FRÄ6öÆBÄvöö@£‚ÄfVÖÆRÃS2ÃãRÄÆ÷rÄ6öÆBÅö÷ £3‚ÄfVÖÆRÃcbÃ"ãbÄÆ÷rÄ6öÆBÄvöö@£#’ÄfVÖÆRÃsRÃ"ã’ÄÆ÷rÄ6öÆBÅö÷ £cÄfVÖÆRÃ“"Ã2ãcbÄÖöFW&FRÄ†÷BÄvöö@£SBÄfVÖÆRÃcÃ"ãÄ†–v‚Ä6öÆBÄvöö@£CÄÖÆRÃSÃã“2ÄÖöFW&FRÄæ÷&ÖÂÄvöö@£3’ÄÖÆRÃbÃ2ãSBÄÆ÷rÄæ÷&ÖÂÄvöö@£3‚ÄÖÆRÃƒ’Ã2ãƒÄÆ÷rÄ†÷BÄvöö@£c"ÄÖÆRÃƒ‚Ã2ãÄÖöFW&FRÄ6öÆBÄvöö@£CÄÖÆRÃCRÃãƒbÄ†–v‚Ä6öÆBÄvöö@£#ÄfVÖÆRÃC‚Ã"ãRÄ†–v‚Äæ÷&ÖÂÄvöö@£CÄfVÖÆRÃ"Ã2ã"ÄÖöFW&FRÄæ÷&ÖÂÄvöö@£#ÄfVÖÆRÃ’ÃBã#2Ä†–v‚Ä6öÆBÄvöö@£#rÄfVÖÆRÃSÃ"ãC2ÄÖöFW&FRÄæ÷&ÖÂÄvöö@£SÄÖÆRÃ“RÃ"ãbÄÆ÷rÄæ÷&ÖÂÅö÷ £#’ÄÖÆRÃcÃ"ãs2Ä†–v‚Ä6öÆBÄvöö@£#2ÄfVÖÆRÃ“2Ã"ãrÄÆ÷rÄ6öÆBÅö÷ £c‚ÄfVÖÆRÃsBÃãsRÄÆ÷rÄ6öÆBÅö÷ £3RÄfVÖÆRÃbÃ2ãS"Ä†–v‚Ä6öÆBÄvöö@£crÄÖÆRÃSÃãRÄÆ÷rÄ6öÆBÄvöö@£’ÄfVÖÆRÃsÃã“rÄÖöFW&FRÄ6öÆBÅö÷ £CRÄÖÆRÃcÃ"ãSrÄ†–v‚Äæ÷&ÖÂÄvöö@£SbÄfVÖÆRÃ2Ã2ã"ÄÆ÷rÄæ÷&ÖÂÅö÷ £#ÄÖÆRÃƒ"Ã2ã“bÄ†–v‚Äæ÷&ÖÂÄvöö@£3ÄÖÆRÃ“‚ÃBã#RÄ†–v‚Äæ÷&ÖÂÄvöö@£C‚ÄÖÆRÃcÃãsRÄÖöFW&FRÄ6öÆBÅö÷ £CÄÖÆRÃSÃãS2ÄÖöFW&FRÄæ÷&ÖÂÄvöö@£cÄÖÆRÃS2Ã"ã3bÄ†–v‚Ä6öÆBÄvöö@£3ÄfVÖÆRÃ“’ÃBã3bÄ†–v‚Äæ÷&ÖÂÄvöö@£C‚ÄÖÆRÃc2Ã"ãCBÄÆ÷rÄ†÷BÄvöö@£#BÄfVÖÆRÃƒBÃ2ã#"ÄÖöFW&FRÄ†÷BÄvöö@£C‚ÄÖÆRÃƒ’Ã2ãrÄÆ÷rÄ†÷BÄvöö@£#bÄfVÖÆRÃsÃ2ãcÄ†–v‚Äæ÷&ÖÂÄvöö@£CBÄfVÖÆRÃƒ’ÃBãCBÄ†–v‚Ä†÷BÄvöö@£c’ÄÖÆRÃSÃ"ã3’Ä†–v‚Ä6öÆBÄvöö@£CBÄfVÖÆRÃsbÃã“bÄÆ÷rÄæ÷&ÖÂÅö÷ £c’ÄfVÖÆRÃ“rÃ2ã“Ä†–v‚Ä†÷BÄvöö@£CBÄfVÖÆRÃƒBÃ"ãS‚ÄÆ÷rÄæ÷&ÖÂÄvöö@£3ÄÖÆRÃbÃBãsBÄ†–v‚Ä†÷BÄvöö@£CBÄÖÆRÃcbÃã“BÄÖöFW&FRÄ6öÆBÅö÷ £cBÄÖÆRÃ“"Ã2ãsRÄÖöFW&FRÄ†÷BÄvöö@£CÄÖÆRÃ“rÃ"ã“bÄÖöFW&FRÄ6öÆBÄvöö@£CBÄÖÆRÃSÃ"ã’Ä†–v‚Äæ÷&ÖÂÄvöö@£CÄfVÖÆRÃSÃãRÄÆ÷rÄæ÷&ÖÂÅö÷ £3’ÄÖÆRÃcBÃãRÄÆ÷rÄæ÷&ÖÂÅö÷ £C‚ÄfVÖÆRÃbÃ"ãc’ÄÆ÷rÄæ÷&ÖÂÅö÷ £S’ÄÖÆRÃSrÃãƒ‚Ä†–v‚Ä6öÆBÄvöö@£3bÄÖÆRÃ“Ã2ã’ÄÆ÷rÄæ÷&ÖÂÄvöö@£c2ÄfVÖÆRÃC‚Ãã“‚ÄÖöFW&FRÄ†÷BÄvöö@£cBÄfVÖÆRÃ“‚Ã2ã3BÄ†–v‚Ä6öÆBÄvöö@£c‚ÄfVÖÆRÃrÃ2ãsbÄÆ÷rÄ†÷BÄvöö@£c2ÄfVÖÆRÃs‚Ã2ã3rÄ†–v‚Ä†÷BÄvöö@£#BÄfVÖÆRÃÃ2ã3‚ÄÖöFW&FRÄæ÷&ÖÂÄvöö@£c2ÄfVÖÆRÃ’Ã2ãrÄÖöFW&FRÄæ÷&ÖÂÅö÷ £3BÄfVÖÆRÃ“BÃ2ãSbÄÆ÷rÄ†÷BÄvöö@£cbÄfVÖÆRÃ“"Ããƒ2ÄÆ÷rÄ6öÆBÅö÷ £3"ÄÖÆRÃÃRã"Ä†–v‚Ä†÷BÄvöö@£CBÄÖÆRÃÃ2ã“’ÄÆ÷rÄ†÷BÄvöö@£#bÄfVÖÆRÃs2Ããƒ‚ÄÆ÷rÄæ÷&ÖÂÅö÷ £‚ÄÖÆRÃ’Ã2ãƒRÄ†–v‚Ä6öÆBÄvöö@£CÄfVÖÆRÃ“2Ã"ãS"ÄÆ÷rÄ6öÆBÅö÷ £S"ÄÖÆRÃ“BÃ"ãc‚ÄÆ÷rÄ6öÆBÅö÷ £CÄÖÆRÃSÃ2ãBÄ†–v‚Ä†÷BÄvöö@£cÄfVÖÆRÃS’Ã"ãC‚ÄÆ÷rÄ†÷BÄvöö@£cÄÖÆRÃsbÃ"ã’ÄÆ÷rÄæ÷&ÖÂÅö÷ £#bÄfVÖÆRÃƒ2Ã"ãs’ÄÆ÷rÄæ÷&ÖÂÄvöö@£SÄÖÆRÃƒ"Ã2ãCrÄ†–v‚Äæ÷&ÖÂÄvöö@£#"ÄÖÆRÃƒrÃ2ãS‚Ä†–v‚Ä6öÆBÄvöö@£c2ÄÖÆRÃÃ2ã3Ä†–v‚Ä6öÆBÄvöö@£cÄfVÖÆRÃƒrÃ"ãs2ÄÆ÷rÄæ÷&ÖÂÄvöö@£cRÄÖÆRÃSbÃ2ãBÄ†–v‚Ä†÷BÄvöö@£cÄfVÖÆRÃSÃãRÄÆ÷rÄ6öÆBÄvöö@£S’ÄÖÆRÃcÃãRÄÆ÷rÄ6öÆBÅö÷ £CRÄfVÖÆRÃs’Ã2ãS2Ä†–v‚Ä6öÆBÄvöö@£3BÄfVÖÆRÃƒ2Ã2ãRÄÖöFW&FRÄ†÷BÄvöö@£cRÄfVÖÆRÃ“"Ã"ãsÄ†–v‚Ä6öÆBÅö÷ £cÄfVÖÆRÃbÃ2ãRÄÖöFW&FRÄ6öÆBÅö÷ £CRÄÖÆRÃƒbÃ2ã“‚ÄÖöFW&FRÄ†÷BÄvöö@£3bÄÖÆRÃ"ÃBã3RÄÖöFW&FRÄ†÷BÄvöö@£crÄfVÖÆRÃcRÃãƒÄÆ÷rÄæ÷&ÖÂÅö÷ £’ÄfVÖÆRÃSrÃ2ã2Ä†–v‚Äæ÷&ÖÂÄvöö@£CRÄÖÆRÃcÃ2ãsRÄ†–v‚Ä†÷BÄvöö@£CÄfVÖÆRÃƒÃ"ãbÄÆ÷rÄ6öÆBÄvöö@£#2ÄÖÆRÃƒRÃ"ã"ÄÆ÷rÄæ÷&ÖÂÅö÷ £3’ÄÖÆRÃcrÃ2ã#ÄÆ÷rÄ†÷BÄvöö@£3’ÄÖÆRÃƒÃ"ã“"ÄÆ÷rÄæ÷&ÖÂÄvöö@£SbÄÖÆRÃs‚Ã2ãbÄÖöFW&FRÄ†÷BÄvöö@£3‚ÄÖÆRÃCRÃ"ãcBÄ†–v‚Äæ÷&ÖÂÄvöö@£SÄfVÖÆRÃs2Ããƒ‚ÄÖöFW&FRÄ6öÆBÅö÷ £S’ÄfVÖÆRÃÃ2ã#rÄÆ÷rÄ†÷BÄvöö@£3ÄfVÖÆRÃS"Ãã’ÄÆ÷rÄ†÷BÄvöö@£cRÄfVÖÆRÃSRÃ"ãBÄÆ÷rÄ†÷BÄvöö@£S2ÄfVÖÆRÃs"Ã"ãsÄ†–v‚Ä6öÆBÄvöö@£‚ÄfVÖÆRÃ“bÃ2ãSrÄÖöFW&FRÄ6öÆBÄvöö@£SÄfVÖÆRÃcrÃãsÄÖöFW&FRÄ6öÆBÅö÷ £C2ÄfVÖÆRÃC’ÃãRÄÆ÷rÄ6öÆBÄvöö@£C"ÄÖÆRÃ“’Ã2ã#RÄ†–v‚Ä6öÆBÄvöö@£#RÄfVÖÆRÃc2Ã2ãS‚ÄÖöFW&FRÄ†÷BÄvöö@£SbÄÖÆRÃ“RÃ2ãsBÄ†–v‚Äæ÷&ÖÂÄvöö@£cbÄÖÆRÃ“bÃ2ãS"ÄÖöFW&FRÄ†÷BÄvöö@£CÄfVÖÆRÃƒÃ"ã“"Ä†–v‚Äæ÷&ÖÂÄvöö@£3BÄfVÖÆRÃ’Ã"ãƒÄÆ÷rÄæ÷&ÖÂÅö÷ £3ÄfVÖÆRÃrÃBã3’ÄÖöFW&FRÄ†÷BÄvöö@£cRÄÖÆRÃS‚Ããs‚ÄÖöFW&FRÄæ÷&ÖÂÄvöö@£S‚ÄfVÖÆRÃƒrÃ"ãBÄÆ÷rÄæ÷&ÖÂÅö÷ £S‚ÄÖÆRÃS2Ã"ãSbÄ†–v‚Äæ÷&ÖÂÄvöö@£3‚ÄÖÆRÃc’Ã2ãC’ÄÖöFW&FRÄ†÷BÄvöö@£cÄÖÆRÃsBÃ"ã’ÄÆ÷rÄ†÷BÄvöö@£C"ÄfVÖÆRÃsBÃã‚ÄÆ÷rÄæ÷&ÖÂÅö÷ £C’ÄfVÖÆRÃƒÃ2ãsrÄ†–v‚Ä†÷BÄvöö@£CbÄÖÆRÃs‚ÃBã#Ä†–v‚Ä†÷BÄvöö@£#"ÄfVÖÆRÃcBÃ2ãs"Ä†–v‚Ä†÷BÄvöö@£CbÄfVÖÆRÃCrÃãRÄÆ÷rÄæ÷&ÖÂÄvöö@£S‚ÄÖÆRÃ“’Ã"ãCrÄÖöFW&FRÄ6öÆBÅö÷ £crÄfVÖÆRÃƒRÃ2ãsrÄ†–v‚Ä†÷BÄvöö@£S2ÄÖÆRÃ2Ã2ãCrÄÆ÷rÄ†÷BÄvöö@£CBÄfVÖÆRÃ“Ã2ã3‚Ä†–v‚Ä6öÆBÄvöö@£3bÄÖÆRÃCRÃã‚ÄÆ÷rÄæ÷&ÖÂÄvöö@£#BÄÖÆRÃsbÃ"ã2ÄÆ÷rÄæ÷&ÖÂÅö÷ £‚ÄfVÖÆRÃSbÃãRÄÆ÷rÄ6öÆBÅö÷ £#ÄfVÖÆRÃc‚Ã"ã’ÄÆ÷rÄæ÷&ÖÂÄvöö@£cbÄfVÖÆRÃcRÃ2ã3"Ä†–v‚Ä†÷BÄvöö@£c"ÄfVÖÆRÃƒÃ2ã#BÄÆ÷rÄ†÷BÄvöö@£SÄfVÖÆRÃsÃ"ã‚ÄÆ÷rÄæ÷&ÖÂÅö÷ £‚ÄfVÖÆRÃ‚ÃBãS’ÄÖöFW&FRÄ†÷BÄvöö@£crÄÖÆRÃsÃãRÄÆ÷rÄ6öÆBÅö÷ £3rÄÖÆRÃƒ‚Ã2ã2ÄÖöFW&FRÄ6öÆBÄvöö@£c’ÄfVÖÆRÃsbÃãƒ2ÄÆ÷rÄ6öÆBÅö÷ £cbÄfVÖÆRÃc"ÃãRÄÆ÷rÄ6öÆBÅö÷ £CbÄfVÖÆRÃsbÃ"ãbÄÆ÷rÄæ÷&ÖÂÅö÷ £3rÄÖÆRÃsRÃ2ã3rÄÆ÷rÄ†÷BÄvöö@£#RÄfVÖÆRÃƒrÃ2ãCÄÖöFW&FRÄ†÷BÄvöö@£#RÄfVÖÆRÃS2Ã"ãbÄ†–v‚Ä6öÆBÄvöö@£SÄfVÖÆRÃ"ÃBãS’ÄÖöFW&FRÄ†÷BÄvöö@£CrÄfVÖÆRÃsRÃ"ã’ÄÆ÷rÄ6öÆBÅö÷ £cRÄfVÖÆRÃSRÃ"ã‚ÄÖöFW&FRÄ†÷BÄvöö@£#rÄÖÆRÃsrÃ2ã“’ÄÖöFW&FRÄ†÷BÄvöö@£3"ÄÖÆRÃs2Ã"ãbÄÆ÷rÄ6öÆBÅö÷ £3rÄÖÆRÃƒÃ2ã#RÄÖöFW&FRÄæ÷&ÖÂÄvöö@£SBÄÖÆRÃ“2Ã2ãc‚ÄÆ÷rÄ†÷BÄvöö@£CbÄÖÆRÃS’Ãã“RÄÆ÷rÄæ÷&ÖÂÄvöö@£c2ÄfVÖÆRÃƒ’Ã"ã’ÄÆ÷rÄ6öÆBÅö÷ £SÄfVÖÆRÃS"ÃãRÄÆ÷rÄæ÷&ÖÂÅö÷ £CÄÖÆRÃBÃBãCrÄÖöFW&FRÄ†÷BÄvöö@£c2ÄfVÖÆRÃc"Ã"ãsbÄÆ÷rÄ†÷BÄvöö@£#ÄfVÖÆRÃc‚Ã"ã3BÄÆ÷rÄ†÷BÄvöö@£#RÄfVÖÆRÃƒrÃ"ãCbÄÆ÷rÄæ÷&ÖÂÅö÷ £crÄÖÆRÃc"Ã"ãS2Ä†–v‚Äæ÷&ÖÂÄvöö@£c2ÄÖÆRÃ2Ã"ãC‚ÄÆ÷rÄæ÷&ÖÂÅö÷ £cRÄÖÆRÃƒ"Ã2ãCrÄ†–v‚Ä†÷BÄvöö@£#"ÄÖÆRÃC’Ãã“BÄÆ÷rÄ†÷BÄvöö@£S’ÄfVÖÆRÃc2Ã"ãs’Ä†–v‚Ä†÷BÄvöö@£32ÄfVÖÆRÃcRÃ"ã’ÄÆ÷rÄæ÷&ÖÂÄvöö@£3bÄfVÖÆRÃs’Ã"ãCRÄÖöFW&FRÄæ÷&ÖÂÄvöö@£3ÄÖÆRÃSbÃãRÄÆ÷rÄ6öÆBÅö÷ £CrÄfVÖÆRÃCrÃ"ã3RÄÖöFW&FRÄ†÷BÄvöö@£C’ÄfVÖÆRÃsÃ"ã2ÄÖöFW&FRÄ6öÆBÄvöö@£C"ÄÖÆRÃS’ÃãRÄÆ÷rÄ6öÆBÅö÷ £cRÄÖÆRÃsÃãRÄÆ÷rÄ6öÆBÅö÷ £#‚ÄfVÖÆRÃ2Ã2ãsRÄÖöFW&FRÄæ÷&ÖÂÄvöö@£3ÄÖÆRÃƒ’Ã2ãC‚ÄÖöFW&FRÄ†÷BÄvöö@£#‚ÄÖÆRÃ“RÃ"ãsbÄÖöFW&FRÄ6öÆBÅö÷ £C"ÄÖÆRÃƒ2Ã2ã3’ÄÖöFW&FRÄ†÷BÄvöö@£SÄfVÖÆRÃcbÃ"ãRÄÖöFW&FRÄæ÷&ÖÂÄvöö@£#‚ÄÖÆRÃs’Ã"ã2ÄÆ÷rÄ6öÆBÅö÷ £S’ÄÖÆRÃ“2Ã2ãbÄÖöFW&FRÄæ÷&ÖÂÄvöö@£#"ÄfVÖÆRÃƒ2Ã2ã“bÄÖöFW&FRÄ†÷BÄvöö@£CbÄfVÖÆRÃ“RÃ"ã“"ÄÆ÷rÄæ÷&ÖÂÄvöö@£c’ÄÖÆRÃƒÃ"ã3"ÄÆ÷rÄæ÷&ÖÂÅö÷ £CÄfVÖÆRÃƒ"ÃãƒbÄÆ÷rÄ6öÆBÅö÷ £SRÄÖÆRÃ“Ã"ã"ÄÆ÷rÄ6öÆBÅö÷ £#ÄÖÆRÃc’Ã"ãrÄÖöFW&FRÄ6öÆBÄvöö@£c’ÄfVÖÆRÃSÃãs2ÄÆ÷rÄ†÷BÄvöö@£SbÄfVÖÆRÃ"Ã2ãÄÖöFW&FRÄ6öÆBÅö÷ £#rÄÖÆRÃƒÃ"ã2ÄÆ÷rÄæ÷&ÖÂÅö÷ £#ÄfVÖÆRÃSrÃ2ã3rÄ†–v‚Ä†÷BÄvöö@£cRÄfVÖÆRÃCrÃãRÄÆ÷rÄ6öÆBÄvöö@£cbÄfVÖÆRÃCbÃ"ãCÄ†–v‚Ä†÷BÄvöö@£3BÄfVÖÆRÃSRÃãRÄÆ÷rÄæ÷&ÖÂÅö÷ £#ÄÖÆRÃcrÃ2ã#‚Ä†–v‚Ä†÷BÄvöö@£#ÄfVÖÆRÃs2Ã"ã#rÄÖöFW&FRÄ6öÆBÄvöö@£S"ÄÖÆRÃ“"Ã2ãcrÄÖöFW&FRÄ†÷BÄvöö@£CÄfVÖÆRÃ“"Ã2ãRÄÆ÷rÄæ÷&ÖÂÄvöö@£‚ÄÖÆRÃCRÃã“"ÄÖöFW&FRÄ6öÆBÄvöö@£3ÄÖÆRÃsBÃ"ãsrÄÖöFW&FRÄ6öÆBÄvöö@£#2ÄfVÖÆRÃƒ"Ã"ãrÄ†–v‚Ä6öÆBÄvöö@£SÄfVÖÆRÃ“‚Ã"ãcrÄÆ÷rÄ6öÆBÅö÷ £32ÄÖÆRÃcÃãcrÄÆ÷rÄæ÷&ÖÂÅö÷ £3’ÄÖÆRÃS’Ã"ãƒ’ÄÆ÷rÄ†÷BÄvöö@£CRÄfVÖÆRÃsrÃBã3’Ä†–v‚Ä†÷BÄvöö@£C‚ÄfVÖÆRÃÃBãCRÄ†–v‚Äæ÷&ÖÂÄvöö@£3rÄÖÆRÃC‚Ã"ãBÄÖöFW&FRÄ†÷BÄvöö@£CBÄfVÖÆRÃÃ2ãs’Ä†–v‚Äæ÷&ÖÂÄvöö@£C‚ÄÖÆRÃ‚Ã2ã3‚ÄÆ÷rÄæ÷&ÖÂÄvöö@£3ÄÖÆRÃRÃ2ã2ÄÆ÷rÄæ÷&ÖÂÅö÷ £CÄÖÆRÃs‚Ããs"ÄÆ÷rÄ6öÆBÅö÷ £c’ÄÖÆRÃCRÃãs2ÄÆ÷rÄ†÷BÄvöö@£#BÄfVÖÆRÃCRÃ2ãSRÄ†–v‚Ä†÷BÄvöö@£3RÄfVÖÆRÃ“2Ã2ãBÄÖöFW&FRÄ6öÆBÄvöö@£3’ÄÖÆRÃsÃãƒbÄÆ÷rÄæ÷&ÖÂÅö÷ £#"ÄÖÆRÃS2Ããc"ÄÖöFW&FRÄæ÷&ÖÂÄvöö@£#bÄÖÆRÃCbÃãRÄÆ÷rÄ6öÆBÄvöö@£c‚ÄÖÆRÃCbÃãcbÄ†–v‚Ä6öÆBÄvöö@£cÄfVÖÆRÃ“bÃBã"Ä†–v‚Ä†÷BÄvöö@£SrÄfVÖÆRÃÃ2ãc‚Ä†–v‚Äæ÷&ÖÂÄvöö@£SbÄÖÆRÃBÃBã‚Ä†–v‚Ä†÷BÄvöö@£S2ÄÖÆRÃCRÃãsRÄ†–v‚Äæ÷&ÖÂÄvöö@£S‚ÄfVÖÆRÃ“rÃ"ã#RÄÆ÷rÄ6öÆBÅö÷ £#"ÄÖÆRÃƒrÃ2ãbÄÖöFW&FRÄ†÷BÄvöö@£C’ÄÖÆRÃCRÃ"ã2ÄÖöFW&FRÄ6öÆBÄvöö@£CRÄÖÆRÃSRÃ2ãbÄ†–v‚Ä†÷BÄvöö@£#’ÄfVÖÆRÃSrÃãƒ‚ÄÆ÷rÄæ÷&ÖÂÄvöö@£C"ÄÖÆRÃƒÃãrÄÆ÷rÄ6öÆBÅö÷ £S2ÄfVÖÆRÃs"Ã2ã‚ÄÖöFW&FRÄ†÷BÄvöö@£#rÄfVÖÆRÃsÃ2ãSrÄ†–v‚Äæ÷&ÖÂÄvöö@£#2ÄfVÖÆRÃS"Ã"ãSRÄÆ÷rÄ†÷BÄvöö@£3BÄÖÆRÃƒ"Ã2ãs2ÄÖöFW&FRÄ†÷BÄvöö@£S‚ÄÖÆRÃS’Ã"ãBÄ†–v‚Ä6öÆBÄvöö@£#rÄfVÖÆRÃs"Ã"ãSbÄÖöFW&FRÄæ÷&ÖÂÄvöö@£3"ÄfVÖÆRÃs’Ã2ãC‚ÄÖöFW&FRÄ†÷BÄvöö@£CBÄfVÖÆRÃC’Ã"ãC’Ä†–v‚Ä6öÆBÄvöö@£’ÄÖÆRÃÃRãÄ†–v‚Ä†÷BÄvöö@£SÄfVÖÆRÃBÃ2ãƒ"ÄÆ÷rÄ†÷BÄvöö@£32ÄfVÖÆRÃƒ‚ÃBãSBÄ†–v‚Ä†÷BÄvöö@£#"ÄfVÖÆRÃRÃBãsBÄ†–v‚Ä†÷BÄvöö@£crÄfVÖÆRÃcRÃ"ãSRÄ†–v‚Ä6öÆBÄvöö@£S’ÄfVÖÆRÃƒ2Ã"ãCrÄ†–v‚Ä6öÆBÅö÷ £3ÄfVÖÆRÃƒrÃ"ã#BÄÆ÷rÄ6öÆBÅö÷ £#BÄÖÆRÃƒ’Ã2ã#ÄÆ÷rÄ†÷BÄvöö@£c’ÄÖÆRÃBÃ2ã3ÄÖöFW&FRÄæ÷&ÖÂÄvöö@£cBÄÖÆRÃcÃ"ã#‚Ä†–v‚Ä6öÆBÄvöö@£#RÄfVÖÆRÃÃBã3BÄ†–v‚Äæ÷&ÖÂÄvöö@£#BÄfVÖÆRÃ’Ã2ã32ÄÆ÷rÄæ÷&ÖÂÄvöö@£CÄÖÆRÃ’Ã2ãBÄÆ÷rÄæ÷&ÖÂÅö÷ £c"ÄfVÖÆRÃs2Ã"ãbÄÖöFW&FRÄæ÷&ÖÂÅö÷ £S"ÄfVÖÆRÃSÃãRÄÖöFW&FRÄ6öÆBÅö÷ £crÄÖÆRÃBÃ"ãsRÄÆ÷rÄ6öÆBÅö÷ £CrÄÖÆRÃRÃRã#rÄ†–v‚Ä†÷BÄvöö@£S"ÄÖÆRÃ‚ÃBãSÄ†–v‚Ä†÷BÄvöö@£#"ÄfVÖÆRÃƒÃ2ã‚ÄÖöFW&FRÄæ÷&ÖÂÄvöö@£’ÄÖÆRÃƒbÃ2ã“2Ä†–v‚Äæ÷&ÖÂÄvöö@£CrÄfVÖÆRÃs’Ã2ãƒBÄÖöFW&FRÄ†÷BÄvöö@£3"ÄÖÆRÃSÃ"ã3’ÄÆ÷rÄ†÷BÄvöö@£#rÄfVÖÆRÃCbÃãƒ2Ä†–v‚Ä6öÆBÄvöö@£3BÄfVÖÆRÃ2Ã2ãrÄÖöFW&FRÄ6öÆBÅö÷ £c‚ÄÖÆRÃSrÃ"ã3bÄ†–v‚Äæ÷&ÖÂÄvöö@£SbÄÖÆRÃ“Ã"ãƒÄÆ÷rÄ†÷BÄvöö@£’ÄfVÖÆRÃƒbÃ2ãƒBÄ†–v‚Ä†÷BÄvöö@£CÄfVÖÆRÃS’Ã"ãSBÄ†–v‚Ä6öÆBÄvöö@£SÄfVÖÆRÃ’ÃBãƒ’Ä†–v‚Ä†÷BÄvöö@£C"ÄÖÆRÃs‚Ã2ãÄÖöFW&FRÄ†÷BÄvöö@£SBÄfVÖÆRÃ“BÃ2ã2ÄÖöFW&FRÄæ÷&ÖÂÄvöö@£cbÄfVÖÆRÃƒbÃã“‚ÄÆ÷rÄæ÷&ÖÂÅö÷ £#"ÄÖÆRÃs"Ã2ãƒRÄÖöFW&FRÄ†÷BÄvöö@£crÄfVÖÆRÃcÃãSBÄÖöFW&FRÄ6öÆBÅö÷ £C‚ÄÖÆRÃSRÃ"ãs"Ä†–v‚Ä6öÆBÄvöö@£C‚ÄÖÆRÃƒÃBã3"Ä†–v‚Ä†÷BÄvöö@£c2ÄfVÖÆRÃCrÃãRÄÆ÷rÄæ÷&ÖÂÄvöö@£c’ÄÖÆRÃs"Ã"ãƒ‚Ä†–v‚Äæ÷&ÖÂÄvöö@£CÄfVÖÆRÃSBÃãƒRÄÖöFW&FRÄæ÷&ÖÂÄvöö@£3"ÄÖÆRÃs"Ã"ãRÄÆ÷rÄ6öÆBÅö÷ £3ÄfVÖÆRÃ2Ã"ãcÄÆ÷rÄ6öÆBÅö÷ £SrÄÖÆRÃsBÃ2ãSrÄÖöFW&FRÄ†÷BÄvöö@£#ÄfVÖÆRÃcBÃ"ãrÄÖöFW&FRÄæ÷&ÖÂÄvöö@£CBÄfVÖÆRÃSbÃãc2ÄÆ÷rÄæ÷&ÖÂÅö÷ £S‚ÄÖÆRÃ“RÃ2ãBÄÆ÷rÄ†÷BÄvöö@£CbÄfVÖÆRÃ“RÃBãbÄÖöFW&FRÄ†÷BÄvöö@£C‚ÄÖÆRÃS2Ãã“rÄÖöFW&FRÄ6öÆBÄvöö@£#2ÄfVÖÆRÃsBÃ"ã#RÄÆ÷rÄ6öÆBÄvöö@£#BÄÖÆRÃ2Ã2ãsÄÆ÷rÄ†÷BÄvöö@£#ÄfVÖÆRÃcBÃ"ã#’Ä†–v‚Ä6öÆBÄvöö@£3ÄfVÖÆRÃSrÃ"ãƒbÄÖöFW&FRÄ†÷BÄvöö@£c"ÄÖÆRÃ“rÃBãÄ†–v‚Ä†÷BÄvöö@£SrÄÖÆRÃS2Ã2ãCbÄ†–v‚Ä†÷BÄvöö@£3ÄÖÆRÃƒbÃ"ã#bÄÆ÷rÄ6öÆBÅö÷ £CRÄfVÖÆRÃS’Ã"ãS‚ÄÖöFW&FRÄæ÷&ÖÂÄvöö@£3rÄÖÆRÃƒ’ÃBã2ÄÖöFW&FRÄ†÷BÄvöö@£SrÄÖÆRÃ“Ã2ã2ÄÆ÷rÄ†÷BÄvöö@£CbÄÖÆRÃSbÃãSRÄÖöFW&FRÄ6öÆBÅö÷ £CÄÖÆRÃ“’ÃBãSrÄ†–v‚Ä†÷BÄvöö@£S’ÄfVÖÆRÃƒ"Ã"ãƒbÄÆ÷rÄ†÷BÄvöö@£#2ÄÖÆRÃS"ÃãRÄÆ÷rÄ6öÆBÅö÷ £3ÄÖÆRÃS2ÃãcrÄÆ÷rÄæ÷&ÖÂÄvöö@£C’ÄÖÆRÃs’Ã"ã#BÄÖöFW&FRÄ6öÆBÅö÷ £C‚ÄÖÆRÃ“2Ã2ãcbÄ†–v‚Äæ÷&ÖÂÄvöö@£c’ÄÖÆRÃSÃ"ã3rÄ†–v‚Äæ÷&ÖÂÄvöö@£#2ÄÖÆRÃ“BÃBãrÄ†–v‚Äæ÷&ÖÂÄvöö@£3BÄÖÆRÃs2Ã2ãcBÄ†–v‚Äæ÷&ÖÂÄvöö@£S"ÄÖÆRÃcBÃ"ãBÄÖöFW&FRÄ6öÆBÄvöö@£CbÄfVÖÆRÃSÃãRÄÆ÷rÄæ÷&ÖÂÅö÷ £#"ÄfVÖÆRÃSÃ"ãƒ2ÄÖöFW&FRÄ†÷BÄvöö@£SÄÖÆRÃƒrÃBã#‚Ä†–v‚Ä†÷BÄvöö@£3bÄfVÖÆRÃRÃ2ã3BÄÆ÷rÄæ÷&ÖÂÄvöö@£3‚ÄfVÖÆRÃƒ2Ã2ãC’Ä†–v‚Äæ÷&ÖÂÄvöö@£3BÄÖÆRÃSÃãƒbÄÖöFW&FRÄæ÷&ÖÂÄvöö@£‚ÄfVÖÆRÃcbÃ"ã#2Ä†–v‚Ä6öÆBÄvöö@£SrÄfVÖÆRÃbÃBãcrÄ†–v‚Ä†÷BÄvöö@£CrÄÖÆRÃƒ’Ã"ã2ÄÆ÷rÄ6öÆBÅö÷ £c"ÄÖÆRÃSrÃãRÄÆ÷rÄæ÷&ÖÂÅö÷ £SBÄfVÖÆRÃS‚ÃãsRÄ†–v‚Ä6öÆBÄvöö@£C"ÄfVÖÆRÃS‚Ã2ã3bÄÖöFW&FRÄ†÷BÄvöö@£SÄfVÖÆRÃCbÃãƒ‚ÄÖöFW&FRÄæ÷&ÖÂÄvöö@£C"ÄÖÆRÃ“’ÃBã‚ÄÖöFW&FRÄ†÷BÄvöö@£SBÄfVÖÆRÃsÃãSBÄÖöFW&FRÄ6öÆBÅö÷ £cBÄÖÆRÃ“Ã2ãÄ†–v‚Äæ÷&ÖÂÄvöö@£3ÄfVÖÆRÃ“"Ã2ãƒ’ÄÖöFW&FRÄ†÷BÄvöö@£c"ÄÖÆRÃÃ2ã#rÄÖöFW&FRÄ6öÆBÄvöö@£S"ÄfVÖÆRÃ“’Ã"ãÄÆ÷rÄ6öÆBÅö÷ £SBÄÖÆRÃS2ÃãRÄÖöFW&FRÄæ÷&ÖÂÅö÷ £c’ÄÖÆRÃCbÃãRÄÆ÷rÄ6öÆBÄvöö@£3‚ÄfVÖÆRÃc‚Ã"ãƒ‚Ä†–v‚Ä6öÆBÄvöö@£SÄfVÖÆRÃcÃ"ãƒBÄ†–v‚Ä6öÆBÄvöö@£3‚ÄÖÆRÃrÃBãBÄ†–v‚Äæ÷&ÖÂÄvöö@£c‚ÄfVÖÆRÃƒ‚Ã"ãs‚ÄÆ÷rÄ†÷BÄvöö@£’ÄÖÆRÃ“Ã"ãc2ÄÆ÷rÄæ÷&ÖÂÅö÷ £#2ÄÖÆRÃ“RÃBãƒbÄ†–v‚Ä†÷BÄvöö@£3ÄfVÖÆRÃC‚Ã"ãcBÄ†–v‚Äæ÷&ÖÂÄvöö@£C‚ÄfVÖÆRÃ’ÃBãBÄ†–v‚Ä6öÆBÄvöö@£SrÄÖÆRÃS‚Ã"ãCrÄÆ÷rÄ†÷BÄvöö@£SÄÖÆRÃƒ2Ã"ã3"ÄÖöFW&FRÄ6öÆBÅö÷ £CÄfVÖÆRÃsÃ"ãc’Ä†–v‚Äæ÷&ÖÂÄvöö@£CÄfVÖÆRÃsbÃ"ã"ÄÆ÷rÄæ÷&ÖÂÅö÷ £#ÄÖÆRÃc2ÃãRÄÆ÷rÄæ÷&ÖÂÅö÷ £3ÄfVÖÆRÃ“’ÃBãƒ’Ä†–v‚Ä†÷BÄvöö@£S"ÄfVÖÆRÃbÃBãbÄÖöFW&FRÄ†÷BÄvöö@£cRÄÖÆRÃ“"Ã"ãÄÆ÷rÄæ÷&ÖÂÅö÷ £c‚ÄÖÆRÃ“’Ã2ãbÄÆ÷rÄ†÷BÄvöö@£c’ÄÖÆRÃÃ2ãRÄ†–v‚Ä6öÆBÄvöö@£#RÄfVÖÆRÃÃ2ãƒ’ÄÖöFW&FRÄ†÷BÄvöö@£crÄÖÆRÃƒ’Ã2ã’Ä†–v‚Ä†÷BÄvöö@£SbÄfVÖÆRÃcÃ"ãc"Ä†–v‚Ä6öÆBÄvöö@£S"ÄÖÆRÃbÃ2ãSÄÖöFW&FRÄæ÷&ÖÂÄvöö@£#bÄfVÖÆRÃs’Ã"ã#‚ÄÖöFW&FRÄ6öÆBÅö÷ £c’ÄfVÖÆRÃs"Ã"ãS‚Ä†–v‚Ä6öÆBÄvöö@£CÄfVÖÆRÃ2Ã2ãƒrÄÆ÷rÄ†÷BÄvöö@£cÄÖÆRÃƒ"Ã2ãRÄÖöFW&FRÄ†÷BÄvöö@£3"ÄÖÆRÃcÃãƒ‚ÄÖöFW&FRÄ6öÆBÄvöö@£#ÄÖÆRÃsÃBãBÄ†–v‚Ä†÷BÄvöö@£cBÄÖÆRÃ“"Ã"ãc‚ÄÖöFW&FRÄ6öÆBÅö÷ £SBÄÖÆRÃƒ"Ã2ãCBÄÖöFW&FRÄ†÷BÄvöö@£#rÄÖÆRÃS"Ã"ãSrÄÆ÷rÄ†÷BÄvöö@£S2ÄfVÖÆRÃÃ"ãc"ÄÆ÷rÄ6öÆBÅö÷ £3rÄÖÆRÃrÃ2ã"ÄÖöFW&FRÄ6öÆBÅö÷ £SRÄfVÖÆRÃsbÃ2ãÄ†–v‚Ä6öÆBÄvöö@£cÄÖÆRÃSrÃãRÄÆ÷rÄ6öÆBÅö÷ £3rÄÖÆRÃS‚Ã"ãrÄ†–v‚Ä6öÆBÄvöö@£CbÄÖÆRÃSBÃ2ã2Ä†–v‚Äæ÷&ÖÂÄvöö@£S‚ÄfVÖÆRÃ"Ã2ã3RÄÆ÷rÄ†÷BÄvöö@£S"ÄfVÖÆRÃbÃ2ãsrÄ†–v‚Äæ÷&ÖÂÄvöö@£#ÄfVÖÆRÃs‚ÃBã#’Ä†–v‚Ä†÷BÄvöö@£S2ÄfVÖÆRÃs‚Ã"ãÄÆ÷rÄæ÷&ÖÂÅö÷ £S"ÄfVÖÆRÃS’Ã"ãRÄ†–v‚Ä6öÆBÄvöö@£CRÄÖÆRÃƒÃ2ãBÄ†–v‚Ä6öÆBÄvöö@£3‚ÄfVÖÆRÃSBÃ"ãS‚Ä†–v‚Äæ÷&ÖÂÄvöö@£#bÄfVÖÆRÃƒbÃ2ãrÄ†–v‚Ä6öÆBÄvöö@£cÄfVÖÆRÃc‚Ã"ã3RÄ†–v‚Äæ÷&ÖÂÄvöö@£CÄfVÖÆRÃƒbÃ"ãcÄÆ÷rÄ6öÆBÄvöö@£’ÄÖÆRÃc2Ã"ãRÄÆ÷rÄ†÷BÄvöö@£S’ÄÖÆRÃc‚Ã"ã’ÄÖöFW&FRÄ6öÆBÄvöö@£’ÄÖÆRÃSÃ"ãs2Ä†–v‚Ä†÷BÄvöö@£#‚ÄfVÖÆRÃ“RÃ2ãSrÄÖöFW&FRÄæ÷&ÖÂÄvöö@£CrÄfVÖÆRÃc‚Ããc’ÄÆ÷rÄ6öÆBÅö÷ £3ÄÖÆRÃcÃ"ã“2Ä†–v‚Äæ÷&ÖÂÄvöö@£CrÄfVÖÆRÃc2Ã"ã2ÄÆ÷rÄ†÷BÄvöö@£3RÄfVÖÆRÃSbÃ"ãCÄ†–v‚Äæ÷&ÖÂÄvöö@£S’ÄfVÖÆRÃcBÃã“’Ä†–v‚Ä6öÆBÄvöö@£C2ÄfVÖÆRÃSÃãRÄÆ÷rÄ6öÆBÅö÷ £SÄfVÖÆRÃS’Ã2ãcRÄ†–v‚Ä†÷BÄvöö@£CbÄfVÖÆRÃs‚Ã2ã#RÄÆ÷rÄ†÷BÄvöö@£CbÄfVÖÆRÃƒÃ2ãCrÄ†–v‚Ä6öÆBÄvöö@£C‚ÄÖÆRÃc2Ã2ãbÄÆ÷rÄ†÷BÄvöö@£#2ÄÖÆRÃ“’Ã2ãsRÄ†–v‚Äæ÷&ÖÂÄvöö@£C"ÄÖÆRÃC‚Ã2ãCbÄ†–v‚Ä†÷BÄvöö@£cÄÖÆRÃCbÃãsBÄ†–v‚Ä6öÆBÄvöö@£#‚ÄfVÖÆRÃs‚Ã"ãs"ÄÖöFW&FRÄæ÷&ÖÂÄvöö@£CRÄfVÖÆRÃƒ2Ã"ãrÄÆ÷rÄæ÷&ÖÂÄvöö@£SÄfVÖÆRÃÃ"ãSrÄÆ÷rÄæ÷&ÖÂÅö÷ £#bÄfVÖÆRÃs2Ã2ãcbÄ†–v‚Äæ÷&ÖÂÄvöö@£SbÄfVÖÆRÃBÃ2ã‚ÄÆ÷rÄ†÷BÄvöö@£#’ÄÖÆRÃS"Ã2ãc2Ä†–v‚Ä†÷BÄvöö@£3‚ÄfVÖÆRÃÃ"ãƒRÄÆ÷rÄ6öÆBÅö÷ £#bÄÖÆRÃCRÃãSrÄÖöFW&FRÄ6öÆBÄvöö@£32ÄÖÆRÃSRÃ"ãCrÄÆ÷rÄ†÷BÄvöö@£C‚ÄfVÖÆRÃ“BÃ2ãsRÄÖöFW&FRÄæ÷&ÖÂÄvöö@£SbÄÖÆRÃCrÃãRÄÆ÷rÄ†÷BÄvöö@£#ÄfVÖÆRÃsBÃ2ã“bÄ†–v‚Ä†÷BÄvöö@£3ÄfVÖÆRÃ“rÃ2ã“BÄ†–v‚Ä6öÆBÄvöö@£3ÄÖÆRÃcbÃ"ãCÄÆ÷rÄæ÷&ÖÂÄvöö@£c2ÄfVÖÆRÃƒÃ2ã2ÄÆ÷rÄ†÷BÄvöö@£#ÄfVÖÆRÃc2Ãã“BÄÖöFW&FRÄæ÷&ÖÂÄvöö@£S‚ÄÖÆRÃc‚Ã"ãSRÄ†–v‚Äæ÷&ÖÂÄvöö@£cRÄÖÆRÃ"Ã2ãBÄ†–v‚Ä6öÆBÄvöö@£c2ÄfVÖÆRÃS’Ãã“BÄÖöFW&FRÄæ÷&ÖÂÄvöö@£#rÄfVÖÆRÃC’Ããs2ÄÖöFW&FRÄæ÷&ÖÂÄvöö@£#2ÄÖÆRÃcbÃãc2ÄÆ÷rÄæ÷&ÖÂÅö÷ £3bÄÖÆRÃS‚Ããc’ÄÆ÷rÄ6öÆBÅö÷ £3"ÄfVÖÆRÃsbÃ2ãbÄÆ÷rÄ†÷BÄvöö@£3‚ÄÖÆRÃSrÃ2ã"Ä†–v‚Äæ÷&ÖÂÄvöö@£c2ÄfVÖÆRÃƒ‚Ã2ã#ÄÖöFW&FRÄæ÷&ÖÂÄvöö@£#RÄÖÆRÃ“’Ã2ãs’Ä†–v‚Ä6öÆBÄvöö@£crÄfVÖÆRÃc2Ã"ãsÄÆ÷rÄ†÷BÄvöö@£SÄÖÆRÃ“"Ã2ã3’ÄÖöFW&FRÄæ÷&ÖÂÄvöö@£C’ÄfVÖÆRÃSbÃ"ã3rÄÖöFW&FRÄ6öÆBÄvöö@£c"ÄÖÆRÃsÃãRÄÆ÷rÄæ÷&ÖÂÅö÷ £SÄÖÆRÃsRÃ"ã3bÄÖöFW&FRÄæ÷&ÖÂÄvöö@£#ÄÖÆRÃc"Ã"ã“‚ÄÖöFW&FRÄ†÷BÄvöö@£3‚ÄÖÆRÃÃ2ãBÄÖöFW&FRÄæ÷&ÖÂÄvöö@£S’ÄfVÖÆRÃbÃ2ãƒ2Ä†–v‚Äæ÷&ÖÂÄvöö@£S2ÄÖÆRÃ“’Ã2ãCBÄ†–v‚Ä6öÆBÄvöö@£cRÄfVÖÆRÃÃã“2ÄÆ÷rÄ6öÆBÅö÷ £3BÄÖÆRÃ“rÃBã3RÄ†–v‚Ä†÷BÄvöö@£SRÄfVÖÆRÃ“BÃ2ã"Ä†–v‚Ä6öÆBÄvöö@£#RÄfVÖÆRÃs‚Ã2ãBÄÖöFW&FRÄ†÷BÄvöö@£CrÄÖÆRÃc‚Ã"ã#‚ÄÖöFW&FRÄ6öÆBÄvöö@£crÄÖÆRÃc’Ã"ã2ÄÆ÷rÄ†÷BÄvöö@£C"ÄfVÖÆRÃc"Ã"ã“2ÄÆ÷rÄ†÷BÄvöö@£#2ÄfVÖÆRÃS‚Ã2ã#bÄÖöFW&FRÄ†÷BÄvöö@£cÄÖÆRÃƒÃ2ãƒ"Ä†–v‚Ä†÷BÄvöö@£3RÄÖÆRÃS’Ããc’ÄÆ÷rÄæ÷&ÖÂÅö÷ £S‚ÄfVÖÆRÃcÃ"ãÄÆ÷rÄ†÷BÄvöö@£cBÄÖÆRÃ“‚Ã"ãs’ÄÖöFW&FRÄæ÷&ÖÂÅö÷ £SbÄÖÆRÃsBÃãƒBÄÆ÷rÄ6öÆBÅö÷ £32ÄfVÖÆRÃCRÃãRÄÆ÷rÄ6öÆBÄvöö@£CBÄfVÖÆRÃbÃ2ã#’ÄÆ÷rÄ6öÆBÄvöö@£3rÄÖÆRÃ“’ÃBã3BÄ†–v‚Äæ÷&ÖÂÄvöö@£#"ÄfVÖÆRÃs‚Ã"ã#‚ÄÆ÷rÄ6öÆBÅö÷ £SBÄfVÖÆRÃƒ"Ã"ã3’ÄÖöFW&FRÄ6öÆBÅö÷ £S"ÄfVÖÆRÃcBÃãcrÄÆ÷rÄæ÷&ÖÂÅö÷ £C"ÄÖÆRÃsÃ2ã#rÄÖöFW&FRÄ†÷BÄvöö@£’ÄÖÆRÃRÃ"ãC‚ÄÆ÷rÄ6öÆBÅö÷ £c"ÄfVÖÆRÃSÃ"ãRÄ†–v‚Ä6öÆBÄvöö@£#bÄfVÖÆRÃƒrÃ2ã#’Ä†–v‚Ä6öÆBÄvöö@£#rÄfVÖÆRÃc2Ã2ãs"Ä†–v‚Ä†÷BÄvöö@£cRÄfVÖÆRÃSbÃ"ã‚Ä†–v‚Äæ÷&ÖÂÄvöö@£#2ÄÖÆRÃSÃ"ãrÄÖöFW&FRÄ†÷BÄvöö@£#‚ÄfVÖÆRÃƒ"Ã2ãbÄÖöFW&FRÄ†÷BÄvöö@£CRÄÖÆRÃ“BÃ"ãƒBÄÆ÷rÄ6öÆBÄvöö@£cÄÖÆRÃS’Ãã“RÄÖöFW&FRÄæ÷&ÖÂÄvöö@£CÄfVÖÆRÃ2Ã2ãC‚ÄÆ÷rÄ†÷BÄvöö@£3ÄÖÆRÃCRÃ"ã#bÄÖöFW&FRÄ†÷BÄvöö@£C‚ÄÖÆRÃƒ2Ã"ãCBÄÆ÷rÄ6öÆBÅö÷ £S"ÄfVÖÆRÃs"Ã"ã#bÄÖöFW&FRÄ6öÆBÄvöö@£c’ÄfVÖÆRÃƒ‚Ã2ã3Ä†–v‚Äæ÷&ÖÂÄvöö@£cbÄÖÆRÃSbÃãsrÄÖöFW&FRÄæ÷&ÖÂÄvöö@£3"ÄÖÆRÃsBÃã“bÄÆ÷rÄæ÷&ÖÂÅö÷ £#2ÄÖÆRÃsBÃ2ã“RÄ†–v‚Ä†÷BÄvöö@£#RÄfVÖÆRÃsrÃãƒ2ÄÆ÷rÄæ÷&ÖÂÅö÷ £cÄfVÖÆRÃƒ’Ã2ãÄ†–v‚Äæ÷&ÖÂÄvöö@£CÄfVÖÆRÃ“‚Ã2ãc’ÄÖöFW&FRÄæ÷&ÖÂÄvöö@£c2ÄÖÆRÃ’Ã2ã“bÄÖöFW&FRÄ†÷BÄvöö@£C"ÄfVÖÆRÃƒÃ"ã“BÄ†–v‚Äæ÷&ÖÂÄvöö@£C’ÄfVÖÆRÃ“2ÃBãBÄÖöFW&FRÄ†÷BÄvöö@£32ÄfVÖÆRÃ’ÃBãƒbÄ†–v‚Ä†÷BÄvöö@£C2ÄfVÖÆRÃÃ2ã#’ÄÆ÷rÄ†÷BÄvöö@£#2ÄÖÆRÃƒRÃ"ãƒ2Ä†–v‚Ä6öÆBÄvöö@£#ÄÖÆRÃSbÃãbÄÖöFW&FRÄ6öÆBÅö÷ £crÄÖÆRÃCRÃãRÄÖöFW&FRÄ6öÆBÄvöö@£CÄÖÆRÃC‚ÃãRÄÆ÷rÄæ÷&ÖÂÄvöö@£C2ÄÖÆRÃƒrÃBã‚Ä†–v‚Ä†÷BÄvöö@£cRÄÖÆRÃƒBÃ2ãcBÄÖöFW&FRÄ†÷BÄvöö@£#bÄÖÆRÃs2Ã"ãSRÄÆ÷rÄ†÷BÄvöö@£S’ÄfVÖÆRÃc"Ã"ãƒ2ÄÖöFW&FRÄ†÷BÄvöö@£3‚ÄfVÖÆRÃbÃ2ãRÄÆ÷rÄæ÷&ÖÂÄvöö@£S’ÄÖÆRÃ“Ã2ãC"Ä†–v‚Ä6öÆBÄvöö@£#bÄfVÖÆRÃSbÃ"ãs‚Ä†–v‚Äæ÷&ÖÂÄvöö@£’ÄfVÖÆRÃ“RÃ2ã“rÄ†–v‚Äæ÷&ÖÂÄvöö@£#bÄÖÆRÃbÃ2ã#BÄÆ÷rÄæ÷&ÖÂÄvöö@£SRÄfVÖÆRÃSÃ"ãC‚Ä†–v‚Äæ÷&ÖÂÄvöö@£3bÄfVÖÆRÃÃRãRÄ†–v‚Ä†÷BÄvöö@£CrÄÖÆRÃSBÃ"ã’Ä†–v‚Ä†÷BÄvöö@£‚ÄfVÖÆRÃ“BÃ2ã#bÄÖöFW&FRÄæ÷&ÖÂÄvöö@£32ÄfVÖÆRÃSÃ2ã2Ä†–v‚Ä†÷BÄvöö@£S’ÄfVÖÆRÃc2Ã"ã3’ÄÖöFW&FRÄæ÷&ÖÂÄvöö@£S‚ÄÖÆRÃƒrÃ"ãƒ2Ä†–v‚Äæ÷&ÖÂÄvöö@£cBÄfVÖÆRÃ“Ã2ã#rÄÖöFW&FRÄ†÷BÄvöö@£c2ÄÖÆRÃcRÃãRÄÆ÷rÄ6öÆBÅö÷ £S‚ÄfVÖÆRÃcÃãRÄÆ÷rÄ6öÆBÅö÷ £#bÄÖÆRÃ“"Ã2ãSRÄÆ÷rÄ†÷BÄvöö@£3ÄfVÖÆRÃƒ"Ã2ãrÄÆ÷rÄ†÷BÄvöö@£3ÄfVÖÆRÃ2Ã2ãCÄÆ÷rÄ†÷BÄvöö@£3ÄÖÆRÃsÃã“rÄÆ÷rÄæ÷&ÖÂÅö÷ £#ÄfVÖÆRÃ2Ã2ã3bÄÆ÷rÄ†÷BÄvöö@£C‚ÄfVÖÆRÃ“2Ã2ã3ÄÆ÷rÄ†÷BÄvöö@£#‚ÄfVÖÆRÃCrÃ"ã“bÄ†–v‚Ä†÷BÄvöö@£#2ÄfVÖÆRÃsRÃ2ãƒRÄÖöFW&FRÄ†÷BÄvöö@£#ÄfVÖÆRÃSbÃãRÄÆ÷rÄ6öÆBÅö÷ £S’ÄÖÆRÃc2Ã2ã3bÄ†–v‚Ä†÷BÄvöö@£3ÄÖÆRÃs2ÃãSBÄÆ÷rÄ6öÆBÅö÷ £cbÄÖÆRÃ’Ã2ã3RÄÖöFW&FRÄ6öÆBÄvöö@£3ÄfVÖÆRÃcÃã’ÄÖöFW&FRÄæ÷&ÖÂÄvöö@£3‚ÄfVÖÆRÃSrÃãRÄÆ÷rÄæ÷&ÖÂÅö÷ £3‚ÄÖÆRÃRÃ2ã3‚ÄÆ÷rÄ†÷BÄvöö@£3BÄfVÖÆRÃsRÃ2ãcBÄ†–v‚Äæ÷&ÖÂÄvöö@£CÄÖÆRÃ“Ã2ã“"ÄÆ÷rÄ†÷BÄvöö@£C‚ÄÖÆRÃc"Ã"ãSRÄ†–v‚Äæ÷&ÖÂÄvöö@£cRÄÖÆRÃS2Ã"ã3ÄÖöFW&FRÄ†÷BÄvöö@£SBÄfVÖÆRÃsÃ"ãRÄÖöFW&FRÄ6öÆBÅö÷ £cÄfVÖÆRÃsrÃ"ã#‚ÄÖöFW&FRÄ6öÆBÅö÷ £3"ÄfVÖÆRÃ“Ã"ãRÄÆ÷rÄæ÷&ÖÂÅö÷ £c"ÄÖÆRÃ“"ÃBãbÄ†–v‚Ä†÷BÄvöö@£SrÄfVÖÆRÃSRÃãc2Ä†–v‚Ä6öÆBÅö÷ £‚ÄÖÆRÃCRÃãcBÄÆ÷rÄæ÷&ÖÂÄvöö@£#ÄfVÖÆRÃƒÃãsÄÆ÷rÄ6öÆBÅö÷ £3"ÄÖÆRÃc’Ã2ãSRÄÖöFW&FRÄ†÷BÄvöö@£’ÄfVÖÆRÃƒrÃ2ãc2ÄÖöFW&FRÄ†÷BÄvöö@£3"ÄfVÖÆRÃSÃã“RÄÆ÷rÄæ÷&ÖÂÄvöö@£cÄfVÖÆRÃƒbÃ"ãcRÄ†–v‚Ä6öÆBÄvöö@£S’ÄÖÆRÃƒ"Ã"ãbÄÆ÷rÄ†÷BÄvöö@£#"ÄfVÖÆRÃsBÃ"ã“"ÄÖöFW&FRÄ6öÆBÄvöö@£C’ÄÖÆRÃƒbÃ2ãƒ2Ä†–v‚Äæ÷&ÖÂÄvöö@£S"ÄÖÆRÃ2Ã"ã’ÄÆ÷rÄæ÷&ÖÂÅö÷ £S’ÄÖÆRÃS"Ã"ãƒ2ÄÖöFW&FRÄ†÷BÄvöö@£CBÄÖÆRÃc2Ããs2ÄÆ÷rÄæ÷&ÖÂÅö÷ £cÄÖÆRÃƒ"Ã"ãCBÄ†–v‚Ä6öÆBÅö÷ £#ÄfVÖÆRÃsrÃBã#’Ä†–v‚Ä†÷BÄvöö@£cÄÖÆRÃ"Ã2ã’Ä†–v‚Ä6öÆBÄvöö@£CRÄÖÆRÃƒrÃ2ãƒ‚Ä†–v‚Äæ÷&ÖÂÄvöö@£c2ÄÖÆRÃcÃ"ãbÄÆ÷rÄ†÷BÄvöö@£SbÄÖÆRÃs’Ã"ã3BÄ†–v‚Ä6öÆBÅö÷ £S‚ÄfVÖÆRÃcbÃ"ã’Ä†–v‚Ä6öÆBÄvöö@£c2ÄÖÆRÃcbÃãRÄÆ÷rÄ6öÆBÅö÷ £CrÄfVÖÆRÃƒrÃBãSÄ†–v‚Ä†÷BÄvöö@£#’ÄÖÆRÃsÃ"ãSÄÆ÷rÄæ÷&ÖÂÄvöö@£CRÄÖÆRÃRÃ2ãSRÄÖöFW&FRÄæ÷&ÖÂÄvöö@£C’ÄÖÆRÃS’Ã"ãÄÆ÷rÄ†÷BÄvöö@£CRÄfVÖÆRÃsÃ"ãCRÄÆ÷rÄ†÷BÄvöö@£cBÄÖÆRÃsrÃãSBÄÆ÷rÄ6öÆBÅö÷ £#rÄfVÖÆRÃc‚Ã"ã“’ÄÖöFW&FRÄæ÷&ÖÂÄvöö@£cÄÖÆRÃcBÃ2ãbÄÖöFW&FRÄ†÷BÄvöö@£cbÄfVÖÆRÃƒrÃ2ãC2ÄÆ÷rÄ†÷BÄvöö@£crÄfVÖÆRÃ“’ÃBã#BÄ†–v‚Ä†÷BÄvöö@£SÄÖÆRÃSBÃã“‚ÄÆ÷rÄæ÷&ÖÂÄvöö@£#‚ÄÖÆRÃcBÃ2ãCrÄ†–v‚Ä†÷BÄvöö@£SÄfVÖÆRÃ“"ÃBãƒBÄ†–v‚Ä†÷BÄvöö@£SÄfVÖÆRÃcBÃ2ãcRÄ†–v‚Ä†÷BÄvöö@£SRÄfVÖÆRÃ“RÃ"ãsRÄÆ÷rÄæ÷&ÖÂÅö÷ £3bÄÖÆRÃc2ÃãRÄÆ÷rÄ6öÆBÅö÷ £3ÄfVÖÆRÃƒ"Ã"ã“bÄÆ÷rÄæ÷&ÖÂÄvöö@£#‚ÄÖÆRÃsÃ2ã#bÄÆ÷rÄ†÷BÄvöö@£SbÄfVÖÆRÃ‚Ã2ãCÄÖöFW&FRÄæ÷&ÖÂÄvöö@£3RÄfVÖÆRÃCRÃãRÄÆ÷rÄ6öÆBÄvöö@£SÄÖÆRÃ‚ÃBãc"Ä†–v‚Ä†÷BÄvöö@£SbÄfVÖÆRÃsbÃ2ãÄ†–v‚Äæ÷&ÖÂÄvöö@£3rÄfVÖÆRÃBÃ2ãsRÄÖöFW&FRÄ6öÆBÄvöö@£#BÄÖÆRÃsÃ"ãSrÄÆ÷rÄæ÷&ÖÂÄvöö@£SÄfVÖÆRÃC’ÃãƒÄ†–v‚Ä6öÆBÄvöö@£‚ÄfVÖÆRÃCbÃãSBÄÆ÷rÄ6öÆBÄvöö@£c2ÄÖÆRÃ’Ã"ãc’ÄÖöFW&FRÄ6öÆBÅö÷ £crÄÖÆRÃ“RÃ"ãS’ÄÖöFW&FRÄ6öÆBÅö÷ £c"ÄfVÖÆRÃc‚Ã2ãCÄ†–v‚Ä†÷BÄvöö@£S2ÄÖÆRÃƒÃ"ãS"ÄÆ÷rÄæ÷&ÖÂÄvöö@£3BÄÖÆRÃSbÃ"ãsÄ†–v‚Äæ÷&ÖÂÄvöö@£#RÄÖÆRÃcbÃ2ãs‚Ä†–v‚Ä†÷BÄvöö@£CRÄÖÆRÃs"Ããƒ‚ÄÖöFW&FRÄ6öÆBÅö÷ £C2ÄÖÆRÃSrÃãsbÄÖöFW&FRÄ6öÆBÄvöö@£c"ÄfVÖÆRÃC‚ÃãƒrÄÆ÷rÄ†÷BÄvöö@£S‚ÄÖÆRÃsÃ"ãƒ‚ÄÆ÷rÄ†÷BÄvöö@£CrÄÖÆRÃSÃ"ãc‚ÄÆ÷rÄ†÷BÄvöö@£S2ÄÖÆRÃsÃ2ãÄ†–v‚Äæ÷&ÖÂÄvöö@£SÄfVÖÆRÃ"Ã2ã#‚ÄÖöFW&FRÄæ÷&ÖÂÄvöö@£c‚ÄfVÖÆRÃsrÃ2ãSÄÖöFW&FRÄ†÷BÄvöö@£3bÄÖÆRÃsrÃBã#"Ä†–v‚Ä†÷BÄvöö@£SrÄfVÖÆRÃ“Ã2ãƒBÄÖöFW&FRÄ†÷BÄvöö@£CBÄfVÖÆRÃSÃ"ãsBÄÖöFW&FRÄ†÷BÄvöö@£#ÄfVÖÆRÃs‚Ã"ã‚Ä†–v‚Ä6öÆBÄvöö@£CBÄfVÖÆRÃƒ"Ã2ãs’Ä†–v‚Äæ÷&ÖÂÄvöö@£c2ÄfVÖÆRÃc2Ã"ãÄ†–v‚Ä6öÆBÄvöö@£CÄÖÆRÃbÃ2ãsrÄÆ÷rÄ†÷BÄvöö@£CRÄÖÆRÃsrÃ2ãSRÄ†–v‚Ä†÷BÄvöö@£32ÄfVÖÆRÃsBÃ"ã#‚ÄÆ÷rÄ6öÆBÄvöö@£‚ÄfVÖÆRÃsrÃ2ã3’Ä†–v‚Ä6öÆBÄvöö@£SBÄÖÆRÃRÃ"ãs"ÄÆ÷rÄæ÷&ÖÂÅö÷ £CÄfVÖÆRÃ’Ã2ãƒ’Ä†–v‚Äæ÷&ÖÂÄvöö@£#rÄfVÖÆRÃSBÃãS‚ÄÖöFW&FRÄ6öÆBÅö÷ £c‚ÄfVÖÆRÃƒ’Ã"ãC"ÄÆ÷rÄæ÷&ÖÂÅö÷ £SrÄÖÆRÃƒ’Ã"ãCrÄÖöFW&FRÄæ÷&ÖÂÅö÷ £C‚ÄfVÖÆRÃc‚Ã"ã3Ä†–v‚Ä6öÆBÄvöö@£‚ÄfVÖÆRÃ“’ÃBãCrÄ†–v‚Ä†÷BÄvöö@£#RÄÖÆRÃcRÃ"ãsRÄ†–v‚Ä6öÆBÄvöö@£CbÄfVÖÆRÃƒBÃ"ãCrÄÆ÷rÄæ÷&ÖÂÅö÷ £C"ÄÖÆRÃSRÃ2ã#"Ä†–v‚Ä†÷BÄvöö@£#‚ÄÖÆRÃ“"Ã2ãsbÄ†–v‚Äæ÷&ÖÂÄvöö@£c"ÄÖÆRÃcBÃãRÄÆ÷rÄæ÷&ÖÂÅö÷ £c‚ÄfVÖÆRÃcBÃ"ãbÄÖöFW&FRÄ6öÆBÄvöö@£3ÄfVÖÆRÃsbÃBãCRÄ†–v‚Ä†÷BÄvöö@£32ÄfVÖÆRÃƒ2Ã2ãSrÄ†–v‚Äæ÷&ÖÂÄvöö@£#ÄfVÖÆRÃrÃBã32Ä†–v‚Ä6öÆBÄvöö@£S’ÄfVÖÆRÃC’ÃãRÄÆ÷rÄ6öÆBÄvöö@£crÄÖÆRÃCrÃãRÄÆ÷rÄæ÷&ÖÂÄvöö@£SRÄÖÆRÃÃ2ãS’Ä†–v‚Äæ÷&ÖÂÄvöö@£#2ÄÖÆRÃƒBÃ"ãs"Ä†–v‚Ä6öÆBÄvöö@£S"ÄfVÖÆRÃSrÃãƒÄÖöFW&FRÄæ÷&ÖÂÄvöö@£3BÄfVÖÆRÃ“Ã2ã3’Ä†–v‚Äæ÷&ÖÂÄvöö@£cÄÖÆRÃCbÃ"ã"Ä†–v‚Ä6öÆBÄvöö@£SRÄÖÆRÃ“Ã"ã“"Ä†–v‚Ä6öÆBÄvöö@£cBÄÖÆRÃ“2Ã2ãƒ2Ä†–v‚Ä†÷BÄvöö@£SBÄfVÖÆRÃƒ‚Ã2ãÄÖöFW&FRÄ6öÆBÄvöö@£3‚ÄÖÆRÃÃ"ã“’ÄÆ÷rÄ6öÆBÅö÷ £crÄÖÆRÃsrÃ2ãc2ÄÖöFW&FRÄ†÷BÄvöö@£CBÄfVÖÆRÃƒbÃ2ã2Ä†–v‚Ä6öÆBÄvöö@£#ÄÖÆRÃÃ"ãƒ2ÄÆ÷rÄæ÷&ÖÂÅö÷ £c’ÄfVÖÆRÃCrÃ"ã#rÄÆ÷rÄ†÷BÄvöö@£‚ÄÖÆRÃƒ2Ã2ãc"ÄÆ÷rÄ†÷BÄvöö@£CBÄfVÖÆRÃ’Ã2ã#BÄÆ÷rÄæ÷&ÖÂÅö÷ £SRÄfVÖÆRÃCrÃãRÄÖöFW&FRÄ6öÆBÄvöö@£SÄfVÖÆRÃcBÃ"ãC2Ä†–v‚Äæ÷&ÖÂÄvöö@£CBÄfVÖÆRÃc‚Ã2ã3’ÄÖöFW&FRÄ†÷BÄvöö@£3bÄÖÆRÃsbÃ"ãBÄÖöFW&FRÄ6öÆBÅö÷ £cRÄÖÆRÃƒÃ2ãÄ†–v‚Ä6öÆBÄvöö@£3ÄfVÖÆRÃ“ÃBã#2ÄÖöFW&FRÄ†÷BÄvöö@£crÄÖÆRÃRÃ"ãƒRÄÆ÷rÄæ÷&ÖÂÅö÷ £CBÄÖÆRÃ“‚Ã2ãc"Ä†–v‚Ä6öÆBÄvöö@£cbÄÖÆRÃc’ÃãsBÄÆ÷rÄ6öÆBÅö÷ £S2ÄfVÖÆRÃcrÃ2ã‚ÄÖöFW&FRÄ†÷BÄvöö@£S2ÄÖÆRÃSÃ"ã2Ä†–v‚Ä6öÆBÄvöö@£SbÄÖÆRÃÃ2ã“2ÄÖöFW&FRÄ†÷BÄvöö@£#rÄÖÆRÃS2Ã"ãRÄÖöFW&FRÄæ÷&ÖÂÄvöö@£#RÄÖÆRÃsÃ"ã2ÄÆ÷rÄæ÷&ÖÂÅö÷ £S’ÄfVÖÆRÃƒRÃ"ã’ÄÖöFW&FRÄ6öÆBÅö÷ £CrÄÖÆRÃƒ‚ÃBãc2Ä†–v‚Ä†÷BÄvöö@£c"ÄÖÆRÃ“Ã2ãSRÄ†–v‚Ä6öÆBÄvöö@£CrÄÖÆRÃcbÃ2ã#rÄÖöFW&FRÄ†÷BÄvöö@£SRÄÖÆRÃcrÃã“ÄÆ÷rÄ†÷BÅö÷ £3BÄfVÖÆRÃs’Ã"ã3’ÄÖöFW&FRÄæ÷&ÖÂÄvöö@£C‚ÄÖÆRÃsÃBãÄ†–v‚Ä†÷BÄvöö@£32ÄfVÖÆRÃSbÃ"ãƒbÄÖöFW&FRÄ†÷BÄvöö@£3bÄÖÆRÃbÃBã#’ÄÖöFW&FRÄ†÷BÄvöö@£3ÄfVÖÆRÃ’ÃBã3’Ä†–v‚Ä6öÆBÄvöö@£#ÄfVÖÆRÃ“RÃ2ã2ÄÆ÷rÄ6öÆBÄvöö@£c"ÄfVÖÆRÃ“"Ã2ã3’ÄÖöFW&FRÄæ÷&ÖÂÄvöö@£#RÄfVÖÆRÃ“RÃ2ãs2ÄÖöFW&FRÄæ÷&ÖÂÄvöö@£SrÄfVÖÆRÃs2Ã2ãSÄÖöFW&FRÄ†÷BÄvöö@£‚ÄÖÆRÃCRÃãƒ"ÄÖöFW&FRÄ6öÆBÄvöö@£CBÄÖÆRÃcrÃ2ãsBÄ†–v‚Ä†÷BÄvöö@£C‚ÄfVÖÆRÃs"Ã2ã#RÄÖöFW&FRÄ†÷BÄvöö@£3‚ÄÖÆRÃSbÃ2ãs’Ä†–v‚Ä†÷BÄvöö@£c‚ÄÖÆRÃ“2ÃBã3"Ä†–v‚Ä†÷BÄvöö@£3BÄfVÖÆRÃcÃ"ã3BÄ†–v‚Ä6öÆBÄvöö@£CBÄfVÖÆRÃ“rÃ"ã“rÄÆ÷rÄ6öÆBÄvöö@£#BÄÖÆRÃs‚Ã"ãS‚ÄÖöFW&FRÄæ÷&ÖÂÄvöö@£‚ÄÖÆRÃC‚Ã"ã#RÄÆ÷rÄ†÷BÄvöö@£3rÄfVÖÆRÃ“RÃ2ãRÄÖöFW&FRÄ6öÆBÄvöö@£#rÄÖÆRÃS"Ã"ãSÄ†–v‚Ä6öÆBÄvöö@£3BÄÖÆRÃsBÃ"ãCrÄÖöFW&FRÄæ÷&ÖÂÄvöö@£c’ÄfVÖÆRÃc‚Ããc‚ÄÆ÷rÄæ÷&ÖÂÅö÷ £SÄÖÆRÃs’Ã2ãRÄÖöFW&FRÄæ÷&ÖÂÄvöö@£#‚ÄfVÖÆRÃS’Ã"ãsBÄÖöFW&FRÄæ÷&ÖÂÄvöö@£SBÄÖÆRÃbÃBã3RÄÖöFW&FRÄ†÷BÄvöö@£C2ÄÖÆRÃSbÃãRÄÆ÷rÄæ÷&ÖÂÅö÷ £c2ÄÖÆRÃS"ÃãSrÄÆ÷rÄæ÷&ÖÂÄvöö@£c"ÄfVÖÆRÃCrÃ2ã’Ä†–v‚Ä†÷BÄvöö@£3’ÄÖÆRÃÃ2ã3"Ä†–v‚Ä6öÆBÄvöö@£SBÄÖÆRÃS"ÃãsBÄ†–v‚Ä6öÆBÄvöö@£3"ÄÖÆRÃCRÃ"ãS"ÄÆ÷rÄ†÷BÄvöö@£3ÄÖÆRÃcÃ"ã“’Ä†–v‚Ä6öÆBÄvöö@£cBÄÖÆRÃ’ÃRã’Ä†–v‚Ä†÷BÄvöö@£C2ÄÖÆRÃsbÃ2ãs"Ä†–v‚Äæ÷&ÖÂÄvöö@£’ÄÖÆRÃcÃ"ãƒ‚Ä†–v‚Ä6öÆBÄvöö@£C2ÄfVÖÆRÃcrÃ"ãCbÄ†–v‚Ä6öÆBÄvöö@£C‚ÄfVÖÆRÃcBÃ"ãsbÄÖöFW&FRÄæ÷&ÖÂÄvöö@£3RÄfVÖÆRÃ2Ã2ã"ÄÖöFW&FRÄ6öÆBÄvöö@£CBÄfVÖÆRÃc"Ããƒ"ÄÆ÷rÄæ÷&ÖÂÅö÷ £C‚ÄÖÆRÃc2Ã2ãs2Ä†–v‚Ä†÷BÄvöö@£3ÄÖÆRÃ“Ã2ã“rÄÖöFW&FRÄ†÷BÄvöö@£#ÄfVÖÆRÃs2Ã2ã‚ÄÖöFW&FRÄ†÷BÄvöö@£cRÄfVÖÆRÃ“bÃ2ãc’ÄÖöFW&FRÄ†÷BÄvöö@£#ÄfVÖÆRÃ“"Ã2ã32ÄÆ÷rÄ†÷BÄvöö@£#RÄÖÆRÃS‚Ã"ãsRÄÖöFW&FRÄ†÷BÄvöö@£CÄÖÆRÃbÃ2ãÄÖöFW&FRÄ6öÆBÅö÷ £SÄÖÆRÃsRÃ"ã#ÄÖöFW&FRÄæ÷&ÖÂÅö÷ £c"ÄfVÖÆRÃs2Ã"ãÄÆ÷rÄ†÷BÅö÷ £cBÄÖÆRÃrÃ"ãSRÄÆ÷rÄ6öÆBÅö÷ £#’ÄÖÆRÃsÃã’ÄÖöFW&FRÄ6öÆBÅö÷ £SBÄfVÖÆRÃƒ’Ã2ãƒ‚Ä†–v‚Ä†÷BÄvöö@£3ÄÖÆRÃs2Ã"ãsÄÆ÷rÄ†÷BÄvöö@£3rÄfVÖÆRÃs2Ã"ãÄÖöFW&FRÄ6öÆBÅö÷ £C2ÄÖÆRÃRÃ"ã“RÄÆ÷rÄ6öÆBÅö÷ £cÄfVÖÆRÃ“ÃBãC2Ä†–v‚Ä†÷BÄvöö@£3BÄfVÖÆRÃCRÃ"ã#’Ä†–v‚Ä6öÆBÄvöö@£C2ÄfVÖÆRÃ‚Ã2ã3’ÄÆ÷rÄ6öÆBÄvöö@£#2ÄfVÖÆRÃbÃBãCrÄ†–v‚Ä†÷BÄvöö@£CBÄfVÖÆRÃ’Ã2ã#ÄÆ÷rÄ6öÆBÅö÷ £SÄÖÆRÃ’ÃBãc‚Ä†–v‚Ä†÷BÄvöö@£cÄÖÆRÃs‚Ã2ã‚Ä†–v‚Äæ÷&ÖÂÄvöö@£3ÄÖÆRÃC’Ã"ãSÄ†–v‚Äæ÷&ÖÂÄvöö@£C’ÄfVÖÆRÃS2Ã"ã“rÄ†–v‚Äæ÷&ÖÂÄvöö@£C"ÄÖÆRÃ“Ã2ãcÄÖöFW&FRÄæ÷&ÖÂÄvöö@£3ÄfVÖÆRÃRÃ2ã3bÄÆ÷rÄ†÷BÄvöö@£C’ÄfVÖÆRÃsBÃ"ãcRÄÆ÷rÄæ÷&ÖÂÄvöö@£#ÄfVÖÆRÃ“’ÃBãC‚Ä†–v‚Ä†÷BÄvöö@£cÄÖÆRÃ“"Ã"ã2ÄÆ÷rÄ6öÆBÅö÷ £SrÄÖÆRÃSÃãƒ’ÄÖöFW&FRÄæ÷&ÖÂÄvöö@£3‚ÄfVÖÆRÃs2Ã2ãc"ÄÖöFW&FRÄ†÷BÄvöö@£S’ÄÖÆRÃCrÃãsRÄ†–v‚Ä6öÆBÄvöö@£SÄÖÆRÃSBÃãƒ’ÄÆ÷rÄæ÷&ÖÂÄvöö@£SÄÖÆRÃs"Ã2ãRÄ†–v‚Äæ÷&ÖÂÄvöö@£c2ÄÖÆRÃ"Ã2ãs"ÄÖöFW&FRÄ†÷BÄvöö@£crÄÖÆRÃ“RÃ2ã#bÄ†–v‚Äæ÷&ÖÂÄvöö@£#RÄfVÖÆRÃcÃ"ã“RÄ†–v‚Äæ÷&ÖÂÄvöö@£cbÄfVÖÆRÃS’Ã"ãbÄÖöFW&FRÄæ÷&ÖÂÄvöö@£3BÄÖÆRÃsÃ"ãsRÄ†–v‚Ä6öÆBÄvöö@£#RÄfVÖÆRÃƒRÃ2ã“bÄ†–v‚Äæ÷&ÖÂÄvöö@£CBÄÖÆRÃS2ÃãRÄÆ÷rÄ6öÆBÅö÷ £#BÄfVÖÆRÃs"Ã"ãcRÄÖöFW&FRÄ6öÆBÄvöö@£S2ÄÖÆRÃrÃ2ãƒrÄ†–v‚Äæ÷&ÖÂÄvöö@£cRÄfVÖÆRÃSBÃ"ã3"Ä†–v‚Äæ÷&ÖÂÄvöö@£#ÄÖÆRÃ“rÃ2ãbÄÆ÷rÄæ÷&ÖÂÄvöö@£cbÄÖÆRÃsÃ"ã“2ÄÆ÷rÄ†÷BÄvöö@£S2ÄÖÆRÃsrÃ2ã"ÄÆ÷rÄ†÷BÄvöö@£#‚ÄfVÖÆRÃs2Ã"ãc"ÄÆ÷rÄ†÷BÄvöö@£3"ÄfVÖÆRÃ“‚Ã2ãC"ÄÖöFW&FRÄæ÷&ÖÂÄvöö@£3"ÄfVÖÆRÃ"Ã2ãSÄÖöFW&FRÄ6öÆBÄvöö@£CbÄÖÆRÃsrÃ"ãS2ÄÖöFW&FRÄæ÷&ÖÂÄvöö@£32ÄÖÆRÃSÃ"ãƒ"Ä†–v‚Äæ÷&ÖÂÄvöö@£#bÄÖÆRÃ“2Ã2ã#‚ÄÆ÷rÄæ÷&ÖÂÄvöö@£CrÄÖÆRÃ“RÃ2ã#"Ä†–v‚Ä6öÆBÄvöö@£‚ÄfVÖÆRÃS’Ããc2ÄÆ÷rÄæ÷&ÖÂÅö÷ £#"ÄfVÖÆRÃSbÃ2ãcrÄ†–v‚Ä†÷BÄvöö@£CbÄfVÖÆRÃcbÃ"ãbÄÆ÷rÄæ÷&ÖÂÄvöö@£SBÄfVÖÆRÃs"Ã"ã#"ÄÖöFW&FRÄ6öÆBÄvöö@£#‚ÄÖÆRÃƒrÃ2ãC2ÄÖöFW&FRÄæ÷&ÖÂÄvöö@£c‚ÄÖÆRÃƒÃ"ãÄÆ÷rÄæ÷&ÖÂÅö÷ £SRÄÖÆRÃcÃ"ãSBÄ†–v‚Ä6öÆBÄvöö@£cRÄÖÆRÃƒRÃ"ãSbÄÖöFW&FRÄæ÷&ÖÂÄvöö@£3BÄÖÆRÃ“bÃ2ã’ÄÆ÷rÄ†÷BÄvöö@£‚ÄÖÆRÃc’ÃãRÄÆ÷rÄ6öÆBÅö÷ £SrÄÖÆRÃ“‚Ã"ã#bÄÆ÷rÄ6öÆBÅö÷ £3bÄÖÆRÃÃBã#RÄ†–v‚Ä†÷BÄvöö@£SbÄÖÆRÃƒ"Ã2ãƒÄÖöFW&FRÄ†÷BÄvöö@£‚ÄÖÆRÃ“BÃ2ã‚ÄÖöFW&FRÄ6öÆBÄvöö@£3BÄfVÖÆRÃsbÃ2ã3RÄÖöFW&FRÄ†÷BÄvöö@£SÄÖÆRÃƒ‚Ã2ã3‚Ä†–v‚Äæ÷&ÖÂÄvöö@£SBÄÖÆRÃ“"Ã"ãsrÄ†–v‚Ä6öÆBÄvöö@£C2ÄÖÆRÃSÃã“"ÄÖöFW&FRÄæ÷&ÖÂÄvöö@£c’ÄÖÆRÃsbÃ2ã#"ÄÖöFW&FRÄ†÷BÄvöö@£C’ÄÖÆRÃÃBãcÄÖöFW&FRÄ†÷BÄvöö@£cBÄÖÆRÃRÃ2ã3rÄ†–v‚Äæ÷&ÖÂÄvöö@£3’ÄfVÖÆRÃsRÃ"ãBÄÖöFW&FRÄ6öÆBÄvöö@£#’ÄÖÆRÃs’ÃãcbÄÆ÷rÄ6öÆBÅö÷ £S‚ÄÖÆRÃsÃ"ã"ÄÆ÷rÄ†÷BÅö÷ £#BÄfVÖÆRÃƒÃ2ãcrÄ†–v‚Äæ÷&ÖÂÄvöö@£3RÄfVÖÆRÃc‚Ãã“’ÄÆ÷rÄæ÷&ÖÂÅö÷ £CRÄÖÆRÃCrÃãƒbÄÖöFW&FRÄ6öÆBÄvöö@£CbÄÖÆRÃsbÃ"ã“BÄ†–v‚Ä6öÆBÄvöö@£C‚ÄfVÖÆRÃÃ2ã"ÄÖöFW&FRÄæ÷&ÖÂÄvöö@£3‚ÄfVÖÆRÃƒRÃ"ã#BÄÆ÷rÄ6öÆBÅö÷ £#‚ÄÖÆRÃ2Ã2ãCbÄÖöFW&FRÄæ÷&ÖÂÄvöö@£#ÄÖÆRÃS‚Ãã“2ÄÖöFW&FRÄ6öÆBÄvöö@£C‚ÄfVÖÆRÃBÃ"ã’ÄÆ÷rÄæ÷&ÖÂÅö÷ £#bÄfVÖÆRÃ“‚ÃBãCrÄÖöFW&FRÄ†÷BÄvöö@£CbÄÖÆRÃ“bÃ"ãƒ"ÄÖöFW&FRÄ6öÆBÅö÷ £c’ÄfVÖÆRÃcbÃ"ã3’Ä†–v‚Ä6öÆBÄvöö@£c2ÄfVÖÆRÃCrÃã“RÄ†–v‚Ä6öÆBÄvöö@£CRÄfVÖÆRÃƒÃ"ãƒbÄÖöFW&FRÄæ÷&ÖÂÄvöö@£#bÄÖÆRÃbÃ2ãbÄÖöFW&FRÄæ÷&ÖÂÄvöö@£#‚ÄfVÖÆRÃs’Ã"ãC’ÄÖöFW&FRÄæ÷&ÖÂÄvöö@£S2ÄfVÖÆRÃc2Ã"ã’ÄÆ÷rÄ†÷BÄvöö@£c2ÄfVÖÆRÃBÃBãRÄÖöFW&FRÄ†÷BÄvöö@£C‚ÄÖÆRÃcrÃ"ãƒ"ÄÖöFW&FRÄæ÷&ÖÂÄvöö@£3ÄfVÖÆRÃsÃ"ãC2ÄÖöFW&FRÄ6öÆBÄvöö@£S2ÄfVÖÆRÃS2ÃãRÄÖöFW&FRÄ6öÆBÅö÷ £C’ÄfVÖÆRÃƒ‚ÃBãRÄÖöFW&FRÄ†÷BÄvöö@£‚ÄÖÆRÃS’Ã"ãSRÄ†–v‚Ä6öÆBÄvöö@£c2ÄÖÆRÃ“"Ã"ã3BÄÆ÷rÄ6öÆBÅö÷ £C2ÄÖÆRÃƒÃ2ãC’ÄÆ÷rÄ†÷BÄvöö@£cBÄfVÖÆRÃCrÃ"ãsÄ†–v‚Ä†÷BÄvöö@£‚ÄÖÆRÃƒ2Ã"ãSRÄÆ÷rÄ6öÆBÄvöö@£CÄÖÆRÃs‚Ã"ãs’Ä†–v‚Ä6öÆBÄvöö@£cbÄfVÖÆRÃ“2Ã"ã#bÄÖöFW&FRÄ6öÆBÅö÷ £’ÄÖÆRÃƒ2Ã"ãSrÄÆ÷rÄ6öÆBÄvöö@£CBÄfVÖÆRÃCRÃã‚ÄÆ÷rÄæ÷&ÖÂÄvöö@£C’ÄfVÖÆRÃƒ‚Ã2ãSbÄ†–v‚Ä6öÆBÄvöö@£c2ÄÖÆRÃ"Ã2ãs’ÄÆ÷rÄ†÷BÄvöö@£C"ÄÖÆRÃÃ2ãBÄÖöFW&FRÄæ÷&ÖÂÄvöö@£crÄÖÆRÃC’Ã"ã"Ä†–v‚Äæ÷&ÖÂÄvöö@£C’ÄÖÆRÃSÃ"ã#2Ä†–v‚Äæ÷&ÖÂÄvöö@£CRÄfVÖÆRÃRÃ2ã“rÄÖöFW&FRÄæ÷&ÖÂÄvöö@£cbÄfVÖÆRÃ“rÃ2ãƒ‚Ä†–v‚Ä†÷BÄvöö@£#ÄfVÖÆRÃ“Ã2ãSBÄ†–v‚Äæ÷&ÖÂÄvöö@£c2ÄfVÖÆRÃbÃ2ã2ÄÖöFW&FRÄ6öÆBÅö÷ £S2ÄfVÖÆRÃc‚Ããƒ"ÄÆ÷rÄæ÷&ÖÂÅö÷ £cbÄfVÖÆRÃ“"Ã2ã#rÄÖöFW&FRÄ†÷BÄvöö@£cRÄfVÖÆRÃsÃ"ãs’ÄÖöFW&FRÄ†÷BÄvöö@£SRÄfVÖÆRÃ’ÃBã“BÄ†–v‚Ä†÷BÄvöö@£crÄfVÖÆRÃƒBÃ2ãrÄÖöFW&FRÄæ÷&ÖÂÄvöö@£‚ÄfVÖÆRÃsBÃ2ã’ÄÖöFW&FRÄ†÷BÄvöö@£3’ÄÖÆRÃs’Ã2ã3"ÄÖöFW&FRÄ†÷BÄvöö@£3ÄfVÖÆRÃƒ’ÃBã3bÄ†–v‚Ä†÷BÄvöö@£#’ÄÖÆRÃc‚ÃãsRÄÆ÷rÄæ÷&ÖÂÅö÷ £#bÄfVÖÆRÃCbÃ"ãƒ‚ÄÖöFW&FRÄ†÷BÄvöö@£C‚ÄfVÖÆRÃs2Ã2ã2ÄÆ÷rÄ†÷BÄvöö@£S2ÄÖÆRÃ“’Ã2ãs‚Ä†–v‚Äæ÷&ÖÂÄvöö@£3‚ÄÖÆRÃ“2Ã"ãÄÆ÷rÄ6öÆBÅö÷ £C"ÄÖÆRÃS"Ããƒ2ÄÆ÷rÄæ÷&ÖÂÄvöö@£SrÄfVÖÆRÃƒ’Ã"ãbÄÆ÷rÄ†÷BÅö÷ £c‚ÄfVÖÆRÃSBÃã“’ÄÖöFW&FRÄæ÷&ÖÂÄvöö@£#BÄÖÆRÃƒ’ÃBãs’Ä†–v‚Ä†÷BÄvöö@£SRÄfVÖÆRÃSrÃãRÄÖöFW&FRÄæ÷&ÖÂÅö÷ £CÄfVÖÆRÃsBÃ"ãCRÄ†–v‚Ä6öÆBÄvöö@£crÄfVÖÆRÃ“‚Ã2ãs2Ä†–v‚Ä6öÆBÄvöö@£C"ÄÖÆRÃ“rÃ"ãsRÄÆ÷rÄ6öÆBÅö÷ £SrÄÖÆRÃcrÃ2ã2Ä†–v‚Ä†÷BÄvöö@£cbÄÖÆRÃƒbÃ"ãSbÄ†–v‚Ä6öÆBÅö÷ £SÄfVÖÆRÃsÃ"ãs"Ä†–v‚Ä6öÆBÄvöö@£CbÄÖÆRÃBÃ2ãS2ÄÆ÷rÄ†÷BÄvöö@£C"ÄÖÆRÃƒ‚Ã2ã3’Ä†–v‚Ä6öÆBÄvöö@£#’ÄÖÆRÃƒ2Ã2ãC‚ÄÖöFW&FRÄæ÷&ÖÂÄvöö@£CbÄÖÆRÃcBÃ"ãcÄ†–v‚Äæ÷&ÖÂÄvöö@£#bÄÖÆRÃCbÃãSrÄÆ÷rÄ6öÆBÄvöö@£3‚ÄÖÆRÃÃ2ãrÄÆ÷rÄ†÷BÄvöö@£3’ÄÖÆRÃ2ÃBã“‚Ä†–v‚Ä†÷BÄvöö@£CRÄfVÖÆRÃrÃBãsÄ†–v‚Ä†÷BÄvöö@£3bÄÖÆRÃsrÃBã3Ä†–v‚Ä†÷BÄvöö@£c2ÄÖÆRÃƒÃ2ã#bÄÆ÷rÄ†÷BÄvöö@£3bÄÖÆRÃsÃ"ãRÄÆ÷rÄ6öÆBÅö÷ £#"ÄÖÆRÃsbÃ2ã2Ä†–v‚Äæ÷&ÖÂÄvöö@£3BÄfVÖÆRÃÃ"ã“bÄÆ÷rÄæ÷&ÖÂÅö÷ £S’ÄfVÖÆRÃbÃ"ãS’ÄÆ÷rÄæ÷&ÖÂÅö÷ £C‚ÄÖÆRÃƒRÃ2ã“Ä†–v‚Ä†÷BÄvöö@£#BÄÖÆRÃƒRÃ2ãc’ÄÖöFW&FRÄ†÷BÄvöö@£c"ÄfVÖÆRÃƒ‚Ã"ãƒbÄÖöFW&FRÄæ÷&ÖÂÄvöö@£SbÄfVÖÆRÃc2Ã2ãs‚Ä†–v‚Ä†÷BÄvöö@£SRÄÖÆRÃcÃ"ã"Ä†–v‚Ä6öÆBÄvöö@£3"ÄfVÖÆRÃC‚ÃãRÄÆ÷rÄæ÷&ÖÂÄvöö@£3BÄfVÖÆRÃ"ÃBã‚Ä†–v‚Äæ÷&ÖÂÄvöö@£c2ÄfVÖÆRÃƒÃ"ã#BÄÖöFW&FRÄ6öÆBÅö÷ £3rÄfVÖÆRÃÃ2ãS‚ÄÖöFW&FRÄ6öÆBÄvöö@£c"ÄÖÆRÃC‚ÃãcBÄ†–v‚Ä6öÆBÄvöö@£3rÄÖÆRÃ“bÃBã#"Ä†–v‚Ä†÷BÄvöö@£cÄfVÖÆRÃsRÃ"ã3‚ÄÆ÷rÄ†÷BÄvöö@£CÄfVÖÆRÃS’Ã"ãS"Ä†–v‚Äæ÷&ÖÂÄvöö@£#rÄÖÆRÃƒRÃ2ã3‚Ä†–v‚Äæ÷&ÖÂÄvöö@£cbÄfVÖÆRÃ“"Ã2ãBÄÆ÷rÄ†÷BÄvöö@£CÄfVÖÆRÃcrÃ"ãsBÄÖöFW&FRÄ†÷BÄvöö@£SÄfVÖÆRÃƒÃ2ãCbÄ†–v‚Ä6öÆBÄvöö@£C2ÄÖÆRÃsRÃ"ã3bÄÖöFW&FRÄæ÷&ÖÂÄvöö@£c"ÄÖÆRÃ“BÃ2ãC"Ä†–v‚Äæ÷&ÖÂÄvöö@£CÄfVÖÆRÃCRÃãS"ÄÖöFW&FRÄæ÷&ÖÂÄvöö@£3’ÄÖÆRÃS2Ã"ãSrÄ†–v‚Ä6öÆBÄvöö@£S"ÄfVÖÆRÃSrÃãS’ÄÆ÷rÄæ÷&ÖÂÅö÷ £c‚ÄfVÖÆRÃc’Ã"ãƒ"Ä†–v‚Äæ÷&ÖÂÄvöö@£#ÄÖÆRÃ“rÃBã#BÄÖöFW&FRÄ†÷BÄvöö@£SÄfVÖÆRÃC‚ÃãƒÄÆ÷rÄ†÷BÄvöö@£3BÄÖÆRÃcbÃ2ãcÄÖöFW&FRÄ†÷BÄvöö@£C‚ÄfVÖÆRÃ“2ÃBãrÄÖöFW&FRÄ†÷BÄvöö@£c2ÄÖÆRÃƒ"Ã2ã#ÄÖöFW&FRÄ†÷BÄvöö@£cbÄÖÆRÃsÃ2ã’Ä†–v‚Ä†÷BÄvöö@£c2ÄfVÖÆRÃsÃ2ã‚Ä†–v‚Ä†÷BÄvöö@£3ÄÖÆRÃCrÃ"ã"ÄÆ÷rÄ†÷BÄvöö@£c"ÄÖÆRÃbÃRãÄ†–v‚Ä†÷BÄvöö@£CRÄÖÆRÃƒ‚Ã2ã’Ä†–v‚Ä†÷BÄvöö@£SrÄfVÖÆRÃ“bÃ"ãƒÄÖöFW&FRÄæ÷&ÖÂÅö÷ £SÄÖÆRÃs‚ÃBã2Ä†–v‚Ä†÷BÄvöö@£3bÄfVÖÆRÃCRÃ"ãSbÄ†–v‚Äæ÷&ÖÂÄvöö@£#"ÄfVÖÆRÃÃ2ãSrÄ†–v‚Äæ÷&ÖÂÄvöö@£’ÄÖÆRÃSÃãRÄÆ÷rÄæ÷&ÖÂÅö÷ £#BÄfVÖÆRÃ2Ã2ãsBÄ†–v‚Äæ÷&ÖÂÄvöö@£SrÄÖÆRÃ“2Ã2ãcbÄ†–v‚Äæ÷&ÖÂÄvöö@£S2ÄfVÖÆRÃSBÃãRÄÆ÷rÄæ÷&ÖÂÅö÷ £cÄfVÖÆRÃcÃã“ÄÆ÷rÄæ÷&ÖÂÄvöö@£32ÄfVÖÆRÃ“2Ã2ãsBÄÖöFW&FRÄ†÷BÄvöö@£CBÄÖÆRÃSÃãƒÄ†–v‚Ä6öÆBÄvöö@£C’ÄfVÖÆRÃƒ"Ã2ãbÄÖöFW&FRÄæ÷&ÖÂÄvöö@£c"ÄÖÆRÃs2Ã"ã“ÄÆ÷rÄ†÷BÄvöö@£C‚ÄÖÆRÃcÃãSrÄÖöFW&FRÄ6öÆBÅö÷ £3"ÄÖÆRÃ“Ã2ã#BÄ†–v‚Ä6öÆBÄvöö@£#‚ÄfVÖÆRÃƒ2Ã2ãCÄÆ÷rÄ†÷BÄvöö@£c‚ÄÖÆRÃƒ2Ã2ã“2Ä†–v‚Ä†÷BÄvöö@£C"ÄfVÖÆRÃsÃ"ã“2ÄÖöFW&FRÄ†÷BÄvöö@£3bÄfVÖÆRÃSrÃãbÄÆ÷rÄ6öÆBÅö÷ £cBÄfVÖÆRÃƒbÃ"ã‚ÄÆ÷rÄæ÷&ÖÂÅö÷ £#BÄÖÆRÃcRÃ2ãc’Ä†–v‚Ä†÷BÄvöö@£c"ÄÖÆRÃsÃ"ãC"Ä†–v‚Äæ÷&ÖÂÄvöö@£#"ÄfVÖÆRÃC’ÃãcbÄÖöFW&FRÄ6öÆBÄvöö@£3ÄfVÖÆRÃƒ‚ÃBãsrÄ†–v‚Ä†÷BÄvöö@£C’ÄÖÆRÃƒÃ2ãÄÖöFW&FRÄæ÷&ÖÂÄvöö@£CÄÖÆRÃs‚Ã"ãcbÄÖöFW&FRÄ6öÆBÄvöö@£CÄÖÆRÃCbÃ"ãrÄÖöFW&FRÄ†÷BÄvöö@£crÄfVÖÆRÃsRÃ"ã“’ÄÆ÷rÄ†÷BÄvöö@£#"ÄfVÖÆRÃcÃBã"Ä†–v‚Ä†÷BÄvöö@£3RÄÖÆRÃsRÃ2ãƒRÄÖöFW&FRÄ†÷BÄvöö@£#ÄfVÖÆRÃS2Ã"ã"ÄÆ÷rÄæ÷&ÖÂÄvöö@£CRÄfVÖÆRÃc"ÃãrÄÖöFW&FRÄ6öÆBÅö÷ £C"ÄfVÖÆRÃC’ÃãRÄÆ÷rÄ6öÆBÄvöö@£CBÄfVÖÆRÃ“RÃ2ã#Ä†–v‚Ä6öÆBÄvöö@£‚ÄÖÆRÃÃ2ã“RÄÖöFW&FRÄæ÷&ÖÂÄvöö@£‚ÄÖÆRÃ“2Ã2ã#"ÄÆ÷rÄæ÷&ÖÂÄvöö@£3ÄfVÖÆRÃƒBÃ2ãS‚Ä†–v‚Ä6öÆBÄvöö@£C’ÄÖÆRÃƒ2Ã2ã3ÄÖöFW&FRÄ†÷BÄvöö@£CrÄÖÆRÃsÃ"ãSbÄÆ÷rÄ†÷BÄvöö@£cÄfVÖÆRÃCrÃã“Ä†–v‚Äæ÷&ÖÂÄvöö@£CBÄÖÆRÃSBÃ"ã“‚Ä†–v‚Äæ÷&ÖÂÄvöö@£3BÄfVÖÆRÃƒbÃBãÄ†–v‚Ä†÷BÄvöö@£C2ÄÖÆRÃBÃ"ã“ÄÆ÷rÄ6öÆBÅö÷ £c"ÄfVÖÆRÃC’ÃãRÄÆ÷rÄ6öÆBÄvöö@£S‚ÄfVÖÆRÃc’Ã"ãbÄ†–v‚Ä6öÆBÄvöö@£CÄfVÖÆRÃcbÃ"ã2ÄÆ÷rÄæ÷&ÖÂÄvöö@£#rÄÖÆRÃƒbÃ"ãƒBÄÖöFW&FRÄæ÷&ÖÂÄvöö@£C‚ÄfVÖÆRÃƒÃ2ãCRÄ†–v‚Ä6öÆBÄvöö@£C’ÄÖÆRÃrÃ2ãs2Ä†–v‚Ä6öÆBÄvöö@£crÄfVÖÆRÃ’ÃBãc‚Ä†–v‚Ä†÷BÄvöö@£SBÄÖÆRÃ’ÃBã“bÄ†–v‚Ä†÷BÄvöö@£#"ÄfVÖÆRÃsÃ"ã3BÄÆ÷rÄ†÷BÄvöö@£CÄÖÆRÃsÃ"ã“‚Ä†–v‚Äæ÷&ÖÂÄvöö@£3RÄfVÖÆRÃc‚Ã"ã"ÄÆ÷rÄ6öÆBÄvöö@£SbÄfVÖÆRÃSbÃãSbÄÖöFW&FRÄ6öÆBÅö÷ £S"ÄÖÆRÃS‚Ã"ãÄÖöFW&FRÄ6öÆBÄvöö@£3‚ÄfVÖÆRÃ“‚Ã2ãbÄÆ÷rÄæ÷&ÖÂÄvöö@£C‚ÄfVÖÆRÃcÃ"ã#"ÄÖöFW&FRÄ6öÆBÄvöö@£c‚ÄÖÆRÃC‚ÃãRÄÖöFW&FRÄ6öÆBÄvöö@£SBÄÖÆRÃS2Ã"ã"Ä†–v‚Ä6öÆBÄvöö@£3’ÄfVÖÆRÃcRÃ"ãcÄÖöFW&FRÄæ÷&ÖÂÄvöö@£CÄÖÆRÃRÃBã2Ä†–v‚Ä6öÆBÄvöö@£3BÄÖÆRÃ“’ÃBãRÄÖöFW&FRÄ†÷BÄvöö@£cBÄÖÆRÃƒRÃ2ãƒ"Ä†–v‚Ä†÷BÄvöö@£C’ÄfVÖÆRÃ2ÃBãÄÖöFW&FRÄæ÷&ÖÂÄvöö@£CbÄfVÖÆRÃSRÃãc2ÄÆ÷rÄæ÷&ÖÂÅö÷ £c‚ÄÖÆRÃÃ2ã3rÄÆ÷rÄ†÷BÄvöö@£#ÄfVÖÆRÃSrÃ"ã2Ä†–v‚Äæ÷&ÖÂÄvöö@£#‚ÄÖÆRÃcrÃ"ãrÄ†–v‚Äæ÷&ÖÂÄvöö@£3BÄfVÖÆRÃS2Ã"ã3rÄÖöFW&FRÄæ÷&ÖÂÄvöö@£3bÄfVÖÆRÃs"Ã2ã’ÄÖöFW&FRÄ†÷BÄvöö@£3bÄÖÆRÃC‚ÃãsRÄÖöFW&FRÄ6öÆBÄvöö@£C‚ÄfVÖÆRÃC’Ã"ã’Ä†–v‚Äæ÷&ÖÂÄvöö@£cRÄfVÖÆRÃsbÃ"ãC2ÄÖöFW&FRÄ6öÆBÄvöö@£cRÄÖÆRÃ2Ã2ãs"ÄÆ÷rÄ†÷BÄvöö@£SrÄfVÖÆRÃ‚Ã2ã2ÄÖöFW&FRÄæ÷&ÖÂÅö÷ £S‚ÄfVÖÆRÃs’Ã"ãc‚ÄÆ÷rÄ†÷BÄvöö@£3RÄÖÆRÃcÃ"ã2Ä†–v‚Ä6öÆBÄvöö@£#‚ÄfVÖÆRÃsrÃ"ãS2ÄÆ÷rÄæ÷&ÖÂÄvöö@£CbÄfVÖÆRÃ"ÃBã3rÄ†–v‚Äæ÷&ÖÂÄvöö@£3RÄfVÖÆRÃƒ’Ã"ãƒRÄÆ÷rÄ6öÆBÄvöö@£3rÄÖÆRÃÃ2ã‚ÄÆ÷rÄæ÷&ÖÂÄvöö@£CBÄfVÖÆRÃc"Ã"ã3ÄÆ÷rÄ†÷BÄvöö@£C"ÄfVÖÆRÃC’Ã"ãÄÖöFW&FRÄ6öÆBÄvöö@£SrÄÖÆRÃS’ÃãRÄÆ÷rÄ6öÆBÅö÷ £SRÄfVÖÆRÃƒ2Ã"ãSrÄÆ÷rÄ†÷BÄvöö@£SRÄÖÆRÃSrÃ2ãSbÄ†–v‚Ä†÷BÄvöö@£#"ÄÖÆRÃcRÃ"ãƒÄÖöFW&FRÄ†÷BÄvöö@£cÄÖÆRÃbÃ"ãƒ2ÄÖöFW&FRÄ6öÆBÅö÷ £cbÄfVÖÆRÃbÃBãRÄ†–v‚Ä6öÆBÄvöö@£cbÄÖÆRÃƒ2Ã"ãƒ"Ä†–v‚Äæ÷&ÖÂÄvöö@£SÄÖÆRÃcÃ"ãBÄ†–v‚Ä6öÆBÄvöö@£3ÄfVÖÆRÃÃ"ãƒÄÆ÷rÄæ÷&ÖÂÅö÷ £c’ÄfVÖÆRÃS’ÃãSRÄÆ÷rÄæ÷&ÖÂÅö÷ £c"ÄÖÆRÃÃ2ãƒ’Ä†–v‚Äæ÷&ÖÂÄvöö@£CÄfVÖÆRÃbÃ2ãÄÆ÷rÄ6öÆBÅö÷ £S‚ÄÖÆRÃ’Ã"ã3bÄÆ÷rÄ6öÆBÅö÷ £cRÄfVÖÆRÃS’ÃãƒBÄÆ÷rÄæ÷&ÖÂÄvöö@£SÄfVÖÆRÃ’Ã2ã#’Ä†–v‚Ä6öÆBÄvöö@£’ÄÖÆRÃ“RÃ"ãs"ÄÆ÷rÄ6öÆBÅö÷ £S"ÄÖÆRÃc2Ã"ãcbÄ†–v‚Äæ÷&ÖÂÄvöö@£’ÄÖÆRÃsbÃ"ã“bÄÖöFW&FRÄæ÷&ÖÂÄvöö@£#‚ÄÖÆRÃS"Ã"ã#rÄ†–v‚Äæ÷&ÖÂÄvöö@£SÄfVÖÆRÃsbÃ2ã’ÄÆ÷rÄ†÷BÄvöö@£#RÄfVÖÆRÃs‚Ã"ã“’ÄÖöFW&FRÄ6öÆBÄvöö@£cÄfVÖÆRÃc’ÃãcÄÆ÷rÄæ÷&ÖÂÅö÷ £#bÄfVÖÆRÃ“ÃBãƒ‚Ä†–v‚Ä†÷BÄvöö@£3"ÄfVÖÆRÃƒbÃ2ã#RÄÖöFW&FRÄæ÷&ÖÂÄvöö@£cÄfVÖÆRÃ“BÃ2ãCrÄÖöFW&FRÄæ÷&ÖÂÄvöö@£#’ÄÖÆRÃ2Ã"ãc2ÄÆ÷rÄ6öÆBÅö÷ £SBÄÖÆRÃcBÃ"ã‚ÄÖöFW&FRÄæ÷&ÖÂÄvöö@£SBÄÖÆRÃsRÃ2ãc’Ä†–v‚Ä†÷BÄvöö@£crÄfVÖÆRÃ“2Ã"ã"ÄÆ÷rÄ6öÆBÅö÷ £CrÄÖÆRÃs’Ã"ãcBÄÆ÷rÄ†÷BÄvöö@£3ÄÖÆRÃcRÃ"ãCbÄ†–v‚Ä6öÆBÄvöö@£cRÄfVÖÆRÃsrÃ"ãƒRÄÖöFW&FRÄ†÷BÄvöö@£#ÄfVÖÆRÃS‚Ã"ã“ÄÖöFW&FRÄ†÷BÄvöö@£SÄÖÆRÃC‚Ã"ã‚Ä†–v‚Äæ÷&ÖÂÄvöö@£cBÄfVÖÆRÃSrÃãcBÄÆ÷rÄæ÷&ÖÂÅö÷ £SbÄÖÆRÃc’ÃãS2ÄÖöFW&FRÄ6öÆBÅö÷ £SRÄÖÆRÃƒrÃ"ãSÄÆ÷rÄ6öÆBÅö÷ £CbÄÖÆRÃ“’Ã"ã#2ÄÆ÷rÄ6öÆBÅö÷ £SRÄfVÖÆRÃs‚Ã2ãc’ÄÖöFW&FRÄ†÷BÄvöö@£CRÄÖÆRÃ“RÃBãbÄÖöFW&FRÄ†÷BÄvöö@£SbÄfVÖÆRÃƒÃ"ãƒRÄ†–v‚Äæ÷&ÖÂÄvöö@£’ÄfVÖÆRÃs‚ÃãSBÄÆ÷rÄ6öÆBÅö÷ £SRÄÖÆRÃsRÃ2ã"Ä†–v‚Ä6öÆBÄvöö@£CrÄÖÆRÃsÃ"ã#’ÄÆ÷rÄæ÷&ÖÂÄvöö@£C‚ÄÖÆRÃSBÃ2ã#2ÄÖöFW&FRÄ†÷BÄvöö@£C2ÄÖÆRÃS2Ã"ãC’ÄÆ÷rÄ†÷BÄvöö@£#2ÄfVÖÆRÃ“rÃ2ã3’ÄÖöFW&FRÄæ÷&ÖÂÄvöö@£c’ÄÖÆRÃƒbÃ2ã"Ä†–v‚Ä6öÆBÄvöö@£#ÄÖÆRÃ“RÃ"ã“’ÄÖöFW&FRÄæ÷&ÖÂÄvöö@£cÄfVÖÆRÃSrÃ"ã“2Ä†–v‚Ä†÷BÄvöö@£CÄfVÖÆRÃcBÃãRÄÆ÷rÄ6öÆBÅö÷ £c’ÄÖÆRÃ“’Ã2ãSrÄ†–v‚Ä6öÆBÄvöö@£32ÄÖÆRÃsBÃ"ãCrÄ†–v‚Ä6öÆBÄvöö@£S‚ÄfVÖÆRÃ“2Ã2ãs‚Ä†–v‚Äæ÷&ÖÂÄvöö@£#ÄfVÖÆRÃ’Ã2ã#rÄÆ÷rÄæ÷&ÖÂÄvöö@£crÄÖÆRÃCbÃãRÄÖöFW&FRÄ6öÆBÄvöö@£#‚ÄfVÖÆRÃcÃ2ãƒrÄ†–v‚Ä†÷BÄvöö@£C’ÄfVÖÆRÃƒ2Ã2ãs‚Ä†–v‚Äæ÷&ÖÂÄvöö@£CÄÖÆRÃ“Ã2ãc’ÄÆ÷rÄ†÷BÄvöö@£CrÄfVÖÆRÃSBÃã“ÄÆ÷rÄæ÷&ÖÂÄvöö@£C‚ÄÖÆRÃsÃãcrÄÆ÷rÄæ÷&ÖÂÅö÷ £S’ÄfVÖÆRÃsBÃã“ÄÆ÷rÄæ÷&ÖÂÅö÷ £C’ÄÖÆRÃƒ"Ã"ãÄÆ÷rÄæ÷&ÖÂÅö÷ £c’ÄÖÆRÃs‚Ã"ã#bÄÖöFW&FRÄ6öÆBÅö÷ £3ÄÖÆRÃƒ2Ã"ãs‚ÄÖöFW&FRÄæ÷&ÖÂÄvöö@£#bÄÖÆRÃƒ’Ã"ãc2ÄÆ÷rÄ6öÆBÅö÷ £SBÄfVÖÆRÃS"ÃãƒRÄÖöFW&FRÄæ÷&ÖÂÄvöö@£#’ÄÖÆRÃcBÃãc2ÄÆ÷rÄ6öÆBÅö÷ £#’ÄÖÆRÃcbÃ"ãC’ÄÆ÷rÄ†÷BÄvöö@£cRÄfVÖÆRÃƒ’Ã"ã3’ÄÆ÷rÄæ÷&ÖÂÅö÷ £cBÄfVÖÆRÃs"Ã"ã3BÄÆ÷rÄ†÷BÄvöö@£#bÄfVÖÆRÃCbÃ"ãC‚ÄÆ÷rÄ†÷BÄvöö@£3ÄÖÆRÃ“rÃ2ã“‚Ä†–v‚Ä6öÆBÄvöö@£c2ÄÖÆRÃcBÃ"ã3bÄ†–v‚Ä6öÆBÄvöö@£cÄÖÆRÃcBÃ"ãs’Ä†–v‚Ä6öÆBÄvöö@£cÄÖÆRÃCrÃãS’ÄÆ÷rÄ†÷BÄvöö@£S‚ÄÖÆRÃRÃBã“rÄ†–v‚Ä†÷BÄvöö@£CbÄÖÆRÃƒ"Ã"ãC2ÄÖöFW&FRÄ6öÆBÅö÷ £CÄÖÆRÃcbÃ"ã"ÄÖöFW&FRÄ6öÆBÄvöö@£3rÄÖÆRÃrÃBãS2Ä†–v‚Äæ÷&ÖÂÄvöö@£cRÄfVÖÆRÃ“BÃ"ãcRÄÆ÷rÄ6öÆBÅö÷ £CÄÖÆRÃ“Ã2ãCbÄÖöFW&FRÄ†÷BÄvöö@£CbÄÖÆRÃcbÃãƒ’ÄÆ÷rÄæ÷&ÖÂÅö÷ £#bÄfVÖÆRÃ“2Ã2ã#2ÄÆ÷rÄæ÷&ÖÂÄvöö@£crÄfVÖÆRÃƒÃãƒÄÆ÷rÄæ÷&ÖÂÅö÷ £#"ÄÖÆRÃC‚Ããs’ÄÖöFW&FRÄ6öÆBÄvöö@£cÄÖÆRÃS‚ÃãsBÄÆ÷rÄæ÷&ÖÂÄvöö@£3RÄfVÖÆRÃƒ‚Ã"ãsBÄÖöFW&FRÄæ÷&ÖÂÄvöö@£c‚ÄÖÆRÃƒ"Ã"ãsbÄÖöFW&FRÄ6öÆBÄvöö@£cBÄÖÆRÃ“’Ã2ãsbÄÖöFW&FRÄ†÷BÄvöö@£cRÄÖÆRÃc"Ã"ãrÄÆ÷rÄ†÷BÄvöö@£C2ÄfVÖÆRÃÃ"ãsbÄÖöFW&FRÄ6öÆBÅö÷ £CÄfVÖÆRÃsÃ"ã3‚ÄÖöFW&FRÄ6öÆBÄvöö@£c’ÄfVÖÆRÃs2Ã"ã#"ÄÆ÷rÄæ÷&ÖÂÄvöö@£#RÄÖÆRÃS‚ÃãRÄÆ÷rÄæ÷&ÖÂÅö÷ £cbÄÖÆRÃs2Ã"ãsÄÆ÷rÄ†÷BÄvöö@£SbÄÖÆRÃsrÃBãRÄ†–v‚Ä†÷BÄvöö@£cbÄfVÖÆRÃCRÃ"ãsRÄ†–v‚Ä†÷BÄvöö@£c‚ÄfVÖÆRÃ“‚Ã2ãcRÄ†–v‚Ä6öÆBÄvöö@£CrÄfVÖÆRÃCRÃ"ãc’Ä†–v‚Ä†÷BÄvöö@£cRÄÖÆRÃs2Ã"ãSBÄ†–v‚Äæ÷&ÖÂÄvöö@£SrÄÖÆRÃƒrÃ"ãSBÄÆ÷rÄæ÷&ÖÂÅö÷ £CÄfVÖÆRÃ"Ã"ãƒBÄÆ÷rÄæ÷&ÖÂÅö÷ £S‚ÄÖÆRÃ“‚Ã"ãC"ÄÆ÷rÄæ÷&ÖÂÅö÷ £3ÄfVÖÆRÃCRÃãS’ÄÖöFW&FRÄæ÷&ÖÂÄvöö@£3ÄfVÖÆRÃsÃ"ãC’ÄÖöFW&FRÄæ÷&ÖÂÄvöö@£#ÄfVÖÆRÃBÃ2ã“bÄÖöFW&FRÄ†÷BÄvöö@£CÄÖÆRÃbÃ"ãƒrÄÆ÷rÄæ÷&ÖÂÅö÷ £SbÄÖÆRÃs‚Ã"ã"ÄÖöFW&FRÄ6öÆBÅö÷ £C"ÄfVÖÆRÃ“bÃ2ã#ÄÖöFW&FRÄæ÷&ÖÂÄvöö@£‚ÄÖÆRÃS2Ã"ãcBÄ†–v‚Ä6öÆBÄvöö@£S‚ÄfVÖÆRÃsRÃ"ã“2Ä†–v‚Äæ÷&ÖÂÄvöö@£c’ÄfVÖÆRÃSBÃãRÄÆ÷rÄæ÷&ÖÂÅö÷ £3RÄfVÖÆRÃ2Ã2ãcÄÖöFW&FRÄ6öÆBÄvöö@£cÄÖÆRÃcrÃ"ã‚ÄÖöFW&FRÄ6öÆBÄvöö@£c2ÄÖÆRÃ“2Ã2ãSRÄ†–v‚Ä6öÆBÄvöö@£CbÄÖÆRÃ2Ã2ãrÄÆ÷rÄ6öÆBÄvöö@£SBÄÖÆRÃrÃ"ãS"ÄÆ÷rÄæ÷&ÖÂÅö÷ £C‚ÄfVÖÆRÃƒÃ"ãƒ2ÄÖöFW&FRÄæ÷&ÖÂÄvöö@£cbÄÖÆRÃCrÃãƒ’Ä†–v‚Ä6öÆBÄvöö@£cbÄfVÖÆRÃƒÃ"ãcBÄÖöFW&FRÄ6öÆBÄvöö@£#bÄfVÖÆRÃÃ2ãrÄÖöFW&FRÄ†÷BÄvöö@£#RÄfVÖÆRÃsrÃ2ã2ÄÆ÷rÄ†÷BÄvöö@£S"ÄÖÆRÃsRÃ2ã3‚ÄÖöFW&FRÄ†÷BÄvöö@£c2ÄÖÆRÃSBÃ2ã‚Ä†–v‚Ä†÷BÄvöö@£SÄÖÆRÃ“RÃ"ã3RÄÆ÷rÄæ÷&ÖÂÅö÷ £SbÄÖÆRÃSbÃ"ãS‚ÄÖöFW&FRÄ†÷BÄvöö@£#ÄÖÆRÃCbÃ"ãCBÄ†–v‚Äæ÷&ÖÂÄvöö@£C’ÄÖÆRÃ“RÃ"ãc‚ÄÖöFW&FRÄ6öÆBÅö÷ £#‚ÄÖÆRÃsbÃ"ãsÄÖöFW&FRÄæ÷&ÖÂÄvöö@£c"ÄfVÖÆRÃ“‚ÃBã2Ä†–v‚Ä†÷BÄvöö@£#RÄÖÆRÃS"ÃãƒrÄÆ÷rÄ†÷BÄvöö@£3BÄÖÆRÃCrÃãRÄÆ÷rÄ6öÆBÄvöö@£#bÄfVÖÆRÃ“rÃBã3"ÄÖöFW&FRÄ†÷BÄvöö@£SÄfVÖÆRÃbÃBã3’Ä†–v‚Ä†÷BÄvöö@£CbÄÖÆRÃcrÃ2ã3’Ä†–v‚Ä†÷BÄvöö@£S"ÄÖÆRÃS‚ÃãRÄÆ÷rÄ6öÆBÅö÷ £SÄfVÖÆRÃ“2Ã"ãbÄÆ÷rÄ6öÆBÅö÷ £3rÄfVÖÆRÃcbÃ"ãcRÄ†–v‚Äæ÷&ÖÂÄvöö@£#’ÄÖÆRÃƒÃ"ã“’ÄÖöFW&FRÄ6öÆBÄvöö@£#’ÄfVÖÆRÃCbÃ"ã#RÄÆ÷rÄ†÷BÄvöö@£‚ÄÖÆRÃ"Ã2ãSbÄÆ÷rÄ†÷BÄvöö@£S"ÄÖÆRÃSRÃ"ã’Ä†–v‚Ä6öÆBÄvöö@£cÄfVÖÆRÃbÃ"ã"ÄÆ÷rÄ6öÆBÅö÷ £#2ÄfVÖÆRÃƒBÃ"ã“BÄÖöFW&FRÄ6öÆBÄvöö@£#2ÄÖÆRÃcÃãS‚ÄÆ÷rÄ6öÆBÅö÷ £C‚ÄÖÆRÃ“RÃ2ãRÄÆ÷rÄæ÷&ÖÂÄvöö@£32ÄfVÖÆRÃƒ’Ã2ãS‚ÄÖöFW&FRÄæ÷&ÖÂÄvöö@£#bÄfVÖÆRÃSÃãs‚Ä†–v‚Ä6öÆBÄvöö@£3BÄÖÆRÃs’Ã"ã3ÄÖöFW&FRÄ6öÆBÅö÷ £3bÄÖÆRÃsÃ"ãBÄÆ÷rÄ6öÆBÅö÷ £S‚ÄÖÆRÃƒrÃ2ã“bÄ†–v‚Ä†÷BÄvöö@£#ÄÖÆRÃƒ’Ã2ãSbÄÖöFW&FRÄ†÷BÄvöö@£3ÄfVÖÆRÃ‚Ã2ãrÄÖöFW&FRÄ6öÆBÅö÷ £SbÄfVÖÆRÃƒ’Ã"ã“2ÄÆ÷rÄ†÷BÄvöö@£cÄÖÆRÃƒbÃ2ãSRÄÖöFW&FRÄ†÷BÄvöö@£cÄfVÖÆRÃcrÃ"ãRÄÆ÷rÄ†÷BÄvöö@£SRÄÖÆRÃÃ2ã’ÄÖöFW&FRÄæ÷&ÖÂÄvöö@£3"ÄÖÆRÃs"Ã2ãcÄ†–v‚Ä†÷BÄvöö@£’ÄÖÆRÃRÃ2ãCRÄÖöFW&FRÄ6öÆBÄvöö@£C’ÄÖÆRÃC‚Ã"ãcBÄ†–v‚Ä6öÆBÄvöö@£CÄÖÆRÃS‚Ã2ã3RÄ†–v‚Ä†÷BÄvöö@£SrÄÖÆRÃƒRÃ2ã#RÄ†–v‚Äæ÷&ÖÂÄvöö@£CBÄÖÆRÃƒBÃBãBÄ†–v‚Ä†÷BÄvöö@£C‚ÄÖÆRÃ2Ã2ãƒ"ÄÖöFW&FRÄ†÷BÄvöö@£#‚ÄfVÖÆRÃSÃãRÄÆ÷rÄ6öÆBÄvöö@£S‚ÄfVÖÆRÃsbÃ"ãc"ÄÖöFW&FRÄ6öÆBÄvöö@£#‚ÄÖÆRÃÃBãC2Ä†–v‚Ä†÷BÄvöö@£#"ÄfVÖÆRÃs"Ã"ãƒRÄ†–v‚Ä6öÆBÄvöö@£#‚ÄfVÖÆRÃsÃãSRÄÆ÷rÄ6öÆBÅö÷ £cRÄfVÖÆRÃ"Ã2ãsbÄÖöFW&FRÄ†÷BÄvöö@£c"ÄfVÖÆRÃs"Ã"ãÄ†–v‚Ä6öÆBÅö÷ £C"ÄÖÆRÃsÃ2ã3‚ÄÖöFW&FRÄ†÷BÄvöö@£#ÄfVÖÆRÃs‚Ãã“BÄÆ÷rÄ6öÆBÅö÷ £SRÄfVÖÆRÃs‚Ããs’ÄÖöFW&FRÄ6öÆBÅö÷ £C"ÄfVÖÆRÃcRÃ2ã"Ä†–v‚Ä†÷BÄvöö@£#2ÄÖÆRÃ“rÃ"ã3BÄÆ÷rÄ6öÆBÅö÷ £C’ÄÖÆRÃCrÃãƒ2ÄÖöFW&FRÄ6öÆBÄvöö@£3‚ÄÖÆRÃ“"Ã"ãC‚ÄÆ÷rÄ6öÆBÅö÷ £‚ÄfVÖÆRÃCbÃãƒ2ÄÆ÷rÄæ÷&ÖÂÄvöö@£CrÄÖÆRÃ“RÃ"ã“BÄÖöFW&FRÄæ÷&ÖÂÄvöö@£C’ÄÖÆRÃÃ2ãC‚ÄÆ÷rÄæ÷&ÖÂÄvöö@£CrÄÖÆRÃƒ"Ã2ãsbÄÖöFW&FRÄ†÷BÄvöö@£3ÄfVÖÆRÃ“’Ã"ãs’ÄÆ÷rÄ6öÆBÅö÷ £c"ÄfVÖÆRÃbÃBã#bÄ†–v‚Ä†÷BÄvöö@£S‚ÄÖÆRÃsÃ"ãbÄÖöFW&FRÄ6öÆBÅö÷ £CÄÖÆRÃsbÃ"ãc2ÄÖöFW&FRÄ6öÆBÄvöö@£SÄfVÖÆRÃ“bÃ"ãƒrÄ†–v‚Ä6öÆBÅö÷ £cBÄÖÆRÃs‚Ã"ãC2ÄÆ÷rÄæ÷&ÖÂÄvöö@£C"ÄÖÆRÃCbÃ"ãS‚Ä†–v‚Äæ÷&ÖÂÄvöö@£3BÄfVÖÆRÃs2Ã2ãBÄ†–v‚Äæ÷&ÖÂÄvöö@£S"ÄfVÖÆRÃcÃ"ãbÄ†–v‚Ä6öÆBÄvöö@£3’ÄfVÖÆRÃ“RÃ2ãƒÄÖöFW&FRÄ†÷BÄvöö@£32ÄÖÆRÃc’Ã2ãÄÖöFW&FRÄ†÷BÄvöö@£3"ÄÖÆRÃÃ"ãƒRÄÆ÷rÄæ÷&ÖÂÅö÷ £3RÄfVÖÆRÃƒÃ"ã“BÄÆ÷rÄ†÷BÄvöö@£SÄfVÖÆRÃCrÃ"ãƒRÄ†–v‚Äæ÷&ÖÂÄvöö@£3‚ÄfVÖÆRÃsÃãRÄÆ÷rÄ6öÆBÅö÷ £S"ÄÖÆRÃCRÃãRÄÆ÷rÄ6öÆBÄvöö@£CÄÖÆRÃs2ÃBãrÄ†–v‚Ä†÷BÄvöö@£3‚ÄfVÖÆRÃS"Ã"ã3rÄ†–v‚Ä6öÆBÄvöö@£S"ÄfVÖÆRÃ2Ã2ãCÄ†–v‚Äæ÷&ÖÂÄvöö@£C"ÄÖÆRÃƒ’Ã2ãCBÄ†–v‚Äæ÷&ÖÂÄvöö@£C2ÄfVÖÆRÃsBÃ"ã“RÄ†–v‚Äæ÷&ÖÂÄvöö@£cÄfVÖÆRÃ“rÃ2ãs’ÄÖöFW&FRÄ†÷BÄvöö@£cÄfVÖÆRÃSRÃãRÄÖöFW&FRÄæ÷&ÖÂÅö÷ £S"ÄfVÖÆRÃ“BÃ"ã“‚ÄÆ÷rÄæ÷&ÖÂÄvöö@£cBÄfVÖÆRÃcÃãƒ’Ä†–v‚Ä6öÆBÄvöö@£3RÄfVÖÆRÃƒ’Ã2ã#2ÄÖöFW&FRÄæ÷&ÖÂÄvöö@£#BÄÖÆRÃC’Ã"ã’Ä†–v‚Äæ÷&ÖÂÄvöö@£S‚ÄÖÆRÃcbÃãRÄÆ÷rÄ6öÆBÅö÷ £C"ÄfVÖÆRÃ“BÃ"ãcRÄÆ÷rÄ6öÆBÅö÷ £C‚ÄÖÆRÃSrÃ"ãƒÄ†–v‚Äæ÷&ÖÂÄvöö@£SÄÖÆRÃcBÃ2ã#"Ä†–v‚Ä†÷BÄvöö@£#RÄfVÖÆRÃS‚Ã"ã3’ÄÖöFW&FRÄ6öÆBÄvöö@£3ÄfVÖÆRÃcRÃ"ãc’Ä†–v‚Ä6öÆBÄvöö@£CRÄfVÖÆRÃƒ"Ã"ã‚ÄÖöFW&FRÄ6öÆBÅö÷ £S2ÄfVÖÆRÃS2Ã"ã3rÄ†–v‚Äæ÷&ÖÂÄvöö@£c"ÄÖÆRÃ“‚Ã2ã“’Ä†–v‚Ä†÷BÄvöö@£#ÄfVÖÆRÃSrÃ"ãrÄÖöFW&FRÄæ÷&ÖÂÄvöö@£cÄÖÆRÃS"ÃãcrÄÖöFW&FRÄæ÷&ÖÂÄvöö@£3RÄÖÆRÃRÃ2ãƒÄÆ÷rÄ†÷BÄvöö@£c‚ÄÖÆRÃ"Ã"ãc2ÄÆ÷rÄæ÷&ÖÂÅö÷ £CrÄfVÖÆRÃSBÃãRÄÆ÷rÄæ÷&ÖÂÅö÷ £C"ÄfVÖÆRÃs‚Ã2ã’Ä†–v‚Ä6öÆBÄvöö@£SbÄÖÆRÃƒrÃ"ãcrÄÆ÷rÄ†÷BÄvöö@£’ÄfVÖÆRÃsÃ"ãs’ÄÖöFW&FRÄæ÷&ÖÂÄvöö@£S2ÄfVÖÆRÃ’ÃBã3’Ä†–v‚Ä†÷BÄvöö@£cÄfVÖÆRÃƒrÃ"ãBÄÖöFW&FRÄ6öÆBÅö÷ £3‚ÄfVÖÆRÃRÃ"ã“rÄÆ÷rÄ6öÆBÅö÷ £crÄÖÆRÃs"Ã"ãsBÄÆ÷rÄ†÷BÄvöö@£S’ÄÖÆRÃCbÃãƒÄÆ÷rÄ†÷BÄvöö@£3‚ÄfVÖÆRÃ“Ã2ãBÄÖöFW&FRÄ6öÆBÄvöö@£C"ÄfVÖÆRÃÃBãBÄ†–v‚Ä6öÆBÄvöö@£#2ÄfVÖÆRÃc"Ã"ãSRÄ†–v‚Äæ÷&ÖÂÄvöö@£3rÄfVÖÆRÃs‚Ã2ã#RÄ†–v‚Äæ÷&ÖÂÄvöö@£c‚ÄÖÆRÃ“’ÃBãS‚Ä†–v‚Ä†÷BÄvöö@£cBÄfVÖÆRÃ“2Ã2ã#bÄÖöFW&FRÄæ÷&ÖÂÄvöö@£SbÄfVÖÆRÃ2Ã2ãƒ‚ÄÆ÷rÄ†÷BÄvöö@£3ÄfVÖÆRÃsRÃ2ãcbÄÖöFW&FRÄ†÷BÄvöö@£c‚ÄÖÆRÃc‚Ã"ãSÄ†–v‚Äæ÷&ÖÂÄvöö@£S‚ÄÖÆRÃ“Ã2ãc"ÄÖöFW&FRÄ†÷BÄvöö@£cbÄfVÖÆRÃƒbÃ"ãC2ÄÖöFW&FRÄ6öÆBÅö÷ £CÄfVÖÆRÃSrÃ2ã3RÄ†–v‚Ä†÷BÄvöö@£CBÄÖÆRÃS‚Ã"ã3ÄÖöFW&FRÄ6öÆBÄvöö@£SBÄfVÖÆRÃƒRÃ"ãcÄÖöFW&FRÄæ÷&ÖÂÄvöö@£CrÄfVÖÆRÃƒ’Ã2ãSÄ†–v‚Äæ÷&ÖÂÄvöö@£SbÄÖÆRÃ“bÃ"ãƒ"ÄÆ÷rÄæ÷&ÖÂÅö÷ £C‚ÄfVÖÆRÃSÃ"ãc2Ä†–v‚Ä6öÆBÄvöö@£#ÄfVÖÆRÃSrÃ"ã2ÄÖöFW&FRÄæ÷&ÖÂÄvöö@£C"ÄÖÆRÃs‚Ã2ãSBÄ†–v‚Ä†÷BÄvöö@£SRÄfVÖÆRÃƒ’Ã2ã2Ä†–v‚Äæ÷&ÖÂÄvöö@£SÄÖÆRÃc‚ÃãSbÄÆ÷rÄæ÷&ÖÂÅö÷ £c"ÄÖÆRÃƒ2Ã2ã“bÄ†–v‚Ä†÷BÄvöö@£S2ÄfVÖÆRÃ“"Ã"ãSBÄÆ÷rÄ6öÆBÅö÷ £3ÄÖÆRÃCbÃãRÄÆ÷rÄ6öÆBÄvöö@£#BÄÖÆRÃc2ÃãRÄÆ÷rÄ6öÆBÅö÷ £C2ÄfVÖÆRÃƒÃ2ã3bÄÖöFW&FRÄ†÷BÄvöö@£CBÄÖÆRÃS"ÃãRÄÆ÷rÄ6öÆBÅö÷ £CÄÖÆRÃsRÃ2ãsÄÖöFW&FRÄ†÷BÄvöö@£#BÄÖÆRÃ“rÃ"ãc2ÄÆ÷rÄæ÷&ÖÂÅö÷ £#rÄÖÆRÃc‚Ã"ãƒ"Ä†–v‚Äæ÷&ÖÂÄvöö@£CbÄfVÖÆRÃsBÃ2ã#2ÄÖöFW&FRÄ†÷BÄvöö@£C‚ÄÖÆRÃsBÃ2ãrÄÆ÷rÄ†÷BÄvöö@£c’ÄfVÖÆRÃc2Ãã“‚ÄÆ÷rÄæ÷&ÖÂÄvöö@£#2ÄÖÆRÃcÃ2ã‚Ä†–v‚Äæ÷&ÖÂÄvöö@£cÄfVÖÆRÃƒÃ2ã"ÄÆ÷rÄ†÷BÄvöö@£#ÄÖÆRÃ“Ã2ãCÄ†–v‚Ä6öÆBÄvöö@£#ÄÖÆRÃbÃ2ãSÄÆ÷rÄæ÷&ÖÂÄvöö@£CÄfVÖÆRÃS’Ã2ã’Ä†–v‚Äæ÷&ÖÂÄvöö@£3bÄÖÆRÃƒrÃ2ãS"Ä†–v‚Äæ÷&ÖÂÄvöö@£SÄfVÖÆRÃƒ‚Ã2ã2ÄÆ÷rÄ†÷BÄvöö@£C2ÄÖÆRÃsbÃ2ãC"ÄÆ÷rÄ†÷BÄvöö@£cRÄÖÆRÃbÃ"ã“bÄÖöFW&FRÄ6öÆBÅö÷ £3ÄÖÆRÃS2Ã"ãbÄÖöFW&FRÄ6öÆBÄvöö@£cbÄfVÖÆRÃ“‚Ã2ã#BÄÖöFW&FRÄ6öÆBÄvöö@£S"ÄfVÖÆRÃÃ2ãBÄÖöFW&FRÄæ÷&ÖÂÄvöö@£CrÄÖÆRÃCrÃãRÄÖöFW&FRÄ6öÆBÄvöö@£3"ÄfVÖÆRÃCrÃãRÄÆ÷rÄ6öÆBÄvöö@£CbÄÖÆRÃsRÃ"ã“bÄÆ÷rÄ†÷BÄvöö@£#‚ÄÖÆRÃƒrÃ2ã‚ÄÖöFW&FRÄæ÷&ÖÂÄvöö@£C"ÄfVÖÆRÃ“’Ã2ãrÄ†–v‚Ä6öÆBÄvöö@£SRÄÖÆRÃBÃ2ãcÄÆ÷rÄ†÷BÄvöö@£3rÄfVÖÆRÃƒ’Ã"ã2ÄÆ÷rÄæ÷&ÖÂÅö÷ £cRÄfVÖÆRÃc2Ããs2ÄÆ÷rÄæ÷&ÖÂÅö÷ £c"ÄÖÆRÃƒbÃ2ãÄ†–v‚Äæ÷&ÖÂÄvöö@£SBÄfVÖÆRÃsBÃ"ã’ÄÆ÷rÄ†÷BÅö÷ £3"ÄfVÖÆRÃC’Ã2ã3rÄ†–v‚Ä†÷BÄvöö@£3rÄÖÆRÃs2Ã2ãsbÄÖöFW&FRÄ†÷BÄvöö@£SÄÖÆRÃSBÃãRÄÆ÷rÄ6öÆBÅö÷ £C’ÄfVÖÆRÃcrÃ"ãƒbÄ†–v‚Äæ÷&ÖÂÄvöö@£3’ÄÖÆRÃcrÃãRÄÆ÷rÄ6öÆBÅö÷ £CrÄÖÆRÃc2Ã2ã#2ÄÖöFW&FRÄ†÷BÄvöö@£‚ÄfVÖÆRÃs‚ÃBã2Ä†–v‚Ä†÷BÄvöö@£#ÄfVÖÆRÃ“"Ã2ã’ÄÖöFW&FRÄ6öÆBÄvöö@£CRÄfVÖÆRÃƒÃ"ã3’ÄÖöFW&FRÄ6öÆBÅö÷ £CbÄfVÖÆRÃCbÃã“BÄÖöFW&FRÄæ÷&ÖÂÄvöö@£‚ÄÖÆRÃ“Ã2ãcbÄÆ÷rÄ†÷BÄvöö@£cÄfVÖÆRÃc"Ã"ãÄÆ÷rÄæ÷&ÖÂÄvöö@£C"ÄfVÖÆRÃbÃBã32Ä†–v‚Ä6öÆBÄvöö@£cbÄfVÖÆRÃrÃ"ãrÄÆ÷rÄæ÷&ÖÂÅö÷ £crÄÖÆRÃsÃ"ã‚ÄÖöFW&FRÄæ÷&ÖÂÅö÷ £3rÄÖÆRÃc’Ã2ã"Ä†–v‚Ä6öÆBÄvöö@£c’ÄÖÆRÃc’Ã"ãƒRÄÖöFW&FRÄ†÷BÄvöö@£C’ÄÖÆRÃCRÃãcBÄÆ÷rÄ†÷BÄvöö@£32ÄÖÆRÃsbÃ"ãcrÄÖöFW&FRÄ6öÆBÄvöö@£#"ÄfVÖÆRÃSBÃã“2ÄÖöFW&FRÄ6öÆBÄvöö@£#RÄfVÖÆRÃcBÃãc2ÄÖöFW&FRÄ6öÆBÅö÷ £C2ÄfVÖÆRÃrÃ2ã"ÄÆ÷rÄæ÷&ÖÂÅö÷ £#rÄÖÆRÃRÃ2ãRÄÖöFW&FRÄ6öÆBÄvöö@£C’ÄÖÆRÃcbÃ"ãƒrÄÖöFW&FRÄæ÷&ÖÂÄvöö@£#‚ÄÖÆRÃcÃ2ãBÄ†–v‚Äæ÷&ÖÂÄvöö@£CÄfVÖÆRÃsbÃ2ã#2Ä†–v‚Äæ÷&ÖÂÄvöö@£S2ÄfVÖÆRÃCrÃ"ãCRÄ†–v‚Äæ÷&ÖÂÄvöö@£CRÄÖÆRÃ"ÃBãS‚Ä†–v‚Ä†÷BÄvöö@£c‚ÄÖÆRÃSrÃ"ã#‚Ä†–v‚Äæ÷&ÖÂÄvöö@£3BÄfVÖÆRÃ“BÃ"ã“BÄÖöFW&FRÄ6öÆBÄvöö@£cbÄfVÖÆRÃc"ÃãcbÄÖöFW&FRÄæ÷&ÖÂÅö÷ £C‚ÄfVÖÆRÃs‚Ã2ãSbÄÖöFW&FRÄ†÷BÄvöö@£C’ÄÖÆRÃsRÃ"ã3"ÄÖöFW&FRÄ6öÆBÄvöö@£CBÄfVÖÆRÃ2ÃBã#bÄÖöFW&FRÄ†÷BÄvöö@£‚ÄfVÖÆRÃcrÃ"ã“BÄÆ÷rÄ†÷BÄvöö@£c’ÄfVÖÆRÃÃã“rÄÆ÷rÄ6öÆBÅö÷ £3bÄfVÖÆRÃrÃ"ãsRÄÆ÷rÄæ÷&ÖÂÅö÷ £CbÄfVÖÆRÃs"Ã"ãs‚Ä†–v‚Äæ÷&ÖÂÄvöö@£3’ÄÖÆRÃƒBÃBã#"Ä†–v‚Ä†÷BÄvöö@£C’ÄÖÆRÃSbÃ2ã#rÄ†–v‚Ä†÷BÄvöö@£3‚ÄfVÖÆRÃƒ2Ãã’ÄÆ÷rÄ6öÆBÅö÷ £3RÄÖÆRÃ"Ã2ãc’ÄÖöFW&FRÄ6öÆBÄvöö@£S2ÄÖÆRÃƒ’Ã2ãÄ†–v‚Ä6öÆBÄvöö@£cbÄfVÖÆRÃS’ÃãcRÄÖöFW&FRÄæ÷&ÖÂÅö÷ £c‚ÄfVÖÆRÃ‚Ã2ã"ÄÖöFW&FRÄ6öÆBÅö÷ £c’ÄfVÖÆRÃS2ÃãRÄÆ÷rÄ6öÆBÅö÷ £#BÄÖÆRÃc’Ã"ãcrÄÖöFW&FRÄ6öÆBÄvöö@£3rÄfVÖÆRÃs"Ã"ãRÄÆ÷rÄæ÷&ÖÂÅö÷ £SÄÖÆRÃcBÃãRÄÆ÷rÄ6öÆBÅö÷ £SRÄfVÖÆRÃcbÃãs‚ÄÖöFW&FRÄ6öÆBÅö÷ £cBÄfVÖÆRÃc’Ã2ã3’Ä†–v‚Ä†÷BÄvöö@£c’ÄfVÖÆRÃcBÃ"ãSRÄÖöFW&FRÄæ÷&ÖÂÄvöö@£3rÄÖÆRÃƒ’Ã2ã2Ä†–v‚Ä6öÆBÄvöö@£#’ÄÖÆRÃS2Ã"ã3rÄ†–v‚Äæ÷&ÖÂÄvöö@£3"ÄfVÖÆRÃƒ‚Ã2ã“‚Ä†–v‚Ä†÷BÄvöö@£3’ÄfVÖÆRÃSbÃ"ã‚ÄÆ÷rÄ†÷BÄvöö@£cBÄfVÖÆRÃc’ÃãbÄÖöFW&FRÄ6öÆBÅö÷ £cÄfVÖÆRÃSbÃ"ã“"Ä†–v‚Ä†÷BÄvöö@£#RÄfVÖÆRÃSRÃ"ã3RÄ†–v‚Äæ÷&ÖÂÄvöö@£CÄÖÆRÃS’Ã2ã2Ä†–v‚Ä†÷BÄvöö@£C"ÄÖÆRÃSBÃãRÄÆ÷rÄ6öÆBÅö÷ £CbÄÖÆRÃ“ÃBã3rÄÖöFW&FRÄ†÷BÄvöö@£cbÄfVÖÆRÃsrÃBã2Ä†–v‚Ä†÷BÄvöö@£CÄfVÖÆRÃ“rÃ"ãcrÄÆ÷rÄ6öÆBÅö÷ £CbÄfVÖÆRÃCbÃ"ã3bÄ†–v‚Äæ÷&ÖÂÄvöö@£CBÄÖÆRÃCrÃ"ãƒ"Ä†–v‚Äæ÷&ÖÂÄvöö@£3’ÄfVÖÆRÃSbÃãRÄÆ÷rÄ6öÆBÅö÷ £S2ÄÖÆRÃƒBÃ"ãrÄ†–v‚Ä6öÆBÄvöö@£C"ÄfVÖÆRÃ“BÃ2ã‚ÄÖöFW&FRÄæ÷&ÖÂÄvöö@£c2ÄÖÆRÃƒ2Ã"ã‚ÄÆ÷rÄ6öÆBÅö÷ £cÄfVÖÆRÃ“2Ã2ãcbÄÆ÷rÄ†÷BÄvöö@£SrÄÖÆRÃc2Ã"ãbÄÖöFW&FRÄæ÷&ÖÂÄvöö@£3RÄfVÖÆRÃ“Ã"ãCRÄÆ÷rÄ6öÆBÅö÷ £#bÄÖÆRÃ’ÃRã3rÄ†–v‚Ä†÷BÄvöö@£SRÄfVÖÆRÃcÃãƒÄÆ÷rÄæ÷&ÖÂÅö÷ £#‚ÄfVÖÆRÃ“rÃ"ã“BÄÆ÷rÄæ÷&ÖÂÄvöö@£c"ÄfVÖÆRÃSÃãRÄÖöFW&FRÄæ÷&ÖÂÅö÷ £#BÄÖÆRÃƒ2Ã"ãcRÄÖöFW&FRÄæ÷&ÖÂÄvöö@£#rÄfVÖÆRÃS2Ã2ã#ÄÖöFW&FRÄ†÷BÄvöö@£c2ÄfVÖÆRÃS"Ã"ã#’Ä†–v‚Ä6öÆBÄvöö@£32ÄÖÆRÃSÃ"ãcrÄ†–v‚Äæ÷&ÖÂÄvöö@£CÄÖÆRÃs’Ã"ãc’ÄÖöFW&FRÄ6öÆBÄvöö@£#BÄfVÖÆRÃÃRã2Ä†–v‚Ä†÷BÄvöö@£#ÄÖÆRÃRÃ2ãC‚Ä†–v‚Ä6öÆBÄvöö@£CÄfVÖÆRÃsBÃ2ã‚ÄÖöFW&FRÄæ÷&ÖÂÄvöö@£CbÄfVÖÆRÃsBÃ"ã#rÄÖöFW&FRÄæ÷&ÖÂÄvöö@£CÄÖÆRÃƒÃ"ã‚ÄÆ÷rÄæ÷&ÖÂÅö÷ £S2ÄfVÖÆRÃrÃ"ãcrÄÆ÷rÄ6öÆBÅö÷ £#ÄfVÖÆRÃrÃBãSrÄ†–v‚Ä†÷BÄvöö@£SÄfVÖÆRÃsRÃ"ãCrÄ†–v‚Ä6öÆBÄvöö@£#bÄfVÖÆRÃc’Ã"ãƒ‚ÄÖöFW&FRÄ†÷BÄvöö@£C"ÄÖÆRÃsBÃ"ã#2ÄÆ÷rÄæ÷&ÖÂÄvöö@£‚ÄfVÖÆRÃS’Ããc‚ÄÆ÷rÄ6öÆBÅö÷ £#‚ÄÖÆRÃ“bÃ2ãrÄÆ÷rÄ†÷BÄvöö@£#"ÄÖÆRÃ“Ã2ã3bÄ†–v‚Äæ÷&ÖÂÄvöö@£SÄfVÖÆRÃ’Ã2ãs2ÄÖöFW&FRÄ6öÆBÄvöö@£C‚ÄfVÖÆRÃÃ2ã2ÄÆ÷rÄ6öÆBÄvöö@£c"ÄfVÖÆRÃsrÃ2ãSrÄÖöFW&FRÄ†÷BÄvöö@£c‚ÄfVÖÆRÃC’Ã"ã#BÄ†–v‚Äæ÷&ÖÂÄvöö@£3BÄÖÆRÃc’Ã"ãS"Ä†–v‚Ä6öÆBÄvöö@£S2ÄÖÆRÃcrÃãƒ"ÄÆ÷rÄ6öÆBÅö÷ £3‚ÄÖÆRÃ“BÃ"ãSÄÆ÷rÄæ÷&ÖÂÅö÷ £#ÄfVÖÆRÃƒ‚Ã2ãÄ†–v‚Ä6öÆBÄvöö@£cÄÖÆRÃS’Ã2ã’ÄÖöFW&FRÄ†÷BÄvöö@£SrÄfVÖÆRÃ“Ã2ã3‚ÄÖöFW&FRÄ†÷BÄvöö@£c’ÄfVÖÆRÃSÃ"ã3BÄÆ÷rÄ†÷BÄvöö@£SBÄfVÖÆRÃCrÃãRÄÆ÷rÄ6öÆBÄvöö@£3RÄÖÆRÃÃ2ãCRÄ†–v‚Ä6öÆBÄvöö@£3BÄfVÖÆRÃsbÃ2ãƒÄÖöFW&FRÄ†÷BÄvöö@£3‚ÄÖÆRÃCbÃãƒRÄÖöFW&FRÄæ÷&ÖÂÄvöö@£3BÄÖÆRÃs‚ÃãSBÄÆ÷rÄ6öÆBÅö÷ £C’ÄÖÆRÃ“BÃ2ã3bÄÖöFW&FRÄæ÷&ÖÂÄvöö@£c"ÄfVÖÆRÃ“‚Ã"ã“rÄ†–v‚Ä6öÆBÄvöö@£c‚ÄÖÆRÃCRÃãRÄÆ÷rÄ6öÆBÄvöö@£SrÄÖÆRÃc‚Ã2ã’ÄÖöFW&FRÄ†÷BÄvöö@£’ÄfVÖÆRÃRÃBã“Ä†–v‚Ä†÷BÄvöö@£CÄfVÖÆRÃsrÃ"ãcbÄÆ÷rÄ†÷BÄvöö@£C’ÄÖÆRÃCrÃ"ãcrÄÖöFW&FRÄ†÷BÄvöö@£#’ÄfVÖÆRÃS"Ã2ãRÄÖöFW&FRÄ†÷BÄvöö@£3BÄfVÖÆRÃsrÃ2ãS2ÄÖöFW&FRÄ†÷BÄvöö@£#bÄfVÖÆRÃcÃ"ã3ÄÖöFW&FRÄ6öÆBÄvöö@£CÄfVÖÆRÃƒBÃ"ãcRÄÖöFW&FRÄ6öÆBÄvöö@£CÄÖÆRÃSÃ"ãBÄÆ÷rÄ†÷BÄvöö@£crÄfVÖÆRÃCrÃãƒbÄÆ÷rÄ†÷BÄvöö@£CrÄfVÖÆRÃSBÃ"ãS2ÄÖöFW&FRÄ†÷BÄvöö@£SbÄfVÖÆRÃ‚Ã2ãSbÄÆ÷rÄ†÷BÄvöö@£SÄÖÆRÃƒBÃ2ãc‚Ä†–v‚Äæ÷&ÖÂÄvöö@£SrÄfVÖÆRÃs‚Ããƒ2ÄÆ÷rÄ6öÆBÅö÷ £c’ÄÖÆRÃ“Ã"ã"ÄÆ÷rÄæ÷&ÖÂÅö÷ £#"ÄfVÖÆRÃƒRÃ"ãsrÄ†–v‚Ä6öÆBÄvöö@£CbÄfVÖÆRÃS"Ã"ãRÄÆ÷rÄ†÷BÄvöö@£c’ÄfVÖÆRÃc’Ã"ãc’Ä†–v‚Äæ÷&ÖÂÄvöö@£CÄfVÖÆRÃc’Ã2ãRÄÆ÷rÄ†÷BÄvöö@£#2ÄfVÖÆRÃcRÃ2ãS"Ä†–v‚Ä†÷BÄvöö@£#ÄfVÖÆRÃcRÃ"ãSrÄÖöFW&FRÄ6öÆBÄvöö@£cbÄÖÆRÃ“Ã"ã“’Ä†–v‚Äæ÷&ÖÂÄvöö@£3ÄÖÆRÃsRÃã‚ÄÆ÷rÄæ÷&ÖÂÅö÷ £cÄfVÖÆRÃƒ’Ã"ãƒbÄÆ÷rÄ†÷BÄvöö@£#ÄfVÖÆRÃÃ"ãƒ’ÄÖöFW&FRÄ6öÆBÅö÷ £#2ÄfVÖÆRÃc‚Ã"ãS"Ä†–v‚Ä6öÆBÄvöö@£cBÄfVÖÆRÃƒÃ"ãBÄÖöFW&FRÄ6öÆBÅö÷ £SrÄÖÆRÃƒBÃ"ãC‚ÄÆ÷rÄæ÷&ÖÂÅö÷ £CRÄÖÆRÃ“BÃ2ãCBÄÖöFW&FRÄ6öÆBÄvöö@£3ÄfVÖÆRÃ2Ã2ãcBÄ†–v‚Ä6öÆBÄvöö@£#RÄfVÖÆRÃs"Ã"ãÄÆ÷rÄæ÷&ÖÂÅö÷ £C"ÄfVÖÆRÃSBÃ"ã#’Ä†–v‚Ä6öÆBÄvöö@£#‚ÄfVÖÆRÃsÃ2ãSRÄ†–v‚Ä†÷BÄvöö@£3bÄÖÆRÃc"Ã"ãSÄÖöFW&FRÄ6öÆBÄvöö@£SbÄÖÆRÃS’Ã"ãc2ÄÖöFW&FRÄ†÷BÄvöö@£3bÄÖÆRÃc2Ã"ãƒBÄÖöFW&FRÄ†÷BÄvöö@£c’ÄfVÖÆRÃ“"Ã2ã3ÄÖöFW&FRÄ†÷BÄvöö@£CÄÖÆRÃS"ÃãSrÄÖöFW&FRÄ6öÆBÄvöö@£3bÄfVÖÆRÃ“BÃBãsÄ†–v‚Ä†÷BÄvöö@£S’ÄÖÆRÃsBÃ"ãC2Ä†–v‚Äæ÷&ÖÂÄvöö@£SBÄÖÆRÃRÃBãÄ†–v‚Ä†÷BÄvöö@£#RÄfVÖÆRÃc’ÃBãBÄ†–v‚Ä†÷BÄvöö@£c‚ÄfVÖÆRÃƒÃBã#Ä†–v‚Ä†÷BÄvöö@£C2ÄfVÖÆRÃƒBÃBã#ÄÖöFW&FRÄ†÷BÄvöö@£c"ÄfVÖÆRÃCRÃ2ã#2Ä†–v‚Ä†÷BÄvöö@£#bÄÖÆRÃƒBÃ"ã“"ÄÖöFW&FRÄæ÷&ÖÂÄvöö@£C’ÄfVÖÆRÃS"ÃãcBÄÖöFW&FRÄæ÷&ÖÂÄvöö@£#BÄfVÖÆRÃc"Ã2ãs’Ä†–v‚Ä†÷BÄvöö@£#ÄÖÆRÃƒ‚ÃBã3ÄÖöFW&FRÄ†÷BÄvöö@£c’ÄÖÆRÃ“rÃ2ãRÄ†–v‚Ä6öÆBÄvöö@£SrÄÖÆRÃRÃBã‚Ä†–v‚Ä†÷BÄvöö@£#BÄfVÖÆRÃsÃ"ã“BÄ†–v‚Ä6öÆBÄvöö@£#‚ÄfVÖÆRÃcBÃ2ã"Ä†–v‚Ä†÷BÄvöö@£SBÄfVÖÆRÃSRÃ2ã3Ä†–v‚Ä†÷BÄvöö@£#ÄfVÖÆRÃ2Ã2ãRÄÆ÷rÄ†÷BÄvöö@£SRÄÖÆRÃSBÃãRÄÆ÷rÄ6öÆBÅö÷ £C‚ÄÖÆRÃs‚Ã"ãCBÄÆ÷rÄæ÷&ÖÂÄvöö@£C’ÄÖÆRÃs2Ããs"ÄÆ÷rÄæ÷&ÖÂÅö÷ £‚ÄÖÆRÃsrÃ2ã"Ä†–v‚Ä6öÆBÄvöö@£SÄÖÆRÃ“2Ã2ã#2Ä†–v‚Ä6öÆBÄvöö@£S2ÄÖÆRÃSrÃãRÄÆ÷rÄ6öÆBÅö÷ £#"ÄfVÖÆRÃS’Ã"ã#"ÄÆ÷rÄ†÷BÄvöö@£3RÄÖÆRÃS"Ã"ãƒ2Ä†–v‚Ä†÷BÄvöö@£c‚ÄÖÆRÃsÃ2ãrÄÖöFW&FRÄ†÷BÄvöö@£SÄÖÆRÃcbÃ"ãSbÄ†–v‚Äæ÷&ÖÂÄvöö@£#"ÄfVÖÆRÃCRÃãRÄÆ÷rÄ6öÆBÄvöö@£C‚ÄfVÖÆRÃCrÃ"ã“‚Ä†–v‚Ä†÷BÄvöö@£S’ÄÖÆRÃ"ÃBãƒBÄ†–v‚Ä†÷BÄvöö@£SBÄfVÖÆRÃ‚Ã2ãcRÄÖöFW&FRÄæ÷&ÖÂÄvöö@£3BÄfVÖÆRÃƒBÃ2ãÄÖöFW&FRÄ6öÆBÄvöö@£#‚ÄÖÆRÃƒBÃ2ã"ÄÖöFW&FRÄ6öÆBÄvöö@£CÄfVÖÆRÃs‚Ã2ãsBÄ†–v‚Äæ÷&ÖÂÄvöö@£3RÄÖÆRÃSÃãRÄÆ÷rÄ6öÆBÅö÷ £c2ÄfVÖÆRÃSrÃ"ãbÄ†–v‚Äæ÷&ÖÂÄvöö@£’ÄÖÆRÃs2Ã2ãƒbÄ†–v‚Ä†÷BÄvöö@£3RÄfVÖÆRÃ"Ã2ã3ÄÖöFW&FRÄæ÷&ÖÂÄvöö@£#ÄÖÆRÃRÃ2ãCrÄÆ÷rÄ†÷BÄvöö@£#RÄfVÖÆRÃ2ÃRãÄ†–v‚Ä†÷BÄvöö@£3RÄÖÆRÃ“BÃ2ãSRÄ†–v‚Ä6öÆBÄvöö@£#‚ÄÖÆRÃsÃ"ã2ÄÆ÷rÄ6öÆBÅö÷ £’ÄÖÆRÃcbÃ"ã#2ÄÆ÷rÄ†÷BÄvöö@£CBÄfVÖÆRÃSrÃã“bÄÖöFW&FRÄ6öÆBÄvöö@£3"ÄfVÖÆRÃ“2Ã2ãc‚Ä†–v‚Ä6öÆBÄvöö@£#bÄfVÖÆRÃC‚Ã2ã#2Ä†–v‚Ä†÷BÄvöö@£cÄÖÆRÃsRÃ"ã2ÄÆ÷rÄæ÷&ÖÂÅö÷ £‚ÄÖÆRÃsBÃ2ãSbÄ†–v‚Äæ÷&ÖÂÄvöö@£SÄfVÖÆRÃÃ2ã2ÄÆ÷rÄ6öÆBÄvöö@£c2ÄfVÖÆRÃCRÃ"ã#’Ä†–v‚Ä†÷BÄvöö@£cbÄÖÆRÃSBÃãRÄÖöFW&FRÄ6öÆBÅö÷ £3bÄÖÆRÃ“’ÃBã“‚Ä†–v‚Ä†÷BÄvöö@£3’ÄÖÆRÃƒRÃ2ã#RÄÆ÷rÄ†÷BÄvöö@£#rÄfVÖÆRÃƒrÃ"ãC2ÄÖöFW&FRÄ6öÆBÅö÷ £3RÄfVÖÆRÃÃ2ã2ÄÖöFW&FRÄ6öÆBÄvöö@£#"ÄfVÖÆRÃS"ÃãRÄÆ÷rÄæ÷&ÖÂÅö÷ £CBÄÖÆRÃsÃ"ãƒÄ†–v‚Äæ÷&ÖÂÄvöö@£S‚ÄfVÖÆRÃ2Ã2ãsÄÖöFW&FRÄæ÷&ÖÂÄvöö@£3RÄfVÖÆRÃS"Ã"ãcÄ†–v‚Ä6öÆBÄvöö@£3‚ÄfVÖÆRÃcÃ"ã3’Ä†–v‚Äæ÷&ÖÂÄvöö@£CrÄfVÖÆRÃBÃBã2ÄÆ÷rÄ†÷BÄvöö@£3’ÄÖÆRÃsbÃ"ãrÄÖöFW&FRÄ6öÆBÅö÷ £cbÄÖÆRÃS"ÃãRÄÖöFW&FRÄ6öÆBÅö÷ £CbÄfVÖÆRÃƒBÃBãCbÄ†–v‚Ä†÷BÄvöö@£cbÄÖÆRÃsRÃãS"ÄÆ÷rÄæ÷&ÖÂÅö÷ £C2ÄÖÆRÃS2Ã"ã#ÄÖöFW&FRÄæ÷&ÖÂÄvöö@£c‚ÄfVÖÆRÃƒ‚Ã2ãc2Ä†–v‚Ä†÷BÄvöö@£3"ÄÖÆRÃcRÃ"ãƒ‚ÄÖöFW&FRÄæ÷&ÖÂÄvöö@£CrÄfVÖÆRÃS’Ã2ãc"Ä†–v‚Ä†÷BÄvöö@£cÄfVÖÆRÃ2Ã"ãCBÄÆ÷rÄ6öÆBÅö÷ £SRÄÖÆRÃcBÃ"ã“rÄÖöFW&FRÄ†÷BÄvöö@£#‚ÄfVÖÆRÃCbÃ"ãcrÄ†–v‚Ä†÷BÄvöö@£SrÄfVÖÆRÃS"ÃãsrÄÆ÷rÄ†÷BÄvöö@£S"ÄfVÖÆRÃsBÃ"ã“bÄÖöFW&FRÄ†÷BÄvöö@£32ÄfVÖÆRÃƒÃ2ãC’Ä†–v‚Ä6öÆBÄvöö@£cbÄfVÖÆRÃc‚ÃãRÄÆ÷rÄ6öÆBÅö÷ £#ÄfVÖÆRÃbÃ2ãc"ÄÖöFW&FRÄæ÷&ÖÂÄvöö@£C2ÄfVÖÆRÃ“Ã2ãÄ†–v‚Ä6öÆBÄvöö@£SBÄÖÆRÃSRÃã“’Ä†–v‚Äæ÷&ÖÂÄvöö@£3bÄfVÖÆRÃcrÃ"ãsRÄÖöFW&FRÄ†÷BÄvöö@£#’ÄfVÖÆRÃƒ2ÃBãRÄÖöFW&FRÄ†÷BÄvöö@£S2ÄfVÖÆRÃbÃ2ãs2Ä†–v‚Ä6öÆBÄvöö@£S’ÄfVÖÆRÃƒÃ"ã“"ÄÖöFW&FRÄæ÷&ÖÂÄvöö@£C"ÄÖÆRÃsRÃ"ãsBÄÆ÷rÄæ÷&ÖÂÄvöö@£3ÄÖÆRÃƒÃãƒBÄÆ÷rÄ6öÆBÅö÷ £3RÄfVÖÆRÃc"Ã"ãrÄÆ÷rÄ†÷BÄvöö@£C‚ÄÖÆRÃƒÃ"ãS’ÄÆ÷rÄ6öÆBÄvöö@£#ÄfVÖÆRÃ"Ã"ã32ÄÆ÷rÄ6öÆBÅö÷ £C’ÄfVÖÆRÃ“rÃ2ã“ÄÖöFW&FRÄæ÷&ÖÂÄvöö@£3"ÄfVÖÆRÃSÃ2ãbÄ†–v‚Ä†÷BÄvöö@£C’ÄfVÖÆRÃƒBÃ2ã“rÄÖöFW&FRÄ†÷BÄvöö@£crÄÖÆRÃS2ÃãRÄÆ÷rÄæ÷&ÖÂÅö÷ £#RÄÖÆRÃƒ2Ã"ãCBÄÖöFW&FRÄ6öÆBÅö÷ £3ÄfVÖÆRÃs"Ã"ãCBÄÆ÷rÄ†÷BÄvöö@£SÄÖÆRÃ“’Ã2ãbÄ†–v‚Ä6öÆBÄvöö@£#bÄÖÆRÃc2Ã"ã#BÄÆ÷rÄæ÷&ÖÂÄvöö@£#‚ÄÖÆRÃSrÃ"ãSRÄÆ÷rÄ†÷BÄvöö@£#RÄÖÆRÃc2Ã2ãrÄ†–v‚Äæ÷&ÖÂÄvöö@£CBÄfVÖÆRÃƒ2Ã2ãƒ‚Ä†–v‚Äæ÷&ÖÂÄvöö@£3’ÄfVÖÆRÃcbÃ"ãbÄÖöFW&FRÄ6öÆBÄvöö@£c’ÄÖÆRÃƒ2Ã2ã#rÄÆ÷rÄ†÷BÄvöö@£32ÄÖÆRÃÃ2ãƒrÄ†–v‚Äæ÷&ÖÂÄvöö@£cbÄfVÖÆRÃSbÃãRÄÖöFW&FRÄ6öÆBÅö÷ £S2ÄÖÆRÃ“RÃ2ã‚Ä†–v‚Äæ÷&ÖÂÄvöö@£SbÄfVÖÆRÃc’ÃãRÄÆ÷rÄ6öÆBÅö÷ £3bÄÖÆRÃcrÃ"ãS2ÄÆ÷rÄ†÷BÄvöö@£C’ÄfVÖÆRÃ“ÃBãBÄ†–v‚Äæ÷&ÖÂÄvöö@£#BÄfVÖÆRÃƒ’Ã"ã"ÄÆ÷rÄ6öÆBÅö÷ £c2ÄÖÆRÃcÃ"ã3bÄ†–v‚Äæ÷&ÖÂÄvöö@£SÄfVÖÆRÃS"ÃãRÄÆ÷rÄ6öÆBÅö÷ £#‚ÄÖÆRÃƒbÃ"ãs"ÄÖöFW&FRÄ6öÆBÄvöö@£cÄfVÖÆRÃs’Ã"ãsÄ†–v‚Äæ÷&ÖÂÄvöö@£#’ÄfVÖÆRÃSbÃãS‚ÄÆ÷rÄ6öÆBÅö÷ £c2ÄÖÆRÃƒBÃ2ã#‚ÄÖöFW&FRÄ†÷BÄvöö@£c‚ÄfVÖÆRÃcÃ"ãSrÄ†–v‚Ä6öÆBÄvöö@£CRÄfVÖÆRÃ’Ã2ã3bÄÖöFW&FRÄæ÷&ÖÂÄvöö@£SrÄÖÆRÃSÃãRÄÆ÷rÄæ÷&ÖÂÄvöö@£3’ÄfVÖÆRÃSÃ"ãRÄ†–v‚Äæ÷&ÖÂÄvöö@£cRÄÖÆRÃ“RÃ2ãC"ÄÖöFW&FRÄ†÷BÄvöö@£3"ÄÖÆRÃSbÃ"ãƒ"Ä†–v‚Ä6öÆBÄvöö@£#ÄfVÖÆRÃCbÃãRÄÆ÷rÄ6öÆBÄvöö@£3‚ÄfVÖÆRÃbÃ"ãƒ‚ÄÖöFW&FRÄ6öÆBÅö÷ £cÄfVÖÆRÃƒÃ"ã3bÄÖöFW&FRÄ6öÆBÅö÷ £3rÄfVÖÆRÃsÃ"ãƒBÄ†–v‚Ä6öÆBÄvöö@£#2ÄfVÖÆRÃƒ’ÃBã#’ÄÖöFW&FRÄ†÷BÄvöö@£SRÄÖÆRÃcÃ2ãbÄÖöFW&FRÄ†÷BÄvöö@£SRÄÖÆRÃCRÃãs’ÄÆ÷rÄ†÷BÄvöö@£c‚ÄÖÆRÃsBÃãRÄÆ÷rÄ6öÆBÅö÷ £cÄfVÖÆRÃcBÃ"ãCBÄÖöFW&FRÄ†÷BÄvöö@£3ÄfVÖÆRÃƒ2Ã"ã3rÄÆ÷rÄ6öÆBÅö÷ £#"ÄÖÆRÃ“bÃ"ãs"ÄÆ÷rÄæ÷&ÖÂÅö÷ £#’ÄÖÆRÃÃ"ã3rÄÆ÷rÄ6öÆBÅö÷ £#RÄfVÖÆRÃ“2Ã2ã’Ä†–v‚Äæ÷&ÖÂÄvöö@£crÄÖÆRÃsRÃãcÄÆ÷rÄ6öÆBÅö÷ £CBÄfVÖÆRÃCbÃ"ãSBÄÖöFW&FRÄ†÷BÄvöö@£S’ÄfVÖÆRÃCRÃãc‚ÄÆ÷rÄ†÷BÄvöö@£S"ÄfVÖÆRÃs’Ã"ã3ÄÖöFW&FRÄ6öÆBÅö÷ £CÄfVÖÆRÃ“Ã2ã“"Ä†–v‚Äæ÷&ÖÂÄvöö@£3"ÄfVÖÆRÃSrÃ"ãƒ2ÄÖöFW&FRÄ†÷BÄvöö@£#BÄÖÆRÃƒ"Ã"ãBÄÆ÷rÄæ÷&ÖÂÅö÷ £S2ÄfVÖÆRÃS‚Ã2ã2ÄÖöFW&FRÄ†÷BÄvöö@£#bÄÖÆRÃSrÃ"ã#2ÄÖöFW&FRÄ6öÆBÄvöö@£SRÄÖÆRÃcRÃ"ãCbÄÆ÷rÄ†÷BÄvöö@£crÄfVÖÆRÃ‚Ã"ã#BÄÆ÷rÄ6öÆBÅö÷ £3"ÄfVÖÆRÃ“rÃ2ãÄÖöFW&FRÄ6öÆBÄvöö@£#BÄÖÆRÃCrÃãRÄÆ÷rÄæ÷&ÖÂÄvöö@£SbÄfVÖÆRÃS2Ã"ã2ÄÖöFW&FRÄ†÷BÄvöö@£SÄfVÖÆRÃƒ’Ã"ãC‚ÄÖöFW&FRÄæ÷&ÖÂÅö÷ £crÄÖÆRÃs"Ããc‚ÄÆ÷rÄæ÷&ÖÂÅö÷ £cBÄfVÖÆRÃSbÃ"ã2ÄÖöFW&FRÄ†÷BÄvöö@£#ÄfVÖÆRÃc"ÃãRÄÆ÷rÄ6öÆBÅö÷ £#rÄfVÖÆRÃC‚Ããc2ÄÆ÷rÄ6öÆBÄvöö@£c‚ÄÖÆRÃcÃãSÄÖöFW&FRÄ6öÆBÅö÷ £C‚ÄÖÆRÃsÃ"ã“RÄÖöFW&FRÄ†÷BÄvöö@£CrÄfVÖÆRÃ“Ã2ãsBÄ†–v‚Ä6öÆBÄvöö@£SÄÖÆRÃs2Ã"ãƒ2ÄÆ÷rÄ†÷BÄvöö@£cbÄÖÆRÃcÃãs’ÄÖöFW&FRÄ6öÆBÅö÷ £3ÄÖÆRÃSrÃ"ãc‚ÄÖöFW&FRÄ†÷BÄvöö@£c’ÄfVÖÆRÃc’Ããs2ÄÆ÷rÄæ÷&ÖÂÅö÷ £cÄfVÖÆRÃ2ÃBã3BÄÖöFW&FRÄ†÷BÄvöö@£#ÄÖÆRÃƒbÃBãCRÄ†–v‚Ä†÷BÄvöö@£cbÄfVÖÆRÃƒ’Ã2ã#bÄ†–v‚Äæ÷&ÖÂÄvöö@£#RÄfVÖÆRÃs2Ã"ã“BÄ†–v‚Ä6öÆBÄvöö@£C‚ÄÖÆRÃSrÃ2ãs2Ä†–v‚Ä†÷BÄvöö@£cRÄÖÆRÃc‚ÃãƒBÄÖöFW&FRÄ6öÆBÅö÷ £#ÄÖÆRÃsÃãc’ÄÆ÷rÄæ÷&ÖÂÅö÷ £SÄÖÆRÃƒ"ÃBãÄ†–v‚Ä†÷BÄvöö@£C‚ÄÖÆRÃcBÃ"ãƒRÄÖöFW&FRÄ†÷BÄvöö@£SÄfVÖÆRÃƒ’ÃBã‚Ä†–v‚Äæ÷&ÖÂÄvöö@£’ÄfVÖÆRÃRÃ2ã‚Ä†–v‚Äæ÷&ÖÂÄvöö@£32ÄfVÖÆRÃS2Ã"ã#2ÄÆ÷rÄ†÷BÄvöö@£#’ÄÖÆRÃsÃ"ãc‚ÄÆ÷rÄ†÷BÄvöö@£S’ÄÖÆRÃcÃãRÄÆ÷rÄ6öÆBÅö÷ £‚ÄfVÖÆRÃ"Ã"ã#’ÄÆ÷rÄ6öÆBÅö÷ £c‚ÄÖÆRÃƒRÃ"ã“Ä†–v‚Äæ÷&ÖÂÄvöö@£3BÄfVÖÆRÃS2Ã"ãƒÄ†–v‚Ä†÷BÄvöö@£C’ÄÖÆRÃƒRÃ"ãRÄÆ÷rÄæ÷&ÖÂÅö÷ £c’ÄfVÖÆRÃc"Ã"ã“"Ä†–v‚Äæ÷&ÖÂÄvöö@£CBÄÖÆRÃS2Ã"ãRÄÆ÷rÄ†÷BÄvöö@£#‚ÄfVÖÆRÃ“Ã2ãBÄÖöFW&FRÄ†÷BÄvöö@£#’ÄfVÖÆRÃƒ‚ÃBã‚ÄÖöFW&FRÄ†÷BÄvöö@£c‚ÄfVÖÆRÃsBÃ"ãsrÄ†–v‚Äæ÷&ÖÂÄvöö@£cBÄfVÖÆRÃƒÃ2ã‚ÄÖöFW&FRÄ†÷BÄvöö@£SÄÖÆRÃƒ‚Ã2ã32ÄÖöFW&FRÄæ÷&ÖÂÄvöö@£C’ÄÖÆRÃcÃ"ãSrÄ†–v‚Äæ÷&ÖÂÄvöö@£C2ÄÖÆRÃSrÃ2ãÄ†–v‚Äæ÷&ÖÂÄvöö@£C"ÄfVÖÆRÃSbÃ"ãS’Ä†–v‚Äæ÷&ÖÂÄvöö@£cbÄÖÆRÃ“bÃ"ãBÄÆ÷rÄ6öÆBÅö÷ £cÄfVÖÆRÃC’ÃãRÄÆ÷rÄæ÷&ÖÂÄvöö@£cbÄÖÆRÃsRÃ2ãS2ÄÖöFW&FRÄ†÷BÄvöö@£cbÄfVÖÆRÃs’Ã2ã"Ä†–v‚Ä6öÆBÄvöö@£3BÄÖÆRÃcBÃBãÄ†–v‚Ä†÷BÄvöö@£3ÄÖÆRÃcbÃ"ãc2Ä†–v‚Äæ÷&ÖÂÄvöö@£#BÄfVÖÆRÃsRÃ2ã3"ÄÖöFW&FRÄ†÷BÄvöö@£3ÄfVÖÆRÃs2Ã"ã‚ÄÆ÷rÄæ÷&ÖÂÅö÷ £SÄfVÖÆRÃS’Ã"ãc‚ÄÖöFW&FRÄæ÷&ÖÂÄvöö@£3ÄfVÖÆRÃs’Ã"ãSÄÖöFW&FRÄ6öÆBÄvöö@£CrÄÖÆRÃ“Ã2ãÄ†–v‚Ä6öÆBÄvöö@£c"ÄfVÖÆRÃ“2Ã2ã’Ä†–v‚Äæ÷&ÖÂÄvöö@£#"ÄÖÆRÃSÃã‚ÄÆ÷rÄ†÷BÄvöö@£#ÄfVÖÆRÃ“rÃ2ã3’ÄÖöFW&FRÄæ÷&ÖÂÄvöö@£cRÄfVÖÆRÃsrÃ"ãsÄ†–v‚Ä6öÆBÄvöö@£3’ÄÖÆRÃRÃ2ã“2ÄÖöFW&FRÄ†÷BÄvöö@£#ÄÖÆRÃC‚Ã"ã#‚Ä†–v‚Ä6öÆBÄvöö@£SbÄfVÖÆRÃsRÃ"ãsrÄ†–v‚Ä6öÆBÄvöö@£CrÄfVÖÆRÃƒ2Ã2ãcRÄ†–v‚Ä6öÆBÄvöö@£SBÄÖÆRÃƒÃãrÄÆ÷rÄæ÷&ÖÂÅö÷ £S’ÄÖÆRÃ“Ãã“’ÄÆ÷rÄ6öÆBÅö÷ £cbÄfVÖÆRÃCbÃãƒ’ÄÖöFW&FRÄæ÷&ÖÂÄvöö@£S"ÄÖÆRÃsrÃãsÄÆ÷rÄæ÷&ÖÂÅö÷ £#ÄÖÆRÃSrÃ"ãSRÄÖöFW&FRÄæ÷&ÖÂÄvöö@£c"ÄÖÆRÃƒ2Ã2ãS‚ÄÖöFW&FRÄ†÷BÄvöö@£S‚ÄfVÖÆRÃ“rÃ"ãBÄÆ÷rÄæ÷&ÖÂÅö÷ £‚ÄfVÖÆRÃs2Ã2ã2ÄÖöFW&FRÄæ÷&ÖÂÄvöö@£#RÄfVÖÆRÃCbÃ"ã3bÄÆ÷rÄ†÷BÄvöö@£SÄÖÆRÃƒRÃ"ã"ÄÆ÷rÄ6öÆBÅö÷ £C"ÄÖÆRÃƒ"Ã"ãsRÄÖöFW&FRÄ6öÆBÄvöö@£SRÄfVÖÆRÃ“bÃ"ãƒ"ÄÆ÷rÄæ÷&ÖÂÅö÷ £C’ÄfVÖÆRÃCbÃãrÄ†–v‚Ä6öÆBÄvöö@£CBÄfVÖÆRÃ“"Ã"ãƒ‚ÄÖöFW&FRÄ6öÆBÄvöö@£#ÄfVÖÆRÃ“BÃ2ãCRÄÖöFW&FRÄæ÷&ÖÂÄvöö@£S‚ÄfVÖÆRÃs‚Ã"ã#’ÄÖöFW&FRÄæ÷&ÖÂÅö÷ £3‚ÄÖÆRÃSbÃ2ãCÄ†–v‚Ä†÷BÄvöö@£cbÄfVÖÆRÃ“’Ã2ãBÄÆ÷rÄæ÷&ÖÂÄvöö@£3BÄfVÖÆRÃsÃ"ãs2ÄÖöFW&FRÄæ÷&ÖÂÄvöö@£SBÄfVÖÆRÃsrÃ"ã#RÄÖöFW&FRÄ6öÆBÅö÷ £#rÄfVÖÆRÃ“Ã2ã’ÄÆ÷rÄæ÷&ÖÂÄvöö@£C2ÄfVÖÆRÃ“RÃBã#ÄÖöFW&FRÄ†÷BÄvöö@£S‚ÄÖÆRÃƒ"Ã"ãS"ÄÆ÷rÄæ÷&ÖÂÄvöö@£CRÄfVÖÆRÃƒRÃ"ãƒRÄÆ÷rÄ†÷BÄvöö@£3BÄfVÖÆRÃ’Ã"ãcÄÆ÷rÄ6öÆBÅö÷ £SÄÖÆRÃSrÃ"ãƒbÄ†–v‚Ä6öÆBÄvöö@£SBÄÖÆRÃƒrÃ2ãbÄ†–v‚Ä6öÆBÄvöö@£CÄÖÆRÃƒBÃ"ãs’Ä†–v‚Ä6öÆBÄvöö@£3rÄÖÆRÃcrÃãSÄÆ÷rÄ6öÆBÅö÷ £3"ÄfVÖÆRÃ"Ã"ã“BÄÆ÷rÄæ÷&ÖÂÅö÷ £c2ÄÖÆRÃ“Ã2ã#‚ÄÖöFW&FRÄæ÷&ÖÂÄvöö@£#ÄÖÆRÃsBÃã“rÄÆ÷rÄæ÷&ÖÂÅö÷ £‚ÄÖÆRÃ"Ã2ãrÄÖöFW&FRÄæ÷&ÖÂÄvöö@£c"ÄfVÖÆRÃƒBÃ"ãbÄÖöFW&FRÄæ÷&ÖÂÄvöö@£S‚ÄÖÆRÃƒbÃ"ãCRÄÖöFW&FRÄæ÷&ÖÂÅö÷ £32ÄÖÆRÃƒ"Ã2ã#‚Ä†–v‚Ä6öÆBÄvöö@£cÄfVÖÆRÃ“2Ãã“’ÄÆ÷rÄæ÷&ÖÂÅö÷ £S‚ÄÖÆRÃc"Ã"ãƒ"Ä†–v‚Ä†÷BÄvöö@£SBÄfVÖÆRÃC’ÃãRÄÆ÷rÄæ÷&ÖÂÄvöö@£#ÄÖÆRÃRÃBã3BÄÆ÷rÄ†÷BÄvöö@£#‚ÄfVÖÆRÃSbÃãRÄÆ÷rÄæ÷&ÖÂÅö÷ £CRÄÖÆRÃs‚Ã2ã2ÄÖöFW&FRÄæ÷&ÖÂÄvöö@£#2ÄfVÖÆRÃsrÃ"ãsrÄÆ÷rÄ†÷BÄvöö@£SÄÖÆRÃcÃ"ãSRÄ†–v‚Äæ÷&ÖÂÄvöö@£c’ÄfVÖÆRÃS‚ÃãRÄÆ÷rÄ6öÆBÅö÷ £C2ÄÖÆRÃc2ÃãRÄÆ÷rÄ6öÆBÅö÷ £crÄfVÖÆRÃsÃ2ã3BÄ†–v‚Ä†÷BÄvöö@£3bÄÖÆRÃ“2Ã2ã“BÄÆ÷rÄ†÷BÄvöö@£3BÄfVÖÆRÃsBÃ2ãbÄ†–v‚Äæ÷&ÖÂÄvöö@£3‚ÄÖÆRÃƒÃBã3bÄ†–v‚Ä†÷BÄvöö@£SÄfVÖÆRÃ“Ã2ã#rÄ†–v‚Äæ÷&ÖÂÄvöö@£CÄÖÆRÃsbÃ"ã“RÄÖöFW&FRÄ6öÆBÄvöö@£#’ÄfVÖÆRÃsÃ"ã"ÄÖöFW&FRÄ6öÆBÅö÷ £CÄfVÖÆRÃ“BÃBã#2ÄÖöFW&FRÄ†÷BÄvöö@£C’ÄfVÖÆRÃ"Ã2ãBÄÖöFW&FRÄæ÷&ÖÂÄvöö@£S‚ÄfVÖÆRÃs"Ã"ãƒ‚Ä†–v‚Ä6öÆBÄvöö@£#RÄÖÆRÃƒ2ÃBã"Ä†–v‚Ä†÷BÄvöö@£c"ÄfVÖÆRÃSrÃãrÄÆ÷rÄæ÷&ÖÂÅö÷ £3bÄÖÆRÃS2Ã"ãSrÄ†–v‚Ä6öÆBÄvöö@£CrÄfVÖÆRÃ“’ÃBãS‚ÄÖöFW&FRÄ†÷BÄvöö@£S’ÄfVÖÆRÃƒ2Ã2ãÄ†–v‚Äæ÷&ÖÂÄvöö@£CrÄfVÖÆRÃBÃBãBÄ†–v‚Ä6öÆBÄvöö@£crÄÖÆRÃcBÃãRÄÆ÷rÄ6öÆBÅö÷ £SÄfVÖÆRÃƒ2ÃBãS’Ä†–v‚Ä†÷BÄvöö@£#ÄfVÖÆRÃcbÃ"ãcBÄÆ÷rÄ†÷BÄvöö@£‚ÄfVÖÆRÃ“RÃ2ãsRÄÖöFW&FRÄæ÷&ÖÂÄvöö@£cRÄfVÖÆRÃ“rÃ2ã"ÄÖöFW&FRÄ6öÆBÄvöö@£3’ÄfVÖÆRÃSÃ2ãBÄÖöFW&FRÄ†÷BÄvöö@£3"ÄÖÆRÃbÃBãBÄÆ÷rÄ†÷BÄvöö@£c2ÄfVÖÆRÃ“BÃ"ãBÄÆ÷rÄ6öÆBÅö÷ £C"ÄÖÆRÃs"ÃãSBÄÆ÷rÄ6öÆBÅö÷ £3RÄfVÖÆRÃs’Ã2ã#Ä†–v‚Ä6öÆBÄvöö@£3rÄfVÖÆRÃƒ2Ã"ã‚ÄÆ÷rÄ6öÆBÅö÷ £‚ÄÖÆRÃCRÃãc’Ä†–v‚Ä6öÆBÄvöö@£c2ÄfVÖÆRÃƒ’Ã2ã#"ÄÖöFW&FRÄæ÷&ÖÂÄvöö@£cbÄfVÖÆRÃS‚Ã2ãRÄ†–v‚Ä†÷BÄvöö@£S‚ÄÖÆRÃ’Ã2ã’Ä†–v‚Äæ÷&ÖÂÄvöö@£#2ÄÖÆRÃ“Ã2ãsBÄÖöFW&FRÄ†÷BÄvöö@£C‚ÄÖÆRÃsÃ2ãrÄÖöFW&FRÄ†÷BÄvöö@£cRÄfVÖÆRÃ“bÃ2ã#rÄÆ÷rÄ†÷BÄvöö@£‚ÄfVÖÆRÃC’ÃãRÄÆ÷rÄ6öÆBÄvöö@£S’ÄÖÆRÃC’Ã"ãcbÄ†–v‚Ä†÷BÄvöö@£#rÄfVÖÆRÃbÃ2ã#BÄÆ÷rÄ6öÆBÄvöö@£S‚ÄfVÖÆRÃ“Ã"ãc2ÄÆ÷rÄæ÷&ÖÂÅö÷ £CRÄfVÖÆRÃÃ2ã#BÄÆ÷rÄæ÷&ÖÂÄvöö@£c2ÄÖÆRÃ“bÃ2ãbÄ†–v‚Ä6öÆBÄvöö@£SbÄÖÆRÃƒbÃ"ãRÄÖöFW&FRÄ6öÆBÅö÷ £SbÄfVÖÆRÃƒÃ"ãBÄ†–v‚Ä6öÆBÅö÷ £CbÄÖÆRÃC‚Ã"ã“‚ÄÖöFW&FRÄ†÷BÄvöö@£CrÄfVÖÆRÃ"Ã"ã3ÄÆ÷rÄ6öÆBÅö÷ £cbÄÖÆRÃƒrÃBãCbÄ†–v‚Ä†÷BÄvöö@£SRÄÖÆRÃƒ2Ã2ã2ÄÖöFW&FRÄ†÷BÄvöö@£CBÄfVÖÆRÃc‚ÃãRÄÆ÷rÄ6öÆBÅö÷ £C’ÄfVÖÆRÃ“rÃ"ã“’ÄÖöFW&FRÄ6öÆBÄvöö@£SÄÖÆRÃs2Ã2ã"ÄÖöFW&FRÄ†÷BÄvöö@£C‚ÄfVÖÆRÃS‚ÃãcBÄÆ÷rÄæ÷&ÖÂÅö÷ £3’ÄÖÆRÃ“RÃ2ãS"ÄÖöFW&FRÄ6öÆBÄvöö@£#’ÄÖÆRÃC‚Ã2ãS2Ä†–v‚Ä†÷BÄvöö@£#ÄÖÆRÃsBÃ2ãBÄÖöFW&FRÄ†÷BÄvöö@£cbÄfVÖÆRÃsRÃ2ã3BÄÖöFW&FRÄ†÷BÄvöö@£crÄÖÆRÃcrÃ"ãsrÄÆ÷rÄ†÷BÄvöö@£3BÄÖÆRÃBÃ2ã"ÄÖöFW&FRÄæ÷&ÖÂÄvöö@£S2ÄÖÆRÃs‚Ã2ã’ÄÆ÷rÄ†÷BÄvöö@£S‚ÄÖÆRÃƒ2Ã2ãS2Ä†–v‚Ä†÷BÄvöö@£S’ÄfVÖÆRÃcBÃãs"ÄÖöFW&FRÄ6öÆBÅö÷ £SBÄfVÖÆRÃƒÃãs’ÄÆ÷rÄ6öÆBÅö÷ £CRÄÖÆRÃÃBãCBÄ†–v‚Ä†÷BÄvöö@£3‚ÄÖÆRÃƒ2Ã"ãbÄÖöFW&FRÄ6öÆBÄvöö@£cRÄfVÖÆRÃrÃBã#rÄÖöFW&FRÄ†÷BÄvöö@£#bÄfVÖÆRÃsBÃ2ã3Ä†–v‚Äæ÷&ÖÂÄvöö@£CbÄÖÆRÃ“BÃ2ãc"Ä†–v‚Ä6öÆBÄvöö@£3ÄÖÆRÃ“Ã2ã#2Ä†–v‚Äæ÷&ÖÂÄvöö@£CrÄfVÖÆRÃƒbÃ2ãƒÄÖöFW&FRÄ†÷BÄvöö@£c"ÄÖÆRÃ“‚ÃBã2Ä†–v‚Äæ÷&ÖÂÄvöö@£S‚ÄÖÆRÃcÃãRÄÆ÷rÄ6öÆBÅö÷ £c"ÄÖÆRÃCrÃã“BÄ†–v‚Äæ÷&ÖÂÄvöö@£SÄÖÆRÃÃBã‚ÄÆ÷rÄ†÷BÄvöö@£#"ÄfVÖÆRÃc‚Ã2ã‚ÄÆ÷rÄ†÷BÄvöö@£#BÄfVÖÆRÃÃBãBÄ†–v‚Äæ÷&ÖÂÄvöö@£S2ÄÖÆRÃcÃ"ãƒ‚Ä†–v‚Ä†÷BÄvöö@£3RÄfVÖÆRÃSBÃãs2ÄÖöFW&FRÄ6öÆBÄvöö@£SbÄÖÆRÃS‚Ã"ãSbÄÖöFW&FRÄ†÷BÄvöö@£#rÄfVÖÆRÃ“’Ã2ãSbÄÖöFW&FRÄæ÷&ÖÂÄvöö@£SrÄfVÖÆRÃrÃ2ãcÄÆ÷rÄ†÷BÄvöö@£cbÄfVÖÆRÃrÃ2ãƒBÄÖöFW&FRÄæ÷&ÖÂÄvöö@£cBÄfVÖÆRÃƒ’Ã2ã3ÄÖöFW&FRÄ†÷BÄvöö@£#bÄÖÆRÃSRÃãƒ2ÄÆ÷rÄæ÷&ÖÂÄvöö@£cbÄÖÆRÃc‚ÃãRÄÆ÷rÄæ÷&ÖÂÅö÷ £S"ÄÖÆRÃRÃ2ãcrÄ†–v‚Ä6öÆBÄvöö@£#"ÄÖÆRÃcRÃ2ãSBÄ†–v‚Ä†÷BÄvöö@£S2ÄÖÆRÃ"ÃBãC’Ä†–v‚Ä†÷BÄvöö@£#BÄÖÆRÃCRÃãSrÄÆ÷rÄæ÷&ÖÂÄvöö@£C2ÄÖÆRÃS"ÃãsrÄÖöFW&FRÄæ÷&ÖÂÄvöö@£cbÄfVÖÆRÃs‚Ã"ã#‚ÄÖöFW&FRÄæ÷&ÖÂÅö÷ £#bÄÖÆRÃƒ’Ã2ã32ÄÖöFW&FRÄæ÷&ÖÂÄvöö@£#BÄfVÖÆRÃ“RÃ2ã3’Ä†–v‚Äæ÷&ÖÂÄvöö@£CRÄfVÖÆRÃc’Ã"ãƒBÄÖöFW&FRÄæ÷&ÖÂÄvöö@£SÄfVÖÆRÃS’ÃãRÄÆ÷rÄ6öÆBÅö÷ £SRÄÖÆRÃsbÃãbÄÆ÷rÄ6öÆBÅö÷ £S‚ÄfVÖÆRÃ“BÃ"ã‚ÄÖöFW&FRÄ6öÆBÅö÷ £SRÄfVÖÆRÃcrÃ"ã“RÄÖöFW&FRÄ†÷BÄvöö@£S2ÄfVÖÆRÃ“BÃ"ã“ÄÆ÷rÄæ÷&ÖÂÄvöö@£SÄfVÖÆRÃC‚Ã"ã“2ÄÖöFW&FRÄ†÷BÄvöö@£3rÄfVÖÆRÃ“‚Ã2ãS"ÄÖöFW&FRÄ6öÆBÄvöö@£3ÄÖÆRÃBÃBãrÄÆ÷rÄ†÷BÄvöö@£‚ÄÖÆRÃ’Ã2ã’ÄÖöFW&FRÄæ÷&ÖÂÄvöö@£SÄÖÆRÃ’Ã2ãBÄÆ÷rÄæ÷&ÖÂÅö÷ £SbÄfVÖÆRÃcbÃ"ãrÄÖöFW&FRÄ6öÆBÄvöö@£’ÄÖÆRÃC‚ÃãsRÄ†–v‚Ä6öÆBÄvöö@£3"ÄÖÆRÃSÃ"ã2ÄÆ÷rÄ†÷BÄvöö@£CBÄÖÆRÃƒ’Ã2ãCbÄÖöFW&FRÄæ÷&ÖÂÄvöö@£SRÄÖÆRÃƒ2Ã"ã3rÄÖöFW&FRÄæ÷&ÖÂÅö÷ £#"ÄfVÖÆRÃ“’Ã2ã“’ÄÆ÷rÄ†÷BÄvöö@£C‚ÄfVÖÆRÃc’Ã"ãÄÖöFW&FRÄ6öÆBÅö÷ £C’ÄfVÖÆRÃ"Ã2ãcÄÖöFW&FRÄ6öÆBÄvöö@£#rÄfVÖÆRÃRÃBãc2ÄÖöFW&FRÄ†÷BÄvöö@£3‚ÄfVÖÆRÃbÃBãC‚Ä†–v‚Äæ÷&ÖÂÄvöö@£c2ÄÖÆRÃsBÃ2ãƒ’Ä†–v‚Ä†÷BÄvöö@£SrÄÖÆRÃ“BÃ2ã3BÄ†–v‚Äæ÷&ÖÂÄvöö@£S2ÄÖÆRÃÃ"ãs"ÄÆ÷rÄæ÷&ÖÂÅö÷ £3ÄÖÆRÃc2Ã"ãƒ’ÄÖöFW&FRÄæ÷&ÖÂÄvöö@£C’ÄfVÖÆRÃƒ"Ã2ãS"Ä†–v‚Ä6öÆBÄvöö@£3BÄÖÆRÃSbÃã“RÄÆ÷rÄ†÷BÄvöö@£32ÄfVÖÆRÃsÃ2ãS‚ÄÖöFW&FRÄ†÷BÄvöö@£c2ÄfVÖÆRÃcÃ2ãCbÄ†–v‚Ä†÷BÄvöö@£#bÄfVÖÆRÃ‚Ã"ãsrÄÆ÷rÄ6öÆBÅö÷ £S’ÄÖÆRÃ“rÃ"ã3BÄÖöFW&FRÄ6öÆBÅö÷ £3ÄfVÖÆRÃ“bÃ2ã‚ÄÖöFW&FRÄ6öÆBÄvöö@£SBÄÖÆRÃcBÃ"ãCRÄÖöFW&FRÄæ÷&ÖÂÄvöö@£c‚ÄfVÖÆRÃRÃBãƒ"Ä†–v‚Ä†÷BÄvöö@£cBÄfVÖÆRÃƒÃãsÄÆ÷rÄ6öÆBÅö÷ £cRÄÖÆRÃƒBÃ2ãBÄ†–v‚Äæ÷&ÖÂÄvöö@£S"ÄÖÆRÃƒBÃ"ãƒ‚ÄÆ÷rÄ†÷BÄvöö@£3ÄÖÆRÃcrÃ"ã2ÄÆ÷rÄ6öÆBÄvöö@£cRÄÖÆRÃ“BÃ"ã32ÄÖöFW&FRÄ6öÆBÅö÷ £3ÄfVÖÆRÃ“bÃBãrÄ†–v‚Ä6öÆBÄvöö@£SrÄÖÆRÃsÃ"ãs2ÄÆ÷rÄ†÷BÄvöö@£#ÄfVÖÆRÃ2Ã2ã32ÄÆ÷rÄ†÷BÄvöö@£3’ÄÖÆRÃCrÃ"ãRÄ†–v‚Äæ÷&ÖÂÄvöö@£3"ÄÖÆRÃS’Ã"ã#ÄÆ÷rÄæ÷&ÖÂÄvöö@£SÄÖÆRÃc"Ã"ã#BÄÖöFW&FRÄæ÷&ÖÂÄvöö@£#ÄÖÆRÃsBÃ2ãc‚Ä†–v‚Ä†÷BÄvöö@£C‚ÄÖÆRÃÃ2ãÄÖöFW&FRÄæ÷&ÖÂÄvöö@£cÄÖÆRÃ“’Ã"ãCÄÖöFW&FRÄ6öÆBÅö÷ £SBÄÖÆRÃSÃ"ã3‚ÄÖöFW&FRÄ†÷BÄvöö@£3bÄfVÖÆRÃ“"Ã2ãrÄÖöFW&FRÄ6öÆBÄvöö@£3‚ÄfVÖÆRÃCRÃ"ãcbÄÖöFW&FRÄ†÷BÄvöö@£CrÄfVÖÆRÃbÃ2ã“BÄÖöFW&FRÄæ÷&ÖÂÄvöö@£c’ÄÖÆRÃsÃ"ãSrÄÖöFW&FRÄ†÷BÄvöö@£32ÄÖÆRÃC‚Ã"ã’ÄÖöFW&FRÄ†÷BÄvöö@£‚ÄfVÖÆRÃƒ‚ÃBãcÄ†–v‚Ä†÷BÄvöö@£SbÄÖÆRÃC‚Ã"ãCBÄ†–v‚Ä†÷BÄvöö@£#"ÄfVÖÆRÃ“bÃ2ã#‚ÄÖöFW&FRÄ6öÆBÄvöö@£3RÄÖÆRÃsBÃ2ãSÄ†–v‚Ä†÷BÄvöö@£CrÄfVÖÆRÃcÃ2ãCrÄ†–v‚Ä†÷BÄvöö@£SÄfVÖÆRÃC’ÃãRÄÆ÷rÄ6öÆBÄvöö@£SrÄfVÖÆRÃsbÃ2ã’Ä†–v‚Äæ÷&ÖÂÄvöö@£SRÄfVÖÆRÃC’Ã"ã“"Ä†–v‚Ä†÷BÄvöö@£C2ÄfVÖÆRÃÃBã‚Ä†–v‚Äæ÷&ÖÂÄvöö@£3bÄÖÆRÃSÃ"ã3ÄÖöFW&FRÄ†÷BÄvöö@£C"ÄfVÖÆRÃSbÃ2ãc’Ä†–v‚Ä†÷BÄvöö@£3"ÄÖÆRÃSRÃ"ãrÄÆ÷rÄ†÷BÄvöö@£32ÄfVÖÆRÃS2Ã"ã3"ÄÖöFW&FRÄ†÷BÄvöö@£#’ÄfVÖÆRÃSbÃ"ãBÄ†–v‚Äæ÷&ÖÂÄvöö@£#bÄÖÆRÃSbÃ"ãc2ÄÆ÷rÄ†÷BÄvöö@£#"ÄfVÖÆRÃS2ÃãƒÄÖöFW&FRÄ6öÆBÄvöö@£3rÄfVÖÆRÃSrÃãƒBÄÖöFW&FRÄ6öÆBÄvöö@£#"ÄÖÆRÃƒrÃBãsrÄ†–v‚Ä†÷BÄvöö@£#rÄÖÆRÃsBÃ"ãbÄÖöFW&FRÄæ÷&ÖÂÄvöö@£#‚ÄÖÆRÃ“RÃ"ãC2ÄÆ÷rÄ6öÆBÅö÷ £C‚ÄfVÖÆRÃCRÃãƒRÄÖöFW&FRÄæ÷&ÖÂÄvöö@£CRÄfVÖÆRÃ“RÃBãBÄÖöFW&FRÄ†÷BÄvöö@£#rÄÖÆRÃ“Ã"ãbÄÖöFW&FRÄ6öÆBÅö÷ £32ÄfVÖÆRÃƒ2Ã2ã"ÄÆ÷rÄ†÷BÄvöö@£C’ÄÖÆRÃC’Ãã“BÄÖöFW&FRÄæ÷&ÖÂÄvöö@£3"ÄÖÆRÃsbÃãƒ’ÄÆ÷rÄ6öÆBÅö÷ £S"ÄfVÖÆRÃsRÃBã2Ä†–v‚Ä†÷BÄvöö@£CÄfVÖÆRÃƒBÃ"ãRÄÆ÷rÄ6öÆBÅö÷ £3ÄfVÖÆRÃ‚ÃRã2Ä†–v‚Ä†÷BÄvöö@£c’ÄÖÆRÃSBÃãcÄÆ÷rÄæ÷&ÖÂÅö÷ £’ÄfVÖÆRÃcrÃ"ãsrÄÖöFW&FRÄæ÷&ÖÂÄvöö@£#‚ÄfVÖÆRÃƒÃ"ãrÄÆ÷rÄ†÷BÄvöö@£S2ÄfVÖÆRÃÃ2ãCBÄ†–v‚Ä6öÆBÄvöö@£CÄÖÆRÃ“‚Ã2ã3’ÄÖöFW&FRÄæ÷&ÖÂÄvöö@£SÄfVÖÆRÃ“ÃBã3bÄÖöFW&FRÄ†÷BÄvöö@£CÄfVÖÆRÃC‚Ã"ãÄ†–v‚Äæ÷&ÖÂÄvöö@£3rÄfVÖÆRÃ“rÃ2ã3’Ä†–v‚Ä6öÆBÄvöö@£C"ÄÖÆRÃcÃ"ã“rÄ†–v‚Äæ÷&ÖÂÄvöö@£SÄÖÆRÃc’Ã"ã3ÄÖöFW&FRÄ6öÆBÄvöö@£crÄfVÖÆRÃsBÃ"ãS2ÄÖöFW&FRÄæ÷&ÖÂÄvöö@£3bÄfVÖÆRÃC‚Ã"ã2Ä†–v‚Äæ÷&ÖÂÄvöö@£c’ÄfVÖÆRÃs"ÃãƒbÄÆ÷rÄæ÷&ÖÂÅö÷ £3‚ÄÖÆRÃ’Ã2ãs"ÄÖöFW&FRÄæ÷&ÖÂÄvöö@£SÄfVÖÆRÃSRÃ2ã"Ä†–v‚Ä†÷BÄvöö@£3ÄfVÖÆRÃ’Ã2ã‚ÄÆ÷rÄæ÷&ÖÂÅö÷ £cÄfVÖÆRÃsÃ"ã3"ÄÆ÷rÄ†÷BÄvöö@£32ÄfVÖÆRÃCRÃãSÄÖöFW&FRÄæ÷&ÖÂÄvöö@£SBÄfVÖÆRÃcrÃ2ã"Ä†–v‚Äæ÷&ÖÂÄvöö@£32ÄÖÆRÃs"Ã"ãC2Ä†–v‚Ä6öÆBÄvöö@£CÄÖÆRÃ“RÃ2ãc’ÄÖöFW&FRÄ†÷BÄvöö@£#BÄfVÖÆRÃs’Ã"ãS’ÄÆ÷rÄ†÷BÄvöö@£C‚ÄfVÖÆRÃƒbÃ2ãCRÄÆ÷rÄ†÷BÄvöö@£3"ÄfVÖÆRÃcÃ"ã#bÄ†–v‚Ä6öÆBÄvöö@£CRÄfVÖÆRÃƒBÃ2ãrÄÆ÷rÄ†÷BÄvöö@£3ÄÖÆRÃ“BÃ2ãÄÖöFW&FRÄæ÷&ÖÂÄvöö@£C’ÄfVÖÆRÃs"Ã"ãbÄÆ÷rÄ†÷BÄvöö@£CbÄfVÖÆRÃ“2Ã2ãÄ†–v‚Ä6öÆBÄvöö@£CÄfVÖÆRÃƒ2Ã2ãSrÄ†–v‚Äæ÷&ÖÂÄvöö@£CRÄfVÖÆRÃc2Ã"ã’ÄÖöFW&FRÄ6öÆBÄvöö@£C2ÄÖÆRÃ“2Ã"ãsÄÖöFW&FRÄ6öÆBÅö÷ £cÄfVÖÆRÃsbÃã“’ÄÆ÷rÄ6öÆBÅö÷ £SBÄÖÆRÃSÃãRÄÆ÷rÄæ÷&ÖÂÄvöö@£SrÄfVÖÆRÃS2Ã"ãBÄ†–v‚Äæ÷&ÖÂÄvöö@£3‚ÄfVÖÆRÃƒbÃBãcBÄ†–v‚Ä†÷BÄvöö@£SBÄfVÖÆRÃs2Ã"ãBÄÖöFW&FRÄ6öÆBÄvöö@£C"ÄfVÖÆRÃSBÃãRÄÆ÷rÄæ÷&ÖÂÅö÷ £CrÄÖÆRÃ2ÃBãS‚ÄÖöFW&FRÄ†÷BÄvöö@£#"ÄfVÖÆRÃS‚Ã2ã2Ä†–v‚Ä†÷BÄvöö@£cBÄfVÖÆRÃÃ"ã#‚ÄÆ÷rÄæ÷&ÖÂÅö÷ £#"ÄfVÖÆRÃSÃãƒrÄÖöFW&FRÄæ÷&ÖÂÄvöö@£SrÄfVÖÆRÃ2Ã2ãCBÄÖöFW&FRÄæ÷&ÖÂÄvöö@£cRÄÖÆRÃcrÃ2ã3BÄ†–v‚Ä†÷BÄvöö@£SÄfVÖÆRÃ“rÃ"ãƒBÄÆ÷rÄ†÷BÅö÷ £3rÄÖÆRÃsÃ"ã‚ÄÆ÷rÄ6öÆBÅö÷ £c2ÄfVÖÆRÃc’ÃãRÄÆ÷rÄæ÷&ÖÂÅö÷ £S"ÄÖÆRÃ‚ÃBã#RÄ†–v‚Äæ÷&ÖÂÄvöö@£cbÄfVÖÆRÃcBÃ"ãbÄ†–v‚Äæ÷&ÖÂÄvöö@£cÄfVÖÆRÃC’Ã"ã"ÄÖöFW&FRÄæ÷&ÖÂÄvöö@£CbÄfVÖÆRÃsbÃ"ãƒ2Ä†–v‚Äæ÷&ÖÂÄvöö@£cÄfVÖÆRÃcbÃãs2ÄÖöFW&FRÄ6öÆBÅö÷ £CRÄfVÖÆRÃ“’Ã2ãrÄÆ÷rÄæ÷&ÖÂÄvöö@£#ÄÖÆRÃƒrÃ"ã"ÄÆ÷rÄæ÷&ÖÂÅö÷ £c‚ÄfVÖÆRÃ“rÃ2ã2Ä†–v‚Ä6öÆBÄvöö@£3BÄÖÆRÃ“Ã2ãƒ‚Ä†–v‚Ä6öÆBÄvöö@£3ÄÖÆRÃƒRÃ2ã’ÄÖöFW&FRÄ6öÆBÄvöö@£c‚ÄÖÆRÃsÃ"ã3‚Ä†–v‚Ä6öÆBÄvöö@£crÄfVÖÆRÃS’Ããƒ‚ÄÆ÷rÄ†÷BÄvöö@£3"ÄÖÆRÃsÃ2ãCrÄ†–v‚Äæ÷&ÖÂÄvöö@£3RÄÖÆRÃsÃ"ãCrÄ†–v‚Ä6öÆBÄvöö@£3RÄfVÖÆRÃCRÃãc"Ä†–v‚Ä6öÆBÄvöö@£3‚ÄÖÆRÃCrÃ"ã#2Ä†–v‚Ä6öÆBÄvöö@£S"ÄÖÆRÃc"Ã"ã#ÄÆ÷rÄ†÷BÄvöö@£#RÄÖÆRÃc"Ã"ãƒÄÆ÷rÄ†÷BÄvöö@£C2ÄÖÆRÃSRÃ2ã"Ä†–v‚Äæ÷&ÖÂÄvöö@£SBÄÖÆRÃSbÃãrÄÆ÷rÄ†÷BÄvöö@£#"ÄfVÖÆRÃC’Ã"ãC"Ä†–v‚Äæ÷&ÖÂÄvöö@£CÄÖÆRÃ“Ã2ã3Ä†–v‚Äæ÷&ÖÂÄvöö@£CrÄfVÖÆRÃCRÃãƒbÄ†–v‚Äæ÷&ÖÂÄvöö@£S2ÄfVÖÆRÃbÃ"ãcbÄÆ÷rÄ6öÆBÅö÷ £cÄÖÆRÃcÃãsBÄÆ÷rÄ†÷BÅö÷ £c"ÄÖÆRÃ“"Ã"ã3’ÄÆ÷rÄ6öÆBÅö÷ £#"ÄÖÆRÃc’Ã2ã#2ÄÆ÷rÄ†÷BÄvöö@£CbÄfVÖÆRÃƒ’ÃBãÄÖöFW&FRÄ†÷BÄvöö@£CRÄfVÖÆRÃ“rÃ"ãƒ"ÄÆ÷rÄ6öÆBÅö÷ £3rÄÖÆRÃ“’ÃBã’Ä†–v‚Äæ÷&ÖÂÄvöö@£3’ÄÖÆRÃ“RÃ2ãS"Ä†–v‚Ä6öÆBÄvöö@£SRÄfVÖÆRÃ2Ã"ãs2ÄÆ÷rÄ6öÆBÅö÷ £CÄÖÆRÃƒ"Ã"ã“RÄÖöFW&FRÄ6öÆBÄvöö@£CRÄÖÆRÃSbÃ"ãƒbÄÆ÷rÄ†÷BÄvöö@£SRÄÖÆRÃSÃã“‚ÄÖöFW&FRÄæ÷&ÖÂÄvöö@£c"ÄfVÖÆRÃSBÃãcrÄÆ÷rÄ†÷BÄvöö@£#ÄfVÖÆRÃc‚Ã"ãrÄ†–v‚Äæ÷&ÖÂÄvöö@£C2ÄÖÆRÃÃ2ãcBÄÆ÷rÄ†÷BÄvöö@£cBÄfVÖÆRÃS2ÃãcÄÆ÷rÄæ÷&ÖÂÄvöö@£C’ÄÖÆRÃSÃãsBÄÖöFW&FRÄ6öÆBÄvöö@£C‚ÄÖÆRÃbÃ"ã“2ÄÆ÷rÄ6öÆBÅö÷ £3’ÄÖÆRÃ"Ã2ã#2ÄÖöFW&FRÄæ÷&ÖÂÄvöö@£c‚ÄfVÖÆRÃrÃBãÄ†–v‚Äæ÷&ÖÂÄvöö@£#rÄÖÆRÃS’Ã"ãRÄ†–v‚Äæ÷&ÖÂÄvöö@£#BÄÖÆRÃc"Ãã“"ÄÆ÷rÄæ÷&ÖÂÄvöö@£c"ÄfVÖÆRÃƒrÃ2ãS‚Ä†–v‚Ä†÷BÄvöö@£S‚ÄÖÆRÃ“RÃ2ã"ÄÆ÷rÄ†÷BÄvöö@£3bÄÖÆRÃcRÃ"ãs’Ä†–v‚Ä6öÆBÄvöö@£#BÄÖÆRÃ“‚ÃBãbÄ†–v‚Ä†÷BÄvöö@£SRÄfVÖÆRÃsÃ"ã‚ÄÖöFW&FRÄæ÷&ÖÂÄvöö@£#’ÄÖÆRÃC’Ã"ãcRÄÆ÷rÄ†÷BÄvöö@£SRÄÖÆRÃSÃ"ã32Ä†–v‚Äæ÷&ÖÂÄvöö@£32ÄÖÆRÃƒ2ÃBãc‚Ä†–v‚Ä†÷BÄvöö@£S2ÄÖÆRÃƒÃ"ã‚ÄÆ÷rÄæ÷&ÖÂÅö÷ £‚ÄfVÖÆRÃƒÃ2ã3‚ÄÖöFW&FRÄ†÷BÄvöö@£3ÄfVÖÆRÃƒÃ"ãC2ÄÆ÷rÄ6öÆBÄvöö@£#ÄfVÖÆRÃs’Ã2ã"ÄÖöFW&FRÄ6öÆBÄvöö@£C2ÄÖÆRÃ“ÃBã"Ä†–v‚Ä†÷BÄvöö@£C’ÄÖÆRÃcbÃ"ã3Ä†–v‚Ä6öÆBÄvöö@£C‚ÄfVÖÆRÃcÃ2ãSBÄ†–v‚Ä†÷BÄvöö@£S2ÄfVÖÆRÃ2Ã2ã32ÄÖöFW&FRÄæ÷&ÖÂÄvöö@£C2ÄÖÆRÃSbÃ"ãS‚ÄÖöFW&FRÄ†÷BÄvöö@£CbÄfVÖÆRÃCbÃãƒ’Ä†–v‚Äæ÷&ÖÂÄvöö@£S’ÄfVÖÆRÃ“2Ã2ã’ÄÆ÷rÄ†÷BÄvöö@£#2ÄfVÖÆRÃCbÃãbÄ†–v‚Ä6öÆBÄvöö@£#BÄÖÆRÃcRÃ"ã“ÄÆ÷rÄ†÷BÄvöö@£C"ÄÖÆRÃƒRÃ"ãƒrÄÖöFW&FRÄæ÷&ÖÂÄvöö@£3ÄÖÆRÃS"Ãã“‚ÄÆ÷rÄ†÷BÄvöö@£3ÄfVÖÆRÃSRÃãRÄÖöFW&FRÄ6öÆBÅö÷ £CbÄfVÖÆRÃ“’Ã"ã3’ÄÆ÷rÄ6öÆBÅö÷ £cBÄÖÆRÃc"ÃãRÄÆ÷rÄ6öÆBÅö÷ £#bÄfVÖÆRÃbÃBãSÄ†–v‚Ä†÷BÄvöö@£3ÄfVÖÆRÃs2Ã2ãSrÄ†–v‚Ä†÷BÄvöö@£32ÄÖÆRÃc2Ã2ãrÄ†–v‚Äæ÷&ÖÂÄvöö@£’ÄfVÖÆRÃSBÃ"ãcRÄ†–v‚Äæ÷&ÖÂÄvöö@£C"ÄfVÖÆRÃsÃ2ã3ÄÖöFW&FRÄ†÷BÄvöö@£S2ÄÖÆRÃƒ2Ã2ãsbÄ†–v‚Ä†÷BÄvöö@£crÄfVÖÆRÃSrÃ2ãSBÄ†–v‚Ä†÷BÄvöö@£’ÄÖÆRÃSRÃ2ã3BÄ†–v‚Ä†÷BÄvöö@£C"ÄÖÆRÃcrÃ2ã3’ÄÖöFW&FRÄ†÷BÄvöö@£#2ÄÖÆRÃƒÃ2ãcRÄ†–v‚Äæ÷&ÖÂÄvöö@£cbÄÖÆRÃƒbÃ2ãBÄ†–v‚Ä6öÆBÄvöö@£c’ÄÖÆRÃCRÃãRÄÆ÷rÄ6öÆBÄvöö@£cRÄfVÖÆRÃS‚ÃãRÄÆ÷rÄ6öÆBÅö÷ £CÄfVÖÆRÃsRÃ"ãc"ÄÖöFW&FRÄ6öÆBÄvöö@£3rÄÖÆRÃsRÃ"ãRÄÖöFW&FRÄ6öÆBÅö÷ £#2ÄfVÖÆRÃƒrÃBã#rÄ†–v‚Ä†÷BÄvöö@£3RÄfVÖÆRÃs2Ã2ãc2Ä†–v‚Äæ÷&ÖÂÄvöö@£cÄfVÖÆRÃsrÃ2ã‚Ä†–v‚Ä6öÆBÄvöö@£c"ÄfVÖÆRÃƒRÃã‚ÄÆ÷rÄæ÷&ÖÂÅö÷ £S"ÄfVÖÆRÃS2Ã"ã3’Ä†–v‚Äæ÷&ÖÂÄvöö@£3"ÄÖÆRÃs2Ã2ãÄ†–v‚Ä6öÆBÄvöö@£SBÄÖÆRÃBÃ2ã32ÄÆ÷rÄ†÷BÄvöö@£c‚ÄfVÖÆRÃƒBÃ2ãRÄÖöFW&FRÄ†÷BÄvöö@£#2ÄÖÆRÃƒ"Ã"ã“rÄ†–v‚Ä6öÆBÄvöö@£c‚ÄÖÆRÃ“‚Ã"ã3‚ÄÖöFW&FRÄ6öÆBÅö÷ £C’ÄfVÖÆRÃs‚Ã2ãS2ÄÆ÷rÄ†÷BÄvöö@£#"ÄfVÖÆRÃRÃ2ãS"Ä†–v‚Ä6öÆBÄvöö@£crÄfVÖÆRÃsbÃBã’Ä†–v‚Ä†÷BÄvöö@£cRÄÖÆRÃcÃ"ãSrÄÆ÷rÄ†÷BÄvöö@£3"ÄfVÖÆRÃ“BÃ2ã“‚Ä†–v‚Äæ÷&ÖÂÄvöö@£cRÄfVÖÆRÃƒBÃ2ã3BÄÖöFW&FRÄ†÷BÄvöö@£3"ÄÖÆRÃsRÃ"ã3rÄÆ÷rÄæ÷&ÖÂÄvöö@£c"ÄfVÖÆRÃƒÃ"ãBÄÖöFW&FRÄæ÷&ÖÂÅö÷ £#bÄÖÆRÃs"Ã2ã“2Ä†–v‚Ä†÷BÄvöö@£S"ÄfVÖÆRÃƒÃ2ã3‚Ä†–v‚Ä†÷BÄvöö@£‚ÄfVÖÆRÃs‚Ã"ã#RÄÆ÷rÄ6öÆBÅö÷ £3rÄfVÖÆRÃ“RÃ"ã“ÄÆ÷rÄ6öÆBÄvöö@£#BÄÖÆRÃCbÃãcbÄÆ÷rÄ†÷BÄvöö@£#’ÄfVÖÆRÃsÃ2ãÄÖöFW&FRÄæ÷&ÖÂÄvöö@£#‚ÄÖÆRÃcBÃ2ã“’Ä†–v‚Ä†÷BÄvöö@£C’ÄÖÆRÃcrÃ"ãƒBÄÆ÷rÄ†÷BÄvöö@£’ÄfVÖÆRÃbÃBã"ÄÖöFW&FRÄæ÷&ÖÂÄvöö@£cRÄÖÆRÃSÃãRÄÆ÷rÄæ÷&ÖÂÄvöö@£c"ÄÖÆRÃ“Ã2ã#BÄ†–v‚Ä6öÆBÄvöö@£#ÄÖÆRÃSÃ"ã"ÄÖöFW&FRÄ6öÆBÄvöö@£CrÄÖÆRÃ“’Ã2ãrÄ†–v‚Ä6öÆBÄvöö@£#"ÄfVÖÆRÃcbÃã“‚ÄÖöFW&FRÄæ÷&ÖÂÄvöö@£SrÄÖÆRÃC‚Ã"ãÄÆ÷rÄ†÷BÄvöö@£3"ÄfVÖÆRÃcÃ"ã3’ÄÖöFW&FRÄ6öÆBÄvöö@£#rÄÖÆRÃsrÃ2ãSbÄ†–v‚Ä†÷BÄvöö@£cÄfVÖÆRÃ’Ã"ãSbÄÆ÷rÄæ÷&ÖÂÅö÷ £3RÄfVÖÆRÃc’Ãã“ÄÆ÷rÄ6öÆBÅö÷ £#ÄÖÆRÃs’Ã"ãsbÄÆ÷rÄ†÷BÄvöö@£3rÄfVÖÆRÃSbÃ"ãÄ†–v‚Ä6öÆBÄvöö@£3’ÄfVÖÆRÃƒÃ"ãCRÄÆ÷rÄ6öÆBÄvöö@£C"ÄÖÆRÃƒ2Ã"ã“bÄ†–v‚Ä6öÆBÄvöö@£#’ÄfVÖÆRÃ“BÃ2ã’Ä†–v‚Äæ÷&ÖÂÄvöö@£#BÄfVÖÆRÃc2Ã"ã3‚ÄÆ÷rÄ†÷BÄvöö@£3rÄfVÖÆRÃC’ÃãRÄÆ÷rÄ6öÆBÄvöö@£#BÄfVÖÆRÃcBÃ2ã"Ä†–v‚Äæ÷&ÖÂÄvöö@£SÄfVÖÆRÃSÃ"ãC"ÄÆ÷rÄ†÷BÄvöö@£CrÄÖÆRÃ‚Ã2ãs‚Ä†–v‚Äæ÷&ÖÂÄvöö@£CBÄÖÆRÃS’Ã"ã"ÄÖöFW&FRÄ6öÆBÄvöö@£’ÄfVÖÆRÃs"Ã"ãRÄÖöFW&FRÄ6öÆBÅö÷ £#2ÄÖÆRÃÃ2ãbÄ†–v‚Ä6öÆBÄvöö@£#rÄfVÖÆRÃc‚Ã2ãC"ÄÖöFW&FRÄ†÷BÄvöö@£CRÄÖÆRÃSbÃ2ã#‚ÄÖöFW&FRÄ†÷BÄvöö@£#"ÄÖÆRÃc2Ã"ã“RÄÆ÷rÄ†÷BÄvöö@£SBÄÖÆRÃs"Ã"ãS‚ÄÆ÷rÄ†÷BÄvöö@£#"ÄÖÆRÃcBÃ"ãCbÄ†–v‚Äæ÷&ÖÂÄvöö@£#"ÄÖÆRÃSbÃãƒRÄÆ÷rÄæ÷&ÖÂÄvöö@£#ÄfVÖÆRÃrÃBãÄÖöFW&FRÄ†÷BÄvöö@£S2ÄÖÆRÃSÃ"ã3bÄÖöFW&FRÄ†÷BÄvöö@£CBÄfVÖÆRÃ“2Ã2ã32ÄÆ÷rÄ†÷BÄvöö@£C‚ÄÖÆRÃƒrÃ2ã“BÄ†–v‚Äæ÷&ÖÂÄvöö@£cÄfVÖÆRÃ“‚Ã2ã"Ä†–v‚Ä6öÆBÄvöö@£3"ÄÖÆRÃƒ"ÃBã#’Ä†–v‚Ä†÷BÄvöö@£CBÄfVÖÆRÃ“RÃ2ãbÄÆ÷rÄ†÷BÄvöö@£#BÄÖÆRÃ“Ã2ã2Ä†–v‚Ä6öÆBÄvöö@£CrÄÖÆRÃRÃBã3bÄÖöFW&FRÄ†÷BÄvöö@£C’ÄÖÆRÃƒRÃ2ãÄÆ÷rÄæ÷&ÖÂÄvöö@£#ÄÖÆRÃSÃ2ãÄÖöFW&FRÄ†÷BÄvöö@£#2ÄfVÖÆRÃcBÃãsrÄÆ÷rÄ6öÆBÅö÷ £#’ÄÖÆRÃ2Ã2ã#2ÄÖöFW&FRÄ6öÆBÄvöö@£SÄfVÖÆRÃƒ‚Ã2ãbÄÖöFW&FRÄ†÷BÄvöö@£3rÄÖÆRÃCbÃãRÄÆ÷rÄæ÷&ÖÂÄvöö@£#’ÄfVÖÆRÃ’ÃRã2Ä†–v‚Ä†÷BÄvöö@£C‚ÄfVÖÆRÃSbÃ2ãBÄ†–v‚Äæ÷&ÖÂÄvöö@£S2ÄÖÆRÃS‚Ã"ã2ÄÖöFW&FRÄ†÷BÄvöö@£C2ÄfVÖÆRÃRÃ2ãC’ÄÆ÷rÄ†÷BÄvöö@£SrÄÖÆRÃs2ÃãS’ÄÆ÷rÄæ÷&ÖÂÅö÷ £SÄfVÖÆRÃÃ2ãs’Ä†–v‚Äæ÷&ÖÂÄvöö@£’ÄÖÆRÃSbÃ2ã‚Ä†–v‚Äæ÷&ÖÂÄvöö@£C2ÄfVÖÆRÃS‚Ã2ã’Ä†–v‚Äæ÷&ÖÂÄvöö@£#BÄÖÆRÃ“Ã"ã“2ÄÆ÷rÄæ÷&ÖÂÄvöö@£3"ÄfVÖÆRÃÃ2ãC2ÄÖöFW&FRÄ6öÆBÄvöö@£crÄÖÆRÃBÃ2ãRÄÆ÷rÄæ÷&ÖÂÄvöö@£CÄÖÆRÃcBÃ"ãS2ÄÖöFW&FRÄ6öÆBÄvöö@£S2ÄÖÆRÃCrÃ"ã“’Ä†–v‚Ä†÷BÄvöö@£SÄfVÖÆRÃs"Ã"ãƒ"ÄÖöFW&FRÄ6öÆBÄvöö@£SrÄfVÖÆRÃS‚Ã"ãbÄ†–v‚Ä6öÆBÄvöö@£#"ÄÖÆRÃBÃBã3‚Ä†–v‚Ä†÷BÄvöö@£3rÄfVÖÆRÃSRÃ"ãSBÄÖöFW&FRÄ†÷BÄvöö@£#ÄÖÆRÃ“bÃ2ãs2Ä†–v‚Äæ÷&ÖÂÄvöö@£#ÄfVÖÆRÃSRÃã“rÄ†–v‚Ä6öÆBÄvöö@£C"ÄÖÆRÃcrÃ"ãc"Ä†–v‚Ä6öÆBÄvöö@£C‚ÄfVÖÆRÃS‚ÃãrÄÆ÷rÄ6öÆBÅö÷ £#ÄfVÖÆRÃcrÃ2ãSbÄ†–v‚Ä†÷BÄvöö@£CÄfVÖÆRÃ“BÃ2ãƒÄÆ÷rÄ†÷BÄvöö@£CBÄÖÆRÃS2ÃãsRÄÖöFW&FRÄ6öÆBÄvöö@£3’ÄfVÖÆRÃƒBÃ2ã3‚Ä†–v‚Ä6öÆBÄvöö@£c’ÄÖÆRÃs"Ã"ãrÄ†–v‚Äæ÷&ÖÂÄvöö@£SrÄÖÆRÃ“"Ã"ãƒrÄÆ÷rÄ†÷BÄvöö@£SBÄfVÖÆRÃs’Ã"ãS2ÄÆ÷rÄ†÷BÄvöö@£SBÄfVÖÆRÃƒ"Ã2ã“"Ä†–v‚Ä†÷BÄvöö@£CÄÖÆRÃSÃãRÄÆ÷rÄæ÷&ÖÂÄvöö@£S2ÄÖÆRÃ“RÃ2ã2ÄÆ÷rÄæ÷&ÖÂÄvöö@£3ÄÖÆRÃƒ‚Ã2ã2ÄÆ÷rÄæ÷&ÖÂÄvöö@£c‚ÄÖÆRÃƒRÃ2ã“’Ä†–v‚Ä†÷BÄvöö@£CRÄfVÖÆRÃSÃ"ãC’Ä†–v‚Ä6öÆBÄvöö@£S"ÄfVÖÆRÃ“Ã"ãsbÄ†–v‚Ä6öÆBÄvöö@£cÄÖÆRÃcbÃ"ãCÄ†–v‚Ä6öÆBÄvöö@£3ÄÖÆRÃSrÃ"ãS2ÄÆ÷rÄ†÷BÄvöö@£3ÄfVÖÆRÃSbÃ2ãS’Ä†–v‚Ä†÷BÄvöö@£#’ÄÖÆRÃS’Ã2ãSRÄ†–v‚Ä†÷BÄvöö@£32ÄÖÆRÃ“’ÃBã2Ä†–v‚Äæ÷&ÖÂÄvöö@£cBÄÖÆRÃS‚ÃãRÄÆ÷rÄæ÷&ÖÂÅö÷ £3"ÄfVÖÆRÃs’Ã"ãS’ÄÖöFW&FRÄ6öÆBÄvöö@£SÄÖÆRÃSÃ"ã3‚ÄÖöFW&FRÄ†÷BÄvöö@£‚ÄfVÖÆRÃS‚Ã"ãc’Ä†–v‚Äæ÷&ÖÂÄvöö@£#RÄfVÖÆRÃƒBÃ2ãS2ÄÆ÷rÄ†÷BÄvöö@£c‚ÄÖÆRÃcBÃ"ãS‚Ä†–v‚Ä6öÆBÄvöö@£#2ÄfVÖÆRÃƒ2ÃBãCBÄ†–v‚Ä†÷BÄvöö@£#bÄÖÆRÃs‚Ã"ã’ÄÆ÷rÄæ÷&ÖÂÅö÷ £#‚ÄÖÆRÃRÃ2ãSRÄÆ÷rÄæ÷&ÖÂÄvöö@£c2ÄfVÖÆRÃSRÃ"ãc2Ä†–v‚Äæ÷&ÖÂÄvöö@£CRÄfVÖÆRÃcbÃ"ã3rÄÆ÷rÄ†÷BÄvöö@£#2ÄfVÖÆRÃsRÃ2ãƒ’Ä†–v‚Ä†÷BÄvöö@£#ÄfVÖÆRÃcÃ"ã3BÄ†–v‚Äæ÷&ÖÂÄvöö@£3BÄÖÆRÃ"ÃBã2ÄÆ÷rÄ†÷BÄvöö@£C2ÄfVÖÆRÃsÃ"ã“’ÄÖöFW&FRÄæ÷&ÖÂÄvöö@£#"ÄÖÆRÃ’ÃBã3’Ä†–v‚Äæ÷&ÖÂÄvöö@£32ÄfVÖÆRÃc"Ã"ã“BÄ†–v‚Ä6öÆBÄvöö@£3RÄfVÖÆRÃƒRÃ"ãs"ÄÖöFW&FRÄæ÷&ÖÂÄvöö@£CrÄÖÆRÃcÃ"ã#BÄÆ÷rÄæ÷&ÖÂÄvöö@£cBÄÖÆRÃc‚Ã"ãSrÄÆ÷rÄ†÷BÄvöö@£cbÄÖÆRÃÃ2ã“rÄÖöFW&FRÄ†÷BÄvöö@£#‚ÄfVÖÆRÃS‚Ã2ã3rÄÖöFW&FRÄ†÷BÄvöö@£C’ÄÖÆRÃSRÃ"ãC‚ÄÖöFW&FRÄ†÷BÄvöö@£S’ÄÖÆRÃ"Ã2ã#2ÄÆ÷rÄ†÷BÄvöö@£SÄfVÖÆRÃƒ’Ã"ãSÄÆ÷rÄ6öÆBÅö÷ £S’ÄÖÆRÃcBÃ2ãBÄ†–v‚Ä†÷BÄvöö@£3BÄÖÆRÃS"Ã"ã3"ÄÖöFW&FRÄ†÷BÄvöö@£SBÄÖÆRÃ“2Ã"ãƒrÄ†–v‚Ä6öÆBÄvöö@£c’ÄÖÆRÃ“‚Ã2ãSbÄ†–v‚Ä6öÆBÄvöö@£cÄÖÆRÃƒbÃ"ã“BÄ†–v‚Äæ÷&ÖÂÄvöö@£C‚ÄfVÖÆRÃcÃãRÄÆ÷rÄæ÷&ÖÂÅö÷ £#‚ÄfVÖÆRÃƒbÃã“"ÄÆ÷rÄ6öÆBÅö÷ £C’ÄfVÖÆRÃÃ2ãƒ‚ÄÆ÷rÄ†÷BÄvöö@£SÄÖÆRÃs2Ã"ãbÄ†–v‚Ä6öÆBÄvöö@£CBÄÖÆRÃbÃ"ãƒRÄÆ÷rÄ6öÆBÅö÷ £#RÄÖÆRÃƒrÃ"ãSbÄÖöFW&FRÄ6öÆBÅö÷ £#’ÄfVÖÆRÃƒBÃ"ãc‚ÄÆ÷rÄæ÷&ÖÂÄvöö@£SrÄfVÖÆRÃÃ2ã#‚Ä†–v‚Äæ÷&ÖÂÄvöö@£c2ÄfVÖÆRÃCRÃã“rÄÖöFW&FRÄæ÷&ÖÂÄvöö@£#bÄÖÆRÃs‚ÃBã3RÄ†–v‚Ä†÷BÄvöö@£S2ÄÖÆRÃÃ2ã’ÄÆ÷rÄ†÷BÄvöö@£3bÄÖÆRÃcRÃ"ãCrÄ†–v‚Äæ÷&ÖÂÄvöö@£#ÄÖÆRÃC‚Ã"ã’Ä†–v‚Äæ÷&ÖÂÄvöö@£#‚ÄfVÖÆRÃC’Ãã“‚Ä†–v‚Äæ÷&ÖÂÄvöö@£’ÄÖÆRÃcÃ2ãbÄ†–v‚Äæ÷&ÖÂÄvöö@£C2ÄÖÆRÃSbÃ"ãbÄÖöFW&FRÄ†÷BÄvöö@£crÄÖÆRÃsÃ"ã#rÄÆ÷rÄæ÷&ÖÂÄvöö@£3‚ÄfVÖÆRÃ“"Ã2ã“Ä†–v‚Ä6öÆBÄvöö@£c"ÄÖÆRÃCrÃ"ã#’ÄÆ÷rÄ†÷BÄvöö@£#2ÄfVÖÆRÃs2Ã"ãbÄÖöFW&FRÄ6öÆBÄvöö@£#‚ÄÖÆRÃs‚Ã2ãrÄÖöFW&FRÄ†÷BÄvöö@£cÄÖÆRÃƒRÃ"ãƒ‚ÄÖöFW&FRÄ6öÆBÄvöö@£3’ÄÖÆRÃ“Ã2ãS‚ÄÖöFW&FRÄæ÷&ÖÂÄvöö@£crÄÖÆRÃS’Ã"ãSbÄ†–v‚Ä6öÆBÄvöö@£3ÄfVÖÆRÃs2ÃãS"ÄÆ÷rÄ6öÆBÅö÷ £‚ÄÖÆRÃs‚Ã2ãs"Ä†–v‚Äæ÷&ÖÂÄvöö@£C’ÄÖÆRÃsrÃ"ãƒ2ÄÖöFW&FRÄæ÷&ÖÂÄvöö@£3BÄÖÆRÃs’Ã2ã3bÄÆ÷rÄ†÷BÄvöö@£CbÄÖÆRÃ"Ã2ã“"ÄÖöFW&FRÄæ÷&ÖÂÄvöö@£3‚ÄÖÆRÃƒ2Ã2ã“bÄ†–v‚Ä†÷BÄvöö@£3ÄÖÆRÃƒrÃBãs2Ä†–v‚Ä†÷BÄvöö@£CÄÖÆRÃC’ÃãRÄÆ÷rÄ6öÆBÄvöö@£32ÄÖÆRÃCbÃ"ãbÄ†–v‚Ä†÷BÄvöö@£crÄÖÆRÃrÃ2ãSbÄ†–v‚Äæ÷&ÖÂÄvöö@£cRÄÖÆRÃCrÃãRÄÆ÷rÄæ÷&ÖÂÄvöö@£#‚ÄÖÆRÃsBÃ"ãƒ"ÄÆ÷rÄ†÷BÄvöö@£#ÄfVÖÆRÃ“"ÃBãC"ÄÖöFW&FRÄ†÷BÄvöö@£S2ÄÖÆRÃcÃã“Ä†–v‚Ä6öÆBÄvöö@£SRÄfVÖÆRÃƒBÃ"ã#BÄÖöFW&FRÄæ÷&ÖÂÅö÷ £’ÄfVÖÆRÃSRÃãSbÄÆ÷rÄ6öÆBÅö÷ £SbÄfVÖÆRÃSÃãRÄÖöFW&FRÄ6öÆBÄvöö@£C"ÄfVÖÆRÃC’Ã2ã#"Ä†–v‚Ä†÷BÄvöö@£#ÄÖÆRÃSbÃ2ãƒÄ†–v‚Ä†÷BÄvöö@£#rÄÖÆRÃƒ"Ã2ãCBÄ†–v‚Äæ÷&ÖÂÄvöö@£S’ÄfVÖÆRÃc’ÃãcBÄÖöFW&FRÄ6öÆBÅö÷ £3ÄfVÖÆRÃƒÃ2ã"ÄÖöFW&FRÄæ÷&ÖÂÄvöö@£C"ÄfVÖÆRÃƒÃ2ãS’Ä†–v‚Ä6öÆBÄvöö@£3"ÄÖÆRÃBÃ"ã3BÄÆ÷rÄ6öÆBÅö÷ £cBÄfVÖÆRÃ“BÃ"ãc’ÄÆ÷rÄæ÷&ÖÂÅö÷ £C’ÄÖÆRÃƒbÃ"ã“‚ÄÆ÷rÄæ÷&ÖÂÄvöö@£S’ÄfVÖÆRÃC‚ÃãS"ÄÖöFW&FRÄæ÷&ÖÂÄvöö@£c"ÄfVÖÆRÃsRÃ2ãCRÄÖöFW&FRÄ†÷BÄvöö@£c"ÄfVÖÆRÃCrÃã“"ÄÆ÷rÄ†÷BÄvöö@£#ÄÖÆRÃCrÃãc’ÄÖöFW&FRÄ6öÆBÄvöö@£#ÄfVÖÆRÃ2Ã2ãc2Ä†–v‚Äæ÷&ÖÂÄvöö@£32ÄÖÆRÃ“RÃ"ãS"ÄÆ÷rÄæ÷&ÖÂÅö÷ £cbÄÖÆRÃs‚ÃãRÄÆ÷rÄ6öÆBÅö÷ £S‚ÄÖÆRÃ2Ã2ãsRÄÆ÷rÄ†÷BÄvöö@£c"ÄfVÖÆRÃÃ2ãSRÄÆ÷rÄ†÷BÄvöö@£C"ÄfVÖÆRÃS’Ã2ã3’Ä†–v‚Ä†÷BÄvöö@£CrÄÖÆRÃƒ2Ã"ãsbÄ†–v‚Ä6öÆBÄvöö@£cBÄfVÖÆRÃrÃBãSRÄ†–v‚Ä†÷BÄvöö@£#RÄfVÖÆRÃcrÃ"ãƒbÄÖöFW&FRÄæ÷&ÖÂÄvöö@£#2ÄfVÖÆRÃ"Ã2ãc‚ÄÖöFW&FRÄ6öÆBÄvöö@£#"ÄfVÖÆRÃÃ2ã“ÄÖöFW&FRÄ†÷BÄvöö@£C"ÄÖÆRÃsÃ"ãS"ÄÖöFW&FRÄæ÷&ÖÂÄvöö@£CbÄfVÖÆRÃSÃ"ã‚ÄÆ÷rÄ†÷BÄvöö@£cRÄfVÖÆRÃƒrÃ2ãsbÄ†–v‚Ä†÷BÄvöö@£CbÄÖÆRÃs"Ã"ã“rÄÆ÷rÄ†÷BÄvöö@£CBÄfVÖÆRÃƒÃ"ãrÄÖöFW&FRÄ6öÆBÄvöö@£3rÄfVÖÆRÃrÃBãbÄ†–v‚Ä6öÆBÄvöö@£#rÄÖÆRÃ2Ã2ãS‚ÄÖöFW&FRÄæ÷&ÖÂÄvöö@£cÄfVÖÆRÃƒrÃ2ãCÄ†–v‚Äæ÷&ÖÂÄvöö@£‚ÄÖÆRÃ“Ã2ã3bÄÖöFW&FRÄæ÷&ÖÂÄvöö@£C‚ÄfVÖÆRÃrÃ2ãs"Ä†–v‚Ä6öÆBÄvöö@£3RÄÖÆRÃbÃBãCBÄÖöFW&FRÄ†÷BÄvöö@£cÄÖÆRÃ“Ã2ã#2ÄÖöFW&FRÄæ÷&ÖÂÄvöö@£S"ÄÖÆRÃcÃ"ãbÄÖöFW&FRÄæ÷&ÖÂÄvöö@£S2ÄÖÆRÃ‚Ã"ãcÄÆ÷rÄ6öÆBÅö÷ £crÄfVÖÆRÃS"ÃãRÄÖöFW&FRÄ6öÆBÅö÷ £#RÄÖÆRÃƒ’Ã"ãs’ÄÆ÷rÄ6öÆBÄvöö@£3‚ÄfVÖÆRÃSrÃ"ãC’Ä†–v‚Äæ÷&ÖÂÄvöö@£#ÄfVÖÆRÃBÃ"ãsRÄÆ÷rÄ6öÆBÅö÷ £SÄfVÖÆRÃc’Ã2ãrÄ†–v‚Ä†÷BÄvöö@£#ÄÖÆRÃ‚Ã2ãsRÄÆ÷rÄ†÷BÄvöö@£SrÄfVÖÆRÃSÃãsRÄÆ÷rÄ†÷BÄvöö@£#"ÄÖÆRÃƒBÃ2ãSrÄ†–v‚Ä6öÆBÄvöö@£cRÄÖÆRÃcbÃ2ãbÄ†–v‚Ä†÷BÄvöö@£#rÄÖÆRÃCrÃã“bÄ†–v‚Äæ÷&ÖÂÄvöö@£C2ÄfVÖÆRÃÃ2ãbÄÖöFW&FRÄ6öÆBÄvöö@£#bÄfVÖÆRÃƒ2Ã"ã‚ÄÆ÷rÄ†÷BÄvöö@£#RÄÖÆRÃS’Ã2ã#BÄ†–v‚Ä†÷BÄvöö@£SRÄfVÖÆRÃ“Ã2ãs’Ä†–v‚Ä†÷BÄvöö@£32ÄÖÆRÃ“ÃBã#RÄÖöFW&FRÄ†÷BÄvöö@£3BÄfVÖÆRÃCRÃãƒbÄ†–v‚Ä6öÆBÄvöö@£c"ÄfVÖÆRÃ“2Ã"ãsRÄÆ÷rÄæ÷&ÖÂÅö÷ £#2ÄÖÆRÃƒRÃ2ãs‚Ä†–v‚Äæ÷&ÖÂÄvöö@£cbÄfVÖÆRÃsÃ2ã‚Ä†–v‚Ä†÷BÄvöö@£cBÄÖÆRÃC‚Ã"ãBÄÖöFW&FRÄæ÷&ÖÂÄvöö@£#bÄÖÆRÃS2Ã"ã#BÄ†–v‚Ä6öÆBÄvöö@£#ÄfVÖÆRÃc’ÃãSbÄÆ÷rÄ6öÆBÅö÷ £3RÄÖÆRÃ2Ã2ãÄÖöFW&FRÄ6öÆBÅö÷ £SÄÖÆRÃ“rÃBãsRÄ†–v‚Ä†÷BÄvöö@£CÄÖÆRÃRÃ2ãCÄÖöFW&FRÄæ÷&ÖÂÄvöö@£’ÄfVÖÆRÃcBÃãRÄÆ÷rÄ6öÆBÅö÷ £c‚ÄfVÖÆRÃs‚Ã"ãrÄÖöFW&FRÄ6öÆBÄvöö@£#RÄfVÖÆRÃ“RÃBãÄÖöFW&FRÄ†÷BÄvöö@£‚ÄfVÖÆRÃc’Ã2ãÄ†–v‚Äæ÷&ÖÂÄvöö@£c’ÄfVÖÆRÃcÃ"ãc‚ÄÖöFW&FRÄ†÷BÄvöö@£C2ÄfVÖÆRÃC’Ããc"ÄÖöFW&FRÄ6öÆBÄvöö@£cRÄfVÖÆRÃc"Ã"ã#BÄÆ÷rÄ†÷BÄvöö@£#2ÄÖÆRÃrÃ2ã“bÄÆ÷rÄ†÷BÄvöö@£C‚ÄÖÆRÃ‚Ã"ã“"ÄÆ÷rÄ6öÆBÅö÷ £32ÄfVÖÆRÃCbÃ"ãC’ÄÖöFW&FRÄ†÷BÄvöö@£S"ÄfVÖÆRÃc’Ãã“2ÄÆ÷rÄæ÷&ÖÂÅö÷ £#ÄfVÖÆRÃÃ2ãƒrÄ†–v‚Ä6öÆBÄvöö@£32ÄÖÆRÃcBÃãc‚ÄÆ÷rÄ6öÆBÅö÷ £C‚ÄÖÆRÃc‚Ããc"ÄÆ÷rÄæ÷&ÖÂÅö÷ £c"ÄfVÖÆRÃƒ‚Ã2ãÄ†–v‚Ä6öÆBÄvöö@£32ÄfVÖÆRÃƒ2Ã2ãCrÄ†–v‚Äæ÷&ÖÂÄvöö@£#"ÄÖÆRÃS’Ããƒ2ÄÆ÷rÄæ÷&ÖÂÄvöö@£#ÄÖÆRÃS‚Ããƒ2ÄÖöFW&FRÄ6öÆBÄvöö@£CÄÖÆRÃƒ‚Ã"ãCRÄÆ÷rÄæ÷&ÖÂÅö÷ £C’ÄÖÆRÃ’Ã2ãc"ÄÖöFW&FRÄ6öÆBÄvöö@£‚ÄfVÖÆRÃcRÃ2ãbÄÖöFW&FRÄ†÷BÄvöö@£S‚ÄfVÖÆRÃSBÃã‚ÄÖöFW&FRÄ6öÆBÄvöö@£#ÄfVÖÆRÃƒ‚Ã2ã‚ÄÖöFW&FRÄ6öÆBÄvöö@£SRÄÖÆRÃc‚Ã"ãcRÄÖöFW&FRÄæ÷&ÖÂÄvöö@£3bÄfVÖÆRÃƒrÃ2ãS2ÄÖöFW&FRÄ†÷BÄvöö@£CÄfVÖÆRÃSrÃ"ãs’Ä†–v‚Äæ÷&ÖÂÄvöö@£c2ÄfVÖÆRÃsbÃ"ãS2Ä†–v‚Ä6öÆBÄvöö@£SbÄfVÖÆRÃ“RÃ"ãCbÄÆ÷rÄæ÷&ÖÂÅö÷ £#"ÄfVÖÆRÃ‚ÃBã32Ä†–v‚Äæ÷&ÖÂÄvöö@£c‚ÄÖÆRÃsÃ2ã3rÄ†–v‚Ä†÷BÄvöö@£c2ÄfVÖÆRÃc‚Ã"ã‚Ä†–v‚Äæ÷&ÖÂÄvöö@£crÄfVÖÆRÃcÃ"ã‚ÄÖöFW&FRÄ6öÆBÄvöö@£3ÄfVÖÆRÃ“BÃ"ã‚ÄÆ÷rÄ6öÆBÅö÷ £C"ÄfVÖÆRÃCbÃ"ã"Ä†–v‚Ä6öÆBÄvöö@£3ÄfVÖÆRÃrÃ2ã“BÄÖöFW&FRÄ†÷BÄvöö@£3rÄfVÖÆRÃCbÃãSrÄÆ÷rÄæ÷&ÖÂÄvöö@£3ÄÖÆRÃS"ÃãRÄÆ÷rÄ6öÆBÅö÷ £CÄÖÆRÃsrÃ"ãsÄÆ÷rÄæ÷&ÖÂÄvöö@£#‚ÄÖÆRÃSRÃ"ãƒ2ÄÖöFW&FRÄ†÷BÄvöö@£3RÄÖÆRÃƒbÃ2ã3Ä†–v‚Äæ÷&ÖÂÄvöö@£S2ÄfVÖÆRÃSBÃ"ã#rÄÖöFW&FRÄæ÷&ÖÂÄvöö@£crÄfVÖÆRÃc’Ã"ã3rÄ†–v‚Ä6öÆBÄvöö@£C"ÄfVÖÆRÃS"ÃãRÄÆ÷rÄæ÷&ÖÂÅö÷ £cÄfVÖÆRÃSBÃ"ãC2ÄÖöFW&FRÄ†÷BÄvöö@£‚ÄÖÆRÃ"Ã2ãC’ÄÆ÷rÄæ÷&ÖÂÄvöö@£3rÄÖÆRÃ“"Ã2ãsRÄÆ÷rÄ†÷BÄvöö@£#RÄfVÖÆRÃ"Ã2ã3ÄÖöFW&FRÄæ÷&ÖÂÄvöö@£CÄfVÖÆRÃSÃ"ã3‚Ä†–v‚Äæ÷&ÖÂÄvöö@£3ÄÖÆRÃcBÃã‚ÄÆ÷rÄæ÷&ÖÂÅö÷ £C"ÄfVÖÆRÃÃBã"Ä†–v‚Äæ÷&ÖÂÄvöö@£#BÄfVÖÆRÃbÃBã“BÄ†–v‚Ä†÷BÄvöö@£S2ÄfVÖÆRÃcBÃ"ãBÄÆ÷rÄæ÷&ÖÂÄvöö@£#RÄfVÖÆRÃsÃ"ã“Ä†–v‚Ä6öÆBÄvöö@£c2ÄfVÖÆRÃƒRÃ"ãcbÄÖöFW&FRÄ6öÆBÄvöö@£#ÄfVÖÆRÃ"Ã2ãCrÄÖöFW&FRÄæ÷&ÖÂÄvöö@£CrÄfVÖÆRÃc’Ã"ã‚ÄÆ÷rÄ6öÆBÄvöö@£S‚ÄfVÖÆRÃbÃ2ãRÄÆ÷rÄ†÷BÅö÷ £3RÄfVÖÆRÃsrÃ2ã#’Ä†–v‚Ä6öÆBÄvöö@£3RÄÖÆRÃ“‚Ã2ã3‚ÄÖöFW&FRÄ6öÆBÄvöö@£32ÄÖÆRÃƒ‚Ã2ã"Ä†–v‚Äæ÷&ÖÂÄvöö@£CBÄfVÖÆRÃƒRÃ2ãc‚ÄÆ÷rÄ†÷BÄvöö@£#ÄfVÖÆRÃs‚Ã"ã#’ÄÆ÷rÄæ÷&ÖÂÅö÷ £#rÄÖÆRÃÃ2ã‚Ä†–v‚Ä6öÆBÄvöö@£3ÄfVÖÆRÃSÃãRÄÆ÷rÄ6öÆBÄvöö@£SbÄÖÆRÃC‚ÃãcRÄÖöFW&FRÄ6öÆBÄvöö@£SbÄfVÖÆRÃ“‚ÃBãÄ†–v‚Ä†÷BÄvöö@£CbÄfVÖÆRÃbÃBãÄ†–v‚Äæ÷&ÖÂÄvöö@£3RÄfVÖÆRÃcbÃ"ãƒrÄÖöFW&FRÄæ÷&ÖÂÄvöö@£cBÄÖÆRÃsrÃ"ã#bÄÆ÷rÄæ÷&ÖÂÅö÷ £cRÄÖÆRÃCbÃãRÄÆ÷rÄæ÷&ÖÂÄvöö@£3BÄfVÖÆRÃC‚Ã"ã3BÄ†–v‚Ä6öÆBÄvöö@£#rÄÖÆRÃƒ"Ã2ã’Ä†–v‚Ä†÷BÄvöö@£cbÄfVÖÆRÃc2Ã"ãRÄ†–v‚Ä6öÆBÄvöö@£cbÄfVÖÆRÃSÃãSBÄÖöFW&FRÄæ÷&ÖÂÄvöö@£3ÄfVÖÆRÃsRÃBã"Ä†–v‚Ä†÷BÄvöö@£3BÄfVÖÆRÃ’Ã2ãc"Ä†–v‚Ä6öÆBÄvöö@£#ÄfVÖÆRÃƒ’Ã2ãrÄÆ÷rÄæ÷&ÖÂÄvöö@£S‚ÄÖÆRÃƒÃ2ãS’Ä†–v‚Äæ÷&ÖÂÄvöö@£3rÄÖÆRÃƒbÃ"ãƒrÄÆ÷rÄæ÷&ÖÂÄvöö@£#2ÄÖÆRÃ“RÃ"ãs’ÄÖöFW&FRÄ6öÆBÅö÷ £SbÄfVÖÆRÃsBÃãRÄÆ÷rÄ6öÆBÅö÷ £crÄfVÖÆRÃs"Ã2ãsrÄ†–v‚Ä†÷BÄvöö@£cRÄÖÆRÃ“rÃ2ãCRÄÖöFW&FRÄæ÷&ÖÂÄvöö@£c"ÄfVÖÆRÃCRÃ"ãsBÄÖöFW&FRÄ†÷BÄvöö@£CRÄfVÖÆRÃcrÃ2ãc2ÄÖöFW&FRÄ†÷BÄvöö@£CrÄÖÆRÃ“"ÃBã3"Ä†–v‚Ä†÷BÄvöö@£cBÄfVÖÆRÃƒ2Ã2ãBÄÖöFW&FRÄæ÷&ÖÂÄvöö@£cÄÖÆRÃ“2Ã"ãsBÄÆ÷rÄæ÷&ÖÂÅö÷ £3ÄÖÆRÃsÃ2ãbÄ†–v‚Ä†÷BÄvöö@£cÄÖÆRÃSbÃ"ã#2Ä†–v‚Ä6öÆBÄvöö@£3‚ÄÖÆRÃsrÃ2ã“’ÄÖöFW&FRÄ†÷BÄvöö@£#BÄfVÖÆRÃSÃ"ãbÄÖöFW&FRÄæ÷&ÖÂÄvöö@£C2ÄÖÆRÃsÃ"ã“Ä†–v‚Ä6öÆBÄvöö@£c’ÄÖÆRÃÃBã’Ä†–v‚Ä†÷BÄvöö@£’ÄÖÆRÃS’Ã"ãsbÄÖöFW&FRÄæ÷&ÖÂÄvöö@£SBÄfVÖÆRÃs‚Ã2ãc"Ä†–v‚Ä†÷BÄvöö@£SrÄfVÖÆRÃSBÃ"ã#‚Ä†–v‚Äæ÷&ÖÂÄvöö@£C"ÄÖÆRÃƒBÃ"ãc2ÄÆ÷rÄæ÷&ÖÂÄvöö@£CÄfVÖÆRÃÃ2ãÄÖöFW&FRÄ6öÆBÄvöö@£#BÄfVÖÆRÃ“Ã2ãÄÆ÷rÄ†÷BÄvöö@£SBÄfVÖÆRÃCbÃ"ã#BÄ†–v‚Ä6öÆBÄvöö@£#"ÄÖÆRÃcbÃ2ãƒ’Ä†–v‚Ä†÷BÄvöö@£#BÄfVÖÆRÃC’Ã"ãbÄ†–v‚Ä6öÆBÄvöö@£cBÄÖÆRÃcRÃ"ãƒRÄÖöFW&FRÄ†÷BÄvöö@£’ÄÖÆRÃCbÃ2ã‚Ä†–v‚Ä†÷BÄvöö@£CBÄÖÆRÃ‚Ã2ãc2ÄÖöFW&FRÄæ÷&ÖÂÄvöö@£#bÄfVÖÆRÃS‚Ã"ãBÄÖöFW&FRÄæ÷&ÖÂÄvöö@£SrÄÖÆRÃcbÃ"ãs"Ä†–v‚Ä6öÆBÄvöö@£c‚ÄfVÖÆRÃsbÃ"ãc’ÄÆ÷rÄ†÷BÄvöö@£CÄfVÖÆRÃcÃ"ã3ÄÆ÷rÄæ÷&ÖÂÄvöö@£#"ÄfVÖÆRÃ“Ã2ã“rÄ†–v‚Äæ÷&ÖÂÄvöö@£crÄÖÆRÃ“rÃ2ãcRÄ†–v‚Ä6öÆBÄvöö@£C"ÄfVÖÆRÃcBÃ2ã“bÄ†–v‚Ä†÷BÄvöö@£CÄÖÆRÃcRÃ"ãRÄÆ÷rÄæ÷&ÖÂÄvöö@£#"ÄfVÖÆRÃ“bÃBãrÄ†–v‚Ä6öÆBÄvöö@£3’ÄÖÆRÃcRÃ"ã"ÄÖöFW&FRÄæ÷&ÖÂÄvöö@£SbÄfVÖÆRÃSRÃ2ã#bÄ†–v‚Ä†÷BÄvöö@£cbÄÖÆRÃS2Ã"ã“BÄÖöFW&FRÄ†÷BÄvöö@£c"ÄÖÆRÃBÃ2ã32ÄÆ÷rÄ†÷BÄvöö@£cbÄfVÖÆRÃSrÃãƒ’Ä†–v‚Ä6öÆBÄvöö@£S’ÄfVÖÆRÃcRÃ2ãƒBÄ†–v‚Ä†÷BÄvöö@£3BÄfVÖÆRÃ“’Ã2ã2ÄÆ÷rÄæ÷&ÖÂÄvöö@£32ÄÖÆRÃcbÃ"ã“BÄ†–v‚Ä6öÆBÄvöö@£cbÄÖÆRÃ“ÃBã‚Ä†–v‚Ä†÷BÄvöö@£SRÄÖÆRÃbÃ2ãS‚ÄÖöFW&FRÄæ÷&ÖÂÄvöö@£C’ÄÖÆRÃSrÃ2ã‚Ä†–v‚Ä†÷BÄvöö@£CÄfVÖÆRÃSBÃ2ãÄÖöFW&FRÄ†÷BÄvöö@£CBÄÖÆRÃBÃBãƒ’Ä†–v‚Ä†÷BÄvöö@£c’ÄfVÖÆRÃc’Ã2ã‚Ä†–v‚Ä†÷BÄvöö@£c"ÄÖÆRÃsÃãRÄÆ÷rÄ6öÆBÅö÷ £3‚ÄfVÖÆRÃƒrÃ2ãSRÄ†–v‚Äæ÷&ÖÂÄvöö@£SÄfVÖÆRÃ“Ã"ãc2ÄÖöFW&FRÄæ÷&ÖÂÅö÷ £c‚ÄfVÖÆRÃC’ÃãcBÄÖöFW&FRÄ6öÆBÄvöö@£#RÄÖÆRÃÃ"ãCRÄÆ÷rÄ6öÆBÅö÷ £cBÄÖÆRÃc"Ã"ã2ÄÖöFW&FRÄæ÷&ÖÂÄvöö@£S’ÄfVÖÆRÃ“‚Ã"ã#ÄÆ÷rÄæ÷&ÖÂÅö÷ £#’ÄÖÆRÃcÃãSbÄÖöFW&FRÄ6öÆBÅö÷ £#‚ÄÖÆRÃƒBÃ2ãbÄÖöFW&FRÄæ÷&ÖÂÄvöö@£SrÄfVÖÆRÃs"Ã2ãBÄÖöFW&FRÄ†÷BÄvöö@£c2ÄÖÆRÃƒrÃ"ãbÄÆ÷rÄæ÷&ÖÂÅö÷ £CBÄÖÆRÃS"Ã2ã#BÄ†–v‚Ä†÷BÄvöö@£SBÄfVÖÆRÃ“’Ã"ãcÄÆ÷rÄ6öÆBÅö÷ £cBÄÖÆRÃ“RÃ2ãƒBÄ†–v‚Ä†÷BÄvöö@£#ÄfVÖÆRÃc2Ããs‚ÄÖöFW&FRÄ6öÆBÅö÷ £#2ÄÖÆRÃsBÃ"ãƒRÄ†–v‚Ä6öÆBÄvöö@£3ÄÖÆRÃ‚ÃBãBÄÖöFW&FRÄ†÷BÄvöö@£#ÄÖÆRÃSBÃ"ã2ÄÖöFW&FRÄæ÷&ÖÂÄvöö@£‚ÄfVÖÆRÃCRÃ"ãƒÄ†–v‚Äæ÷&ÖÂÄvöö@£CÄÖÆRÃC‚Ã"ãBÄÖöFW&FRÄ†÷BÄvöö@£crÄÖÆRÃc’Ã2ã#’ÄÖöFW&FRÄ†÷BÄvöö@£#‚ÄfVÖÆRÃ“rÃ2ãS2ÄÖöFW&FRÄæ÷&ÖÂÄvöö@£#ÄfVÖÆRÃCrÃ"ãS"ÄÆ÷rÄ†÷BÄvöö@£#BÄÖÆRÃcrÃãSbÄÆ÷rÄæ÷&ÖÂÅö÷ £CÄfVÖÆRÃƒbÃ2ã“’ÄÖöFW&FRÄ†÷BÄvöö@£cbÄfVÖÆRÃ“rÃ2ã3bÄÖöFW&FRÄæ÷&ÖÂÄvöö@£3bÄÖÆRÃc‚ÃãRÄÆ÷rÄ6öÆBÅö÷ £3BÄfVÖÆRÃS2ÃãRÄÆ÷rÄ6öÆBÅö÷ £3BÄfVÖÆRÃ’Ã2ãRÄÆ÷rÄæ÷&ÖÂÄvöö@£#bÄfVÖÆRÃS’Ã"ãCRÄÖöFW&FRÄæ÷&ÖÂÄvöö@£cBÄÖÆRÃc"ÃãRÄÆ÷rÄ6öÆBÅö÷ £SRÄÖÆRÃ"ÃBã3’Ä†–v‚Ä†÷BÄvöö@£CÄfVÖÆRÃsÃ"ãƒBÄ†–v‚Äæ÷&ÖÂÄvöö@£#‚ÄÖÆRÃS’Ã2ã3bÄ†–v‚Ä†÷BÄvöö@£C"ÄÖÆRÃsRÃ"ãrÄÆ÷rÄæ÷&ÖÂÅö÷ £3"ÄfVÖÆRÃc‚Ã"ãƒ2ÄÖöFW&FRÄ†÷BÄvöö@£CÄÖÆRÃsÃ"ãsÄ†–v‚Äæ÷&ÖÂÄvöö@£S’ÄfVÖÆRÃ“"ÃBãBÄÖöFW&FRÄ†÷BÄvöö@£#ÄfVÖÆRÃc"Ã"ãƒÄÆ÷rÄ†÷BÄvöö@£CRÄfVÖÆRÃsBÃ"ã2ÄÆ÷rÄæ÷&ÖÂÅö÷ £‚ÄfVÖÆRÃƒÃ"ãSÄÆ÷rÄ6öÆBÄvöö@£CRÄfVÖÆRÃsbÃ"ã2ÄÖöFW&FRÄ6öÆBÅö÷ £CÄÖÆRÃ‚ÃBã3rÄÖöFW&FRÄ†÷BÄvöö@£3bÄfVÖÆRÃS"ÃãRÄÆ÷rÄæ÷&ÖÂÅö÷ £CÄfVÖÆRÃƒRÃ"ãƒBÄ†–v‚Ä6öÆBÄvöö@£#BÄÖÆRÃ“bÃ2ãCÄ†–v‚Äæ÷&ÖÂÄvöö@£cÄÖÆRÃCrÃãRÄÆ÷rÄ6öÆBÄvöö@£SRÄfVÖÆRÃBÃ2ã"ÄÖöFW&FRÄæ÷&ÖÂÅö÷ £c‚ÄfVÖÆRÃS"ÃãbÄÖöFW&FRÄæ÷&ÖÂÄvöö@£cRÄÖÆRÃsÃãsRÄÆ÷rÄæ÷&ÖÂÅö÷ £#ÄÖÆRÃ"ÃBã2Ä†–v‚Äæ÷&ÖÂÄvöö@£#‚ÄÖÆRÃSÃãS2ÄÆ÷rÄ6öÆBÄvöö@£CbÄfVÖÆRÃSÃ"ãrÄÖöFW&FRÄæ÷&ÖÂÄvöö@£32ÄfVÖÆRÃCRÃãRÄÖöFW&FRÄ6öÆBÄvöö@£‚ÄÖÆRÃcbÃBãÄ†–v‚Ä†÷BÄvöö@£32ÄfVÖÆRÃƒ‚Ã2ã3RÄÆ÷rÄ†÷BÄvöö@£SRÄÖÆRÃcbÃãRÄÆ÷rÄæ÷&ÖÂÅö÷ £‚ÄÖÆRÃSBÃ"ãC’ÄÖöFW&FRÄæ÷&ÖÂÄvöö@£crÄÖÆRÃc‚ÃãƒÄÖöFW&FRÄæ÷&ÖÂÅö÷ £c2ÄÖÆRÃcBÃ2ãÄÖöFW&FRÄ†÷BÄvöö@£CÄÖÆRÃcrÃ2ã#2Ä†–v‚Ä†÷BÄvöö@£#ÄÖÆRÃsÃ"ã#rÄÖöFW&FRÄæ÷&ÖÂÄvöö@£#ÄÖÆRÃÃ2ãcbÄÖöFW&FRÄæ÷&ÖÂÄvöö@£S’ÄÖÆRÃSbÃãcBÄÆ÷rÄæ÷&ÖÂÅö÷ £3’ÄfVÖÆRÃs’Ã2ã’Ä†–v‚Ä6öÆBÄvöö@£3rÄÖÆRÃsbÃBã3Ä†–v‚Ä†÷BÄvöö@£CbÄfVÖÆRÃSRÃãRÄÆ÷rÄ6öÆBÅö÷ £cÄÖÆRÃcBÃãSÄÖöFW&FRÄ6öÆBÅö÷ £#RÄfVÖÆRÃƒ’Ã2ãc2ÄÖöFW&FRÄ†÷BÄvöö@£CBÄfVÖÆRÃƒ"Ã"ãSÄÆ÷rÄ6öÆBÄvöö@£CbÄfVÖÆRÃS’Ã"ã“2ÄÖöFW&FRÄ†÷BÄvöö@£SrÄfVÖÆRÃƒRÃ"ãS2Ä†–v‚Ä6öÆBÅö÷ £#bÄÖÆRÃC‚ÃãRÄÖöFW&FRÄ6öÆBÄvöö@£#ÄfVÖÆRÃƒÃ"ãs’ÄÆ÷rÄæ÷&ÖÂÄvöö@£3ÄfVÖÆRÃcRÃãSRÄÆ÷rÄ6öÆBÅö÷ £3ÄÖÆRÃƒÃ2ãBÄÖöFW&FRÄæ÷&ÖÂÄvöö@£#"ÄfVÖÆRÃcRÃ"ãS‚ÄÖöFW&FRÄæ÷&ÖÂÄvöö@£cÄÖÆRÃ‚ÃBãsÄ†–v‚Ä†÷BÄvöö@£CBÄfVÖÆRÃ’ÃBãc"ÄÖöFW&FRÄ†÷BÄvöö@£#’ÄfVÖÆRÃc’Ã"ãRÄÖöFW&FRÄ6öÆBÄvöö@£#‚ÄfVÖÆRÃ“"Ã"ã3‚ÄÆ÷rÄæ÷&ÖÂÅö÷ £CrÄÖÆRÃCrÃãS2ÄÆ÷rÄæ÷&ÖÂÄvöö@£SÄÖÆRÃ“ÃBãRÄ†–v‚Äæ÷&ÖÂÄvöö@£‚ÄfVÖÆRÃC’Ã"ã“bÄÖöFW&FRÄ†÷BÄvöö@£SBÄÖÆRÃSRÃ"ãS"Ä†–v‚Ä6öÆBÄvöö@£SrÄÖÆRÃ‚ÃRã2Ä†–v‚Ä†÷BÄvöö@£3rÄÖÆRÃ"Ã2ãƒBÄ†–v‚Äæ÷&ÖÂÄvöö@£c"ÄÖÆRÃc’Ã"ãC2Ä†–v‚Ä6öÆBÄvöö@£C"ÄfVÖÆRÃSBÃ"ã#Ä†–v‚Äæ÷&ÖÂÄvöö@£S"ÄfVÖÆRÃsÃ2ãC’Ä†–v‚Ä†÷BÄvöö@£32ÄÖÆRÃs2Ã"ã3"ÄÖöFW&FRÄ6öÆBÄvöö@£S‚ÄÖÆRÃsRÃBãRÄ†–v‚Ä†÷BÄvöö@£SRÄÖÆRÃsbÃ2ãc‚Ä†–v‚Ä†÷BÄvöö@£‚ÄfVÖÆRÃ“"Ã2ã’ÄÆ÷rÄæ÷&ÖÂÄvöö@£#RÄfVÖÆRÃC’Ã"ã"ÄÖöFW&FRÄæ÷&ÖÂÄvöö@£#2ÄÖÆRÃ“rÃ2ãcbÄ†–v‚Äæ÷&ÖÂÄvöö@£#‚ÄÖÆRÃSrÃ2ã3"ÄÖöFW&FRÄ†÷BÄvöö@£CbÄfVÖÆRÃcBÃ"ãs‚Ä†–v‚Ä6öÆBÄvöö@£c‚ÄfVÖÆRÃƒRÃ2ãRÄÖöFW&FRÄ†÷BÄvöö@£cÄÖÆRÃSÃ"ãs‚Ä†–v‚Ä†÷BÄvöö@£crÄÖÆRÃƒRÃ"ã“BÄÆ÷rÄ†÷BÄvöö@£S’ÄfVÖÆRÃcrÃ2ãcBÄ†–v‚Ä†÷BÄvöö@£C‚ÄfVÖÆRÃcÃãs2ÄÖöFW&FRÄ6öÆBÅö÷ £32ÄÖÆRÃcÃãRÄÆ÷rÄ6öÆBÅö÷ £CRÄÖÆRÃƒbÃ"ã3rÄÆ÷rÄæ÷&ÖÂÅö÷ £3bÄÖÆRÃbÃ2ãsRÄÆ÷rÄ†÷BÄvöö@£C2ÄfVÖÆRÃsRÃ"ã“bÄÖöFW&FRÄæ÷&ÖÂÄvöö@£3BÄfVÖÆRÃ’Ã2ãrÄÆ÷rÄæ÷&ÖÂÅö÷ £cÄÖÆRÃSbÃ"ãrÄ†–v‚Äæ÷&ÖÂÄvöö@£SÄÖÆRÃc‚Ã"ã’Ä†–v‚Ä6öÆBÄvöö@£cRÄfVÖÆRÃ“"Ã"ã#bÄÆ÷rÄæ÷&ÖÂÅö÷ £CÄfVÖÆRÃcrÃã“RÄÖöFW&FRÄ6öÆBÅö÷ £3"ÄfVÖÆRÃRÃBãcrÄÖöFW&FRÄ†÷BÄvöö@£#rÄfVÖÆRÃSBÃ"ãÄÖöFW&FRÄ6öÆBÄvöö@£#"ÄÖÆRÃBÃBãcÄ†–v‚Ä†÷BÄvöö@£‚ÄfVÖÆRÃÃ"ãc’ÄÆ÷rÄ6öÆBÅö÷ £C2ÄfVÖÆRÃS‚Ã"ãrÄÆ÷rÄæ÷&ÖÂÄvöö@£#’ÄÖÆRÃS’ÃãSRÄÖöFW&FRÄ6öÆBÅö÷ £3"ÄÖÆRÃƒ‚Ã"ã“2ÄÖöFW&FRÄ6öÆBÄvöö@£’ÄfVÖÆRÃrÃBãsÄÖöFW&FRÄ†÷BÄvöö@£’ÄÖÆRÃC‚ÃãRÄÖöFW&FRÄ6öÆBÄvöö@£S‚ÄfVÖÆRÃƒBÃ2ãRÄ†–v‚Ä6öÆBÄvöö@£#’ÄfVÖÆRÃRÃ"ã“’ÄÆ÷rÄæ÷&ÖÂÅö÷ £c"ÄÖÆRÃCbÃãRÄ†–v‚Ä6öÆBÄvöö@£#‚ÄfVÖÆRÃƒ2Ã2ãs’ÄÖöFW&FRÄ†÷BÄvöö@£#BÄfVÖÆRÃs2Ã2ã3BÄ†–v‚Äæ÷&ÖÂÄvöö@£CÄÖÆRÃCRÃ"ãÄÖöFW&FRÄæ÷&ÖÂÄvöö@£c2ÄfVÖÆRÃƒrÃ2ã32ÄÖöFW&FRÄ†÷BÄvöö@£#‚ÄÖÆRÃsrÃ"ãcRÄÆ÷rÄ†÷BÄvöö@£SRÄÖÆRÃcBÃã“BÄÖöFW&FRÄæ÷&ÖÂÄvöö@£c‚ÄfVÖÆRÃ“rÃ2ã’ÄÖöFW&FRÄæ÷&ÖÂÄvöö@£c2ÄÖÆRÃCbÃãRÄÆ÷rÄæ÷&ÖÂÄvöö@£SÄÖÆRÃSRÃã“ÄÖöFW&FRÄæ÷&ÖÂÄvöö@£#rÄÖÆRÃcrÃ2ãRÄ†–v‚Ä†÷BÄvöö@£#‚ÄÖÆRÃÃ"ã‚ÄÖöFW&FRÄ6öÆBÅö÷ £cRÄÖÆRÃƒÃ"ã2ÄÆ÷rÄ6öÆBÅö÷ £cBÄÖÆRÃ“2Ã"ã#BÄÆ÷rÄ6öÆBÅö÷ £c"ÄÖÆRÃ"Ã"ãs"ÄÖöFW&FRÄ6öÆBÅö÷ £S‚ÄfVÖÆRÃCrÃãRÄÆ÷rÄæ÷&ÖÂÄvöö@£#BÄfVÖÆRÃSBÃãSrÄÆ÷rÄæ÷&ÖÂÅö÷ £‚ÄÖÆRÃ"Ã2ã3’ÄÆ÷rÄæ÷&ÖÂÄvöö@£#‚ÄfVÖÆRÃs‚ÃBãRÄ†–v‚Ä†÷BÄvöö@£3ÄfVÖÆRÃƒ"Ã2ãÄ†–v‚Äæ÷&ÖÂÄvöö@£’ÄÖÆRÃs2Ã"ãSbÄ†–v‚Ä6öÆBÄvöö@£cÄÖÆRÃC‚ÃãbÄÆ÷rÄ†÷BÄvöö@£CÄfVÖÆRÃƒRÃ2ãcRÄÖöFW&FRÄ†÷BÄvöö@£cÄfVÖÆRÃBÃ2ãRÄ†–v‚Äæ÷&ÖÂÄvöö@£#’ÄÖÆRÃcBÃ"ãCÄ†–v‚Ä6öÆBÄvöö@£S"ÄfVÖÆRÃrÃ2ã“ÄÖöFW&FRÄæ÷&ÖÂÄvöö@£CRÄÖÆRÃƒÃ"ã“BÄÆ÷rÄ†÷BÄvöö@£CÄÖÆRÃS’Ã"ãCbÄÖöFW&FRÄæ÷&ÖÂÄvöö@£3’ÄÖÆRÃS2ÃãRÄÖöFW&FRÄ6öÆBÅö÷ £#BÄfVÖÆRÃcrÃ2ãRÄ†–v‚Ä†÷BÄvöö@£C"ÄÖÆRÃsbÃ"ãsRÄÖöFW&FRÄæ÷&ÖÂÄvöö@£CBÄÖÆRÃ‚Ã2ãBÄÆ÷rÄ6öÆBÄvöö@£CrÄÖÆRÃ“rÃ2ãCRÄÖöFW&FRÄ6öÆBÄvöö@£C’ÄfVÖÆRÃ’ÃRã3"Ä†–v‚Ä†÷BÄvöö@£SbÄfVÖÆRÃSBÃãRÄÖöFW&FRÄ6öÆBÅö÷ £3bÄÖÆRÃbÃBãÄÆ÷rÄ†÷BÄvöö@£#bÄfVÖÆRÃ“‚ÃBãC2ÄÖöFW&FRÄ†÷BÄvöö@